{
  "qid": "57",
  "query": "term service agreement definition",
  "rank": 1,
  "docno": "8344322",
  "coef": {
    "A": -0.0,
    "service": -0.6923765471908161,
    "agreement": 5.4774278321460566,
    "is": -4.162095083144786,
    "an": 0.0,
    "between": -0.0,
    "two": 0.0,
    "persons": 0.0,
    "or": 0.0,
    "businesses": 5.878749812659437,
    "where": -2.216722737797267,
    "one": 0.0,
    "agrees": 0.4132035593465271,
    "to": 0.0,
    "provide": 0.983238536564456,
    "a": -0.0,
    "specified": -3.5400387281916137,
    "the": -4.092916665836963,
    "other.It": 0.0,
    "can": 0.6966456010445023,
    "also": -1.3006689752606975,
    "be": 0.0027893838468329626,
    "express": 1.188688163868577,
    "undertaking": -0.0,
    "of": -0.9555863717099836,
    "employment": 0.0,
    "signed": 0.3747210060407917,
    "by": -0.0,
    "both": 0.39715383525229747,
    "employer": -4.502943377403625,
    "and": -0.3776858966619482,
    "employee": -0.0,
    "detailing": 6.123831410784874,
    "therein": -2.2289434718105587,
    "explicit": -0.0,
    "terms": -0.0,
    "conditions": 1.196001410659811,
    "service.": 4.380934787981431,
    "different": 0.0,
    "from": -0.6704389185813074,
    "bond.": 0.0,
    "binds": 0.5335834498287433,
    "parties": -0.0,
    "agreement,": -0.0,
    "whereas": 1.9822560940625753,
    "bond": 1.4230164410883244,
    "sided": 0.0,
    "only.": -0.718270814881244
  }
}