{
  "qid": "137",
  "query": "Online Companies",
  "rank": 4,
  "docid": 5194991,
  "coef": {
    "pai": 0.0,
    "list": 0.25956169003931,
    "current": 1.8362214062829773e-16,
    "name": -0.0,
    "platform": 0.0,
    "adopt": 0.35195218020358887,
    "histori": 0.0,
    "allow": 0.0,
    "number": 0.0,
    "found": 0.0,
    "hold": 0.0,
    "work": 0.0,
    "internet": 0.0,
    "peter": 0.0,
    "new": 0.0,
    "like": 0.0,
    "similar": 0.0,
    "first": 0.0008382447223072478,
    "user": 0.0,
    "unit": 0.0,
    "base": 0.0,
    "back": 0.0,
    "onlin": 0.8384917301132742,
    "car": 0.5969079748036304,
    "2015": 0.1340743968406791,
    "uk": 0.01026198988120239,
    "model": 0.14340159815207928,
    "loss": 0.0,
    "rais": 0.0,
    "deliv": 0.35692651915941975,
    "inventori": 0.11691086777976839,
    "3": 0.0,
    "home": 0.26390872304849117,
    "fund": 0.4370035962279007,
    "round": 8.538244917863138e-16,
    "site": 0.0,
    "invest": 0.0,
    "rocket": 0.5006380741820319,
    "compani": 0.8085563948879602,
    "juli": 0.0,
    "financ": -0.0,
    "march": 0.5883873182191072,
    "consult": 0.3697975945664196,
    "bui": 0.219655048572152,
    "choos": 0.047969880776927966,
    "17th": 0.0,
    "launch": 0.0,
    "berlin": 0.0,
    "kingdom": 0.0,
    "dr": 0.14930671639202017,
    "recept": -0.0,
    "promis": 0.0,
    "stock": 0.36990627259061976,
    "investor": 0.6668342502222067,
    "catalogu": 0.0,
    "dealer": -0.0,
    "startup": 0.15915301641952395,
    "maximilian": 0.5365728065451615,
    "incub": 0.08862038505253202,
    "vroom": 0.0,
    "29m": 0.0,
    "carvana": -0.0,
    "baumgart": 0.0,
    "beepi": 0.0,
    "carspr": 0.0,
    "vollenbroich": 0.0
  }
}