{
  "qid": "104",
  "query": "Business Leaders",
  "rank": 6,
  "docid": 2689730,
  "coef": {
    "opposit": 0.535634974727405,
    "respons": 0.0,
    "manag": 0.948982405332282,
    "hold": 1.0063139860513609e-05,
    "note": 0.0,
    "respond": 0.0,
    "late": 0.273961816694252,
    "work": 0.28689706255456693,
    "govern": 1.0080851568706741,
    "common": 1.1083272744244115,
    "role": 0.7090365187804735,
    "leader": 0.9786727992472232,
    "offici": 0.0,
    "member": 0.0,
    "hous": 0.41721377935374165,
    "exercis": -0.0,
    "roughli": 1.161371402895292,
    "arrang": 0.0,
    "1980": 0.1580518220789308,
    "account": 0.0,
    "shadow": 0.13716729138775519,
    "busi": 0.8002947373881726,
    "cabinet": 0.0,
    "offic": 0.01914583636716406,
    "british": -0.0,
    "thursdai": 0.5723753120517436,
    "statement": 0.0,
    "equival": 0.0003518960572394851,
    "parliament": 0.0,
    "lord": -0.0
  }
}