{
  "qid": "102",
  "query": "Disco Music",
  "rank": 1,
  "docid": 1827767,
  "coef": {
    "state": 0.003969689994062796,
    "discuss": 0.0,
    "pai": 0.0,
    "simultan": 0.0,
    "urban": 0.19200379477113252,
    "lead": -0.0,
    "progress": 0.0,
    "market": 0.0,
    "cultur": 0.0,
    "mainstream": 0.08702115477599834,
    "emerg": 0.0831918824563673,
    "element": 0.0,
    "earli": 0.42970850272101785,
    "mai": 0.0,
    "led": 0.13780584693907671,
    "movement": 0.0,
    "mid": 0.019389419583741865,
    "order": -0.0,
    "section": 0.0,
    "creativ": 0.0,
    "music": 0.2851749953746078,
    "begin": 0.0,
    "defin": -0.0,
    "respons": 0.0,
    "writer": 0.0,
    "took": 0.0,
    "domin": 0.15506010768093545,
    "gener": 0.0,
    "scene": 0.0,
    "wave": 0.0,
    "includ": 0.0,
    "head": 0.0,
    "began": 0.0,
    "histori": -0.0,
    "attent": 0.0,
    "word": -0.0,
    "later": 0.1262761875965309,
    "call": -0.0,
    "event": -0.0,
    "manag": 0.0,
    "forc": -0.0,
    "civil": 0.0,
    "perform": 0.0,
    "area": 0.0,
    "term": 0.21808867900062995,
    "kind": 0.0,
    "love": 0.0,
    "school": -0.0,
    "follow": 0.0,
    "minim": 0.0,
    "tend": 0.0,
    "critic": 0.0,
    "american": 0.23064976829376507,
    "control": 0.0,
    "electron": 0.1965053510015889,
    "america": 0.0,
    "develop": 0.06996599596528419,
    "popular": -0.0,
    "complet": 0.0,
    "orient": 0.0,
    "denot": -0.0,
    "singl": -0.0,
    "review": 0.0,
    "issu": 0.3042297058674313,
    "unpreced": -0.0,
    "group": 0.0,
    "preval": 0.409945374239462,
    "citi": 0.0,
    "russian": 0.0,
    "act": 0.0,
    "mikhail": 0.0,
    "punk": 0.0,
    "down": 0.10916176605940998,
    "era": 0.0,
    "plai": 0.0,
    "artist": 0.18489535804645837,
    "publish": 0.0,
    "influenc": 0.0,
    "end": 0.0,
    "place": 0.0,
    "live": 0.0,
    "contemporari": 0.0,
    "displai": 0.0,
    "equal": 0.0,
    "sai": -0.0,
    "known": 0.0,
    "direct": 0.2453818092059624,
    "articl": 0.10151352351379227,
    "histor": 0.0,
    "line": 0.0,
    "new": 0.23151800686223334,
    "move": 0.0,
    "featur": 0.08391803986351185,
    "produc": 0.0,
    "like": 0.20580734923590008,
    "charact": 0.0,
    "who": 0.0,
    "post": -0.0,
    "part": 0.0,
    "riot": 0.15808944024648244,
    "wai": 0.0,
    "usag": 0.0,
    "increasingli": 0.0,
    "unit": 0.3409189968663678,
    "continu": 0.0,
    "soon": 0.0,
    "radic": 0.08039730450427711,
    "aesthet": 0.0,
    "independ": -0.0,
    "label": 0.0,
    "east": 0.0,
    "success": 0.0,
    "argu": 0.0,
    "hous": 0.0,
    "style": -0.0,
    "essenc": -0.0,
    "voic": 0.0,
    "technolog": 0.0,
    "remain": -0.0,
    "serv": 0.0,
    "approach": 0.0,
    "altern": 0.0,
    "period": 0.0,
    "hand": 0.0,
    "sequenc": 0.0,
    "train": 0.0,
    "partli": 0.0,
    "techniqu": 0.0,
    "stage": 0.0,
    "initi": 0.0,
    "boi": -0.0,
    "year": 0.0,
    "side": -0.0,
    "materi": 0.0,
    "pet": -0.0,
    "depend": 0.0,
    "characterist": 0.0,
    "background": -0.0,
    "prefer": 0.0,
    "loud": 0.0,
    "old": -0.0,
    "roll": 0.0,
    "femal": 0.0,
    "rock": 0.036215578708444066,
    "arrang": 0.0,
    "1980": 0.0,
    "instrument": 0.10397754668866756,
    "12": 0.0,
    "vocal": 0.0,
    "crucial": 0.0,
    "audienc": 0.0,
    "step": 0.0,
    "disco": 0.2085691533870395,
    "mix": 0.0,
    "start": 0.0,
    "commerci": -0.0,
    "entir": 0.0,
    "layer": 0.0,
    "manner": 0.0,
    "top": 0.0,
    "composit": 0.0,
    "blue": 0.0,
    "stone": 0.08630842959304064,
    "format": 0.0,
    "sound": 0.0,
    "mainli": -0.0,
    "cross": 0.0,
    "chicago": 0.0,
    "passag": 0.228609105662453,
    "metropolitan": 0.0,
    "partial": 0.0,
    "shop": -0.0,
    "record": 0.15271702276516422,
    "appear": 0.0,
    "coast": 0.0,
    "magazin": 0.0,
    "decemb": 0.0,
    "center": 0.0,
    "hit": 0.012035096994546695,
    "succeed": 0.0,
    "underground": 0.0,
    "york": 0.0,
    "split": -0.0,
    "compani": -0.0,
    "instanc": 0.0,
    "station": 0.07654752972601976,
    "juli": 0.0,
    "track": 0.0,
    "short": 0.0,
    "1984": 0.046314103862359235,
    "wonder": 0.002008903624897153,
    "payn": 0.0,
    "went": 0.0,
    "gregori": 0.08368211605324612,
    "driven": -0.0,
    "1977": 0.0,
    "spy": 0.2840597275988906,
    "aftermath": -0.0,
    "dy": 0.0,
    "touch": 0.0,
    "danc": 0.0,
    "deris": 0.0,
    "experiment": 0.0,
    "rhythm": 0.0,
    "1985": 0.0,
    "machin": 0.0,
    "perfect": -0.0,
    "genr": 0.0,
    "soul": 0.0,
    "shortli": 0.0,
    "string": 0.0,
    "radio": 0.0,
    "collabor": 0.0,
    "night": 0.0,
    "orchestr": 0.0,
    "melod": 0.0,
    "pop": -0.0,
    "drum": 0.0,
    "bass": 0.03651370866446622,
    "heard": 0.030867624501406808,
    "piano": 0.0,
    "dub": 0.0,
    "strip": 0.008763604974882563,
    "1989": 0.0,
    "introduct": 0.0,
    "satir": -0.0,
    "novel": 0.0,
    "cuban": 0.0,
    "1979": 0.5407882779930038,
    "club": 0.0,
    "musician": 0.0010709647346453237,
    "oz": 0.0,
    "euro": 0.0,
    "trend": 0.0,
    "mu": 0.0,
    "el": 0.0,
    "dj": 0.0,
    "parliament": 0.0,
    "unrest": 0.02218007596302817,
    "bankrupt": 0.0,
    "bash": 0.0,
    "techno": 0.0,
    "lush": 0.0,
    "synthes": 0.2231844102900029,
    "keyboard": 0.0,
    "chart": 0.0,
    "spin": 0.0,
    "mock": 0.0,
    "downfal": -0.0,
    "resurfac": 0.0,
    "villag": 0.0,
    "cater": 0.16802518613805711,
    "backlash": -0.0,
    "indi": 0.0,
    "boogi": 0.0,
    "acoust": 0.0,
    "hi": -0.0,
    "implicitli": 0.0,
    "hop": -0.0,
    "typifi": 0.0,
    "demolit": 0.0,
    "crazi": 0.0,
    "imprecis": 0.0,
    "miguel": 0.0,
    "hip": -0.0,
    "choreograph": 0.0,
    "laden": 0.0,
    "freestyl": -0.0,
    "italo": -0.0,
    "outliv": 0.0,
    "indistinct": 0.0,
    "hine": 0.011871008041090524,
    "funk": 0.0,
    "unlimit": 0.0,
    "darryl": 0.0,
    "suck": 0.0,
    "synth": 0.002499425290086236,
    "brass": 0.0,
    "centric": 0.0,
    "spoof": 0.0,
    "madonna": 0.0,
    "cadenc": 0.0,
    "casablanca": -0.0,
    "regga": 0.0,
    "allmus": -0.0,
    "funkadel": 0.0,
    "riff": 0.0,
    "tk": 0.0,
    "nrg": -0.0,
    "jazzi": 0.0,
    "matic": 0.0,
    "thump": 0.0,
    "esg": 0.0,
    "baryshnikov": 0.0,
    "rso": 0.0,
    "minimoog": 0.0018761493556387918,
    "indistinctli": 0.0,
    "subscen": -0.0
  }
}