{
  "qid": "108",
  "query": "1980s",
  "rank": 7,
  "docid": 1870331,
  "coef": {
    "third": 0.0,
    "major": 0.0,
    "5": -0.0,
    "stand": 0.0,
    "system": 0.0,
    "mai": 0.0,
    "nation": 0.0,
    "name": 0.0,
    "20th": 0.0,
    "robert": 0.0,
    "later": 0.0197540746378551,
    "open": 0.0,
    "trade": 0.05147219593321856,
    "note": 0.0,
    "octob": 0.0,
    "complet": -0.0,
    "seattl": 0.0,
    "field": 0.0,
    "20": 0.0,
    "free": 0.07085167116940745,
    "mark": 0.0,
    "john": 0.0,
    "minor": 0.0,
    "oppon": 0.0,
    "releas": 0.0,
    "dai": 0.0,
    "east": 0.0,
    "8": -0.0,
    "pick": 0.0,
    "sign": 0.2115822298894496,
    "agent": 0.0,
    "grant": 0.0,
    "1980": 0.19633524911168607,
    "25": 0.0,
    "game": 0.0,
    "16": 0.0,
    "12": -0.0,
    "11": 0.0,
    "10": 0.0,
    "burden": 0.0,
    "24": 0.0,
    "gene": 0.0,
    "select": 0.0,
    "3": -0.0,
    "1": 0.0,
    "farm": 0.0,
    "receiv": 0.1819126509444854,
    "pitch": 0.0,
    "blue": -0.0,
    "season": 0.0695259176641683,
    "round": 0.062027193539962465,
    "lee": 0.0,
    "bob": -0.0,
    "cash": 0.0,
    "tom": 0.0,
    "29": 0.0,
    "phil": 0.0,
    "jefferson": 0.04473414024663066,
    "jim": 0.0,
    "august": 0.0,
    "record": 0.0,
    "san": 0.0,
    "parker": 0.0,
    "basebal": 0.0,
    "28": 0.0,
    "jone": 0.0,
    "jess": 0.0,
    "novemb": 0.0385929608574098,
    "decemb": 0.0,
    "atlanta": 0.0,
    "sold": 0.0,
    "leagu": 0.008216028627110865,
    "april": -0.0,
    "septemb": -0.0,
    "franchis": 0.0,
    "bill": 0.0,
    "indian": 0.0,
    "june": 0.0,
    "juli": 0.0,
    "davi": 0.0,
    "23": 0.0,
    "21": 0.04468021790019179,
    "agenc": 0.0,
    "secondari": 0.0,
    "march": 0.0,
    "star": 0.0,
    "januari": 0.004453000598324882,
    "angel": 0.0,
    "1st": 0.04573132879623782,
    "honor": 0.0,
    "log": 0.0,
    "regular": 0.0,
    "reserv": 0.06099973195625847,
    "eddi": 0.0,
    "california": 0.0,
    "draft": 0.028813010864148943,
    "brave": -0.0,
    "finish": 0.0,
    "2nd": 0.0,
    "award": 0.0,
    "3rd": 0.0,
    "tim": 0.0,
    "6th": 0.0,
    "bruce": 0.0,
    "jai": -0.0,
    "player": 0.0,
    "pittsburgh": 0.0,
    "1979": 0.0393819718104987,
    "toronto": 0.0,
    "pirat": 0.07967452758349475,
    "10th": 0.0,
    "keith": 0.0,
    "dave": 0.0,
    "elli": 0.0,
    "bath": 0.0,
    "ramon": 0.0,
    "amateur": 0.0,
    "alberto": 0.0,
    "mickei": 0.0,
    "jerri": 0.0,
    "joe": 0.0,
    "andi": 0.0,
    "rafael": 0.0,
    "transact": 0.0,
    "diego": 0.06140530710364387,
    "cleveland": 0.0,
    "roster": 0.0,
    "bat": 0.0,
    "marin": 0.0,
    "dock": 0.0,
    "83": 0.0,
    "greg": 0.0,
    "loi": 0.0,
    "kurt": 0.0,
    "79": 0.0,
    "lui": 0.0,
    "trench": 0.0,
    "garner": 0.0,
    "mahler": -0.0,
    "salazar": 0.0,
    "littleton": 0.0,
    "larri": 0.018849714676458695,
    "kent": 0.0,
    "burk": 0.0,
    "rooker": -0.0,
    "rick": 0.09754181067423313,
    "lineup": 0.0,
    "starter": 0.0,
    "dale": -0.0,
    "mcdonald": 0.0,
    "odel": 0.0,
    "solomon": 0.0,
    "berni": 0.0,
    "waiver": 0.02394423985246977,
    "99th": 0.0,
    "andersen": 0.0,
    "bibbi": 0.0,
    "renni": 0.0,
    "padr": 0.0,
    "pentz": 0.0,
    "creel": 0.0,
    "carbo": 0.0,
    "nieto": 0.0,
    "stat": 0.0,
    "pena": 0.0,
    "outfield": 0.0,
    "hassler": 0.0,
    "belliard": 0.0,
    "94th": 0.0,
    "manzanillo": 0.0,
    "guant": 0.0,
    "cecilio": 0.0,
    "renteria": 0.0,
    "beall": -0.0,
    "ravelo": 0.0,
    "bevacqua": 0.0,
    "stennett": 0.0,
    "tekulv": 0.0,
    "lancellotti": 0.0,
    "kison": 0.0,
    "orsulak": 0.0,
    "mohorc": -0.0
  }
}