{
  "qid": "126",
  "query": "Political Theory",
  "rank": 6,
  "docid": 891375,
  "coef": {
    "be": 0.0,
    "aspect": 0.015432167149676797,
    "possibl": 0.0,
    "5": 0.0,
    "karl": 0.0,
    "action": 0.0,
    "lead": 0.0,
    "highli": 0.06467861474323593,
    "seen": 0.0,
    "societi": 0.019619347330874972,
    "can": 0.0,
    "system": 0.15049826487423137,
    "support": 0.08338623593149588,
    "greatli": 0.0,
    "reject": 0.0,
    "mai": 0.0,
    "criticis": 0.0,
    "stabl": 0.0,
    "section": 0.06106406042671242,
    "propos": 0.0,
    "robert": 0.0,
    "gener": 0.0,
    "polit": 0.3201948615864097,
    "form": 0.0,
    "view": 0.07641170965241005,
    "hold": 0.18247118070843632,
    "term": 0.0,
    "david": 0.0,
    "work": 0.0,
    "american": 0.0,
    "chang": 0.0,
    "interest": 0.0,
    "influenti": 0.0,
    "object": 0.0,
    "well": 0.0,
    "whole": 0.0,
    "group": 0.08750226336866809,
    "preval": 0.0,
    "time": 0.0,
    "break": 0.05316505492396474,
    "life": 0.0,
    "down": 5.491149500982604e-16,
    "process": 0.0,
    "organ": 0.0,
    "influenc": 0.0,
    "end": 0.04566607999366836,
    "constant": 0.0,
    "elit": 0.0,
    "function": 0.0,
    "see": 0.3002887908738158,
    "live": 0.0,
    "collect": 0.0,
    "specif": 0.0,
    "direct": 0.0,
    "surviv": 0.0,
    "structur": 0.0,
    "new": 0.391063805285515,
    "produc": -0.062107786186777585,
    "critiqu": 0.0,
    "first": 0.0,
    "idea": 0.17220990475031842,
    "make": 0.0037199731659520886,
    "problem": 0.00937346243838365,
    "theori": 0.30925139483658853,
    "social": 0.0,
    "matter": 0.0,
    "tradit": -0.0,
    "made": 0.0,
    "decis": 0.0,
    "scienc": 0.0,
    "back": 0.0,
    "approach": 0.25733312239046163,
    "level": -0.0,
    "2": 0.0,
    "partli": 0.0,
    "physic": 0.09233095333722145,
    "dysfunct": -0.0,
    "adapt": 0.0,
    "disciplin": 0.0,
    "pattern": 0.0,
    "environ": 0.32532684517138005,
    "model": 0.0,
    "boundari": 0.0,
    "interact": 0.09664859534646628,
    "look": -0.0,
    "outcom": 0.0,
    "stimul": 0.0,
    "explain": 0.0,
    "examin": 0.0,
    "behavior": -0.174056536981574,
    "simpl": 0.0,
    "account": 0.0,
    "surround": 0.0012643329743647275,
    "scientif": 0.0,
    "analysi": 0.0,
    "step": 0.07117212691318121,
    "given": 0.0,
    "4": -0.0,
    "3": 0.0,
    "1": 0.10576345405658426,
    "bia": 0.0,
    "highest": 0.04953020975576646,
    "flux": 0.0,
    "feedback": 0.0,
    "output": 0.3430535680267653,
    "sum": 0.0,
    "comput": 0.0,
    "western": 0.023441012557497764,
    "statu": 0.0,
    "breakdown": 0.0,
    "competit": 0.0,
    "york": 0.0,
    "demand": -0.0,
    "32": 0.0,
    "1965": -0.0,
    "transport": 0.0,
    "polici": 0.0,
    "cycl": 0.00010719298883863447,
    "regular": 0.0,
    "reserv": 0.0,
    "driven": 0.0,
    "statement": 0.18974553419297585,
    "conceiv": 0.0,
    "aspir": -0.0,
    "fluid": 0.0,
    "solv": 0.3233060237129966,
    "1953": 0.0,
    "simplifi": 0.0,
    "harold": 0.0,
    "input": 0.0,
    "precis": 0.0,
    "quo": 0.0,
    "abstract": 0.008450788014326293,
    "holist": 0.0,
    "overview": 0.0,
    "deutsch": 0.0,
    "delimit": -0.0,
    "equilibrium": 0.0,
    "institution": 0.0,
    "cybernet": 0.0,
    "crise": 0.01963943197031397,
    "pluralist": -0.0,
    "dahl": 0.0,
    "easton": -0.0,
    "subsum": 0.06211727740255328,
    "nikla": 0.0,
    "unfalsifi": 0.12382664223356037,
    "lasswel": 0.0,
    "luhmann": 0.0
  }
}