{
  "qid": "116",
  "query": "Malnutrition",
  "rank": 5,
  "docid": 3024623,
  "coef": {
    "state": 0.0,
    "5": 0.0,
    "figur": 0.11008866609413644,
    "situat": 0.0,
    "sever": 0.0,
    "publish": 0.0,
    "institut": 0.15740762900244282,
    "children": 0.0,
    "see": 0.0,
    "articl": 0.03198748202410331,
    "intern": 0.0,
    "accord": 0.0,
    "refer": 1.1173553856642569,
    "statist": 0.0,
    "0": 0.0,
    "9": 0.0,
    "total": 0.48894379073137123,
    "popul": 2.3911440539318322e-14,
    "food": 0.5124548403989382,
    "research": 8.047528936132897e-16,
    "rate": 0.0,
    "infant": 0.5799160892372905,
    "6": 0.38971283325236,
    "index": 0.5861443081605711,
    "lowest": 1.517991603619086,
    "indian": 0.0,
    "mortal": 0.0,
    "polici": 0.5531366896055053,
    "india": 0.3087676781547485,
    "hunger": 0.717176358877357,
    "kerala": 1.2726949729688783,
    "malnutrit": 1.3997567631930894,
    "underweight": 0.0,
    "undernourish": 0.0291191422910242
  }
}