{
  "qid": "132",
  "query": "Literacy",
  "rank": 8,
  "docid": 2622958,
  "coef": {
    "state": 0.0,
    "societi": 0.0,
    "system": 0.0,
    "mai": 0.06283486337429663,
    "nation": 0.0,
    "creat": 0.16094859659255137,
    "econom": 0.0,
    "concept": 0.04014614908970731,
    "includ": 0.0011745485222033854,
    "histori": 0.4120152706012115,
    "educ": 0.5075367357446673,
    "world": 0.0,
    "neo": -0.0,
    "formal": 0.3661840448545354,
    "larg": 0.0,
    "develop": 0.6624498980643295,
    "aim": 0.0,
    "commun": 0.009961651293400218,
    "newli": 0.0,
    "recent": 0.0,
    "set": 0.0,
    "see": 0.0,
    "non": -0.0,
    "inform": 0.0,
    "intern": 0.0,
    "media": 0.6396737175249123,
    "post": -0.1442023749021748,
    "unit": 0.0,
    "continu": 0.0,
    "member": 0.0,
    "dai": 0.0,
    "decad": 0.0,
    "serv": -0.0,
    "increas": 0.0,
    "environ": 0.0,
    "materi": 0.2515860902655644,
    "program": 0.3342990041051059,
    "cover": 0.18867215940596246,
    "primari": -0.0,
    "resourc": 0.0,
    "relev": 0.0,
    "adult": 0.0,
    "skill": 0.0,
    "written": 0.0,
    "topic": 0.22375954566135994,
    "liter": 0.39684710639381837,
    "project": 0.15908251095887735,
    "campaign": 0.0021242630414105724,
    "vocat": 0.08684446980935413,
    "literaci": 0.3031335414262668,
    "access": 0.0,
    "secondari": 0.0014005096695057287,
    "radio": 0.3045257844318966,
    "prize": 0.0,
    "mission": 0.0,
    "unesco": 0.0,
    "mali": 0.011042010556652626,
    "india": 0.16955922950150112,
    "leverag": 0.15198190573901424,
    "solidifi": 0.0,
    "learner": 0.0,
    "confuciu": 0.0018200737078820307,
    "nicaraguan": 0.0
  }
}