{
  "qid": "148",
  "query": "Tea",
  "rank": 9,
  "docid": 178310,
  "coef": {
    "current": 0.0,
    "type": 0.0,
    "primarili": 0.0,
    "can": 0.0,
    "system": 0.0,
    "extrem": 0.0,
    "mai": 0.0,
    "name": 0.07038748738893871,
    "order": 0.0,
    "product": 0.0,
    "us": 0.0,
    "respons": 0.0,
    "public": 0.0,
    "gener": 0.3087757356121158,
    "includ": 0.0,
    "began": -0.0,
    "histori": 0.00010794277401489359,
    "allow": 0.0,
    "open": 0.0,
    "due": 0.0,
    "come": -0.0,
    "term": 0.0,
    "follow": -0.0,
    "minim": 0.0,
    "last": 0.0,
    "scholar": 0.0,
    "creation": -0.0,
    "young": 0.12028963804656823,
    "well": 0.0,
    "group": 0.0,
    "process": 0.14120078815681714,
    "disagre": 0.0,
    "thought": 0.0,
    "recent": 0.0,
    "set": 0.0,
    "deriv": 0.0,
    "see": -0.0,
    "english": 0.0,
    "todai": -0.0,
    "known": 0.0,
    "overlap": 0.0,
    "china": 0.2841217407623557,
    "onli": 0.0,
    "white": 0.03349925241744645,
    "featur": 0.0,
    "produc": 0.0,
    "like": 0.0,
    "effect": -0.0,
    "green": 0.0,
    "intern": 0.0,
    "amount": 0.0,
    "first": 0.0,
    "result": 0.0,
    "make": -0.0,
    "wai": 0.0,
    "centuri": 0.0,
    "natur": 0.0,
    "tradit": 0.17746914323639854,
    "made": 0.0,
    "littl": 0.0,
    "base": 0.0,
    "refer": 0.0,
    "mere": 0.0,
    "give": 0.0,
    "accept": 0.0,
    "sourc": 0.0,
    "valu": -0.0,
    "varieti": 0.1977787919998066,
    "style": 0.1380084504089861,
    "black": 0.013073264296952892,
    "mean": 0.0,
    "definit": 0.0,
    "categor": 0.0686790635615967,
    "leav": 0.15149039669789524,
    "techniqu": 0.0,
    "contain": 0.0,
    "mechan": -0.0,
    "character": 0.0,
    "pick": 0.08237147494257858,
    "materi": 0.0,
    "characterist": 0.0,
    "high": -0.0,
    "health": -0.0,
    "air": 0.0,
    "rang": 0.3039138351087027,
    "roll": 0.0514425683564999,
    "wild": 0.0,
    "simpl": 0.0,
    "understood": 0.021602358224547608,
    "categori": 0.0,
    "select": 0.0,
    "qualiti": -0.0,
    "design": 0.0,
    "requir": 0.0,
    "intrins": 0.0,
    "spite": 0.0,
    "fresh": -0.0,
    "visibl": -0.0,
    "addit": 0.0,
    "fire": 0.0,
    "plant": 0.0,
    "composit": 0.0,
    "solar": -0.0,
    "sun": 0.0,
    "fine": 0.0,
    "grade": 0.0,
    "bai": -0.0,
    "provinc": 0.0,
    "concentr": 0.024272711144135206,
    "appear": 0.0,
    "fulli": 0.0,
    "uniqu": 0.0,
    "northeast": 0.02170877961039297,
    "sold": -0.0,
    "cultiv": 0.0,
    "manufactur": 0.0163967607796078,
    "yellow": 0.0,
    "southern": 0.0,
    "dry": 0.1992059669882937,
    "eastern": 0.0,
    "1876": 0.024903585320639337,
    "pale": 0.0,
    "camellia": 0.28306020424352357,
    "hair": 0.0,
    "needl": 0.0,
    "agre": 0.07002989743561078,
    "belong": -0.0,
    "silver": -0.0,
    "lighter": 0.0,
    "dri": 0.0,
    "shortli": 0.0,
    "agreement": 0.0,
    "tip": 0.0,
    "tea": 0.3209081449358602,
    "merchant": 0.0,
    "harvest": -0.0,
    "steam": 0.0,
    "india": 0.004159027896060965,
    "pan": 0.0,
    "nepal": 0.0,
    "thailand": 0.0,
    "yunnan": 0.0,
    "lanka": 4.487096943221567e-16,
    "sri": 0.0,
    "gall": 0.0,
    "leaf": 0.0,
    "enzym": 0.0,
    "raw": 0.0,
    "peoni": -0.0,
    "sweet": 0.0,
    "oxid": 0.07651534954003447,
    "taiwan": 0.0,
    "silveri": 0.0,
    "unopen": 0.0,
    "immatur": 0.0,
    "stringent": 0.0,
    "wither": 0.0,
    "shake": 0.0,
    "bud": 0.12435995112646783,
    "brew": 0.0,
    "flavor": 0.0,
    "pluck": 0.0,
    "mei": -0.0,
    "hao": -0.0,
    "whitish": 0.0,
    "polyphenol": 0.11069945945782698,
    "sinensi": 0.0,
    "catechin": 0.0,
    "shou": -0.0,
    "fujian": -0.0,
    "denatur": 0.0,
    "phytonutri": 0.0,
    "mudan": -0.0,
    "peko": 0.0,
    "taliensi": 0.0,
    "yinzhen": -0.0
  }
}