{
  "qid": "128",
  "query": "Racing",
  "rank": 9,
  "docid": 3347292,
  "coef": {
    "organis": 0.0,
    "resolv": 0.09722258374016893,
    "can": 0.03164596341333874,
    "differ": 0.05858401330175015,
    "take": 0.012231089260421877,
    "rule": 0.0,
    "later": 0.0,
    "event": 0.0,
    "form": 0.0,
    "import": 0.0,
    "world": 0.0,
    "normal": 0.0,
    "area": -0.0,
    "distanc": 0.07895308392995457,
    "involv": 0.0,
    "contrast": 0.0,
    "long": 5.38535136935896e-16,
    "america": 0.007880446204232236,
    "complet": 0.0,
    "issu": 0.0,
    "time": 0.15138089449229702,
    "protest": 0.0,
    "common": 0.0,
    "cours": 0.0,
    "place": 0.25293515583312676,
    "set": 0.038965150008522985,
    "specif": -0.0,
    "featur": 0.0,
    "who": 0.0,
    "tactic": 0.0,
    "class": 0.15457966794376532,
    "made": 0.0,
    "basi": 0.20403633299470283,
    "give": 0.0,
    "2008": 0.0,
    "seri": 0.0,
    "occur": 0.051690248426370586,
    "altern": 0.0,
    "hand": 0.3087723099107263,
    "consider": 0.0,
    "outcom": 0.07408480557889979,
    "supplement": 0.0,
    "race": 0.2930340871456676,
    "adjust": 0.0,
    "factor": 0.0,
    "start": -0.0,
    "design": 0.048728019208172345,
    "2007": 0.0,
    "match": -0.0,
    "ocean": 0.0,
    "geograph": 0.0,
    "format": 0.0,
    "cup": 0.0,
    "huge": 0.0,
    "enforc": 0.0,
    "speed": 0.0,
    "team": -0.0,
    "competit": 0.0,
    "length": -0.0,
    "penalti": 0.0,
    "eleven": 0.0,
    "island": 0.0,
    "short": 0.0,
    "boat": 0.20345909103266566,
    "strateg": 0.0,
    "gold": 0.0,
    "finish": 0.0,
    "faster": 0.0,
    "heard": 0.0,
    "voluntarili": -0.0,
    "olymp": 0.0,
    "ben": 0.0,
    "handicap": 0.0,
    "sailor": 0.0,
    "sail": 0.29722489462033086,
    "fleet": 0.0,
    "umpir": 0.0,
    "volvo": 0.0,
    "slower": 0.0,
    "lodg": 0.0,
    "offshor": 0.0,
    "sailboat": 0.0,
    "ainsli": 0.0,
    "forai": 0.0,
    "inshor": 0.0,
    "medallist": 0.0,
    "buoi": 0.04073282666274786,
    "contravent": 0.0
  }
}