{
  "qid": "106",
  "query": "Climate Change Activists",
  "rank": 7,
  "docid": 5815097,
  "coef": {
    "be": 0.15158007613080696,
    "state": 0.48485684269652274,
    "possibl": 0.053002673319008264,
    "action": 0.3618891395622209,
    "right": 0.0,
    "lead": 0.0,
    "peopl": 0.41137184221888295,
    "focus": 0.0,
    "believ": 0.4802515242505897,
    "nation": 0.0,
    "name": 0.07080548751746119,
    "creat": 0.0,
    "stabl": 0.0,
    "help": 0.0,
    "order": 0.0,
    "us": 0.0,
    "concern": 0.0,
    "next": 0.0,
    "taken": 0.0,
    "fight": 0.21395102936512397,
    "write": -0.0,
    "respons": 0.03633726525056265,
    "public": 0.0,
    "gener": 0.30731974454413397,
    "includ": 0.0,
    "educ": 0.11300891519388749,
    "call": 0.0,
    "found": -0.11718686159272566,
    "world": 0.14341765649665494,
    "reaction": 0.0043734192703682095,
    "ag": 0.23672535129411648,
    "need": 0.0,
    "try": 0.0,
    "involv": 0.009829546333883802,
    "messag": 0.0,
    "term": -0.0,
    "follow": 0.0,
    "american": 0.0,
    "youth": 0.26794204755708906,
    "experi": 0.3116138822596925,
    "chang": 0.1255587328610912,
    "women": 0.0,
    "america": 0.0,
    "land": 0.0,
    "govern": 0.0,
    "environment": 0.0,
    "issu": 0.1540049804792049,
    "group": 0.0,
    "lack": 0.0,
    "commun": 0.30607465104371623,
    "abl": 0.0,
    "time": 0.14510367301297847,
    "justic": 0.0,
    "organ": 0.3004758787039498,
    "non": 0.0,
    "saw": 0.0,
    "constitut": 0.0,
    "impli": 0.0,
    "gain": 0.0,
    "mass": 0.0,
    "intern": 0.0,
    "goal": 0.5140631239611576,
    "media": 0.0,
    "class": 0.0,
    "first": 0.0,
    "offici": 0.21871912271178448,
    "post": 0.0,
    "activ": 0.0,
    "part": 0.0,
    "individu": 0.0,
    "claim": 0.0,
    "member": -0.0,
    "person": 0.0,
    "basi": 0.0,
    "soon": 0.16571025688324661,
    "dai": 0.0,
    "execut": 0.10718497088932752,
    "global": 0.0,
    "activist": 0.2626229812042661,
    "voic": 0.07564317484045172,
    "serv": 0.1617432953410967,
    "happen": 0.16159195638772075,
    "human": 0.0,
    "younger": 0.0,
    "put": 0.0,
    "case": 0.1274881644500738,
    "environ": 0.259888969296244,
    "identifi": 0.0,
    "focu": 0.0,
    "background": 0.0,
    "face": 0.0,
    "ask": 0.0,
    "health": 0.15880235933275774,
    "air": 0.1657174307294037,
    "explain": 0.0,
    "25": 0.0,
    "15": 0.0,
    "14": 0.0,
    "10": 0.0,
    "surround": 0.0,
    "speak": 0.0,
    "hour": 0.13890576811706587,
    "2018": 0.12070228165615547,
    "2016": 0.0,
    "hope": 0.0,
    "water": 0.03717095810066654,
    "zero": 0.0,
    "greenhous": 0.0,
    "planet": 0.09884785769363594,
    "climat": 0.3522110869101156,
    "ga": 0.0,
    "panel": 0.10919394040246444,
    "emiss": 0.0,
    "clean": 0.03705772946137526,
    "written": 0.11734945758514465,
    "inact": 0.0,
    "governor": -0.0,
    "corpor": 0.0,
    "washington": 0.0,
    "magazin": 0.0,
    "decemb": 0.0,
    "2017": 0.022598860871073136,
    "2001": 0.0,
    "septemb": 0.0,
    "2019": 0.0,
    "su": 0.0,
    "jewish": 0.0,
    "wast": 0.0,
    "hurrican": 0.12689829812518194,
    "lawsuit": 0.4816808906844687,
    "21": 0.0,
    "access": 0.002755845229886163,
    "born": 0.0,
    "testifi": 0.07086932062117568,
    "profit": 0.0,
    "teen": 0.0,
    "statement": 0.0,
    "combat": 0.0,
    "deni": 0.0,
    "dedic": 0.0,
    "crisi": 0.1572093175251851,
    "openli": 0.0,
    "director": 0.0,
    "nadia": 0.16159749301716883,
    "maria": 0.0,
    "jai": 0.0,
    "junior": 0.0,
    "mission": 0.0,
    "teenag": -0.0,
    "vogu": 0.0,
    "jami": 0.0,
    "ink": 0.0,
    "nazar": 0.0522455409422529,
    "wildfir": 0.0,
    "rico": 0.0,
    "puerto": 0.0,
    "garner": 0.011333474523825193,
    "outlet": 0.0,
    "lgbt": 0.0,
    "huffington": 0.0,
    "notorieti": 3.997590552794745e-16,
    "cnn": 0.43248447977111487,
    "lesbian": 0.0,
    "liveabl": 0.009541982487407574,
    "huffpost": 0.0,
    "latinx": 0.0,
    "margolin": 0.39642306779877895,
    "aji": 0.26306917720751444,
    "insle": 0.0,
    "thisiszerohour": 5.2625527186235853e-05
  }
}