{
  "qid": "139",
  "query": "European Union Governance",
  "rank": 2,
  "docid": 5957755,
  "coef": {
    "state": 0.0,
    "union": 0.4334227926865587,
    "current": 0.0,
    "attempt": 0.0,
    "can": 0.0,
    "nation": 0.0,
    "countri": 0.0,
    "law": 0.03593228164715061,
    "histori": 0.0,
    "rule": 1.0303545436469899,
    "event": 0.5245013090996893,
    "polit": -0.0,
    "david": 0.0,
    "repres": 0.0,
    "respect": 0.0,
    "govern": -0.0,
    "offer": 0.13679662790248087,
    "justic": 0.0,
    "will": 0.0,
    "left": 0.0,
    "see": 0.0,
    "unit": 0.5460381705360133,
    "council": 0.0,
    "modern": 0.0,
    "mean": 0.0,
    "period": -0.0,
    "million": 0.3854112635513565,
    "year": 0.3514158141260973,
    "high": 0.0,
    "loss": 0.0,
    "vaccin": 0.09007677049151595,
    "court": 0.37346517569351717,
    "outlin": 0.0,
    "link": 0.9771762752072173,
    "refus": 0.36981424409146657,
    "ritual": 0.6696037093368692,
    "fund": 0.0,
    "european": 0.43517567629858067,
    "presid": 0.8277471093056065,
    "veto": 0.15396915394684807,
    "ban": 0.0,
    "17": 0.6812683527231344,
    "novemb": 0.0,
    "decemb": 0.0,
    "budget": 0.0,
    "incumb": -0.45808646383351853,
    "juli": 0.06945410649188286,
    "commiss": 0.0,
    "31": 0.0,
    "19": 0.022272552455713274,
    "von": 0.5724297777551669,
    "januari": 0.19999987662112706,
    "500": 0.0,
    "sovereignti": 0.0,
    "slaughter": 0.01661839619006375,
    "charl": 0.0,
    "germani": 0.2911490711045066,
    "jan": 0.22850743626656353,
    "kingdom": 0.011681913788638984,
    "2020": 0.4521370954533687,
    "covid": 0.0,
    "josep": 0.0,
    "eu": 0.0007424828474821379,
    "parliament": 0.0,
    "der": 0.0,
    "dec": 0.020483412539451035,
    "overview": 0.0,
    "timelin": 0.30202944794683423,
    "borrel": 0.0,
    "hungari": 0.0,
    "dose": 0.0,
    "poland": 0.0,
    "croatia": 0.0,
    "gibraltar": 0.0036564292667389904,
    "michel": 0.0,
    "jun": 0.0,
    "pfizer": 0.0,
    "ursula": 0.0,
    "kosher": 0.0,
    "halal": 0.0,
    "biontech": 0.0,
    "leyen": 0.0,
    "sassoli": 0.0
  }
}