{
  "qid": "123",
  "query": "Currency",
  "rank": 6,
  "docid": 4103592,
  "coef": {
    "major": 0.0,
    "current": 0.0,
    "currenc": 0.3300046383953104,
    "market": 0.35770726358154553,
    "can": 0.0,
    "platform": 0.11258024463893246,
    "movement": 0.0,
    "order": 0.0,
    "econom": 0.0,
    "us": 0.0,
    "pre": 0.0,
    "defin": 0.0,
    "basic": 0.0,
    "strong": 0.2528934184530235,
    "call": 0.0,
    "reflect": 0.0,
    "perform": 0.13985617960731586,
    "reaction": 0.0,
    "due": 0.11274379381810566,
    "trade": 0.013689811999792568,
    "kind": 0.12434434134468329,
    "repres": 0.0,
    "interest": 0.0,
    "whole": 0.0,
    "group": 0.0,
    "exampl": 0.3264337423998859,
    "abl": 0.026556740796130487,
    "relat": 0.005705284233576913,
    "see": 0.13603181675953127,
    "method": 0.0,
    "express": -0.0,
    "determin": 0.0,
    "move": 0.0,
    "decreas": -0.0,
    "idea": 0.0,
    "base": 0.00042245886443053883,
    "refer": 0.0,
    "combin": 0.14366949130469095,
    "power": 0.0,
    "valu": -0.0,
    "hard": -0.0,
    "happen": 0.05033462980280252,
    "across": 0.0,
    "absolut": 0.0,
    "screen": 0.0,
    "materi": 0.0,
    "correl": 0.0,
    "indic": 0.2943010834970744,
    "look": 0.0,
    "percentag": -0.0,
    "rate": 0.010046848676816864,
    "observ": 0.0,
    "typic": 0.0,
    "data": 0.0,
    "90": 0.10436695473169791,
    "instrument": 0.06067591730103713,
    "rel": 0.0,
    "factor": 0.14706804232815646,
    "analysi": -0.0,
    "pair": -0.0,
    "grow": -0.0,
    "know": -0.0,
    "visibl": -0.0,
    "index": 0.23686231225236018,
    "balanc": -0.0,
    "calcul": 0.5287899229448668,
    "oil": 0.00011380911885892695,
    "sum": 0.2917659578401151,
    "print": 0.0,
    "trader": 0.0,
    "dollar": 0.17028735026844283,
    "financi": 0.0,
    "compani": 0.0,
    "monei": 0.0,
    "purchas": 0.0,
    "weak": 0.0,
    "sell": 0.0,
    "bui": 0.0,
    "strength": 0.0,
    "choos": 0.20395507098872878,
    "gold": 0.0,
    "easili": 0.0,
    "fundament": 0.0,
    "economist": -0.0,
    "analyt": 0.0,
    "volum": 0.0,
    "technic": -0.0,
    "valuabl": 1.193986831083763e-16,
    "trend": 0.0,
    "altogeth": 0.0,
    "chart": 0.0,
    "basket": 0.0,
    "flow": 0.0,
    "raw": 0.0,
    "graph": 0.0,
    "cad": 0.0,
    "aud": 0.0,
    "forex": 0.15198356892084053,
    "uptrend": 0.1578304497197829
  }
}