{
  "qid": "103",
  "query": "European Novelists",
  "rank": 7,
  "docid": 4550020,
  "coef": {
    "state": 0.0,
    "major": -0.0,
    "list": 0.0,
    "focus": 0.0,
    "can": 0.0,
    "support": 0.08512603065861706,
    "earli": 0.0,
    "mai": 0.0,
    "name": 0.0,
    "connect": 0.0,
    "help": 0.0,
    "mid": 0.0,
    "music": 0.06123272115074661,
    "public": 0.0035706303634271234,
    "gener": 0.06265476142821495,
    "scene": 0.0,
    "includ": 0.0,
    "began": 0.04111216676212796,
    "challeng": 0.0,
    "take": 0.0,
    "attent": 0.0,
    "later": 0.007457532698535579,
    "came": 0.0,
    "call": 0.1600050508740707,
    "found": 0.0,
    "essai": 0.0,
    "best": 0.03643726630765872,
    "need": 0.0,
    "try": 0.0,
    "distanc": 0.0,
    "messag": 0.0,
    "turn": 0.0,
    "late": 0.0,
    "work": 0.0,
    "octob": 0.0,
    "second": 0.0,
    "influenti": 0.0,
    "career": 0.0981704272307441,
    "singl": 0.052429448684978563,
    "clash": 0.0,
    "labour": 0.14852375913038407,
    "act": 0.0,
    "time": 0.0,
    "necessarili": 0.0,
    "life": 0.0,
    "role": 0.0,
    "plai": 0.0,
    "left": 0.0,
    "articul": 0.04462297341878596,
    "novelist": 0.17190418518985612,
    "set": 0.0,
    "failur": 0.0,
    "see": 0.0,
    "20": 0.02516459930336632,
    "known": 0.0,
    "advoc": 0.0,
    "vision": 0.0,
    "child": 0.0,
    "new": 0.0,
    "understand": 0.0,
    "featur": 0.0,
    "produc": 0.12292050924161123,
    "leader": 0.0234769230148993,
    "join": 0.0,
    "win": 0.0,
    "who": 0.0,
    "first": 0.0,
    "offici": 0.0,
    "make": 0.0,
    "wai": 0.0,
    "unit": 0.0,
    "releas": 0.128030178852028,
    "member": 0.0,
    "person": 0.0,
    "promin": 0.0,
    "dai": 0.03814953340446748,
    "label": 0.21823844599688008,
    "wrote": 0.04671601401413783,
    "jeremi": 0.0,
    "drop": 0.0,
    "parti": 0.0,
    "endors": 0.0,
    "sens": 0.0,
    "mother": 0.0,
    "brother": 0.0,
    "averag": 0.0,
    "stage": 0.0,
    "younger": 0.0,
    "2015": 0.0,
    "uk": 0.0,
    "sign": 0.12010661483954745,
    "year": 0.0,
    "care": -0.0,
    "rare": 0.0,
    "parent": 0.0,
    "confus": 0.0038131069888603813,
    "show": 0.0,
    "lose": 0.027564160730648615,
    "face": 0.0,
    "2013": 0.048334594358328674,
    "week": 0.0,
    "simpl": 0.0,
    "now": 0.0,
    "instrument": 0.0,
    "18": 0.0,
    "categori": -0.0,
    "real": -0.0,
    "imprint": 0.0,
    "friend": 0.0,
    "mix": 0.03698159250925704,
    "speak": 0.0,
    "2018": 0.0009791427277573697,
    "2016": 0.23770637513583492,
    "2014": 0.11848737400396743,
    "commerci": 0.0,
    "1": 0.09966319665332189,
    "know": 0.0,
    "awai": 0.0,
    "extend": 0.0,
    "receiv": -0.0,
    "summer": 0.0,
    "leadership": 0.0,
    "formula": 0.0,
    "fire": 0.0,
    "oil": 0.0,
    "european": 0.0,
    "hat": 0.0,
    "sound": 0.0,
    "squar": 0.13204742787005885,
    "elect": 0.0,
    "tour": 0.0,
    "london": 0.10455875645246596,
    "13": 0.0,
    "17": 0.0,
    "politician": 0.21076454081705218,
    "august": 0.0,
    "record": 0.18349953261259766,
    "appear": 0.0741487398723352,
    "session": 0.0,
    "28": 0.0,
    "project": 0.0,
    "novemb": -0.0,
    "decemb": -0.0,
    "sixti": 0.0014926274755245714,
    "2017": 0.0,
    "underground": 0.0,
    "april": 0.0,
    "septemb": -0.0,
    "2019": -0.0,
    "on": 0.0,
    "south": 0.0,
    "june": 0.0,
    "station": 0.0,
    "juli": 0.0,
    "track": 0.19438679838049863,
    "possess": 0.0,
    "resign": 0.0,
    "23": 0.0,
    "british": -0.0,
    "announc": 0.1345822891796991,
    "born": 0.0,
    "januari": 0.0,
    "da": 0.0,
    "entitl": 0.0,
    "regular": 0.0,
    "guest": 0.04770444815304483,
    "upcom": 0.0,
    "poster": 0.0,
    "launch": 0.0,
    "logan": 0.0,
    "mercuri": 0.0015560992157074242,
    "minut": 0.0,
    "1997": 0.0,
    "intent": 0.0,
    "nomin": 0.00382754539497756,
    "experiment": 0.0,
    "plainli": 0.0,
    "palac": 0.0,
    "subsequ": 0.0,
    "lyric": 0.0,
    "award": 0.0,
    "radio": 0.2113122327558745,
    "collabor": 0.0,
    "solo": 0.0,
    "broadcast": 0.0,
    "album": 0.05831968455012862,
    "studio": 0.0,
    "documentari": 0.0,
    "song": 0.0,
    "38": 0.0,
    "prize": 0.0004170969378385942,
    "doesn": 0.001341868382347157,
    "dvd": 0.0,
    "kid": 0.0,
    "rotat": 0.0,
    "52": 0.0,
    "hood": 0.0,
    "wolf": 0.0,
    "pirat": 0.0,
    "crew": 0.0,
    "dj": 0.0,
    "boss": 0.0,
    "quentin": 0.0,
    "alic": 0.0,
    "gui": 0.0,
    "mc": 0.0,
    "chart": 0.030694901037562457,
    "debut": -0.0,
    "bbc": 0.027467016840309944,
    "cabl": 0.024859230127872722,
    "gang": 0.0,
    "jami": 0.0,
    "fm": 0.0,
    "alexandra": 0.0,
    "sec": 0.0,
    "ep": 0.13458798674257355,
    "garner": 0.0,
    "forthcom": 0.0,
    "wilei": 0.0,
    "rins": 0.0,
    "itun": 0.0,
    "discographi": 0.0,
    "manchest": 0.0,
    "airplai": 0.0,
    "sniper": -0.0,
    "corbyn": 0.24504212590052526,
    "lewisham": 0.0,
    "xl": 0.0,
    "cadel": 0.0,
    "grime": 0.19035679944262876,
    "xx": 0.0,
    "tweet": 0.0,
    "decenc": 0.0,
    "lazer": -0.0,
    "purposefulli": 0.0,
    "shortlist": 0.0,
    "sama": 0.0,
    "mum": 0.0,
    "mistajam": 0.0,
    "1xtra": 0.011709957001738899,
    "longlist": 0.0,
    "mandem": 0.0,
    "mobo": 0.0,
    "kwadwo": 0.0,
    "skepta": 0.0,
    "konnichiwa": 0.0,
    "baauer": 0.0,
    "jeremycorbyn": 0.0,
    "mumdanc": 0.0,
    "kankam": 0.0,
    "mmmyeh": 0.0
  }
}