{
  "qid": "128",
  "query": "Racing",
  "rank": 2,
  "docid": 221606,
  "coef": {
    "5": -0.0,
    "self": -0.0,
    "union": 0.19501384431424526,
    "origin": 0.0,
    "peopl": 0.03622032468600151,
    "type": 0.04607529260301688,
    "exist": 0.0,
    "seen": 0.0,
    "broad": 0.0,
    "extrem": 0.0,
    "region": 0.0,
    "engag": 0.0,
    "defin": 0.0,
    "head": 0.05598883156176229,
    "challeng": 0.0,
    "take": 0.0,
    "form": 0.03602680584742105,
    "world": 0.09157645000790696,
    "de": 0.0,
    "area": 0.0,
    "tri": 0.0,
    "involv": 0.0,
    "larg": 0.0,
    "long": 0.0,
    "land": 0.0,
    "popular": 0.0,
    "govern": 0.03127866871424573,
    "orient": 0.0,
    "singl": -0.0,
    "organ": 0.0,
    "notabl": 0.0,
    "place": 0.0,
    "franc": 0.0,
    "see": 0.0,
    "non": 0.0,
    "known": 0.0,
    "like": 0.008127213468664313,
    "intern": 0.0,
    "space": 0.0,
    "class": 0.0,
    "promot": 0.0,
    "tradit": 0.0,
    "refer": 0.12890090166958773,
    "ancient": 0.0,
    "associ": 0.0,
    "power": 0.03371097446211842,
    "occur": 0.0,
    "human": -0.0,
    "hand": -0.0,
    "across": 0.0,
    "stage": 0.0,
    "alon": -0.0,
    "profession": 0.0,
    "week": 0.0,
    "univers": 0.1785623393115769,
    "race": 0.12283618549523784,
    "specialist": 0.0,
    "special": 0.0,
    "24": 0.0,
    "categori": 0.01908996054732604,
    "row": 0.0,
    "motor": -0.0,
    "nbsp": 0.0,
    "memori": 0.0,
    "frequent": 0.0,
    "consist": 0.0,
    "hour": 0.0,
    "design": 0.0,
    "match": -0.0,
    "welsh": 0.0,
    "water": 0.012967456725821003,
    "globe": 0.0,
    "ocean": 0.01263907798400889,
    "annual": 0.0,
    "round": 0.00531459049984159,
    "format": -0.0,
    "sport": 0.12318052579209099,
    "lake": 0.0,
    "team": 0.029888436354556517,
    "record": 0.0,
    "snake": 0.022691099319698448,
    "competit": 0.0,
    "florida": 0.0,
    "championship": -0.0,
    "circuit": 0.17693648855837926,
    "2006": 0.0,
    "south": 0.0,
    "go": 0.0,
    "station": 0.0,
    "river": 0.20210832817355337,
    "born": 0.0,
    "athlet": 0.0,
    "yale": 0.0,
    "500": 0.0,
    "boat": 0.07592618041932268,
    "lap": 0.0,
    "japan": 0.0,
    "km": 0.0,
    "cambridg": 0.0,
    "technic": 0.0,
    "asia": 0.0,
    "drag": 0.0,
    "craft": 0.1471138225186876,
    "oxford": 0.0,
    "trophi": -0.0,
    "jet": 0.0,
    "competitor": 0.0,
    "harvard": 0.0,
    "wind": 0.0,
    "sail": 0.0,
    "egypt": 0.0,
    "india": 0.0,
    "kali": 0.0,
    "disambigu": 0.0,
    "dragon": -0.0,
    "archer": 0.0,
    "cow": 0.0,
    "volvo": 0.0,
    "watercraft": 0.11808206125681449,
    "sumatra": 0.0,
    "international": 0.0,
    "swamp": -0.0,
    "propel": -0.0,
    "durham": 0.0,
    "newcastl": 0.0,
    "kerala": -0.0,
    "regatta": 0.0,
    "tei": -0.0,
    "indonesia": 0.0,
    "offshor": 0.0,
    "motoris": 0.0,
    "clipper": 0.0,
    "powerboat": 0.06836090983035732,
    "f1": 0.0,
    "ky": -0.0,
    "buggi": -0.0,
    "yacht": 0.0,
    "hydroplan": 0.0,
    "cano": 0.0,
    "unlimit": 0.0,
    "inshor": 0.0,
    "kayak": -0.0,
    "rouen": 0.0,
    "sprint": 0.0,
    "catamaran": 0.0,
    "motorboat": 0.0,
    "cardiff": 0.0,
    "boc": 0.0,
    "outboard": 0.0,
    "swampi": 0.0,
    "northumbrian": -0.0,
    "swansea": 0.0,
    "oar": 0.0,
    "ead": 0.0,
    "nehru": -0.0,
    "heur": -0.0,
    "bathtub": 0.0,
    "musi": 0.0,
    "velux": -0.0,
    "outrigg": -0.0,
    "powerbo": 0.0,
    "fastnet": -0.0,
    "motonautiqu": 0.0,
    "parimutuel": -0.0,
    "uim": 0.0,
    "vende": 0.0,
    "vallam": 0.0,
    "xcat": 0.03504914361947829,
    "wppa": 0.0,
    "triboatton": 0.0,
    "alleppi": 0.0
  }
}