{
  "qid": "149",
  "query": "Public Transport",
  "rank": 1,
  "docid": 3512961,
  "coef": {
    "list": 0.0,
    "mai": 0.0,
    "public": 0.7449259656611589,
    "work": 0.7379429910120369,
    "see": 0.36293507118252094,
    "spain": 2.451354244138587e-16,
    "1889": 0.0,
    "refer": 0.14626288184543032,
    "lao": -0.0,
    "transport": 1.1034798016236484,
    "cambodia": 0.0,
    "1848": 0.0,
    "ministri": 0.7883264552691773,
    "lebanon": 0.0,
    "minist": 0.0,
    "hungari": 0.0,
    "bahama": -0.0
  }
}