{
  "qid": "108",
  "query": "1980s",
  "rank": 2,
  "docid": 3197613,
  "coef": {
    "french": -1.2445314132899267e-15,
    "american": 0.0,
    "canadian": -0.0,
    "see": 0.0,
    "new": 0.151155175664436,
    "japanes": -0.0,
    "greek": -0.0,
    "televis": 0.36838054721692315,
    "german": -0.0,
    "1980": 0.23123741445880663,
    "irish": -0.0,
    "south": 0.20662313741182836,
    "british": -0.0,
    "african": 2.1517920799095782e-15,
    "dutch": -0.0,
    "chines": -0.0,
    "australian": 0.0,
    "danish": -0.0,
    "scottish": 0.02616670371491876,
    "belgian": -0.0,
    "thai": 0.0,
    "korean": 0.0,
    "brazilian": -0.0,
    "zealand": 0.0,
    "croatian": -0.0,
    "philippin": 0.0,
    "singapor": 0.3399716173523224,
    "estonian": -0.027205084270504384
  }
}