{
  "qid": "113",
  "query": "Computer Scientists",
  "rank": 9,
  "docid": 5587514,
  "coef": {
    "mai": 0.0,
    "professor": 0.0,
    "american": 0.0,
    "author": 0.0,
    "novelist": 0.0,
    "scientist": 0.0,
    "refer": 0.0,
    "comput": 0.0,
    "romant": 3.9680414605972683,
    "mysteri": 0.0,
    "kelli": 4.877829501615633,
    "novel": 0.0,
    "microbiolog": 0.0,
    "humor": 0.0,
    "dian": 0.0735999970560526
  }
}