{
  "qid": "128",
  "query": "Racing",
  "rank": 9,
  "docid": 3347292,
  "coef": {
    "organis": 0.0,
    "resolv": 0.0,
    "can": 0.0,
    "differ": 0.09928683398498163,
    "take": 0.10908688789299596,
    "rule": 0.08147573700336874,
    "later": 0.0,
    "event": 0.0,
    "form": 0.0,
    "import": 0.0,
    "world": 0.0,
    "normal": 0.0,
    "area": 0.0,
    "distanc": 0.0,
    "involv": -0.0,
    "contrast": 0.0,
    "long": 0.0,
    "america": 0.0,
    "complet": -0.0,
    "issu": 0.0,
    "time": 0.12354160419537778,
    "protest": 0.0,
    "common": 0.0,
    "cours": 0.0,
    "place": 0.1785309812626549,
    "set": 0.1195705731439285,
    "specif": 0.0,
    "featur": 0.07286968378482621,
    "who": 0.016082459150964564,
    "tactic": 0.07312437548256534,
    "class": 0.10961031653752268,
    "made": 0.023776189273800045,
    "basi": 0.15423143821871518,
    "give": 0.0,
    "2008": 0.0,
    "seri": 0.0,
    "occur": 0.0,
    "altern": 0.0,
    "hand": 0.2369737874621753,
    "consider": 0.015618042924970233,
    "outcom": 0.0,
    "supplement": 0.0,
    "race": 0.27505995953611095,
    "adjust": 0.0,
    "factor": 0.0,
    "start": 0.0,
    "design": 0.02692933292695544,
    "2007": 0.0,
    "match": 0.0,
    "ocean": -0.0,
    "geograph": 0.01693749129595493,
    "format": 0.0,
    "cup": 0.0,
    "huge": 0.0,
    "enforc": 0.0,
    "speed": 0.0,
    "team": -0.0,
    "competit": -0.0,
    "length": 0.0,
    "penalti": 0.17409146638110454,
    "eleven": 0.0,
    "island": 5.411610789779227e-07,
    "short": 0.0,
    "boat": 0.27289365945955085,
    "strateg": 0.0,
    "gold": 0.0,
    "finish": 0.0,
    "faster": 0.0,
    "heard": 0.0,
    "voluntarili": -0.0,
    "olymp": 0.0,
    "ben": 0.0,
    "handicap": 0.0,
    "sailor": 0.0,
    "sail": 0.32278703864712704,
    "fleet": 0.0,
    "umpir": 0.0,
    "volvo": -0.0,
    "slower": 0.0,
    "lodg": 0.0,
    "offshor": 0.0,
    "sailboat": 0.0,
    "ainsli": 0.0,
    "forai": 5.828047920467649e-05,
    "inshor": 0.0,
    "medallist": 0.0,
    "buoi": 0.0,
    "contravent": 0.0
  }
}