{
  "qid": "121",
  "query": "Racquet Sports",
  "rank": 8,
  "docid": 25438,
  "coef": {
    "action": 0.23302558723051325,
    "system": 2.8154223361359093e-14,
    "extrem": 0.0,
    "mai": -0.3719763494439619,
    "us": 0.0,
    "form": 0.0,
    "secur": 0.0,
    "group": 0.0,
    "plai": 1.6038001888648645,
    "see": 0.0,
    "known": 0.0,
    "onli": 0.0,
    "space": 0.0,
    "similar": 0.22523223287420954,
    "read": 0.0,
    "unit": 0.0,
    "made": 0.19287533363880882,
    "refer": -0.08253891653287623,
    "activist": 0.0,
    "size": 0.0,
    "side": 0.0,
    "profession": -0.0,
    "food": 0.0,
    "high": 0.0,
    "court": 0.0,
    "game": 0.22880773158067058,
    "match": 0.27492730125549497,
    "home": 1.146802745335779,
    "plant": -0.0,
    "sport": -0.0,
    "speed": 1.4331298943086388,
    "orang": 0.0,
    "concentr": 1.050870481040859,
    "film": 0.0,
    "file": 0.0,
    "short": 0.0,
    "tenni": 0.0,
    "beverag": 0.0,
    "nomin": 0.05743943322147298,
    "wrestl": -0.0,
    "fruit": 0.10128263270829574,
    "academi": 1.228291425993802,
    "kingdom": 0.9824715651030941,
    "soft": 0.0,
    "award": 0.05990346719365609,
    "danish": 0.0,
    "vine": 0.0,
    "drink": 0.20990898866098542,
    "equip": 0.0,
    "vollei": 0.13347169243693113,
    "racquet": -0.0,
    "volleybal": 0.0,
    "genu": 0.0,
    "squash": 1.248952177165884,
    "flavour": 0.0,
    "enclos": 0.0,
    "syrup": 0.0,
    "fructos": -0.0,
    "squatter": 0.0,
    "cucurbita": 0.0,
    "tuborg": 0.0,
    "squashf": 0.0
  }
}