{
  "qid": "116",
  "query": "Malnutrition",
  "rank": 8,
  "docid": 2131264,
  "coef": {
    "demonstr": 0.36298914485548683,
    "major": 0.10797529722278729,
    "decentralis": 0.0,
    "ration": 0.0,
    "emerg": 0.36698126756171584,
    "can": 0.0,
    "earli": 0.09099041933032485,
    "situat": 0.0,
    "reduc": 0.0,
    "take": 0.0,
    "distanc": 0.0,
    "sever": 0.0,
    "larg": 0.0,
    "long": 0.0,
    "develop": 0.0,
    "coverag": 0.3283852691350935,
    "aim": 0.0,
    "treat": 0.0,
    "commun": 0.041583280474512964,
    "recent": 0.0,
    "central": 0.0,
    "network": 0.0,
    "children": 0.5541003689525031,
    "rest": 0.0,
    "known": 0.0,
    "gain": 0.0,
    "onli": 0.08542445774670301,
    "new": 0.0,
    "wai": 0.3614539545344039,
    "tradit": 3.881141154707931e-15,
    "base": 0.0,
    "dai": 0.11636770043919992,
    "achiev": 0.02581326119686003,
    "accept": 0.13306584957046833,
    "easi": 0.0,
    "associ": 0.09039103147535826,
    "approach": 0.06381855629883447,
    "travel": 0.0,
    "increas": 0.0,
    "leav": 0.0,
    "averag": 0.11385619387646703,
    "context": 0.0,
    "medicin": 0.15575404727085895,
    "cost": 0.0,
    "case": 0.0,
    "year": 0.0,
    "care": 0.0,
    "program": 0.0,
    "widespread": 0.2373559928904708,
    "model": 0.06086773164898605,
    "focu": 0.0,
    "food": 0.0,
    "high": 0.0,
    "prefer": 0.08548332345284522,
    "patient": 0.0,
    "rate": 0.0,
    "week": 0.017189591926152152,
    "therapeut": 0.3303472577262662,
    "data": 0.0,
    "morbid": 0.0,
    "now": 0.15212342281183144,
    "30": 0.0,
    "improv": 0.0,
    "longer": 0.12752364749431983,
    "routin": 0.0020296392041345497,
    "treatment": 0.5316505647924971,
    "medic": 0.0,
    "select": 0.0,
    "deal": 0.0,
    "mode": 0.0,
    "opportun": 0.0,
    "restrict": 0.0,
    "intervent": 0.0,
    "home": 0.5302456954872083,
    "complic": 0.15730688773467127,
    "requir": -0.0,
    "impact": 0.259370966594741,
    "enrol": 0.31328463626235165,
    "site": 0.0,
    "center": 0.18785617055296566,
    "mortal": 0.22431068069893986,
    "access": 0.5438490964694942,
    "admit": 0.0227099789518101,
    "suffer": 0.035135190885799014,
    "rapid": 0.0,
    "acut": 0.2740911004014914,
    "readi": 0.0,
    "excel": 0.0,
    "humanitarian": 0.0,
    "stai": 0.0,
    "sector": 0.0,
    "programm": -0.0,
    "innov": 0.0,
    "feed": 0.32556613667768597,
    "recoveri": 0.0,
    "malnutrit": 0.1736280727401678,
    "outpati": 0.0,
    "inpati": 0.2998880092807584,
    "ctc": 0.41490349867244747,
    "rutf": 0.0,
    "malnourish": 0.0,
    "carer": 0.0
  }
}