{
  "qid": "136",
  "query": "Visual Journalism",
  "rank": 5,
  "docid": 595966,
  "coef": {
    "list": 0.0,
    "societi": 0.0,
    "can": 0.3726830648017639,
    "system": 0.0,
    "journal": 0.18698493990575663,
    "debat": -0.0,
    "name": 0.0,
    "concern": 0.0,
    "task": 0.0,
    "includ": -0.0011443800027926402,
    "call": 0.0,
    "exclus": 0.0,
    "area": 0.5551776689152927,
    "work": -0.0,
    "percept": 0.16900461566438596,
    "america": -0.0,
    "well": 0.12958709341394092,
    "commun": 0.0,
    "consciou": 0.0,
    "process": 0.0,
    "organ": 0.0,
    "see": 0.0,
    "non": 0.0,
    "overlap": 0.0,
    "vision": 0.47809120434563707,
    "effect": 0.0,
    "user": 0.0,
    "illus": -0.0,
    "scientist": 0.0,
    "studi": 0.0,
    "scienc": 0.393232599662929,
    "especi": 0.0,
    "human": 0.6201049255420115,
    "brain": 0.0,
    "physic": 0.03472868706781721,
    "psycholog": 0.1827877436000643,
    "disciplin": 0.0,
    "cognit": 0.0,
    "neuropsycholog": 0.0,
    "ey": -0.0,
    "previous": 0.0,
    "research": -0.0,
    "visual": 0.2251504537205212,
    "primari": -0.0,
    "sensat": 0.0,
    "data": 0.00638356491323784,
    "clinic": -0.013052072644116371,
    "rel": -0.0,
    "factor": 0.0,
    "scientif": 0.024610665837745304,
    "intellig": 0.0,
    "design": 0.0,
    "exploit": 0.0,
    "artifici": 0.37288210207885386,
    "color": 0.3104806665549902,
    "optic": 0.4454599691667844,
    "graphic": 0.6595733034878652,
    "comput": 0.0,
    "optometri": 0.0,
    "engin": 0.0,
    "predominantli": 0.0,
    "encompass": 0.43964271295875806,
    "span": 0.44613909803482144,
    "linguist": -0.0,
    "cortex": -0.0,
    "etholog": 0.0,
    "physiolog": 0.0,
    "interfac": 0.0,
    "pertin": 0.0,
    "ergonom": 0.5905090863654705,
    "neurosci": 0.0,
    "constanc": 0.0,
    "psychophys": 0.0,
    "ophthalmolog": -0.0,
    "ophthalm": -0.0,
    "opo": 0.0,
    "iov": 0.0,
    "biopsycholog": 0.13492340485203658,
    "ipercept": 0.0
  }
}