{
  "qid": "143",
  "query": "Philanthropy",
  "rank": 6,
  "docid": 5739210,
  "coef": {
    "organis": 0.0,
    "focus": 0.0,
    "found": 0.0,
    "group": 0.19672477052062337,
    "russian": 1.7480464909132598,
    "mikhail": 2.6521787438886415,
    "ident": 0.038038547740520436,
    "intern": 0.0,
    "worldwid": 0.0,
    "speak": 0.8429723615758445,
    "busi": 0.0,
    "jewish": 0.0,
    "jew": 0.0,
    "partner": 1.8928793089517917,
    "philanthropi": 3.01468648336076,
    "genesi": 0.0,
    "fridman": 0.0
  }
}