{
  "qid": "123",
  "query": "Currency",
  "rank": 6,
  "docid": 4103592,
  "coef": {
    "major": 0.0,
    "current": 0.0,
    "currenc": 0.366459630734361,
    "market": 0.2981971729728775,
    "can": 0.0,
    "platform": 0.16974219448043806,
    "movement": 0.0,
    "order": 0.0,
    "econom": 0.0,
    "us": 0.0,
    "pre": 0.0,
    "defin": 0.0,
    "basic": 0.0,
    "strong": 0.22788708372283362,
    "call": 0.0,
    "reflect": 0.0,
    "perform": 0.10674226120563775,
    "reaction": 0.10483196672927975,
    "due": 0.0,
    "trade": 0.0,
    "kind": 0.09525680573467443,
    "repres": 0.07134563107081603,
    "interest": 0.0015700332773941846,
    "whole": 0.30786049303288154,
    "group": 0.0,
    "exampl": 0.308175504171728,
    "abl": 0.03674530324833128,
    "relat": 0.0,
    "see": 0.0,
    "method": 0.0,
    "express": -0.0,
    "determin": 0.0,
    "move": 0.0,
    "decreas": -0.0,
    "idea": 0.0,
    "base": -0.0,
    "refer": 0.0,
    "combin": 0.0,
    "power": 0.0,
    "valu": 0.0,
    "hard": 0.0,
    "happen": 0.0,
    "across": -0.0,
    "absolut": -0.0,
    "screen": 0.0,
    "materi": 0.0,
    "correl": 0.0,
    "indic": 0.37586304811478743,
    "look": 0.0,
    "percentag": -0.0,
    "rate": 0.3474307927428366,
    "observ": 0.0,
    "typic": 0.0,
    "data": 0.0,
    "90": 0.0,
    "instrument": 0.0,
    "rel": 0.0,
    "factor": 0.14413663009434993,
    "analysi": 0.0,
    "pair": -0.0,
    "grow": -0.0,
    "know": 0.0,
    "visibl": 0.0,
    "index": 0.1149865667716411,
    "balanc": 0.0,
    "calcul": 0.42515137347241827,
    "oil": 0.0,
    "sum": 0.27227313105364087,
    "print": 0.0,
    "trader": 0.0007453086810747822,
    "dollar": 0.22877331702684325,
    "financi": 0.008860484285208374,
    "compani": 0.0,
    "monei": 0.0,
    "purchas": 0.0,
    "weak": 0.3562860367881743,
    "sell": 0.0,
    "bui": 0.0,
    "strength": 0.0,
    "choos": 0.0,
    "gold": 0.0,
    "easili": 0.0,
    "fundament": 0.0,
    "economist": 0.0,
    "analyt": 0.0,
    "volum": -0.0,
    "technic": 0.0,
    "valuabl": 0.0,
    "trend": 0.0,
    "altogeth": 0.0,
    "chart": 0.0,
    "basket": 0.0,
    "flow": 0.0,
    "raw": 0.0,
    "graph": 0.0,
    "cad": 0.0,
    "aud": 0.0,
    "forex": 0.22308115106802306,
    "uptrend": 0.04387181560928097
  }
}