{
  "qid": "108",
  "query": "1980s",
  "rank": 9,
  "docid": 1932923,
  "coef": {
    "list": 0.0,
    "music": 0.8463028931515422,
    "see": -0.0,
    "produc": 1.502324922401706,
    "unit": 1.0977013477537378,
    "televis": -0.0,
    "1980": 0.7993302701039037,
    "film": 0.0,
    "british": 0.0,
    "kingdom": 0.0,
    "radio": 0.0
  }
}