{
  "qid": "128",
  "query": "Racing",
  "rank": 7,
  "docid": 831487,
  "coef": {
    "state": 0.13440960931716714,
    "discuss": 0.052785336677952835,
    "list": 0.0,
    "organis": 0.0,
    "seek": 0.0,
    "nation": 0.3242955770211413,
    "industri": 0.0,
    "conduct": 0.12440988959242956,
    "respons": 0.0,
    "gener": 0.018603950086437556,
    "servic": 0.0,
    "rule": 0.03017820249136621,
    "call": 0.0,
    "form": 0.0,
    "number": 0.0,
    "bodi": 0.032060405731935054,
    "appeal": 0.0,
    "establish": 0.0,
    "limit": -0.006720791096554475,
    "enabl": 0.01693638330289936,
    "review": 0.13248356716788312,
    "group": 0.13895106554273487,
    "territori": 0.0,
    "princip": 0.0,
    "author": 0.050474851368151684,
    "role": 0.0,
    "cours": 0.0,
    "set": 0.0,
    "known": 0.0,
    "new": 0.0,
    "who": 0.0,
    "accord": 0.0,
    "practic": 0.00346573422055491,
    "matter": 0.0,
    "person": 0.0,
    "condit": 1.8448008986009504e-05,
    "council": 0.0,
    "consensu": 0.0007144533557640161,
    "give": 0.0004407695386078153,
    "achiev": 0.0015543154221107258,
    "book": 0.0,
    "independ": 0.10843683266147847,
    "meet": 0.0,
    "appli": 0.0,
    "supervis": 0.0,
    "race": 0.28147286377896324,
    "investig": 0.0,
    "recommend": 0.02641597079067091,
    "report": 0.0,
    "integr": 0.0,
    "analyst": 0.0,
    "2014": 0.0,
    "board": -0.0,
    "run": 0.0,
    "western": 0.0,
    "punish": 0.031754761188658255,
    "submit": 0.0,
    "enforc": 0.11591471198843131,
    "administr": 0.0,
    "septemb": 0.0,
    "peak": 0.0,
    "administ": 0.0,
    "deleg": 0.0,
    "announc": 0.0,
    "advic": 0.0,
    "agre": 0.05910694309748221,
    "behalf": 0.0,
    "welfar": 0.0,
    "ensur": 0.0,
    "tribun": 0.0,
    "darwin": 0.0,
    "1998": 0.0,
    "agreement": 0.1238688620923702,
    "fair": 0.0,
    "australia": 0.0,
    "australian": 0.17576638140899484,
    "abid": 0.0,
    "handicap": 0.0,
    "strictli": 0.030762006679632286,
    "club": 0.0,
    "merg": 0.0,
    "equin": 0.0,
    "statutori": 0.0,
    "turf": 0.0,
    "queensland": 0.0,
    "canberra": 0.0,
    "stud": 0.0,
    "advisori": 0.0,
    "victoria": -0.0,
    "steward": 0.10574768866647591,
    "arb": 0.07082725523543189,
    "thoroughbr": -0.0,
    "wager": 0.0,
    "veterinarian": 0.0,
    "racehors": 0.025945148729804458,
    "tasmanian": 0.0,
    "nsw": -0.0,
    "registrar": 4.639765615056761e-16
  }
}