{
  "qid": "106",
  "query": "Climate Change Activists",
  "rank": 3,
  "docid": 5801096,
  "coef": {
    "action": -0.0,
    "grew": 0.0,
    "inspir": -0.0,
    "societi": 0.0,
    "mai": 0.0,
    "nation": -0.0,
    "name": 0.10254488590997264,
    "countri": 0.0,
    "movement": 0.0,
    "mid": 0.054155311397058155,
    "order": 0.0,
    "econom": 0.0,
    "segment": 0.0,
    "taken": 0.0,
    "fight": -0.0,
    "public": 0.0,
    "target": 0.0,
    "includ": -0.0,
    "address": 0.0,
    "talk": 0.0,
    "camp": 0.0,
    "attend": 0.16842120289469673,
    "educ": 0.0,
    "legal": 0.0,
    "found": 0.0,
    "world": 0.5155960112738228,
    "disrupt": 0.0,
    "establish": 0.2018264621413746,
    "involv": 0.5884152829906109,
    "sever": 0.0,
    "accus": 0.0,
    "still": 0.0,
    "school": 0.0,
    "follow": 0.0,
    "work": 0.0,
    "american": -0.0,
    "youth": -0.0,
    "octob": 0.0,
    "chang": 0.12835009976923184,
    "carl": 0.0,
    "learn": -0.0,
    "argentina": 0.1127296983903198,
    "confer": 0.0,
    "group": 0.32895108993429933,
    "lack": 0.0,
    "citi": 0.0,
    "democrat": 0.0,
    "time": 0.3569874919001657,
    "protest": 0.0,
    "common": 0.2276184723759115,
    "strike": -0.0,
    "organ": 0.0,
    "network": 0.0,
    "franc": 0.0,
    "live": 0.0,
    "particip": 0.0,
    "northern": 0.0,
    "new": 0.12867912608093995,
    "contribut": 0.05936075846131237,
    "move": 0.0,
    "join": 0.014873751949502459,
    "goal": 0.037436606351504184,
    "similar": -0.0,
    "who": 0.0,
    "futur": 0.0,
    "media": 0.11144131959703822,
    "class": 0.12231711913989844,
    "rise": -0.0,
    "activ": -0.0,
    "part": 0.41960776995676874,
    "pari": 0.0,
    "unit": 0.11626977407211055,
    "social": 0.0,
    "founder": -0.0,
    "soon": 0.0,
    "scienc": 0.0,
    "forum": 0.0,
    "dai": 0.435962472951936,
    "activist": 0.0,
    "voic": 0.0,
    "commit": 0.3680891354104398,
    "caught": 0.0,
    "mother": 0.47032546229612765,
    "physic": 0.2319186138185227,
    "contact": 0.0,
    "year": 0.0,
    "program": 0.02868792399589792,
    "research": 0.0,
    "univers": 4.62857541808135e-16,
    "reduct": 0.0,
    "occasion": 0.0,
    "18": 0.0,
    "15": 0.0,
    "14": 0.0,
    "longer": 0.0011987733978342117,
    "24": 0.0,
    "famili": 0.2800512055988019,
    "smoke": 0.03170298776976105,
    "hour": 0.0,
    "2018": 0.23594200255133135,
    "2005": 0.0,
    "4": 0.0,
    "1": 0.0,
    "zero": 0.0,
    "cloud": 0.04413627670396289,
    "receiv": 0.07424066089756039,
    "climat": 0.32149165966106685,
    "temperatur": -0.0,
    "leadership": 0.0,
    "fire": 0.1514543295028514,
    "earth": 0.02436217512337518,
    "front": 0.17389148409762953,
    "enrol": 0.03983369245259278,
    "greet": 0.0,
    "seventeen": 0.0,
    "headquart": 0.3330459130963054,
    "held": 0.0,
    "august": -0.0,
    "convent": 0.0,
    "file": 0.0,
    "magazin": 0.0,
    "novemb": 0.0,
    "decemb": 0.5142844874675391,
    "york": 0.5643257881437667,
    "septemb": 0.0,
    "2019": 0.1520969997734334,
    "brazil": 0.0,
    "columbia": 0.0,
    "davi": 0.08043069209892723,
    "23": 0.0,
    "19": 0.0,
    "visit": 0.0,
    "born": 0.0,
    "suffer": 0.0,
    "januari": 0.0,
    "voyag": 0.02393965294136316,
    "arriv": 0.0,
    "ill": 0.0,
    "lorenzo": 0.0,
    "fellow": 0.0,
    "california": 0.0,
    "biographi": 0.0,
    "spark": 0.030403956756482203,
    "pledg": 0.0,
    "speaker": 0.0,
    "upris": 0.0,
    "smith": 0.0,
    "uphold": 0.0,
    "germani": 0.0,
    "complaint": 0.0,
    "scholarship": 0.0,
    "alexandria": 0.0,
    "award": 0.3831599939556697,
    "2020": 0.5549506485868781,
    "agreement": 0.0,
    "fridai": 0.6192017895975472,
    "recipi": 0.0,
    "prize": 0.0,
    "chapter": 0.0,
    "advocaci": 0.0,
    "underli": 0.0,
    "mayor": 0.0,
    "innov": 0.0,
    "copenhagen": 0.0,
    "switzerland": 0.0,
    "turkei": 0.0,
    "skip": 0.0,
    "poland": 0.0,
    "summit": 0.0,
    "greta": 0.2215145803702581,
    "latina": 0.0,
    "transatlant": 0.14957168575750784,
    "denmark": 0.0,
    "sailboat": 3.0098014222955863e-15,
    "asthma": 0.24430765749878072,
    "davo": 0.02124369686178833,
    "kristin": 0.0,
    "catarina": 0.0,
    "tribeca": 0.0,
    "thunberg": 0.10611339830302727,
    "katowic": 0.0,
    "disruptor": 0.0,
    "bastida": -0.0,
    "c40": 0.0,
    "villas": 0.37051612343428775,
    "hogu": 0.06611781458770283,
    "cop24": 0.20545982174714392,
    "xiy": -0.0,
    "tdia": 0.2226831750573381
  }
}