{
  "qid": "135",
  "query": "Violent Crime",
  "rank": 0,
  "docid": 131367,
  "coef": {
    "be": 0.0,
    "state": 0.0,
    "major": 0.0,
    "possibl": 0.0,
    "think": 0.0,
    "self": 0.0,
    "inequ": 0.0,
    "right": 0.0,
    "lead": 0.0,
    "origin": 0.0,
    "highli": 0.0,
    "peopl": 0.08490701484796932,
    "type": 0.0,
    "seen": 0.0,
    "attempt": 0.050529565940433264,
    "can": 0.0,
    "system": -0.0,
    "higher": 0.0,
    "tendenc": -0.0,
    "mai": 0.14606483821877755,
    "nation": -0.0,
    "engag": 0.0,
    "debat": 0.0,
    "europ": 0.0,
    "difficult": 0.0,
    "men": 0.05238902013773754,
    "golden": 0.0,
    "countri": 0.07272579238489174,
    "law": 0.0,
    "help": 0.0,
    "adopt": 0.0,
    "us": 0.0,
    "attack": 0.0,
    "caus": -0.0,
    "defin": 0.0,
    "conduct": 0.0,
    "differ": 0.0,
    "public": 0.0,
    "gener": 0.0,
    "includ": 0.017024394735140037,
    "socioeconom": 0.0,
    "take": 0.0,
    "violent": 0.08732155946506595,
    "violenc": 0.11686734875754996,
    "call": 0.0,
    "legal": 0.0,
    "form": -0.0,
    "polic": 0.0,
    "forc": 0.0,
    "import": 0.0,
    "found": -0.0,
    "reflect": 0.0,
    "exclud": 0.0,
    "due": 0.0,
    "area": 0.0,
    "come": 0.0,
    "drug": -0.0,
    "moral": 0.0,
    "involv": 0.0,
    "simpli": -0.0,
    "citizen": 0.0,
    "formal": 0.0,
    "follow": 0.0,
    "vari": -0.0,
    "last": 0.0,
    "american": 0.0,
    "just": 0.0,
    "experi": 0.0,
    "control": 0.0,
    "chang": 0.0,
    "england": 0.0,
    "women": 0.08378601601305014,
    "repres": 0.0,
    "carri": 0.0,
    "object": -0.0,
    "unlik": 0.0,
    "well": 0.0,
    "far": 0.0,
    "environment": 0.0,
    "singl": -0.0,
    "issu": 0.0,
    "feder": 0.0,
    "group": 0.0,
    "lack": 0.09351233528320152,
    "act": 0.0,
    "exampl": -0.0,
    "necessarili": 0.0,
    "down": 0.0,
    "common": 0.09108176388862733,
    "role": 0.0,
    "justic": -0.0,
    "ident": -0.0,
    "plai": 0.0,
    "notabl": 0.0,
    "wing": 0.0,
    "recent": 0.0021278500948604504,
    "end": 0.0,
    "institut": 0.0,
    "sexual": 0.02105585133245502,
    "left": 0.0,
    "relat": -0.0,
    "place": 0.0,
    "franc": 0.0,
    "children": 0.0,
    "non": 0.0,
    "1960": 0.0,
    "live": 0.15593219657325724,
    "consid": 0.0,
    "collect": 0.0,
    "express": 0.0,
    "todai": 0.0,
    "saw": 0.0,
    "equal": 0.0,
    "signific": 0.0,
    "20": 0.0,
    "specif": 0.0,
    "known": 0.0,
    "direct": 0.0,
    "overlap": -0.0,
    "surviv": 0.0,
    "histor": 0.0,
    "entail": 0.0,
    "onli": 0.0,
    "white": -0.0,
    "line": 0.0,
    "new": 0.159816170575508,
    "understand": 0.0,
    "mobil": 0.0,
    "arrest": 0.0,
    "like": 0.04559658256524377,
    "coercion": -0.0,
    "decreas": 0.0,
    "greek": 0.0,
    "greec": 0.327921152911406,
    "intern": 0.0,
    "similar": -0.0,
    "uniform": -0.0,
    "who": 0.0,
    "accord": -0.0,
    "minor": 0.0,
    "first": 0.0,
    "shown": 0.0,
    "result": 0.0,
    "activ": 0.0,
    "part": 0.0,
    "confront": 0.0,
    "wai": 0.014819936325396257,
    "properti": -0.0,
    "gender": 0.0,
    "oppon": 0.0,
    "unit": 0.09499142329660692,
    "social": 0.0,
    "releas": 0.0,
    "centuri": 0.0,
    "natur": 0.0,
    "individu": 0.0,
    "made": 0.0,
    "continu": -0.0,
    "decis": -0.0,
    "person": 0.0,
    "base": 0.0,
    "point": 0.0,
    "give": 0.0,
    "canada": 0.0,
    "decad": 0.0,
    "separ": 0.09598749817824428,
    "drop": 0.0066019679793327055,
    "2008": 0.0,
    "statist": 0.0,
    "black": 0.0,
    "parti": 0.0,
    "approach": 0.0,
    "occur": 0.0,
    "harass": 0.0,
    "mean": 0.0,
    "definit": 0.0,
    "consumpt": 0.0,
    "commit": 0.0,
    "increas": 0.0,
    "across": 0.0,
    "level": 0.0,
    "2": 0.0,
    "8": -0.0,
    "estim": 0.0,
    "televis": 0.0,
    "intend": 0.0,
    "month": 0.0,
    "low": 0.0,
    "obtain": 0.0,
    "physic": 0.0,
    "million": 0.0,
    "contain": 0.0,
    "car": 0.0,
    "classif": 0.0989252515594646,
    "psycholog": 0.0,
    "classifi": 0.0,
    "2015": -0.0,
    "comparison": -0.0,
    "uk": 0.0,
    "interview": 0.0,
    "pattern": 0.0,
    "case": -0.0,
    "year": 0.0,
    "gap": 0.0,
    "declin": 0.0,
    "aggrav": 0.0,
    "depend": 0.0,
    "correl": 0.0,
    "code": 0.0,
    "fall": 0.0,
    "popul": 0.0,
    "impair": -0.0,
    "preced": 0.0,
    "show": 0.0,
    "000": 0.0,
    "face": 0.0,
    "alcohol": 0.0,
    "revis": 0.0,
    "health": 0.0,
    "visual": 0.0,
    "anger": 0.0,
    "rate": 0.004876533394558319,
    "observ": 0.08378730738215151,
    "maintain": -0.0,
    "date": 0.0,
    "data": 0.007553467250954385,
    "actual": 0.0,
    "femal": 0.0,
    "methodolog": 0.0,
    "analyz": 0.0,
    "behavior": 0.0,
    "race": -0.0,
    "simpl": 0.0,
    "investig": -0.0,
    "1990": -0.0,
    "option": 0.0,
    "25": 0.0,
    "18": 0.0,
    "15": 0.0,
    "12": 0.0,
    "11": -0.0,
    "02": 0.0,
    "survei": 0.004984703858320482,
    "warrant": 0.0,
    "aggress": 0.0,
    "24": 0.0,
    "categori": 0.0,
    "famili": 0.0,
    "valid": 0.0,
    "injuri": 0.0,
    "sampl": 0.0,
    "report": 0.07216069790014906,
    "poor": 0.0,
    "deal": 0.0,
    "factor": 0.0,
    "opportun": 0.0,
    "measur": 0.0697303540042434,
    "mental": 0.0,
    "variabl": 0.0,
    "consist": -0.0,
    "2018": -0.0,
    "2016": 0.0,
    "2014": 0.0,
    "2012": 0.0,
    "2010": -0.0,
    "compar": 0.006064584777498969,
    "commerci": -0.0,
    "standard": 0.0,
    "7": 0.0,
    "6": 0.0,
    "3": 0.11335165131832738,
    "1": 0.0,
    "05": 0.0,
    "requir": -0.0,
    "here": 0.0,
    "22": 0.0,
    "09": 0.0,
    "04": -0.0,
    "near": 0.0,
    "index": 0.0,
    "capac": 0.0,
    "color": 0.0,
    "calcul": 0.0,
    "annual": -0.0,
    "clear": 0.0,
    "approxim": 0.0,
    "incid": 0.0,
    "bc": -0.0,
    "represent": 0.0,
    "prior": 0.0,
    "statu": 0.0,
    "fatal": -0.0,
    "jurisdict": -0.0,
    "assembl": 0.0,
    "enforc": -0.0,
    "racial": 0.0,
    "29": 0.0,
    "republ": 0.0,
    "nearli": 0.0,
    "divis": 0.0,
    "crimin": 0.08122277287967423,
    "record": 0.05258951903575306,
    "rape": 0.0,
    "aircraft": 0.0,
    "bureau": 0.0365301317256708,
    "plu": -0.0,
    "censu": 0.0,
    "2011": 0.0,
    "2001": 0.0,
    "legisl": 0.0,
    "155": 0.0,
    "peak": 0.0,
    "120": 0.0,
    "100": 0.10143912692300282,
    "intimid": 0.0,
    "2019": 0.0,
    "on": -0.0,
    "depart": 0.0,
    "twentieth": 0.0,
    "track": -0.0,
    "poverti": 0.0,
    "31": -0.0,
    "1994": -0.0,
    "british": 0.0,
    "19": 0.0,
    "slight": 0.0,
    "1961": 0.0,
    "access": 0.0,
    "polici": 0.0,
    "stem": -0.0,
    "utter": 0.0,
    "murder": -0.0,
    "exactli": 0.0,
    "agre": 0.0,
    "threat": 0.0,
    "aggreg": 0.0,
    "assault": 0.060730001995197035,
    "partner": 0.0,
    "ab": 0.0,
    "welfar": 0.0,
    "simon": 0.0,
    "want": 0.0,
    "threaten": 0.0,
    "hostil": -0.0,
    "cent": 0.1549978087104456,
    "household": 0.08514803170822444,
    "crime": 0.09926890527329676,
    "offens": 0.12400300066411515,
    "1997": 0.0,
    "danger": -0.0,
    "germani": 0.0,
    "imposs": 0.0,
    "count": 0.0,
    "47": 0.0,
    "subsequ": 0.0,
    "kingdom": 0.0,
    "judgement": -0.0,
    "fittest": 0.0,
    "vital": -0.0,
    "renam": 0.0,
    "dawn": 0.0,
    "tortur": 0.0,
    "equival": 0.0,
    "offend": 0.11353903190915653,
    "1995": 0.0,
    "spokesperson": 0.0,
    "infam": -0.0,
    "perpetr": 0.0,
    "violat": -0.0,
    "australia": 0.015319992012790376,
    "czech": 0.0,
    "australian": 0.0,
    "homeless": 0.0,
    "victim": 0.036368375760874774,
    "hijack": 0.0,
    "intim": 0.0,
    "irrat": 0.0,
    "weapon": 0.0,
    "forcibl": 0.0,
    "trend": 0.0,
    "databas": 0.0,
    "portug": 0.0,
    "neglig": 0.0,
    "disproportion": 0.0,
    "complementari": 0.0,
    "netherland": 0.0,
    "austria": 0.0,
    "shooter": 0.0,
    "kidnap": 0.0,