{
  "qid": "121",
  "query": "Racquet Sports",
  "rank": 9,
  "docid": 957212,
  "coef": {
    "list": 0.0,
    "current": 0.0,
    "north": 0.0,
    "nation": 0.00018893058220174262,
    "classic": 0.34251581015899707,
    "world": -0.0,
    "privat": 0.0,
    "build": 1.1677006933647411e-16,
    "american": 0.00033263358066650553,
    "reviv": 0.6581030109792839,
    "onc": 0.0,
    "singl": 0.8318922955511936,
    "see": 0.0,
    "histor": -0.0,
    "structur": 0.019610702511403028,
    "contribut": 0.0,
    "featur": 0.0,
    "construct": 0.0,
    "intern": 0.137893426015401,
    "activ": 0.0,
    "social": 0.0,
    "andrew": 0.0,
    "style": 0.0,
    "court": 1.1095997831253352,
    "doubl": 0.0,
    "now": 0.0,
    "real": -0.0,
    "design": 0.5275446208543982,
    "2012": 0.3941668884910848,
    "chicago": -0.17950437009893555,
    "sport": 1.753049181720004,
    "coast": 0.0,
    "restor": 0.8353999761157015,
    "regist": 1.0546087603569085,
    "district": 0.0,
    "tenni": 0.0,
    "athlet": 0.0,
    "gold": 0.6510746379047613,
    "architect": 0.5821474052789666,
    "venu": 0.0,
    "dimens": 1.2694706456252185,
    "club": 2.004506941358571,
    "1923": 1.149016500093756,
    "renov": 0.7872913945464958,
    "racquet": -0.0,
    "westernmost": -0.0,
    "squash": 0.0,
    "gentlemen": 0.0,
    "rebori": 0.029149289796826013
  }
}