{
  "qid": "127",
  "query": "Clergy",
  "rank": 8,
  "docid": 5035095,
  "coef": {
    "religion": 0.0,
    "origin": 0.0,
    "cultur": 0.7965865062396911,
    "acquir": 1.2664216933335009,
    "public": 0.3797356646734417,
    "educ": 0.7808257053350703,
    "follow": 0.8361898189267599,
    "church": 0.0,
    "russian": 0.7359372491765765,
    "publish": 1.2554026101356128,
    "advoc": 1.4834544740293982,
    "soviet": 0.0,
    "centuri": 1.360403945177911,
    "book": 1.180479958949285,
    "ancient": 0.0,
    "contain": 0.1366825466923481,
    "special": 0.17722545901861195,
    "composit": 0.0,
    "content": 0.04917679266237446,
    "2011": 0.0,
    "alexand": 0.0,
    "1928": 1.0429824857884738e-16,
    "lust": 0.0,
    "historian": 0.0,
    "chapter": 0.0,
    "immens": 0.0,
    "foreword": 0.0,
    "bearer": 0.04404072729441462,
    "atheism": 0.0,
    "miseri": 0.0,
    "xiii": 0.0,
    "clergi": 1.5905651360608413,
    "carnal": 0.0,
    "prodig": 0.0,
    "sodom": 0.0,
    "nevzorov": 0.0,
    "yefim": 0.0,
    "more": 0.523324911550741,
    "moneylend": 0.0,
    "grekulov": 0.0,
    "obyadeni": 0.0,
    "upivani": 0.0
  }
}