{
  "qid": "101",
  "query": "Mathematicians",
  "rank": 0,
  "docid": 38196,
  "coef": {
    "list": 0.2935835932238543,
    "right": 0.0,
    "religion": 0.09202266093141902,
    "muslim": 0.0,
    "nation": 2.709145289876857e-15,
    "italian": -0.0,
    "19th": 0.0,
    "world": 0.0,
    "american": -0.0,
    "women": 0.0,
    "academ": 0.0,
    "russian": 0.03555049798109229,
    "artist": 0.0,
    "notabl": 0.025435852334518467,
    "see": 0.42875754001643285,
    "collect": 0.0,
    "greek": -0.0,
    "theorist": -0.0,
    "extern": 0.0,
    "scientist": 0.14939503861140258,
    "centuri": 0.0,
    "extens": 0.0,
    "made": 0.23745935177731617,
    "ethnic": 0.3614435202366861,
    "characterist": 0.3986714565838127,
    "tabl": 0.0,
    "german": -0.0,
    "cover": 0.0,
    "detail": 0.0,
    "game": 0.0,
    "link": 0.0,
    "nbsp": 0.6979562981121975,
    "analyst": 0.0,
    "welsh": 0.0,
    "mathemat": 0.23220359659219345,
    "alphabet": 0.0,
    "comput": 0.0,
    "photograph": 0.0,
    "film": -0.0,
    "project": 0.0,
    "jewish": 0.0,
    "indian": -0.0,
    "african": -0.0,
    "born": 0.0,
    "biographi": 0.0,
    "profess": 0.08029699878486533,
    "photo": 0.0,
    "mathematician": 0.22094855727514504,
    "quantit": 0.0,
    "chines": -0.0,
    "polish": 0.0,
    "turkish": 0.0,
    "databas": 0.0,
    "hungarian": -0.04903929413419353,
    "slovenian": 0.12680881033211758,
    "amateur": 0.0,
    "genealog": 0.0,
    "bengali": -0.0,
    "brazilian": -0.0,
    "ukrainian": 0.0,
    "statistician": 0.0,
    "iranian": -0.0,
    "andrej": 0.5403852985106651,
    "geomet": -0.0,
    "logician": -0.0,
    "probabilist": 0.0,
    "bauer": 4.3232979384247624e-16,
    "centenarian": -0.0,
    "actuari": 0.0
  }
}