{
  "qid": "125",
  "query": "Doctor",
  "rank": 3,
  "docid": 3988893,
  "coef": {
    "third": -0.0,
    "simultan": 0.0,
    "list": 0.0,
    "origin": 0.0,
    "exist": 0.3279985041493803,
    "illustr": 0.0,
    "support": 0.0,
    "public": 0.07475555918391097,
    "ag": 0.0,
    "american": 0.0,
    "second": -0.0,
    "doctor": 0.3311573569125332,
    "time": 0.0,
    "publish": 0.03108798598193285,
    "see": 0.0,
    "onli": 0.0,
    "featur": 0.031810735789438174,
    "who": 0.04432948814815543,
    "first": 0.0,
    "war": -0.0,
    "chao": 0.08723166305628176,
    "seri": 0.0,
    "happen": 0.17022996868629478,
    "stori": -0.0,
    "inherit": 0.0,
    "fifth": -0.0,
    "week": 0.03416162481839645,
    "start": 0.20110941426231047,
    "monthli": 0.0,
    "regularli": 0.0,
    "annual": 0.03806373660756904,
    "graphic": 0.2136850048188487,
    "least": 0.09881798554324203,
    "multi": 0.0,
    "appear": 0.09294001125388629,
    "magazin": 0.0,
    "sixth": 0.0,
    "2011": -0.0,
    "eighth": 0.0,
    "fourth": -0.0,
    "ninth": 0.0,
    "adventur": 0.0,
    "short": 0.0,
    "tenth": 0.05093247970418796,
    "seventh": -0.0,
    "titan": 0.0,
    "ran": 0.0,
    "launch": 0.11583428563957257,
    "titl": 0.0,
    "eleventh": 0.22334097134994135,
    "twelfth": 0.0,
    "radio": 0.0,
    "premier": 0.0,
    "strip": 0.3267908519381643,
    "honour": 0.07138278550424203,
    "comic": 0.1247602959546485,
    "novel": -0.0,
    "debut": 0.0,
    "incarn": 0.24401458391117992,
    "hadn": 0.0034704027597340977,
    "dalek": 0.0,
    "storybook": 0.0,
    "dwm": 0.0
  }
}