{
  "qid": "118",
  "query": "Cartoons",
  "rank": 3,
  "docid": 4098237,
  "coef": {
    "mai": 0.0,
    "europ": 0.0,
    "concept": 0.0,
    "gener": 0.0,
    "video": 0.0,
    "art": 0.0,
    "land": 0.0,
    "develop": 0.0,
    "network": 0.0,
    "franc": 0.2673119672794009,
    "see": 0.0,
    "direct": 0.0,
    "new": 0.0,
    "similar": 0.0,
    "pari": 5.834872372386588e-15,
    "softwar": 0.0,
    "mean": 0.0,
    "program": 0.0,
    "univers": -0.21260561645875914,
    "mgm": 0.00831950992772475,
    "corpor": 0.0,
    "anim": 0.0,
    "compani": 0.0,
    "park": 0.32728396395612475,
    "walt": 0.5485519709347085,
    "metro": 0.0,
    "goldwyn": 0.0,
    "mayer": 0.0,
    "studio": 0.30593907675575616,
    "disnei": 0.3439778113585382,
    "cartoon": 0.36409088293453823,
    "bro": 0.5750095375586113,
    "paramount": -0.0,
    "warner": 0.1820337217747747,
    "comic": 0.2537965147856023,
    "scottish": 0.0,
    "disneyland": 0.15211960760440507,
    "warnermedia": 0.0,
    "toon": -0.0,
    "disneytoon": 0.0,
    "paramaout": 0.0
  }
}