{
  "qid": "104",
  "query": "Business Leaders",
  "rank": 5,
  "docid": 3758238,
  "coef": {
    "list": 0.0,
    "opposit": 0.37547763528526257,
    "respons": 0.7218046573986875,
    "manag": 0.2965862269704648,
    "bodi": 0.0,
    "note": -0.0,
    "work": 0.061893000769589326,
    "govern": 0.6367547302879285,
    "see": -0.0,
    "known": 0.052899814177459925,
    "leader": 0.5809173991823038,
    "posit": 0.0,
    "post": 0.3927377223731652,
    "wai": 0.0,
    "member": 0.6348824671449688,
    "committe": -0.0,
    "hous": 0.278964770878184,
    "schedul": 0.0,
    "earn": 0.0,
    "run": 0.0,
    "addit": 0.0,
    "receiv": -0.0,
    "shadow": 0.0,
    "assembl": -0.0,
    "busi": 0.2041729202898791,
    "cabinet": 0.0,
    "legisl": 0.7720501695781045,
    "deleg": 0.6807938712048801,
    "speaker": 0.0,
    "premier": 0.0,
    "australia": -0.0,
    "holder": 0.22623799038075093,
    "parliament": 0.0,
    "salari": 0.0,
    "queensland": 0.05662797861783917,
    "officehold": -0.0,
    "officio": 0.0
  }
}