{
  "qid": "146",
  "query": "Non-profit Organization",
  "rank": 1,
  "docid": 4733494,
  "coef": {
    "state": 0.0,
    "list": 0.0,
    "current": 0.0,
    "draw": 0.0,
    "religion": 0.0,
    "belief": 0.23114763261020918,
    "world": 0.0,
    "come": 0.0,
    "term": 0.0,
    "group": 0.15848166138625916,
    "academ": 0.0,
    "root": -0.0,
    "organ": 0.5386174203436535,
    "relat": 0.49133684953235535,
    "set": 0.0,
    "see": 0.03478340244559075,
    "non": 0.0,
    "wide": 0.17113547745031954,
    "local": 0.38609240077095747,
    "cooper": 0.7600735763674962,
    "leader": 0.349434799937467,
    "terminolog": 0.25365287898638267,
    "intern": 0.84594519503653,
    "who": 0.14812326408479926,
    "activ": 0.058472284504272685,
    "social": 0.0,
    "member": 0.5303404129021113,
    "potenti": 0.07504680248987321,
    "base": -0.0,
    "refer": 0.4953662711437164,
    "bank": 0.38307356265364073,
    "religi": 0.0,
    "valu": 0.8132256336155755,
    "activist": 0.1346568245192774,
    "scale": 0.0,
    "classifi": 0.5396937811815515,
    "grant": 0.0,
    "fund": 0.0,
    "grass": -0.0,
    "donat": 0.12287588546369822,
    "elig": 0.0,
    "prepar": 0.009754559896623449,
    "faith": 0.3035242631211942,
    "congreg": 0.0,
    "staff": 0.0,
    "volunt": 0.0,
    "germani": -0.0,
    "recognis": 0.0,
    "inclus": 0.0,
    "inter": 0.0,
    "mission": 0.0,
    "government": 0.3018364744267576,
    "hussain": 0.0,
    "policymak": -0.0
  }
}