{
  "qid": "126",
  "query": "Political Theory",
  "rank": 9,
  "docid": 2575558,
  "coef": {
    "state": 0.009310034504877013,
    "conflict": 0.007761646384008494,
    "type": 0.0,
    "exist": 0.28430403143580446,
    "attempt": 0.0,
    "societi": 0.003625569852083979,
    "system": 0.0,
    "mai": 0.0,
    "debat": 0.0,
    "us": 0.0,
    "defin": 0.0,
    "conduct": 0.0,
    "differ": 0.0,
    "gener": 0.0,
    "educ": 0.12700963443187713,
    "manag": 0.0,
    "polit": 0.5234596962215405,
    "world": 0.2923813141304329,
    "establish": 0.0,
    "term": 0.13960993321450474,
    "note": 0.277436492467945,
    "formal": 0.4224556312073502,
    "school": 0.6198039059583681,
    "second": 0.0,
    "develop": 0.0,
    "feder": 0.0,
    "group": 0.31683534180799666,
    "academ": 0.6824202258577272,
    "root": 0.528911460190009,
    "process": 0.3169121399023936,
    "regul": 0.0,
    "organ": 0.8071575721196601,
    "function": 0.6833985158865413,
    "consid": 0.0,
    "signific": -0.0,
    "cooper": 0.0,
    "inform": 0.2531598122538897,
    "understand": 0.0,
    "goal": 0.0,
    "first": 0.0,
    "make": 0.6532943403898386,
    "theori": 0.5544589815920333,
    "academia": 0.1486432339800633,
    "social": 0.0,
    "individu": 0.0022338909905800317,
    "studi": 0.0,
    "decis": 0.0,
    "distinct": 0.0,
    "base": -0.0,
    "scienc": -0.0,
    "refer": -0.0,
    "achiev": 0.0,
    "compon": 0.0,
    "power": 0.0,
    "level": 0.18846959673895589,
    "disciplin": 0.002259977493068187,
    "depend": 0.0,
    "research": 0.0,
    "explain": 0.08589857281251297,
    "resourc": 0.0,
    "integr": 0.0,
    "scientif": 0.0,
    "circumst": 0.0,
    "district": 0.7556800395824642,
    "foot": 0.0,
    "prevail": 0.622429976370313,
    "drawn": 0.0,
    "alloc": 0.0,
    "macro": -0.0,
    "deeper": 0.0023181029256063553,
    "organiz": 0.0,
    "micro": 0.12349059608699244,
    "solicit": 0.0,
    "education": 0.14868978520863044
  }
}