{
  "qid": "104",
  "query": "Business Leaders",
  "rank": 1,
  "docid": 5344948,
  "coef": {
    "list": 0.0,
    "opposit": 0.0,
    "debat": 0.6622948119668653,
    "order": 0.6742553398461825,
    "respons": 0.0017358105857360588,
    "includ": -0.0,
    "manag": 0.9109863392935141,
    "commonli": 0.0,
    "reaction": 0.04862146736070901,
    "govern": 0.5344841102270517,
    "issu": 0.0,
    "time": 0.0,
    "see": 0.0,
    "known": 0.0,
    "leader": 0.4753914772782257,
    "tactic": 0.74540780786276,
    "matter": 8.548287914923691e-16,
    "member": 0.7230333653723664,
    "council": 0.0,
    "hous": -0.0,
    "schedul": 0.0,
    "counterpart": 0.0,
    "upper": 0.08405207072563689,
    "assembl": -0.0,
    "held": 0.44631492877395956,
    "busi": 0.0,
    "cabinet": 0.0,
    "legisl": 0.0,
    "offic": 0.02422481305579583,
    "south": 0.8491918871519659,
    "bill": 0.0,
    "negoti": 0.0,
    "australia": 0.0,
    "australian": 0.0,
    "parliament": 0.0,
    "disambigu": -0.0,
    "allot": 0.0,
    "dealt": 0.0,
    "impedi": 0.0
  }
}