{
  "qid": "125",
  "query": "Doctor",
  "rank": 7,
  "docid": 3997571,
  "coef": {
    "third": 0.0,
    "list": 0.0,
    "current": 0.0,
    "right": 0.0,
    "public": 0.23993288676601376,
    "includ": 0.0,
    "histori": 0.0,
    "later": 0.30537768958362893,
    "number": 0.0,
    "larg": 0.0,
    "second": 0.0,
    "issu": 0.0,
    "doctor": 0.14415916776878632,
    "time": 0.18835693388907448,
    "place": 0.0,
    "see": 0.0,
    "collect": 0.34457645495809736,
    "direct": 0.0,
    "determin": 0.0,
    "new": 0.039367741801083274,
    "charact": 0.0,
    "who": 0.0006034806352517145,
    "first": 0.0,
    "war": 0.0,
    "continu": 0.05816257988438046,
    "decis": 0.39070711379679274,
    "refer": 0.0,
    "seri": 0.32505600294714343,
    "occur": 0.0,
    "travel": 0.0,
    "stori": 0.23246747687032568,
    "televis": 0.0,
    "screen": 0.0,
    "fifth": 0.2718916724695116,
    "special": 0.0,
    "imag": 0.328889851090387,
    "annual": 0.1543275074752243,
    "magazin": 0.3588292377838643,
    "sixth": -0.0,
    "hit": 0.0,
    "eighth": -0.0,
    "fourth": -0.0,
    "ninth": 0.0,
    "adventur": 0.48758031279036357,
    "short": 0.0,
    "tenth": -0.0,
    "seventh": -0.0,
    "regular": 0.1279802968214394,
    "familiar": 0.21668203139284947,
    "launch": -0.0,
    "retir": -0.0,
    "eleventh": -0.0,
    "twelfth": 0.0,
    "strip": 0.0,
    "comic": 0.0,
    "protagonist": 0.13323151122270005,
    "fi": 0.0,
    "sc": 0.0,
    "problemat": 0.0,
    "yearbook": -0.0,
    "incarn": 0.0,
    "offscreen": 0.2236839223646113
  }
}