{
  "qid": "145",
  "query": "Finance",
  "rank": 7,
  "docid": 5140628,
  "coef": {
    "mai": 0.25410044849096614,
    "trade": 0.0,
    "build": -0.0,
    "follow": 0.0,
    "rose": 0.0,
    "see": 0.0,
    "intern": 0.5543391985866964,
    "refer": 0.043702610059273624,
    "bank": 0.0,
    "rock": 0.0,
    "centr": 0.1412027900901247,
    "center": 0.0,
    "financi": -0.0,
    "station": 0.0,
    "financ": 0.5000600155859095,
    "commerc": 1.0167012934078625,
    "kong": 0.0,
    "hong": -0.0,
    "hub": 0.0,
    "shanghai": -0.0,
    "busan": 0.0,
    "seoul": -0.0,
    "offshor": 0.0,
    "ifc": 0.5199285938790229,
    "ping": 0.0,
    "shenyang": -0.0,
    "guangzhou": 0.0585186817337882,
    "marriott": -0.0,
    "suzhou": -0.0,
    "chongq": 0.0,
    "jw": -0.0
  }
}