{
  "qid": "113",
  "query": "Computer Scientists",
  "rank": 4,
  "docid": 5650071,
  "coef": {
    "state": 0.0,
    "list": 0.6401210845620124,
    "current": 0.21253412444117536,
    "cultur": 0.0,
    "theoret": 0.0,
    "movement": 0.0,
    "middl": 0.0,
    "write": 0.0,
    "writer": 0.0,
    "includ": 0.2635712150911597,
    "educ": 0.0,
    "found": -0.0,
    "professor": 0.0,
    "best": 0.0,
    "video": 0.0,
    "follow": 0.0,
    "david": 0.0,
    "work": 0.3358954917697884,
    "american": 0.0,
    "futurist": 0.0,
    "electron": 0.0,
    "creation": 0.0,
    "william": 0.0,
    "commun": 0.0,
    "author": 0.0,
    "artist": 0.0,
    "notabl": 0.2833533755796386,
    "institut": 0.0,
    "pioneer": -0.0,
    "field": 0.0,
    "contemporari": 0.0,
    "known": 0.0,
    "advoc": 0.0,
    "new": 0.0,
    "contribut": 0.0,
    "produc": 0.0,
    "free": 0.0,
    "effect": 0.0,
    "john": 0.0,
    "first": 0.0,
    "scientist": 0.3423056949450724,
    "unit": 0.05184177512737227,
    "andrew": 0.0,
    "compos": 0.0,
    "east": 0.0,
    "softwar": 0.20182713695500584,
    "execut": 0.17831077629027955,
    "technolog": 0.0,
    "serv": 0.30200485330936594,
    "human": 0.0,
    "televis": 0.0,
    "physic": 0.1388049280301109,
    "ethnic": 0.020336568773781066,
    "stage": 0.0,
    "greater": 0.23583977422426325,
    "uk": 0.013008805938259215,
    "model": 0.08088005364732435,
    "food": 0.11190609981509866,
    "patient": 0.0,
    "face": 0.30921224379139756,
    "research": -0.0,
    "visual": 0.3224513746700093,
    "physician": 0.07355162796485465,
    "imag": 0.0,
    "design": 0.0,
    "electr": 0.0,
    "nasa": 0.0,
    "energi": 0.052929295237847354,
    "rai": 0.0,
    "graphic": 0.4628889363679933,
    "comput": 0.2517930619121526,
    "presid": 0.13736801408204025,
    "photograph": 0.0,
    "topic": 0.1656839755241669,
    "tom": 0.0,
    "corpor": 0.2635057941670254,
    "engin": 0.49748208225626916,
    "jim": 0.0,
    "edward": 0.0,
    "crow": 0.0,
    "film": 0.48354147531587455,
    "richard": 0.3609445955326951,
    "28": 0.0,
    "expert": 0.0,
    "morri": 0.0,
    "anim": 0.0,
    "york": 0.24342128945115982,
    "clark": -0.0,
    "136": 0.0,
    "compani": 0.0,
    "judg": 0.042106054925787284,
    "1993": 0.0,
    "won": 0.0,
    "osteopath": 0.0018503417372414625,
    "jame": 0.0,
    "park": -0.0,
    "born": 0.0,
    "patent": 0.0,
    "harri": 0.0802479710037865,
    "chairman": 0.0,
    "joel": 0.0,
    "allen": -0.0,
    "actor": -0.0,
    "franklin": 0.14410072677575153,
    "walt": 0.0,
    "duff": 0.0,
    "theatr": 0.014369792639381953,
    "edwin": 0.0,
    "smith": 0.0,
    "nomin": 0.18890725825133567,
    "faculti": 0.0,
    "excel": 0.0,
    "architect": 0.08052803071533561,
    "harvei": 0.0,
    "award": 0.6247848221892678,
    "director": 0.0,
    "score": 0.0,
    "studio": 0.5538113280836866,
    "documentari": 0.0,
    "disnei": 0.0,
    "emmi": 0.0,
    "laboratori": 0.0,
    "basketbal": 0.0,
    "screenwrit": -0.0,
    "ladi": 0.0,
    "jet": 0.0,
    "nelson": 0.0,
    "bruce": 0.0,
    "maker": 0.0,
    "atom": 0.0,
    "creator": -0.0,
    "coach": 0.04331583064649,
    "player": 1.8665864100662498e-15,
    "entrepreneur": 0.0,
    "freder": -0.0,
    "ed": 0.0,
    "lewi": 0.0,
    "evan": 0.0,
    "frank": 0.08826295577846122,
    "barbara": 0.0,
    "physicist": 0.05369229139043654,
    "rebecca": -0.0,
    "programm": 0.18581949233343123,
    "jerom": 0.0,
    "pat": 0.03008977418649408,
    "inventor": 0.1353036722854899,
    "bernard": 0.0,
    "ralph": 0.0,
    "cg": 0.0,
    "pixar": 0.0,
    "glenn": 0.0,
    "burwel": 0.0,
    "propuls": 0.0,
    "playwright": 0.0,
    "lynn": 0.0,
    "greg": -0.0,
    "nixon": 0.0,
    "doodl": 0.0,
    "cinematograph": 0.0,
    "isra": 0.0,
    "emeritu": 0.0,
    "jacqu": 0.0,
    "izadi": 0.15659545810477313,
    "37th": 0.0,
    "kurd": 0.0,
    "rockefel": 0.0,
    "snyder": 0.0006650379989458836,
    "carter": 0.0,
    "kenneth": 0.0,
    "guggenheim": 0.0,
    "manfr": 0.0,
    "conti": 0.0,
    "erni": 0.0,
    "lanc": 0.0,
    "netscap": 0.0,
    "sheldon": 0.0,
    "reino": -0.0,
    "peren": 0.0,
    "murrow": 0.0,
    "alvi": 0.0,
    "kirchheim": 0.0,
    "pano": -0.0,
    "cheez": 0.23498109536981032,
    "hanrahan": 0.0,
    "rogoff": 0.0,
    "emshwil": 0.0,
    "hurwitz": 0.0,
    "blinn": 0.0,
    "catmul": 0.0,
    "brudner": 0.0,
    "yohai": 0.0,
    "mehrdad": 0.0,
    "anasto": 0.0,
    "genes": 0.0004960639416237525,
    "glassner": 0.0,
    "aarnio": -0.0,
    "difrancesco": 0.0,
    "riland": 0.0,
    "strowei": 0.0,
    "photoscientist": 0.0,
    "fryshman": 0.0
  }
}