{
  "qid": "143",
  "query": "Philanthropy",
  "rank": 1,
  "docid": 3899168,
  "coef": {
    "state": 0.0,
    "anonym": 0.0006681683796296744,
    "focus": 0.0,
    "evalu": 0.0,
    "websit": 0.2543707409305661,
    "includ": 0.0,
    "histori": 0.13554113482019656,
    "number": 0.0,
    "establish": 0.0,
    "school": 0.33275447421366133,
    "guid": 0.003664126106309686,
    "coverag": 0.0,
    "group": 0.0,
    "william": 0.0,
    "small": 0.0,
    "reli": 0.0,
    "mention": 0.0,
    "accord": 0.0,
    "practic": 0.003934953404916521,
    "media": 0.0,
    "unit": 0.0,
    "social": 0.0,
    "studi": 0.000799971727050434,
    "give": 0.0,
    "foundat": 0.9155910701906127,
    "put": 0.0,
    "materi": 0.0,
    "high": -0.0,
    "flora": 0.0,
    "univers": 0.0,
    "paper": 0.0,
    "fund": 0.47271147946767544,
    "impact": 0.4117425686550433,
    "busi": 0.06280542793469054,
    "holidai": 0.4096567096012203,
    "center": 0.7226547304452591,
    "2006": 0.4015893604271793,
    "spring": 0.0,
    "twice": 0.0,
    "polici": 0.16003618690101895,
    "internation": 0.0,
    "pennsylvania": 0.6560055315020779,
    "brief": 0.3826779472987333,
    "ford": 0.0,
    "philanthropi": 0.6797221605468188,
    "chariti": 0.0,
    "maxim": 0.34284490539322693,
    "dean": 0.12290497693085196,
    "alumni": 0.5550289657190917,
    "blog": 0.4948441953680361,
    "wharton": 0.0,
    "primer": 0.0,
    "hewlett": 0.0,
    "givewel": 0.3644709471354773
  }
}