{
  "qid": "124",
  "query": "Charity",
  "rank": 9,
  "docid": 2600169,
  "coef": {
    "mai": 0.0,
    "nation": 0.0,
    "name": 0.30402252727527646,
    "previou": 0.0,
    "commun": 0.1955009562885185,
    "see": 0.0,
    "refer": 0.0,
    "match": -0.0,
    "great": 0.0,
    "annual": 0.0,
    "irish": 0.0,
    "cup": 0.40270828556046856,
    "britain": 0.27014213308260904,
    "london": 0.0,
    "shield": 0.7419557942036411,
    "leagu": 0.0,
    "sheriff": 0.0,
    "award": 1.184268719727352,
    "chariti": 0.3441596360757678,
    "sultan": 0.0,
    "ahmad": 0.07716229237608689,
    "disambigu": 0.0,
    "fa": 0.8231106912236948,
    "rugbi": -0.0,
    "surrei": -0.0,
    "trinidad": -0.0,
    "singapor": 0.0,
    "shah": 0.0,
    "malaysian": -0.0,
    "maldivian": 0.0,
    "tobago": -0.0,
    "nrl": 0.0,
    "haji": 0.0
  }
}