{
  "qid": "148",
  "query": "Tea",
  "rank": 1,
  "docid": 1007379,
  "coef": {
    "discuss": 0.0,
    "cultur": 0.0,
    "stand": -0.0,
    "can": 0.08994653488139484,
    "classic": 0.0,
    "includ": -0.0,
    "involv": 0.0,
    "follow": 0.0,
    "work": 0.0,
    "emperor": 0.005666430037341831,
    "era": 0.0,
    "crush": 0.0,
    "pioneer": 0.0,
    "relat": 0.0,
    "deriv": 0.01689368397189184,
    "see": 0.0,
    "method": 0.03115199296556245,
    "consid": 0.6807633512234998,
    "advoc": 0.0,
    "new": 0.0,
    "wai": 0.0,
    "radic": 0.0,
    "manual": -0.0,
    "old": 0.0,
    "mileston": 0.09672932894455376,
    "select": 0.0,
    "water": 0.1898836239595973,
    "heat": 0.01530225298697679,
    "steep": 0.07024047286916454,
    "content": -0.0,
    "cup": 0.0008469862519205618,
    "written": 0.0,
    "mill": 0.0,
    "ban": 0.0,
    "prepar": 0.0,
    "manufactur": 0.0,
    "short": 0.7994429820873657,
    "man": 0.0,
    "son": 0.16903981406523202,
    "princ": 0.0,
    "1440": 0.0,
    "17th": 0.20647371316052118,
    "store": 0.0,
    "departur": 0.0,
    "loos": 0.1341626796249497,
    "song": -0.0,
    "chines": 0.0,
    "chapter": 0.0,
    "tea": 0.48282956458462495,
    "cha": 0.11427868668284245,
    "cake": 0.0,
    "pictori": 0.0,
    "dynasti": 0.5484465628422618,
    "prefac": 0.2893233169772452,
    "sixteen": 0.0,
    "roller": 0.0,
    "simpler": 0.0,
    "tang": 0.3928336325342097,
    "scent": 0.0,
    "spoon": -0.0,
    "ming": 0.0,
    "pitcher": 0.36277586402097767,
    "yu": 0.0,
    "siev": 0.0,
    "pu": 0.06061806851969762,
    "lu": 0.0,
    "ware": -0.2793428661537095,
    "stove": -0.0,
    "shen": 0.0,
    "quan": 0.3534773903907491,
    "whisk": -0.0,
    "zhu": 2.257239234861929e-15,
    "ning": 0.0,
    "brazier": -0.0,
    "hongwu": 0.0,
    "degust": 0.17676066402942536
  }
}