{
  "qid": "104",
  "query": "Business Leaders",
  "rank": 2,
  "docid": 5344947,
  "coef": {
    "list": 0.0,
    "current": 0.0,
    "opposit": 0.0,
    "debat": 0.8209591082513388,
    "order": 0.2926275990677845,
    "respons": 0.0,
    "includ": -0.0,
    "manag": 0.6711228743326056,
    "commonli": 0.4913154565242808,
    "reaction": 0.0,
    "govern": 0.78848851709987,
    "issu": 0.0,
    "time": 0.0,
    "role": 0.0,
    "see": 0.0,
    "known": 0.11365684480183899,
    "leader": 0.0929659100632675,
    "tactic": 0.1346553363232682,
    "matter": 5.688896200972379e-17,
    "member": 0.3573529890838482,
    "council": 0.0,
    "hous": 0.6977748832661571,
    "lower": 0.0,
    "schedul": -0.0,
    "counterpart": 0.0,
    "energi": 0.4451857625289495,
    "mine": 6.033127392759307e-15,
    "assembl": 0.0,
    "held": 0.8283502518454336,
    "busi": 0.09856450259251626,
    "cabinet": 0.3669896733467649,
    "legisl": 0.0,
    "offic": 0.0,
    "south": 0.0986250344054979,
    "bill": 0.0,
    "van": 0.0,
    "negoti": 0.0,
    "australia": 0.0,
    "australian": -0.0,
    "parliament": 0.0,
    "minist": 0.15738009671626957,
    "dan": 0.0,
    "disambigu": 0.0,
    "allot": 0.0,
    "dealt": 0.34840467208980913,
    "impedi": 0.0,
    "holst": 0.0,
    "pellekaan": 0.0
  }
}