{
  "qid": "136",
  "query": "Visual Journalism",
  "rank": 1,
  "docid": 4735034,
  "coef": {
    "current": 0.0,
    "journal": 0.9534452864038032,
    "name": 1.6708947114090285,
    "establish": 0.7957006978311738,
    "art": 0.0,
    "review": 0.0,
    "academ": -0.0,
    "publish": 0.0,
    "brighton": 1.2120023207798307,
    "intern": 0.06450699562946703,
    "social": 0.0,
    "studi": 0.0,
    "scienc": 1.3522963818481257,
    "associ": 0.0,
    "human": 0.0,
    "obtain": 0.0,
    "peer": 0.0,
    "visual": 1.7690392086627438,
    "univers": 0.5062399044964841,
    "index": 1.4084567936698444,
    "chief": 0.11906315135296112,
    "2002": 1.1501831633557267e-16,
    "1986": 0.0,
    "taylor": 1.6530408369451948,
    "behalf": 0.0,
    "editor": 0.0,
    "sociolog": 0.0,
    "abstract": 0.0,
    "bibliographi": 1.4947494120648472,
    "franci": 0.0,
    "citat": 0.0,
    "newburi": 0.0,
    "darren": 0.0,
    "scopu": 0.0,
    "triannual": 0.0
  }
}