{
  "qid": "129",
  "query": "Folk Music",
  "rank": 3,
  "docid": 897339,
  "coef": {
    "state": 0.0,
    "blend": 0.0,
    "mai": 0.23157762687988023,
    "region": 0.4389251639633554,
    "europ": 0.30421132294590303,
    "music": 0.7156545420249613,
    "defin": -0.0,
    "domin": 0.0,
    "includ": -0.0,
    "found": 0.0,
    "area": 0.0,
    "term": 0.2839106793763207,
    "larg": 0.0,
    "england": 0.047399641678389136,
    "develop": 0.0,
    "popular": 0.0,
    "orient": 0.0,
    "influenc": 0.0,
    "1960": -0.0,
    "contemporari": 0.0018013517286518115,
    "like": 0.0,
    "greec": 0.0,
    "john": 0.0,
    "part": 0.8223186744573785,
    "unit": 0.0,
    "tradit": 0.0,
    "spread": 0.550819996652017,
    "base": 0.0,
    "style": -0.0,
    "modern": 0.0,
    "especi": 0.0,
    "2": 0.012922038172332869,
    "ethnic": 0.14584715945722668,
    "rock": 0.0,
    "arrang": 0.22084020693497097,
    "mix": 0.0,
    "1": 0.5945017739995951,
    "counterpart": 0.0,
    "jim": 0.0,
    "record": 0.0,
    "southeastern": 0.0,
    "seal": 0.0,
    "simon": 0.0,
    "ford": 0.0,
    "sweep": 0.0,
    "danc": -0.33909875847194704,
    "don": 0.3285444646308532,
    "boom": 0.0942873355242092,
    "rhythm": 0.5132434273974548,
    "arab": 0.0,
    "asia": 0.0,
    "genr": 0.3246167928945106,
    "pop": 0.26350129408659534,
    "song": 0.49625597908625124,
    "intim": 4.644911907235302e-16,
    "israel": 0.07029247724944258,
    "manel": 0.03175878991071478,
    "folk": 0.19193448332748014,
    "dan": 1.0987614543001145,
    "romania": 0.0,
    "turkei": 0.5924448240805474,
    "junction": 0.2612584271867068,
    "croft": 0.43166989699897423,
    "serbia": 0.016217339844762063,
    "albania": 0.08284397689405557,
    "umbrella": 0.0,
    "acoust": 0.0,
    "bulgaria": -0.0,
    "balkan": 0.24218439368680003,
    "armenia": 0.03239501308654388,
    "romani": 0.0,
    "mizrahi": 0.0,
    "croce": 0.0,
    "turbo": -0.0,
    "mclean": 0.0,
    "colei": 0.0,
    "lobo": 0.0,
    "arabesqu": 0.0,
    "laika": 0.0,
    "garfunkel": 0.0,
    "chalga": -0.0,
    "tallava": 0.0,
    "rabiz": 0.0061159882754423444
  }
}