{
  "qid": "116",
  "query": "Malnutrition",
  "rank": 8,
  "docid": 2131264,
  "coef": {
    "demonstr": 0.11747246184400692,
    "major": 0.20018262923255506,
    "decentralis": 0.0,
    "ration": 0.0,
    "emerg": 0.0880516810316473,
    "can": 0.0,
    "earli": 0.0,
    "situat": 0.0,
    "reduc": 0.0,
    "take": 0.0,
    "distanc": 0.0,
    "sever": 0.0,
    "larg": 0.0,
    "long": 0.0,
    "develop": 0.0994242762849866,
    "coverag": 0.4164332607917112,
    "aim": 0.012024185745230754,
    "treat": 0.0,
    "commun": 0.0,
    "recent": 0.0,
    "central": 0.0,
    "network": 0.0,
    "children": 0.4847913285323228,
    "rest": 0.0,
    "known": 0.0,
    "gain": 0.0,
    "onli": 0.0,
    "new": 0.0,
    "wai": 0.3983355264061758,
    "tradit": 7.141809219663285e-15,
    "base": 0.0,
    "dai": 0.2089715963250567,
    "achiev": 0.14011358588568085,
    "accept": 0.21750772144625094,
    "easi": 0.0,
    "associ": 0.2179192977124728,
    "approach": 0.1873793929401889,
    "travel": 0.0,
    "increas": 0.0,
    "leav": 0.0,
    "averag": 0.01221314499344152,
    "context": 0.0,
    "medicin": 0.42297759842679167,
    "cost": 0.0,
    "case": 0.0505964427992863,
    "year": 0.0,
    "care": 0.0,
    "program": 0.0,
    "widespread": 0.1522705853926226,
    "model": 0.0,
    "focu": 0.0,
    "food": 0.22277522216902207,
    "high": 0.0,
    "prefer": 0.17008066331563862,
    "patient": 0.0,
    "rate": 0.0,
    "week": 0.2631661138387711,
    "therapeut": 0.10568805862890915,
    "data": 0.0,
    "morbid": 0.02440465425023732,
    "now": 0.0,
    "30": 0.0,
    "improv": -0.0,
    "longer": 0.08325010927729065,
    "routin": 0.0,
    "treatment": 0.29306841369496506,
    "medic": 0.0,
    "select": 0.17764665941226254,
    "deal": 0.0,
    "mode": 0.0,
    "opportun": 0.0,
    "restrict": 0.0,
    "intervent": 0.0,
    "home": 0.3720424734260857,
    "complic": 0.0,
    "requir": -0.0,
    "impact": 0.14767674748319545,
    "enrol": 0.0,
    "site": 0.0,
    "center": 0.281291788837921,
    "mortal": 0.5425368630726353,
    "access": 0.7355178068691487,
    "admit": 0.0,
    "suffer": 0.0,
    "rapid": 0.0,
    "acut": 0.07185651523417513,
    "readi": 0.0,
    "excel": 0.0,
    "humanitarian": 0.0,
    "stai": 0.0,
    "sector": 0.0,
    "programm": -0.0,
    "innov": 0.0,
    "feed": 0.3529900964129597,
    "recoveri": 0.0,
    "malnutrit": 0.3671330671087326,
    "outpati": 0.0,
    "inpati": 0.6011524789279622,
    "ctc": 0.4788450900593499,
    "rutf": 0.0,
    "malnourish": 0.0,
    "carer": 0.0
  }
}