{
  "qid": "146",
  "query": "Non-profit Organization",
  "rank": 0,
  "docid": 4234140,
  "coef": {
    "mai": 0.0,
    "organ": 0.0,
    "non": 5.792830163573807,
    "live": 0.0,
    "free": 1.2663803860367734e-14,
    "refer": 0.0,
    "swim": 0.0,
    "parasit": 0.0,
    "sessil": 0.0
  }
}