{
  "qid": "125",
  "query": "Doctor",
  "rank": 7,
  "docid": 3997571,
  "coef": {
    "third": -0.0,
    "list": 0.0,
    "current": 0.0,
    "right": 0.0,
    "public": 0.3771241586453689,
    "includ": 0.00224606994278502,
    "histori": 0.0,
    "later": 0.3878093460348558,
    "number": 0.0,
    "larg": 0.0,
    "second": -0.0,
    "issu": 0.0,
    "doctor": 0.2058915589569876,
    "time": 0.2910483970096395,
    "place": 0.0,
    "see": 0.0,
    "collect": 0.21853913982627057,
    "direct": 0.0,
    "determin": 0.0,
    "new": 0.3645078022130272,
    "charact": 1.6663792102662155e-15,
    "who": 0.0,
    "first": 0.0,
    "war": -0.0,
    "continu": 0.08419550678081211,
    "decis": 0.24429266460218604,
    "refer": 0.20687029497622206,
    "seri": 0.3636926558734576,
    "occur": 0.0,
    "travel": 0.0,
    "stori": 0.17111986276389607,
    "televis": 0.0,
    "screen": 0.0,
    "fifth": 0.11703163933833757,
    "special": 0.0,
    "imag": 0.4676210069813626,
    "annual": 0.007978135587214405,
    "magazin": 0.35667990840959757,
    "sixth": 0.0,
    "hit": 0.0,
    "eighth": -0.0,
    "fourth": 0.0,
    "ninth": -0.0,
    "adventur": 0.3603323012325417,
    "short": 0.0,
    "tenth": 0.0,
    "seventh": -0.0,
    "regular": 0.20623325905452827,
    "familiar": 0.06263007185548433,
    "launch": -0.0,
    "retir": -0.0,
    "eleventh": 0.0,
    "twelfth": 0.0,
    "strip": 0.0,
    "comic": 0.0,
    "protagonist": 0.0,
    "fi": 0.0,
    "sc": 0.0,
    "problemat": 0.0,
    "yearbook": -0.0,
    "incarn": 0.2193795886355935,
    "offscreen": 0.05705051695056029
  }
}