{
  "qid": "110",
  "query": "Clean Energy",
  "rank": 9,
  "docid": 1744875,
  "coef": {
    "be": 0.0,
    "state": 0.08296873303875095,
    "discuss": 0.0,
    "major": 0.08146910165157502,
    "list": 0.007120822905931976,
    "action": 0.0,
    "urban": 0.0,
    "lead": 0.1436939837576321,
    "mind": -0.0,
    "version": -0.0,
    "progress": 0.0,
    "peopl": 0.0,
    "mainstream": 0.0776399102883974,
    "goldman": 0.004772569904937159,
    "seen": 0.0,
    "focus": -0.0,
    "believ": 0.0,
    "can": 0.0,
    "support": 0.0,
    "earli": -0.0,
    "mai": 0.0,
    "nation": 0.0,
    "region": 0.0,
    "debat": 0.0,
    "europ": 0.0,
    "creat": 0.0,
    "movement": 0.0,
    "help": -0.0,
    "industri": 0.0,
    "revolut": 0.12196066142447534,
    "econom": 0.029761932558987163,
    "product": 0.0,
    "us": 0.0,
    "begin": 0.0,
    "next": 0.0,
    "reduc": 0.0,
    "defin": 0.0,
    "friendli": 0.0,
    "public": 0.0,
    "domin": 0.0,
    "gener": 0.0,
    "servic": 0.07680123468363284,
    "includ": 0.0,
    "challeng": 0.0,
    "take": 0.0,
    "big": 0.0,
    "call": -0.0,
    "manag": -0.0,
    "polit": 0.0,
    "21st": 0.0,
    "forc": -0.0,
    "number": 0.0,
    "expand": 0.0,
    "world": 0.05463287444326755,
    "altruist": 0.0,
    "joseph": 0.0,
    "avoid": 0.0,
    "secur": -0.0,
    "area": 0.0,
    "need": 0.0,
    "establish": 0.0,
    "limit": 0.0,
    "term": 0.0,
    "simpli": -0.0,
    "privat": 0.13904508623289374,
    "build": -0.0,
    "follow": 0.0,
    "work": 0.0,
    "american": 0.0,
    "just": 0.0,
    "larg": 0.0,
    "chang": -0.0,
    "guid": 0.0,
    "land": 0.0,
    "expens": 0.0,
    "develop": 0.0,
    "well": 0.0,
    "coverag": 0.0,
    "govern": 0.015960463231843396,
    "environment": 0.0,
    "singl": -0.0,
    "review": 0.0,
    "issu": 0.0,
    "unpreced": 0.0,
    "whole": 0.0,
    "prioriti": 0.0,
    "citi": 0.0,
    "commun": 0.0,
    "push": 0.0,
    "exampl": 0.13915464313010925,
    "author": 0.04825485146477811,
    "offer": 0.0,
    "time": 0.0,
    "down": 0.0,
    "process": 0.0,
    "plan": 0.04383747966585397,
    "organ": 0.11357340113765892,
    "nuclear": 0.0,
    "publish": 0.2097204682819978,
    "consum": 0.0,
    "influenc": 0.0,
    "institut": 0.0,
    "will": 0.0,
    "small": 0.0,
    "place": 0.0,
    "see": 0.0,
    "non": 0.0,
    "live": 0.0,
    "consid": 0.0,
    "todai": 0.0,
    "sai": 0.009043716024710059,
    "specif": -0.0,
    "known": 0.0,
    "advoc": 0.0,
    "china": 0.07274843637733973,
    "onli": 0.0,
    "line": 0.0,
    "new": 0.0,
    "understand": -0.0,
    "mobil": 0.029129025411932557,
    "move": 0.0,
    "like": 0.0,
    "effect": -0.0,
    "decreas": 0.0,
    "green": 0.17067351419614912,
    "mass": 0.0,
    "mention": 0.0,
    "mark": 0.0,
    "question": 0.0,
    "capit": 0.0,
    "who": 0.0,
    "accord": 0.0,
    "futur": 0.0,
    "paul": 0.0,
    "make": -0.0,
    "transit": 0.0,
    "problem": -0.0,
    "wai": 0.0,
    "scientist": 0.0,
    "unit": 0.0,
    "social": 0.0,
    "comment": 0.0,
    "releas": 0.0,
    "centuri": 0.0,
    "matter": -0.0,
    "natur": 0.0,
    "individu": -0.0,
    "claim": 0.0,
    "littl": 0.0,
    "person": 0.0,
    "reason": 0.0,
    "potenti": 0.16645662898514532,
    "founder": -0.0,
    "embrac": 0.0,
    "book": 0.27947753472473275,
    "accept": 0.0,
    "success": 0.0,
    "associ": 0.0,
    "strategi": 0.0,
    "power": 0.14755273208274264,
    "suggest": 0.0,
    "sourc": 0.061258049849816636,
    "valu": 0.0,
    "global": -0.0,
    "latest": 0.0,
    "2008": -0.0,
    "back": 0.0,
    "technolog": 0.11035857571160203,
    "happen": 0.0,
    "altern": 0.0,
    "diseas": 0.0,
    "train": 0.0,
    "scale": 0.0,
    "stage": 0.0,
    "present": 0.0,
    "death": 0.0,
    "boi": 0.0,
    "cost": 0.012242866816192714,
    "year": 0.0,
    "cell": 0.0,
    "translat": 0.0,
    "identifi": -0.0,
    "sustain": -0.0,
    "ey": 0.0,
    "widespread": 0.0,
    "fall": -0.0,
    "focu": 0.0,
    "high": 0.0,
    "prospect": 0.0,
    "peer": 0.0,
    "show": 0.0,
    "face": 0.0,
    "ask": 0.0,
    "consider": 0.0,
    "look": 0.0,
    "revis": -0.0,
    "cover": 0.0,
    "research": 0.0,
    "explain": 0.0,
    "week": 0.0,
    "job": -0.0,
    "grant": 0.0,
    "resourc": 0.13145810549936723,
    "firm": 0.1270210348966781,
    "vocabulari": 0.0,
    "detail": 0.0,
    "race": 0.0,
    "simpl": 0.0,
    "90": 0.0,
    "80": 0.0,
    "significantli": -0.0,
    "now": 0.0,
    "1970": 0.0,
    "12": -0.0,
    "recommend": -0.0,
    "growth": 0.0,
    "aggress": 0.0,
    "crucial": 0.0,
    "steadi": 0.0,
    "real": -0.0,
    "affect": 0.0,
    "risk": 0.0,
    "poor": 0.0,
    "sharp": 0.0,
    "matur": 0.0,
    "analysi": 0.0,
    "opportun": -0.0,
    "theme": -0.0,
    "deliv": 0.0,
    "comprehens": 0.0,
    "qualiti": 0.0,
    "start": 0.0,
    "design": 0.0,
    "2012": -0.0,
    "languag": -0.0,
    "2007": 0.0,
    "deficit": -0.0,
    "compar": 0.0,
    "commerci": -0.0,
    "7": 0.0,
    "explan": 0.0,
    "fund": 0.0,
    "complic": 0.0,
    "sub": 0.01597028339888233,
    "fossil": 0.0,
    "water": 0.0,
    "drive": 0.0,
    "globe": 0.0,
    "applic": 0.02514308877186808,
    "farm": 0.0,
    "zero": 0.0,
    "carbon": 0.0,
    "climat": 0.09145188495345001,
    "top": 0.0,
    "fire": 0.0,
    "photovolta": 0.0,
    "plant": 0.0,
    "oil": -0.0,
    "energi": 0.08505249895318423,
    "earth": 0.0,
    "solar": 0.017246088261928676,
    "emiss": 0.0,
    "fuel": 0.050835050563019527,
    "foreign": -0.0,
    "clean": 0.19910102377950764,
    "quantiti": 0.0,
    "logic": 0.07823983295550097,
    "usa": 0.0,
    "mine": 0.0,
    "provinc": 0.0,
    "corpor": 0.10775736837366148,
    "invest": 0.0,
    "landscap": 0.0,
    "engin": -0.0,
    "senior": 0.0,
    "suppli": 0.0,
    "convent": -0.0,
    "record": -0.0,
    "busi": 0.13228512382120688,
    "expert": 0.0,
    "competit": 0.0,
    "magazin": 0.025395396524575835,
    "pour": 0.0,
    "dollar": 0.0,
    "toyota": 0.005290971334040967,
    "manufactur": 0.05580986555165439,
    "financi": 0.0,
    "ti": 0.0,
    "on": 0.0,
    "influx": 0.0,
    "go": 0.0,
    "heart": 0.0,
    "demand": 0.13157097003655815,
    "economi": 0.0,
    "wast": -0.0,
    "compani": 0.0,
    "coal": 0.09287103641950394,
    "billion": 0.0,
    "june": 0.0,
    "edg": 0.0,
    "expans": 0.0,
    "solid": -0.0,
    "enterpris": 0.0,
    "transport": -0.0,
    "map": 0.0,
    "cut": 0.0,
    "purchas": 0.0,
    "rapid": 0.0,
    "polici": 0.0,
    "sell": 0.0,
    "invent": 0.0,
    "threat": -0.0,
    "profit": 0.11705510872152818,
    "driven": 0.0,
    "highlight": 0.0,
    "ill": 0.0,
    "steadili": 0.0,
    "watch": 0.0,
    "deni": 0.0,
    "veteran": 0.0,
    "mercuri": 0.0,
    "titl": 3.364027354759645e-05,
    "editor": 0.0,
    "compet": 0.0,
    "poison": 0.0,
    "journalist": 0.0,
    "renew": -0.0,
    "deliveri": -0.0,
    "page": -0.0,
    "fundament": 0.0,
    "edit": -0.0,
    "discov": 6.971149721558314e-17,
    "excel": 0.0,
    "bottom": 0.0,
    "certainti": 0.0,
    "effici": 0.0,
    "director": -0.0,
    "recept": 0.0,
    "shortag": -0.0,
    "price": 0.0,
    "lab": 0.0,
    "straightforward": 0.0,
    "sector": 0.0,
    "chapter": 0.0,
    "player": -0.0,
    "contributor": 0.0,
    "entrepreneur": 0.0,
    "volatil": 0.0,
    "wilder": 0.0,
    "explos": 0.0,
    "physicist": 0.0,
    "ge": 0.0,
    "wind": 0.0,
    "habit": 0.0,
    "euro": 0.0,
    "trend": 0.0,
    "du": 0.0,
    "investor": 0.0,
    "innov": 0.0,
    "india": 0.0,
    "sequel": 0.0,
    "grid": 0.0,
    "driver": 0.0,
    "multin": 0.0,
    "realist": 0.0,
    "spike": -0.0,
    "lifestyl": 0.0,
    "deplet": 0.0,
    "myriad": 0.0,
    "biofuel": -0.0,
    "2050": 0.0,
    "320": -0.0,
    "collin": 0.0,
    "tech": 0.0,
    "smart": 0.0,
    "portabl": 0.0,
    "kick": -0.0,
    "romm": 0.0,
    "oxymoron": 0.0,
    "yen": 0.0,
    "xinjiang": 0.0,