{
  "qid": "119",
  "query": "Classical Dance",
  "rank": 1,
  "docid": 162033,
  "coef": {
    "major": 0.17345167383212556,
    "list": 0.000166814974681101,
    "cultur": 0.0,
    "classic": -0.0,
    "histori": 0.0,
    "descript": 0.0,
    "form": 0.04650768885893483,
    "peac": 0.0,
    "long": 0.0,
    "overlap": 1.4401290444747674,
    "china": 0.0,
    "greec": 0.0,
    "war": 0.0034274008515943065,
    "extern": 0.0,
    "ancient": 0.0653724724553602,
    "religi": 0.0,
    "style": 1.464386776191961,
    "definit": 2.791254233570055e-05,
    "classif": 0.0,
    "univers": 0.0,
    "resourc": 0.0,
    "link": 0.6558258108601903,
    "categori": 0.8065747387405158,
    "ritualist": 0.000799183381668166,
    "ritual": 0.340183869741439,
    "horn": 0.0,
    "circl": -0.0761039883427521,
    "magic": 0.0,
    "festiv": -0.0,
    "morri": 0.0,
    "250": 0.0,
    "indian": 1.1066799641238028,
    "ceremoni": -0.0,
    "sacr": 0.27506201200015906,
    "purpos": 1.9214315862749347,
    "mystic": 0.0,
    "spiritu": 0.0,
    "danc": 0.5246208942548969,
    "sword": 0.0,
    "rome": 0.0,
    "weapon": 0.056453345480295535,
    "egypt": 0.0,
    "india": 0.0,
    "basqu": -0.09183691507278936,
    "ari": -1.0697989374909149e-16,
    "lu": -1.0697989374909149e-16,
    "bromlei": 0.0,
    "rapper": 0.0,
    "abbot": 0.0,
    "dervish": 0.04510672941405229,
    "whirl": 0.0,
    "sema": 0.0,
    "ecstat": 0.006301587322460775,
    "subl": 0.0,
    "kagura": 0.0,
    "sinulog": 0.0,
    "corroborre": -0.024765337956090906
  }
}