{
  "qid": "150",
  "query": "Street Art",
  "rank": 0,
  "docid": 4325291,
  "coef": {
    "aspect": 0.0,
    "state": 0.0,
    "major": 0.0,
    "list": 0.0,
    "urban": 0.0,
    "support": 0.0,
    "public": 0.0,
    "wider": 0.0,
    "scene": -0.0,
    "includ": 0.0,
    "event": 0.0,
    "form": 0.0,
    "found": 0.35157057991106916,
    "area": -0.0,
    "art": 0.21053930321899617,
    "well": 0.8127541568356227,
    "govern": 0.0,
    "citi": 0.12712321507410773,
    "author": 0.0,
    "artist": 0.0,
    "central": -0.0,
    "place": 0.11450592876474656,
    "see": 0.0,
    "local": 0.049813534106140436,
    "contemporari": 0.0,
    "past": 0.367015238730943,
    "wai": 0.48932914612836714,
    "council": 0.0,
    "physic": 0.6312684610339948,
    "full": 0.09017310573064659,
    "previous": -0.0,
    "now": 0.6642259132691504,
    "locat": -0.0,
    "grow": 0.8330536035255938,
    "medium": -0.0,
    "centr": 0.23052579076551344,
    "ban": 0.0,
    "busi": 0.06169676870430445,
    "festiv": 0.0,
    "cultiv": 0.24251921546469063,
    "district": 0.05285773116767175,
    "rout": 0.2603075447594676,
    "street": 0.6623066450797332,
    "bridg": 0.0,
    "jame": 0.0,
    "access": 0.0,
    "transport": 0.0,
    "polici": 0.0,
    "paint": 0.0,
    "occas": 1.064705269440113,
    "mall": 0.36369556688347787,
    "recognis": 0.0,
    "australian": -0.0,
    "lane": 0.0,
    "melbourn": -0.0,
    "oi": 0.08902695643605894,
    "mural": 0.0,
    "bomb": 0.6695174912544275,
    "sydnei": 0.0,
    "stencil": 0.12129761562412456,
    "graffiti": 0.0,
    "cochran": 0.0,
    "suburbia": 0.0,
    "sticker": 0.0,
    "adelaid": 0.0,
    "gamut": 0.0,
    "newtown": -0.0,
    "rundl": 0.0,
    "yarn": 0.0,
    "ebenez": 0.0,
    "hindlei": 0.0,
    "topham": 0.0,
    "morphett": 0.0,
    "dlux": 0.0
  }
}