{
  "qid": "132",
  "query": "Literacy",
  "rank": 8,
  "docid": 2622958,
  "coef": {
    "state": -0.0,
    "societi": 0.0,
    "system": 0.0,
    "mai": 0.12995604723605134,
    "nation": 0.0,
    "creat": 0.17814970675160396,
    "econom": 0.0,
    "concept": 0.0,
    "includ": 0.02201543024141942,
    "histori": 0.0013143617950888864,
    "educ": 0.5296784178783457,
    "world": 0.0,
    "neo": 0.0,
    "formal": 0.25801696663511003,
    "larg": 0.0,
    "develop": 0.7700374763146868,
    "aim": 0.0,
    "commun": 0.015025278271956051,
    "newli": -0.0,
    "recent": 0.0,
    "set": 0.0,
    "see": 0.048032767591872014,
    "non": -0.0,
    "inform": 8.900454685460759e-16,
    "intern": -0.0,
    "media": 0.771628466202837,
    "post": -0.08354870305621903,
    "unit": 0.0,
    "continu": 0.0,
    "member": -0.0,
    "dai": -0.0,
    "decad": 0.0,
    "serv": -0.0,
    "increas": 0.0,
    "environ": 0.0,
    "materi": 0.1460022377188234,
    "program": 0.0,
    "cover": 0.25982450808934165,
    "primari": -0.0,
    "resourc": 0.0,
    "relev": 0.0,
    "adult": 0.2672160905209449,
    "skill": 0.0,
    "written": -0.0,
    "topic": 0.0,
    "liter": 0.14833604036458345,
    "project": 0.33998853360604836,
    "campaign": 0.1567369027375658,
    "vocat": 0.03667760862285098,
    "literaci": 0.3439974315606727,
    "access": 0.0,
    "secondari": 0.05215753928323583,
    "radio": 0.40785346924849136,
    "prize": 0.0,
    "mission": 0.02097296940055095,
    "unesco": 0.0,
    "mali": 0.043670870734863435,
    "india": 0.0,
    "leverag": 0.17935643735983625,
    "solidifi": 0.0,
    "learner": 0.3479424455201929,
    "confuciu": 0.02007612068085155,
    "nicaraguan": 2.7675940435596988e-17
  }
}