{
  "qid": "104",
  "query": "Business Leaders",
  "rank": 6,
  "docid": 2689730,
  "coef": {
    "opposit": 0.41828720581276785,
    "respons": 0.0,
    "manag": 0.6239916462430868,
    "hold": 9.588303708099553e-05,
    "note": 0.0,
    "respond": 0.0,
    "late": 0.2956403728668541,
    "work": 0.16450110467821008,
    "govern": 1.2850173450383824,
    "common": 1.1778921604638612,
    "role": 0.25655811458070404,
    "leader": 1.0153141155184489,
    "offici": 0.0,
    "member": 0.0,
    "hous": 0.12012784035650581,
    "exercis": 0.0,
    "roughli": 0.8232829848020713,
    "arrang": 0.0,
    "1980": 0.4255593337022023,
    "account": 0.0,
    "shadow": 0.46243723052016794,
    "busi": 1.1259132144846054,
    "cabinet": 0.0,
    "offic": 0.04264361272921513,
    "british": -0.0,
    "thursdai": 0.9861719359406628,
    "statement": 0.0,
    "equival": 0.0012489570326659563,
    "parliament": 0.0,
    "lord": -0.0
  }
}