{
  "qid": "114",
  "query": "Songwriting",
  "rank": 7,
  "docid": 1712320,
  "coef": {
    "nation": 0.0,
    "mid": 0.0,
    "music": 0.0,
    "began": 0.0468035626114282,
    "ag": 0.1076407909492516,
    "american": 0.0,
    "church": 0.017193655701729923,
    "popular": 0.0,
    "child": 0.012211502706266754,
    "intern": 0.44384161576644887,
    "john": 0.021884548493251103,
    "associ": -0.0,
    "present": -0.0,
    "recognit": -0.0,
    "recogn": 0.0,
    "famili": 0.3723556246722596,
    "select": 0.03570120434824669,
    "hall": -0.0,
    "brown": 0.0,
    "washington": 0.0,
    "gospel": 0.0,
    "competit": 0.12434615569846552,
    "2001": 0.0,
    "fourth": 0.8005932491267101,
    "baptist": 0.23873624351752548,
    "southern": 0.0,
    "won": 0.0,
    "born": 0.0,
    "poet": 0.0,
    "sing": 0.2910805500580627,
    "biographi": 0.0,
    "ab": 0.5976978104860129,
    "virginia": 0.0,
    "contest": 0.0,
    "richmond": 0.0,
    "excel": -0.0,
    "academi": 0.5214959530759008,
    "scholarship": 0.0,
    "award": 0.3639301091049063,
    "album": 0.0,
    "atlant": 0.0,
    "song": 0.0,
    "1991": 0.6981455757571138,
    "recipi": 0.3029826788033911,
    "singer": -0.0,
    "fame": 0.4046236714730485,
    "songwrit": 0.7344263208487157,
    "billboard": 0.0,
    "discographi": -0.0,
    "lennon": 0.14655805699240837,
    "maxin": 0.8307491813609148,
    "nanett": 1.7110474517613017e-15,
    "oleman": 0.06299527415621317,
    "unisong": 0.17850706416233786
  }
}