{
  "qid": "134",
  "query": "Botany",
  "rank": 2,
  "docid": 606430,
  "coef": {
    "state": -0.0,
    "journal": 0.0,
    "mai": 0.0,
    "men": 0.0,
    "us": -0.0,
    "town": 0.0,
    "art": 1.6513833557984512,
    "life": 0.0,
    "place": 0.0,
    "see": 0.0,
    "new": 0.0,
    "media": 0.0,
    "unit": -0.0,
    "studi": 0.0,
    "refer": 0.0,
    "band": -0.0,
    "black": -0.0,
    "metal": -0.0,
    "scientif": 0.17663259406349932,
    "plant": 0.21059999957163913,
    "cloth": 0.0,
    "centr": 0.7507994201352307,
    "bai": 0.0,
    "shop": 2.574769243864055e-15,
    "suburb": 0.9557456000728644,
    "project": -0.0,
    "entertain": 0.0,
    "manufactur": 0.0,
    "south": 0.28948038761783423,
    "district": 0.0,
    "elector": 0.07034565227079584,
    "500": -0.0,
    "precinct": 0.3846692578129115,
    "botanist": 0.0,
    "botani": 1.2829734496585208,
    "slovakia": 0.190888776945305,
    "australia": 8.620302098312833e-16,
    "houston": 0.0,
    "rap": 0.8102460447626821,
    "crew": 0.0,
    "parliamentari": 0.0,
    "disambigu": 1.0564857214873293,
    "bo": 0.0,
    "villag": 0.0,
    "wale": 0.0,
    "zealand": 0.0,
    "botan": 0.0,
    "sydnei": 0.0,
    "auckland": -0.0,
    "boyz": 0.0,
    "botaniqu": 0.0
  }
}