{
  "qid": "141",
  "query": "Human Exploration",
  "rank": 3,
  "docid": 1691842,
  "coef": {
    "product": 0.008162150177011843,
    "us": 0.0,
    "public": -0.0,
    "servic": 7.509685283990028e-17,
    "call": 0.0,
    "environment": 0.0,
    "softwar": 2.665712128070825,
    "human": -0.0,
    "data": 0.0,
    "explor": 1.9181974334842817,
    "compani": 1.3559801332106758,
    "ibm": 0.0,
    "olfactori": -0.0,
    "unep": 0.0,
    "googl": -0.0,
    "exoplanet": 0.0,
    "azur": 0.0,
    "opendx": 0.0
  }
}