{
  "qid": "125",
  "query": "Doctor",
  "rank": 6,
  "docid": 3991631,
  "coef": {
    "third": -0.10770635855333562,
    "list": 0.0,
    "includ": 0.0,
    "event": 0.0,
    "exclus": 0.0,
    "involv": 0.0,
    "just": 2.293159385834858e-07,
    "long": 0.0,
    "second": -1.0262105558643432e-07,
    "complet": 0.002310898461437731,
    "far": 0.02097396394607314,
    "singl": 0.5625637859916403,
    "issu": 0.3256414813033575,
    "rose": 0.0,
    "doctor": 0.060579644029253234,
    "era": 0.0,
    "artist": 0.0,
    "see": -0.0,
    "fiction": 0.0,
    "live": 0.0,
    "onli": 0.0,
    "featur": 0.0,
    "who": 0.0,
    "first": 0.0,
    "make": 0.0,
    "war": 0.0,
    "scienc": 0.0,
    "book": 0.0,
    "seri": -0.0,
    "stori": -0.0649695575529234,
    "televis": 0.09769054329470084,
    "fifth": -0.0,
    "2016": 0.0,
    "run": 0.4877237726399384,
    "summer": 0.0,
    "annual": 0.3866217166697906,
    "mike": 0.0,
    "nearli": 0.26057572972717963,
    "magazin": 0.0,
    "plu": 0.0,
    "sixth": -0.0,
    "eighth": 0.0,
    "fourth": -0.0,
    "ninth": 0.4490122738233424,
    "incumb": 0.0,
    "short": 0.0,
    "tenth": 0.0,
    "seventh": -0.0,
    "titan": 0.0,
    "companion": 0.0,
    "brief": 0.0,
    "launch": 0.05225494733818364,
    "eleventh": 0.0,
    "twelfth": 0.0,
    "drawn": 0.16828410258234294,
    "shortest": 0.0,
    "strip": -0.0,
    "comic": 0.3838930584598864,
    "ongo": 0.0,
    "tenur": 0.0,
    "collin": 0.0,
    "pencil": 0.0,
    "tyler": 0.04360881119996978,
    "incarn": 0.0,
    "dwm": 0.26798770072382677
  }
}