{
  "qid": "117",
  "query": "Activist",
  "rank": 0,
  "docid": 3955033,
  "coef": {
    "list": 0.6139585797042092,
    "right": 0.28012469067411483,
    "muslim": 0.0,
    "movement": -0.0,
    "feminist": 0.0,
    "educ": 0.0,
    "polit": 0.0,
    "civil": 0.0,
    "assassin": -0.0,
    "peac": 0.7628219802635584,
    "american": -0.0,
    "women": 0.14099467683339023,
    "pacifist": 0.00038811392471067087,
    "environment": -0.0,
    "group": -0.22410267484875265,
    "organ": -0.1818450835284755,
    "nuclear": -0.0,
    "advoc": 0.0,
    "anti": -0.0,
    "leader": 0.0,
    "war": 0.0,
    "oppon": 0.17468242284335347,
    "slaveri": 0.0,
    "independ": 0.08481293237797118,
    "activist": 0.0,
    "human": -0.0,
    "disabl": 0.0,
    "anim": 0.07985280539094751,
    "jewish": 0.0,
    "indian": 0.00033620515950696586,
    "african": -0.0,
    "abolitionist": 0.0,
    "chines": -0.00634380000897914,
    "atheist": 0.0,
    "dissid": -0.0,
    "pakistan": -0.0,
    "lgbt": -0.0,
    "breastfeed": -0.12116244837642,
    "nigerian": 0.0,
    "suffragist": 0.0,
    "suffragett": 0.0
  }
}