{
  "qid": "130",
  "query": "Basketball",
  "rank": 9,
  "docid": 5623852,
  "coef": {
    "state": 0.0,
    "list": 0.008399496002218529,
    "nation": 0.0,
    "world": 0.0,
    "follow": 0.48478446085114574,
    "women": 0.19961947828998142,
    "argentina": 0.06781696586916397,
    "group": 0.11709681712202624,
    "will": 0.0,
    "franc": -0.0,
    "china": -0.0,
    "spain": 0.0,
    "greec": -0.0,
    "unit": 0.04539264642025143,
    "canada": -0.0,
    "30": 0.0,
    "16": 0.0,
    "12": 0.3620561721738146,
    "select": 0.0,
    "2018": 0.0,
    "22": 0.0,
    "cup": 0.48181561581946586,
    "held": 0.46695691006465767,
    "team": 0.5875216974113094,
    "tournament": 0.0,
    "septemb": 0.000536667389527494,
    "south": -0.0,
    "japan": 0.0,
    "compet": 0.0,
    "basketbal": 0.008803437769259119,
    "australia": -0.0,
    "player": 0.0,
    "nigeria": -0.0,
    "belgium": 0.0,
    "turkei": -0.0,
    "korea": 0.0,
    "rico": -0.0,
    "puerto": -0.0,
    "fiba": 0.0,
    "seneg": 0.0,
    "squad": 0.3623882000188214,
    "latvia": 0.0
  }
}