{
  "qid": "141",
  "query": "Human Exploration",
  "rank": 6,
  "docid": 3879151,
  "coef": {
    "be": 0.0,
    "major": 0.0,
    "list": 0.0,
    "current": 0.0,
    "can": 0.0,
    "support": 0.033974295436095404,
    "element": 0.032157344609127586,
    "evalu": 0.0,
    "creat": 0.0,
    "product": 0.0,
    "task": 0.15140865410057647,
    "reduc": 0.0,
    "websit": -0.0,
    "defin": 0.0,
    "respons": 0.021046072396848622,
    "tool": 0.06306717687777513,
    "public": 0.0,
    "includ": 0.0,
    "address": 0.0,
    "challeng": 0.30632263868215354,
    "rule": 0.0,
    "educ": 0.0,
    "manag": 0.05333483430021729,
    "found": 0.0,
    "perform": 0.28421502029025175,
    "oper": 0.0,
    "abil": 0.0,
    "follow": 0.0,
    "octob": 0.0,
    "experi": 0.07987509991315477,
    "enabl": 0.0,
    "develop": 0.0,
    "well": 0.0523096028816847,
    "complet": 0.0,
    "portal": 0.0,
    "review": -0.0,
    "close": 0.0,
    "aim": 0.0,
    "prioriti": 0.0,
    "commun": 0.0,
    "time": 0.0,
    "reliabl": 0.0,
    "util": 0.001793012738458397,
    "process": 0.0,
    "plan": 0.0,
    "end": 0.0,
    "find": 0.0,
    "specif": 0.0,
    "new": -0.0,
    "understand": 0.0,
    "move": 0.0,
    "effect": 0.0,
    "space": 0.003916449917849634,
    "goal": 0.1236273794290269,
    "multipl": 0.00031327430830300416,
    "web": 0.0,
    "user": 0.0,
    "activ": -0.0,
    "basi": 0.0,
    "base": 0.21993351152931478,
    "accept": 0.0,
    "associ": 0.0,
    "strategi": 0.0,
    "technolog": 0.0,
    "serv": 0.0,
    "approach": -0.0,
    "human": 0.06962996982236176,
    "across": 0.0,
    "level": 0.0,
    "low": 0.0,
    "compil": 0.0,
    "appli": 0.0,
    "case": 0.0,
    "gap": 0.17401764752614876,
    "environ": 0.0,
    "identifi": 0.08259757155413865,
    "program": 0.011687859323063397,
    "focu": 0.0,
    "research": 0.1611649005914484,
    "health": 0.12879342191407878,
    "evid": 0.0,
    "behavior": 0.0,
    "investig": 0.0,
    "recommend": 0.0,
    "medic": 0.0,
    "risk": 0.30085412471899464,
    "integr": 0.0,
    "consequ": 0.0,
    "factor": 0.03174943119865529,
    "given": 0.0,
    "degre": 0.0,
    "2005": 0.0,
    "standard": 0.0,
    "drive": 0.0,
    "awai": 0.13798077286861307,
    "terrestri": 0.27228105200525193,
    "highest": 0.0,
    "quantifi": 0.0,
    "radiat": 0.0,
    "nasa": 0.0,
    "knowledg": 0.0,
    "earth": 0.0,
    "content": 0.0,
    "assign": 0.2941904274759992,
    "cross": 0.0,
    "headquart": 0.024607103033126052,
    "partial": 0.0,
    "invest": 0.0,
    "item": 0.0,
    "record": 0.0,
    "uniqu": 0.0,
    "project": 0.0,
    "center": 0.14852618049567765,
    "explor": 0.0,
    "flight": 0.26811388235742367,
    "compris": 0.0,
    "desir": 0.0,
    "safe": 0.0,
    "monitor": 0.0,
    "agre": 0.0,
    "johnson": 0.0,
    "uncertainti": 0.0,
    "graviti": 0.0,
    "search": 0.0,
    "logo": 0.0,
    "frame": 0.0,
    "culmin": 0.0,
    "likelihood": 0.0,
    "mission": 0.0,
    "physiolog": 0.0,
    "analog": 0.0,
    "astronaut": 0.0,
    "accumul": 0.0,
    "mitig": 0.31914021266550163,
    "portfolio": 0.0,
    "deliver": 0.1323524830712586,
    "roadmap": -0.0,
    "hrp": 0.14408830606522807,
    "countermeasur": 0.16967427000671706,
    "jsc": 0.04904361856007511,
    "irp": 0.18029825831680435
  }
}