{
  "qid": "136",
  "query": "Visual Journalism",
  "rank": 5,
  "docid": 595966,
  "coef": {
    "list": 0.0,
    "societi": 0.0,
    "can": 0.3721842584225842,
    "system": 0.0,
    "journal": 0.33982013137879274,
    "debat": -0.0,
    "name": 0.0,
    "concern": 0.0,
    "task": -0.0,
    "includ": -0.0,
    "call": 0.0,
    "exclus": 0.0,
    "area": 0.11418999689165121,
    "work": 0.0042482605058726955,
    "percept": 0.3215798965492196,
    "america": -0.0,
    "well": 0.032570259547819724,
    "commun": 0.0,
    "consciou": 0.08078962976563889,
    "process": 0.0,
    "organ": -0.0,
    "see": 0.0,
    "non": -0.0,
    "overlap": -0.0,
    "vision": 0.4958017755652948,
    "effect": 0.0,
    "user": 0.03342522881365158,
    "illus": -0.0,
    "scientist": 0.0,
    "studi": 0.048657197327407566,
    "scienc": 0.31783553245228435,
    "especi": 0.0,
    "human": 0.4739709298515071,
    "brain": 0.0,
    "physic": 0.030038249961174154,
    "psycholog": 0.34675710359189765,
    "disciplin": 0.0,
    "cognit": -0.0,
    "neuropsycholog": 0.0,
    "ey": 0.0,
    "previous": 0.0,
    "research": 0.0,
    "visual": 0.19595185080174518,
    "primari": -0.0,
    "sensat": 0.0,
    "data": 0.3980145898649288,
    "clinic": -0.0,
    "rel": 0.0,
    "factor": 0.0,
    "scientif": 0.0,
    "intellig": 0.0,
    "design": 0.003747896772552432,
    "exploit": 0.0,
    "artifici": 0.28850802090965977,
    "color": 0.11034910278172201,
    "optic": 0.36047452507934574,
    "graphic": 0.4429538574450271,
    "comput": 0.21122098199032838,
    "optometri": 0.0,
    "engin": 0.0,
    "predominantli": 0.0,
    "encompass": 0.17705722130510074,
    "span": 0.49981095077042853,
    "linguist": 0.0,
    "cortex": -0.0,
    "etholog": 0.0,
    "physiolog": 0.0,
    "interfac": 0.09021636552774723,
    "pertin": 0.0,
    "ergonom": 0.6025786320096113,
    "neurosci": 0.0,
    "constanc": 0.0,
    "psychophys": 0.12025745885105395,
    "ophthalmolog": -0.0,
    "ophthalm": -0.0,
    "opo": 0.0,
    "iov": 0.0,
    "biopsycholog": 0.4185163328951806,
    "ipercept": 0.0
  }
}