{
  "qid": "111",
  "query": "Inequality",
  "rank": 8,
  "docid": 426342,
  "coef": {
    "inequ": 0.5311159326912152,
    "version": 0.27213483896652757,
    "seen": 0.0,
    "can": 0.3819885457415914,
    "name": 0.48898819463506427,
    "optim": 0.0,
    "write": 0.04871660995215815,
    "call": 0.0,
    "form": -0.0,
    "follow": -0.131451784320871,
    "second": 0.0,
    "close": 0.45161249427112815,
    "ident": 0.34788054103898525,
    "constant": 0.0,
    "function": 0.3553028419831007,
    "deriv": 0.3303135431933135,
    "see": 0.0,
    "todai": 0.07088483496277688,
    "equal": 0.3998447918935832,
    "known": 0.0,
    "histor": 0.0,
    "friedrich": 0.0,
    "onli": 0.033675557553618986,
    "similar": 0.15502618358542472,
    "first": 0.0,
    "result": 0.13773969082278356,
    "continu": 0.12111086865661264,
    "condit": 0.0,
    "wilhelm": 0.0,
    "met": 0.09257942618098787,
    "varieti": 0.0,
    "period": 0.0,
    "0": 0.033289720420212776,
    "2": 0.2688532416234667,
    "prove": 0.0,
    "real": -0.0,
    "integr": 0.0,
    "analysi": 0.0,
    "nbsp": 0.0,
    "sub": 0.17847020789806864,
    "here": 0.4877235736290561,
    "mathemat": 0.0,
    "desir": -0.0,
    "let": -0.0,
    "sin": 0.336800274084357,
    "proof": 0.4143036876400809,
    "vanish": 0.10236468857305646,
    "equival": 0.0,
    "dimension": 0.3956582637041339,
    "1904": 0.9111381664107561,
    "theorem": -0.0,
    "co": 0.0,
    "poincar": 0.0,
    "fourier": 0.0,
    "isoperimetr": 0.0,
    "parsev": 0.021208797507886106,
    "dirichlet": 0.0,
    "summand": 0.8152682458973175,
    "wirting": 0.16887911152200183
  }
}