{
  "qid": "141",
  "query": "Human Exploration",
  "rank": 9,
  "docid": 4134970,
  "coef": {
    "be": 0.0,
    "list": 0.0,
    "societi": 0.0,
    "daniel": 0.1530143124912195,
    "includ": 0.4047439219534306,
    "cold": 0.018163465791559592,
    "establish": 0.3765851331323841,
    "well": 1.0695886206495814e-14,
    "rank": 0.0,
    "like": 0.0,
    "space": -0.0,
    "john": 0.0,
    "futur": 0.0,
    "releas": 0.00187875779964528,
    "back": 0.1279098097576411,
    "human": 0.0,
    "2": 0.22415188282507587,
    "older": 0.0,
    "compil": 0.0,
    "mix": 0.22546649021639992,
    "1": 0.02605879691372545,
    "dirti": -0.0,
    "22": 0.0,
    "melt": 0.0,
    "fire": 0.08681896049261911,
    "ocean": 0.0,
    "blue": 0.0,
    "earth": -0.0,
    "mike": 0.0,
    "2011": 0.0,
    "alexand": 0.0,
    "vega": 0.3706468805293663,
    "explor": 0.39303144776675375,
    "hill": 0.0,
    "track": 0.1034186827340418,
    "room": 0.0,
    "februari": 0.30887204784718725,
    "disc": 0.0,
    "rage": -0.0,
    "gate": 0.0,
    "miller": 0.0,
    "spencer": 0.0,
    "drum": 0.6449461399615003,
    "album": 0.28118512990228245,
    "song": 0.5465263281378627,
    "wire": 0.0,
    "truth": 0.01531116251011407,
    "dj": 0.1800347564360587,
    "robbi": 0.0,
    "delici": -0.0,
    "schulz": 0.23324885433154882,
    "rave": -0.0,
    "arti": 0.0,
    "cosmic": 0.0,
    "remix": 0.455181067791937,
    "dimitri": 0.13655892990856705,
    "popov": 0.0,
    "kandi": 0.0,
    "marku": 0.010277525636838019,
    "rivera": 0.0,
    "callaghan": 0.31126346422782114,
    "jochen": -0.0,
    "juici": 0.0,
    "herz": -0.0,
    "lution": -0.0,
    "rewir": 0.0,
    "mofo": 0.0,
    "duderstadt": 0.0,
    "estiva": -0.0,
    "arnej": -0.0,
    "wippenberg": -0.0
  }
}