{
  "qid": "104",
  "query": "Business Leaders",
  "rank": 7,
  "docid": 2669445,
  "coef": {
    "state": 0.0,
    "discuss": 0.0,
    "action": 0.0,
    "lead": 0.0,
    "market": 0.0,
    "journal": 0.0,
    "broad": 0.0,
    "north": 0.0,
    "mai": 0.0,
    "nation": 0.0,
    "region": 0.01444674014808997,
    "engag": -0.0,
    "debat": 0.0,
    "europ": 0.0,
    "creat": 0.0,
    "countri": -0.0,
    "industri": 0.0,
    "econom": 0.0,
    "foster": 0.0,
    "st": 0.05601421422393158,
    "respons": 0.0,
    "gener": 0.0,
    "servic": 0.0,
    "challeng": 0.0,
    "take": 0.0,
    "educ": 0.0,
    "event": 0.0,
    "manag": 0.01449730360637004,
    "polit": 0.0,
    "partisan": 0.0,
    "found": 0.0,
    "world": 0.048382569365575084,
    "normal": 0.0,
    "bring": 0.0,
    "best": 0.017844356385814275,
    "bodi": 0.0,
    "ag": 0.0,
    "michael": 0.0,
    "host": 0.0,
    "marshal": 0.0,
    "school": 0.047326921087289996,
    "previou": 0.0,
    "turn": 0.0,
    "american": 0.0,
    "chang": 0.0,
    "interest": 0.0,
    "influenti": 0.0,
    "govern": 0.0,
    "confer": 0.0,
    "issu": 0.0,
    "colleg": 0.0,
    "william": 0.0,
    "commun": 0.019999293013486553,
    "academ": 0.0,
    "time": 0.0,
    "organ": 0.07953264468713166,
    "student": 0.12124834959610974,
    "institut": 0.0,
    "dynam": 0.0,
    "network": 0.0,
    "1999": 0.0,
    "franc": 0.0,
    "see": 0.0,
    "non": 0.0,
    "ideal": 0.0,
    "particip": 0.02677966341553625,
    "signific": 0.0,
    "known": 0.0,
    "articl": 0.0,
    "china": 0.0,
    "line": 0.0,
    "new": 0.05669368235296017,
    "featur": 0.0,
    "produc": 0.0,
    "chri": 0.0,
    "leader": 0.07531607561548598,
    "effect": 0.0,
    "intern": 0.0,
    "wit": -0.0,
    "win": 0.0,
    "practic": 0.038185159125979654,
    "futur": 0.0,
    "media": 0.0,
    "perspect": -0.0,
    "first": 0.0,
    "idea": 0.0,
    "post": 0.0,
    "past": 0.0,
    "activ": 0.0,
    "pari": 0.0,
    "wai": 0.0,
    "increasingli": 0.0,
    "share": 0.0,
    "unit": 0.0,
    "social": -0.0,
    "matter": 0.0,
    "natur": 0.0,
    "individu": 0.0,
    "member": 0.0,
    "potenti": 0.0,
    "base": 0.0,
    "scienc": 0.0,
    "embrac": 0.0,
    "forum": 0.009276311793983456,
    "give": 0.0,
    "foundat": 0.0,
    "success": 0.0,
    "execut": 0.0,
    "valu": 0.0,
    "global": 0.09441325588378939,
    "ethic": 0.0,
    "2008": 0.0,
    "meet": 0.0,
    "divers": 0.0,
    "back": 0.0,
    "technolog": 0.0,
    "seri": 0.0,
    "commit": 0.0,
    "ultim": 0.0,
    "level": 0.0,
    "size": 0.0,
    "context": 0.0,
    "greater": 0.0,
    "put": -0.0,
    "initi": 0.0,
    "2015": 0.0,
    "case": 0.0,
    "year": 0.0,
    "environ": 0.0,
    "1987": 0.0,
    "face": 0.02342608613871783,
    "2013": 0.0,
    "graduat": 0.0,
    "invit": 0.0,
    "recogn": 0.0,
    "univers": 0.1071098772126824,
    "1996": 0.0,
    "1990": 0.0,
    "50": 0.0,
    "select": 0.0,
    "restrict": -0.0,
    "theme": 0.0,
    "consist": 0.0,
    "qualiti": 0.0,
    "2018": 0.0,
    "2016": 0.0,
    "2014": 0.0,
    "2012": 0.0,
    "2010": 0.0,
    "2007": 0.0,
    "2005": 0.0,
    "2000": 0.0,
    "4": 0.0,
    "drive": 0.0,
    "board": 0.045725881772480687,
    "net": 0.0,
    "highest": 0.0,
    "leadership": 0.08971033594740835,
    "top": 0.0,
    "2003": 0.0,
    "annual": -0.0,
    "2004": -0.0,
    "press": 0.0,
    "western": 0.0,
    "illinoi": 0.0,
    "presid": 0.0,
    "headquart": 0.0,
    "elect": 0.0,
    "chicago": 0.0,
    "held": 0.0,
    "london": -0.0,
    "corpor": 0.0,
    "texa": 0.0,
    "militari": -0.0,
    "membership": 0.0,
    "jim": 0.0,
    "team": 0.0,
    "washington": 0.0,
    "busi": 0.1321122880731113,
    "competit": 0.0,
    "rim": -0.0,
    "pacif": 0.0,
    "1992": -0.0,
    "2017": 0.0,
    "2011": 0.0,
    "2006": -0.0,
    "2002": 0.0,
    "2001": 0.0,
    "york": 0.0,
    "2009": 0.0,
    "ti": 0.0,
    "2019": 0.0,
    "economi": 0.0,
    "indian": 0.0,
    "columbia": 0.0,
    "hill": -0.0,
    "wall": 0.0,
    "rout": -0.0,
    "55": 0.0,
    "southern": 0.0,
    "edg": 0.0,
    "1994": 0.0,
    "1993": 0.0,
    "1986": 0.0,
    "1984": 0.0,
    "street": 0.0,
    "access": 0.0,
    "ceo": 0.0,
    "ivei": 0.0,
    "angel": -0.0,
    "queen": 0.0,
    "yale": -0.0,
    "lo": 0.0,
    "northwestern": 0.0,
    "inaugur": 0.0,
    "booth": -0.0,
    "pennsylvania": 0.0,
    "profit": 0.004504542332425473,
    "johnson": 0.0,
    "japan": -0.0,
    "indiana": -0.0,
    "carolina": -0.0,
    "california": -0.0,
    "maryland": 0.0,
    "simon": 0.0,
    "virginia": 0.0,
    "veteran": 0.0,
    "crisi": 0.0,
    "smith": 0.0,
    "1997": -0.0,
    "michigan": 0.0,
    "nomin": 0.0,
    "owen": 0.0,
    "anderson": 0.0,
    "petersen": 0.0,
    "exchang": 0.0,
    "cambridg": -0.0,
    "1985": -0.0,
    "discov": 0.0,
    "bottom": 0.0,
    "award": 0.0,
    "director": 0.0,
    "1998": 0.0,
    "oxford": -0.0,
    "carnegi": 0.0,
    "banquet": 0.0,
    "1991": 0.0,
    "1989": -0.0,
    "1983": 0.0,
    "chines": 0.0,
    "1995": 0.0,
    "stockholm": 0.0,
    "commemor": 0.0,
    "1988": 0.0,
    "australian": 0.0,
    "bestow": 0.0,
    "sloan": 0.0,
    "harvard": 0.0,
    "stern": -0.0,
    "duke": -0.0,
    "kellei": -0.0,
    "chapel": -0.0,
    "tomorrow": 0.0,
    "austin": 0.0,
    "norwegian": 0.0,
    "berkelei": 0.0,
    "vanderbilt": -0.0,
    "dame": 0.0,
    "notr": 0.0,
    "ontario": 0.0,
    "melbourn": 0.0,
    "prime": 0.0,
    "minist": 0.0,
    "connecticut": 0.0,
    "kellogg": 0.0,
    "dave": -0.0,
    "tuck": 0.0,
    "innov": 0.0,
    "loui": 0.0,
    "copenhagen": 0.0,
    "olin": -0.0,
    "pragu": 0.0,
    "switzerland": 0.0,
    "entrepreneuri": 0.0,
    "som": 0.0,
    "ross": 0.0,
    "uc": 0.0,
    "kong": 0.0,
    "awarde": 0.0,
    "silk": -0.0,
    "haa": -0.0,
    "hong": 0.0,
    "royalti": 0.0,
    "shanghai": 0.0,
    "stanford": -0.0,
    "mit": 0.0,
    "imparti": 0.0,
    "sydnei": 0.0,
    "singapor": 0.0,
    "cornel": 0.0,
    "nanyang": 0.0,
    "montreal": -0.0,
    "alumni": 0.0,
    "entrepreneurship": 0.0,
    "nordic": 0.0,
    "dartmouth": 0.0,
    "hyderabad": 0.0,
    "businessweek": 0.0,
    "cologn": -0.0,
    "georgetown": -0.0,
    "mellon": 0.0,
    "manchest": -0.0,
    "weatherhead": 0.0,
    "eec": 0.0,
    "gallen": 0.0,
    "urbana": 0.0,
    "mba": 0.0030390562405799054,
    "champaign": 0.0,
    "wharton": 0.0,
    "mcgill": 0.0,
    "rochest": 0.0,
    "tepper": 0.0,
    "mendoza": 0.0,
    "fairfield": 0.0,
    "tsinghua": 0.0,
    "erasmu": -0.0,
    "ucla": 0.0,
    "mcdonough": 0.0,
    "taipei": 0.0,
    "kenan": -0.0,
    "johannesburg": -0.0,
    "esad": 0.0,
    "ahmedabad": 0.0,
    "purdu": 0.0,
    "csr": 0.0,
    "hec": -0.0,
    "darden": 0.0,
    "rsm": -0.0,
    "emori": -0.0,
    "mccomb": 0.0,
    "deveau": 0.0,
    "gbc": 0.0,
    "fuqua": -0.0,
    "schulich": -0.0,
    "imd": -0.0,
    "insead": -0.0,
    "goizueta": -0.0,
    "escp": 0.0,
    "flagler": -0.0,
    "krannert": 0.0,
    "chengchi": 0.0,
    "vicepresid": 0.0,
    "ies": 0.0,
    "ceib": 0.0,
    "chonowski": 0.0,
    "gbf": 0.0807457683465994
  }
}