{
  "qid": "106",
  "query": "Climate Change Activists",
  "rank": 9,
  "docid": 6247642,
  "coef": {
    "be": 0.0,
    "demonstr": 0.0,
    "terror": 0.0,
    "communist": 0.0,
    "action": 0.30719763270530265,
    "opposit": -0.0,
    "lead": 0.005397802914226775,
    "organis": 0.0,
    "peopl": -0.0,
    "inspir": 0.0,
    "societi": 0.0,
    "can": 0.0,
    "return": 0.0,
    "system": 0.0,
    "support": 0.0,
    "extrem": 0.0,
    "mai": 0.0,
    "nation": 0.0,
    "dismiss": 0.15239821522142988,
    "predict": 0.0,
    "difficult": 0.0,
    "led": 0.0,
    "creat": 0.0,
    "countri": 0.0,
    "movement": -0.0,
    "help": 0.0,
    "industri": 0.3655107354394154,
    "destroi": 0.0,
    "wave": 0.0,
    "target": 0.03351701550268413,
    "includ": 0.1954787236214847,
    "address": 0.0,
    "talk": 0.014370739948655979,
    "take": 0.14170325941248146,
    "educ": 0.0,
    "call": 0.0,
    "found": 0.0,
    "world": 0.07710326956666302,
    "normal": 0.0,
    "due": 0.0,
    "area": 0.18255312774247298,
    "involv": 0.0,
    "alien": 0.0,
    "sever": 0.0,
    "note": 0.25126315837908675,
    "still": -0.0,
    "school": 0.0,
    "follow": 0.0,
    "late": -0.0,
    "just": 0.12472416750489206,
    "youth": 0.2870059836352223,
    "chang": 0.0,
    "women": 0.017760871635210788,
    "land": 0.0,
    "govern": 0.0,
    "environment": 0.18467144078837872,
    "argentina": 0.0,
    "issu": 0.0,
    "group": 0.0,
    "commun": 0.004675156330726428,
    "act": 0.0,
    "protest": -0.0,
    "util": 0.0,
    "justic": -0.0,
    "strike": -0.0,
    "organ": 0.0,
    "recent": 0.0,
    "gave": 0.30202137390658207,
    "relat": 0.06140925762566459,
    "set": 0.0,
    "see": 0.0,
    "live": 0.14464519432090867,
    "collect": 0.0,
    "particip": 0.0,
    "advoc": 0.0,
    "new": 0.0,
    "neg": 0.0,
    "move": 0.0,
    "leader": 0.0,
    "effect": 0.07635446535288715,
    "green": 0.0,
    "intern": 0.008748357353933908,
    "space": 0.0,
    "terrorist": 0.0,
    "goal": 0.0,
    "who": 0.008494505789837388,
    "defend": 0.0,
    "practic": 0.0,
    "futur": 0.1577242861073478,
    "rise": -0.0,
    "offici": 0.0,
    "make": 0.04764039796811126,
    "activ": 0.0,
    "transit": -0.0,
    "part": 0.0,
    "problem": 0.0,
    "gender": 0.0,
    "comment": 0.0,
    "made": 0.0,
    "spread": 0.0,
    "achiev": 0.0,
    "compon": 0.004604099534647694,
    "bank": 0.0,
    "global": 0.0,
    "activist": 0.261835277834009,
    "voic": 0.0,
    "meet": 0.0,
    "back": 0.0,
    "seri": -0.0,
    "approach": 0.0,
    "onlin": -0.0,
    "level": -0.0,
    "diseas": 0.3982922547419262,
    "million": 0.0,
    "year": 0.0,
    "cope": 0.0,
    "depend": -0.0,
    "request": 0.0,
    "stereotyp": 0.0,
    "food": 0.0,
    "occurr": 0.0,
    "damag": 0.0,
    "face": 0.0,
    "2013": 0.0,
    "graduat": 0.0,
    "infecti": 0.0,
    "sensit": 0.0,
    "univers": 0.0,
    "typic": 0.0,
    "resourc": 0.0,
    "now": 0.0,
    "prone": 0.0,
    "account": 0.0,
    "affect": 0.013893632319202424,
    "frequent": 0.0,
    "start": 0.0,
    "standard": 0.03639344554485295,
    "hospit": 0.0,
    "6": 0.0,
    "1": 0.0,
    "water": 0.0,
    "sea": 0.0,
    "margin": 0.0,
    "keep": 0.0,
    "carbon": 0.0,
    "impact": 0.0,
    "climat": 0.2723188535785785,
    "temperatur": 0.0,
    "mathemat": 0.0,
    "equat": 0.0,
    "annual": 0.03504293674562801,
    "emiss": 0.0,
    "clean": 0.0,
    "western": 0.0,
    "held": 0.0,
    "coastal": 0.0,
    "infrastructur": 0.027145609873478933,
    "red": 0.0,
    "fever": 0.0,
    "novemb": 0.0,
    "campaign": 0.0,
    "super": 0.0,
    "2017": 0.0,
    "vulner": 0.0,
    "charter": 0.1528836269436676,
    "agricultur": 0.0,
    "septemb": 0.0,
    "2019": 0.0,
    "south": 0.0,
    "biodivers": 0.0,
    "economi": 0.14101241130286904,
    "deleg": 0.0,
    "compani": 0.0,
    "hurrican": 0.0,
    "coal": 0.0,
    "19": 0.0,
    "indigen": 0.0,
    "won": 0.1099756973695347,
    "storm": 0.26816242587414174,
    "announc": -0.0,
    "pass": 0.12557094002939764,
    "cut": 0.0,
    "went": -0.0,
    "safe": 0.0,
    "told": 0.0,
    "realiz": 0.0,
    "2030": 0.0,
    "biographi": 0.0,
    "ignor": 0.10616162943164072,
    "bind": 0.04869442619579411,
    "threaten": 0.001867407752430332,
    "volunt": 0.1611116148540467,
    "sure": 0.2636362406187857,
    "danger": 0.0,
    "don": 0.0,
    "encourag": 0.0,
    "sexism": 0.0,
    "chanc": 0.0,
    "guardian": 0.0,
    "technic": 0.0,
    "metro": 0.0,
    "concert": 0.009937420085770284,
    "2020": 0.10695570569484641,
    "140": 0.0,
    "covid": 0.0,
    "spokesperson": 0.0,
    "fridai": 0.06604727106896104,
    "rich": 0.0,
    "2021": 0.0,
    "brand": -0.0,
    "stronger": 0.3506698700362322,
    "sector": 0.1294390835877306,
    "collaps": 0.035487572520320365,
    "oz": 0.0,
    "spoken": 0.0,
    "pandem": 0.0,
    "mu": 0.0,
    "el": 0.0,
    "flood": 0.0,
    "laura": 0.0,
    "divest": 0.0,
    "india": -0.0,
    "feed": 0.008442817497342747,
    "drought": 0.006091831216918396,
    "mock": 0.2617259890134243,
    "kenya": -0.0,
    "conven": 0.3369028540246656,
    "hungri": 0.0,
    "fisheri": 0.009070984882865743,
    "reef": 0.0,
    "archipelago": 0.0,
    "insecur": 0.0,
    "livelihood": 0.0,
    "2050": 0.0,
    "greta": 0.0,
    "coral": 0.0,
    "mitig": 0.0,
    "fisher": -0.0,
    "empow": 0.0,
    "amplifi": 0.0,
    "ni": 0.0,
    "filipino": 0.0,
    "kevin": -0.0,
    "philippin": 0.3787452867229168,
    "indonesian": 0.0,
    "colombia": 0.0,
    "dengu": 0.0,
    "yolanda": 0.0,
    "tag": 0.0,
    "instagram": 0.0,
    "typhoon": -0.0,
    "haiyan": 0.0,
    "tan": 0.4681021111149077,
    "manila": 0.0,
    "ver": 0.0,
    "nica": 0.0,
    "ravi": 0.0,
    "thunberg": 0.0,
    "mic": 0.0,
    "attenborough": 0.0,
    "eyal": -0.0,
    "weintraub": 0.0,
    "mitzi": 0.0,
    "jonel": 0.0,
    "fff": 0.0,
    "mapa": 0.0,
    "tokenis": 0.0,
    "disha": 0.0,
    "cop26": 0.0,
    "mtai": -0.0,
    "khairunnisa": 0.0,
    "salsabila": 0.0,
    "yacap": 0.0
  }
}