{
  "qid": "141",
  "query": "Human Exploration",
  "rank": 8,
  "docid": 14104,
  "coef": {
    "be": 0.0,
    "state": 0.0,
    "union": 0.09595894745409943,
    "current": 0.0,
    "seen": -0.0,
    "primarili": 0.0,
    "return": 0.0,
    "system": 0.0,
    "earli": 0.0,
    "nation": 0.03575103012890497,
    "name": 0.002474560428263846,
    "leo": 0.0,
    "countri": 0.0,
    "classic": 0.0,
    "mid": 0.0,
    "20th": -0.0,
    "anchor": -0.0,
    "propos": 0.0,
    "reduc": 0.0,
    "st": -0.0,
    "taken": 0.0,
    "conduct": 0.0,
    "public": 0.0,
    "gener": 0.0,
    "includ": 0.0,
    "began": 0.0,
    "histori": -0.0,
    "take": 0.0,
    "21st": 0.010899154705812354,
    "form": 0.0,
    "allow": 0.0,
    "oper": 0.0,
    "bodi": 0.0,
    "privat": 0.0,
    "follow": -0.0,
    "american": 0.0,
    "advantag": 0.0,
    "larg": 0.03751142350616847,
    "octob": 0.0,
    "enabl": 0.0,
    "land": 0.07672120726588892,
    "interest": 0.2168492488868236,
    "carri": 0.0,
    "object": 0.04241390398273807,
    "develop": 0.2830133936427854,
    "complet": 0.0,
    "review": 0.0,
    "close": 0.0,
    "reliabl": 0.0,
    "common": 0.0,
    "era": 0.0,
    "plan": 0.0,
    "student": 0.0,
    "atmospher": 0.06421679453162078,
    "small": 0.0,
    "place": 0.0,
    "see": 0.0,
    "live": 0.0,
    "20": 0.0,
    "unrealist": 0.0006485085703681477,
    "cooper": 0.0,
    "known": 0.0,
    "surviv": 0.0,
    "advoc": 0.0,
    "soviet": 0.0028976498415680474,
    "russia": 0.0,
    "china": 0.0,
    "constel": 0.225043541531239,
    "like": 0.0,
    "intern": 0.0,
    "space": 0.21078603774362692,
    "futur": 0.0,
    "first": 0.18125323693470252,
    "post": 0.0,
    "war": 0.0,
    "wai": 0.0,
    "unit": 0.0,
    "promot": 0.0,
    "centuri": 0.13002991336567032,
    "made": 0.0,
    "scienc": 0.0,
    "achiev": 0.0,
    "shift": 0.0,
    "success": 0.0,
    "sourc": 0.0,
    "technolog": 0.0,
    "remain": 0.0,
    "especi": 0.0,
    "human": 0.028271321765663205,
    "period": 0.0,
    "han": 0.0,
    "2": 0.10678326134102217,
    "estim": 0.0,
    "low": 0.0,
    "physic": 0.0,
    "contain": 0.0,
    "scale": 0.0,
    "stage": 0.0,
    "initi": 0.04466036776690775,
    "cost": 0.0,
    "year": 0.0,
    "program": 0.0,
    "focu": 0.0,
    "test": 0.0,
    "advanc": 0.0,
    "revis": 0.0,
    "research": 0.018929370590142873,
    "attribut": 0.0,
    "air": 0.020277839370271104,
    "observ": 0.10958272896892812,
    "univers": 0.0,
    "actual": 0.0,
    "race": 0.0,
    "1990": 0.0,
    "18": 0.0,
    "11": 0.0,
    "substanti": 0.0,
    "mileston": 0.0,
    "report": 0.0,
    "scientif": 0.0,
    "measur": 0.0,
    "nbsp": 0.0,
    "mar": 0.002720020859412671,
    "consist": 0.0,
    "2010": 0.0,
    "reach": 0.0,
    "2000": 0.0,
    "7": 0.0,
    "4": 0.0,
    "3": 0.0,
    "1": 0.07766816958917647,
    "fund": 0.035808339704447696,
    "moon": 0.19288855784863446,
    "layer": 0.0,
    "astronom": 0.0,
    "astronomi": 0.0330505212435115,
    "near": 0.0,
    "planet": 0.021482637539836296,
    "extend": 0.0,
    "outer": 0.0,
    "impact": 0.0,
    "temperatur": 0.0027461816482268744,
    "panel": 0.0,
    "flux": 0.0,
    "top": 0.0,
    "upper": 0.0,
    "electr": 0.0,
    "nasa": 0.0072815601220962015,
    "asteroid": 0.0,
    "planetari": -0.0,
    "earth": 0.10144775631586064,
    "solar": 0.02829364919075083,
    "telescop": -0.0,
    "surfac": 0.0,
    "sun": 0.0,
    "belt": 0.0,
    "european": 0.0,
    "rai": 0.001002466979080977,
    "mainli": 0.0,
    "least": 0.024581140598877515,
    "confirm": 0.0,
    "corpor": 0.0,
    "militari": 0.0,
    "400": 0.0,
    "onward": 0.0,
    "record": 0.0,
    "administr": 0.06042288976556877,
    "expert": 0.0,
    "competit": 0.0,
    "fulli": 0.0,
    "rocket": 0.2136122584656104,
    "florida": 0.0,
    "expect": 0.0,
    "decemb": 0.0,
    "2011": 0.0,
    "100": 0.030722854477937094,
    "2009": 0.0,
    "2019": 0.0,
    "massiv": 0.0,
    "explor": 0.08797274655804516,
    "shuttl": 0.0,
    "compani": 0.0,
    "twentieth": 0.0,
    "billion": 0.0,
    "station": 0.0,
    "juli": 0.0,
    "flight": 0.0,
    "vehicl": 0.0,
    "judg": 0.0026193291581898077,
    "tourism": 0.0,
    "1966": 0.0389720878236095,
    "1965": 0.0,
    "1961": 0.0,
    "1950": 0.0,
    "februari": 0.0,
    "visit": 0.0,
    "man": 0.0,
    "march": 0.0,
    "star": 0.0,
    "apollo": 0.0,
    "invent": 0.00045064222623270294,
    "strateg": 0.0,
    "landmark": 0.0,
    "driven": 0.0,
    "prestig": 0.0,
    "japan": 0.11579311317988744,
    "bush": 0.0,
    "obama": 0.0,
    "envis": 0.0,
    "capabl": 0.0,
    "133": -0.0,
    "launch": 0.04221377376078941,
    "1968": 0.0,
    "ensur": 0.0,
    "renew": 0.0,
    "milki": 0.0,
    "km": 0.0,
    "discov": 0.0,
    "realiti": 0.0,
    "effici": 0.08390356358958113,
    "2020": 0.0,
    "predat": -0.0,
    "transfer": 0.0,
    "1969": 0.0,
    "1957": 0.0,
    "prize": 0.0,
    "maker": 0.10702430205552897,
    "trillion": 0.0,
    "observatori": 0.0,
    "1971": 0.0,
    "altitud": 0.0,
    "sector": 0.0,
    "mission": 0.16735505336897027,
    "crew": 0.06255341391070462,
    "inadequ": 0.010022275867443193,
    "india": 0.0,
    "1608": 0.022261880077190873,
    "galaxi": 0.0,
    "celesti": 0.10044471115288524,
    "automat": 0.0,
    "hardwar": 0.0,
    "robot": 0.0,
    "netherland": 0.0,
    "orbit": 0.1632295734964393,
    "spaceflight": 0.08678019908781025,
    "aboard": 0.0,
    "lunar": 0.0,
    "timelin": 0.0,
    "cape": 0.0,
    "alexei": 0.0,
    "891": 0.0,
    "probe": 0.0,
    "rational": 0.0,
    "googl": 0.0,
    "sputnik": 0.0,
    "gagarin": 0.0,
    "yuri": 0.0,
    "spacewalk": 0.0,
    "vostok": 0.0,
    "iss": 0.10318274741013439,
    "payload": 0.0,
    "exoplanet": 0.0,
    "phobo": 0.0,
    "kuiper": 0.0,
    "unman": 0.0,
    "bumper": 0.12592136498866235,
    "cosmic": 0.002267593228719273,
    "farthest": 0.0,
    "eyeglass": 0.022815854579945026,
    "sed": 0.0,
    "spacex": 0.0,
    "l2": 0.0,
    "l1": -0.0,
    "canaver": 0.0,
    "reusabl": 0.0,
    "leonov": 0.0,
    "starship": 0.0,
    "salyut": 0.0,
    "wac": 0.0,
    "arrokoth": 0.0,
    "thermospher": 0.0,
    "lippershei": 0.0,
    "chandraayan": 0.0
  }
}