{
  "qid": "120",
  "query": "Baking",
  "rank": 6,
  "docid": 845097,
  "coef": {
    "be": 0.0,
    "type": 0.25214862077348665,
    "higher": 0.0,
    "mai": 0.234168536036326,
    "bitter": 0.0,
    "product": 0.0,
    "includ": -0.0,
    "form": 0.0,
    "ad": 0.0,
    "denot": 0.0,
    "see": 0.0,
    "signific": 0.0,
    "handl": 0.0,
    "amount": 0.0,
    "part": -0.0,
    "refer": 0.0,
    "replac": 0.0,
    "easier": 0.0,
    "varieti": 0.35723284473973116,
    "modern": 0.0,
    "remain": 0.0,
    "contain": -0.0,
    "depend": 0.0,
    "tabl": 0.0,
    "lower": -0.0,
    "primari": 0.0,
    "typic": 0.0,
    "50": 0.0,
    "40": -0.0,
    "15": 0.0,
    "minimum": 0.0,
    "qualiti": 0.0,
    "compar": 0.3572210141030562,
    "requir": 0.2325481601512292,
    "35": 0.1449635331744,
    "temper": 0.0,
    "semi": -0.0,
    "content": 0.3012954177335078,
    "dark": 0.2839601951123401,
    "least": 0.0,
    "bar": 0.0488927807473656,
    "baker": -0.0,
    "prepar": 0.19035255923480998,
    "percent": 0.0,
    "manufactur": -0.0,
    "compani": 0.0,
    "fat": 0.09656161469929049,
    "cook": 0.0,
    "sugar": 0.3352212343939003,
    "recip": 0.0,
    "ingredi": 0.34766747613358195,
    "liquor": 0.0,
    "chocol": 0.3513383639675441,
    "sweet": 0.0,
    "cocoa": 0.254445201909758,
    "chip": -0.0,
    "bake": 0.04741890104137078,
    "flavor": -0.0,
    "butter": 0.0,
    "adj": 0.0,
    "lindt": 0.0,
    "hershei": 0.0,
    "guittard": 0.0,
    "menier": 0.0,
    "mouthfeel": 0.0,
    "bittersweet": 0.022762893903067,
    "unsweeten": 0.13055452634019782,
    "ghirardelli": 0.0,
    "semisweet": 0.0,
    "callebaut": -0.0,
    "valrhona": 0.0
  }
}