{
  "qid": "143",
  "query": "Philanthropy",
  "rank": 0,
  "docid": 4990674,
  "coef": {
    "third": 0.0,
    "state": 0.16920276264946926,
    "major": 0.4281990885518831,
    "karl": 0.0,
    "list": -0.0,
    "current": 0.0761630566061146,
    "origin": 0.0,
    "cultur": 0.0,
    "benefit": 0.0,
    "societi": 0.0,
    "journal": 0.0,
    "higher": 0.0,
    "nation": 0.1533346390400561,
    "region": 0.0,
    "demograph": 0.0,
    "creat": 0.0,
    "librari": 0.004355151570474242,
    "classic": 0.0,
    "section": 0.11654212885301792,
    "respons": 0.0,
    "public": 0.0035050087300368396,
    "gener": 0.0,
    "includ": 0.02638080148739454,
    "address": 0.0,
    "histori": 0.0,
    "descript": 0.0,
    "call": 0.0,
    "event": 0.0,
    "forc": 0.0,
    "found": 0.0,
    "privat": 0.16461186458996993,
    "school": 0.0,
    "last": 0.0,
    "critic": 0.0,
    "work": 0.09110795580247973,
    "american": 0.10643663359920559,
    "america": 0.27762303671941657,
    "influenti": 0.0,
    "choic": 0.0,
    "develop": 0.0,
    "well": 0.0,
    "govern": 0.0,
    "review": 0.0,
    "group": 0.0,
    "depict": 0.0,
    "academ": 0.0,
    "author": 0.0,
    "time": 0.09788118814143804,
    "common": 0.0,
    "organ": 0.056558284864160695,
    "publish": 0.0650563164086689,
    "literatur": 0.0,
    "influenc": 0.0,
    "recent": 0.0,
    "myth": 0.02217061727685916,
    "find": 0.0,
    "enhanc": 0.0,
    "field": 0.0,
    "live": 0.0,
    "collect": 0.0,
    "signific": 0.0,
    "direct": 0.0,
    "histor": 0.0,
    "new": 0.0,
    "produc": 0.0,
    "liber": 0.0,
    "free": -0.0,
    "effect": 0.0,
    "handl": 0.0,
    "who": 0.0,
    "accord": 0.0,
    "read": 0.0,
    "first": 0.1902517667224533,
    "result": 0.0,
    "past": 0.0,
    "part": 0.0,
    "problem": 0.0,
    "distribut": 0.13487852674172018,
    "war": 0.02413923995357359,
    "wai": 0.0,
    "unit": 0.0,
    "social": 0.2994886463031086,
    "centuri": 0.0,
    "individu": 0.0,
    "reason": 0.031082950172449598,
    "refer": 0.0,
    "give": 0.21977429220909578,
    "achiev": 0.0,
    "foundat": 0.0,
    "book": 0.3098511794429761,
    "sale": 0.020543279538934277,
    "wrote": 0.02080965903236491,
    "associ": 0.0,
    "valu": 0.0,
    "varieti": 0.0,
    "statist": 0.0,
    "modern": 0.0,
    "hard": 0.008483198205913835,
    "approach": 0.0,
    "definit": 0.0,
    "onlin": -0.0,
    "level": 0.0,
    "8": 0.0,
    "million": 4.279837155146456e-16,
    "contain": 0.0,
    "bleed": 0.0,
    "2015": 0.0,
    "present": 0.018366438156995252,
    "cost": 7.15442177902679e-06,
    "year": 0.13999443684835336,
    "copi": 0.13423954587973988,
    "accur": 0.0,
    "000": 0.0,
    "data": 0.0,
    "investig": 0.0,
    "50": 3.76077963099934e-05,
    "25": 0.0,
    "15": 0.0,
    "recommend": 0.0,
    "treatment": 0.005171242550342591,
    "select": 0.0,
    "report": -0.0,
    "analysi": 0.0,
    "theme": 0.0,
    "divid": 0.0,
    "given": 0.0,
    "comprehens": 0.0,
    "hour": 0.0,
    "2016": 0.0,
    "compar": 0.0,
    "1": 0.17160293335903334,
    "explan": 0.0,
    "globe": 0.0,
    "impact": 0.0,
    "great": 0.0,
    "content": 0.17578483101861017,
    "graphic": 0.0,
    "least": 0.0,
    "text": 0.0,
    "written": 0.0,
    "hall": 0.0,
    "shatter": 0.0,
    "topic": 0.0,
    "thousand": 0.0,
    "13": 0.0,
    "orang": 0.0,
    "profil": 0.0,
    "tax": 0.1330646152544434,
    "donat": 0.0,
    "record": 0.0,
    "film": 0.0,
    "380": 0.0,
    "300": 0.0,
    "counti": 0.08212677841539985,
    "poll": 0.20742355661847453,
    "percent": 0.0,
    "york": 0.0,
    "charter": 0.0,
    "greatest": 0.0,
    "pb": 0.0,
    "eleven": 0.0,
    "regist": 0.033913501217969017,
    "heart": 0.0,
    "economi": 0.0,
    "compass": 0.0,
    "wall": 0.0,
    "900": 0.0,
    "billion": 0.13065475945026686,
    "twenti": 0.0,
    "monopoli": 0.0,
    "32": 0.0,
    "street": 0.0,
    "captur": 0.0,
    "polici": -0.0,
    "amazon": 0.05569585157668241,
    "chose": 0.13137166586064947,
    "purpos": 0.0,
    "wealthi": 0.0,
    "brief": 0.0,
    "almanac": 0.24321420691995285,
    "boston": 0.0,
    "volunt": -0.0,
    "page": 0.0,
    "worth": 0.0,
    "volum": 0.0,
    "47": 0.0,
    "solv": 0.0,
    "documentari": 0.0,
    "atlant": 0.0,
    "sketch": 0.0,
    "thank": 0.0,
    "introduct": -0.0,
    "philanthropi": 0.26913446759829457,
    "philanthrop": 0.0,
    "sector": 0.0,
    "nonprofit": 0.0,
    "chariti": 0.0,
    "charit": 0.2192912456083467,
    "donor": 0.276157351535193,
    "entri": 0.0,
    "fame": 0.0,
    "comic": 0.0,
    "novel": 0.0,
    "nonfict": 0.0,
    "chronicl": 0.0,
    "summar": 0.0,
    "embed": -0.0,
    "trend": 0.0,
    "wealthiest": 0.0,
    "jeff": 0.0,
    "iraq": 0.035954020105525994,
    "1636": -0.0,
    "360": 0.0,
    "overview": -0.0,
    "chart": 0.0,
    "giver": 0.2461981349248702,
    "timelin": 0.0,
    "graph": 0.0,
    "encapsul": -0.0,
    "jacobi": 0.0,
    "quotat": 0.0713082932135089,
    "marvel": 0.015059516398624741,
    "stingi": 0.09752258854240631,
    "roundtabl": 0.0,
    "booklist": 0.0,
    "zinsmeist": 0.0
  }
}