{
  "qid": "130",
  "query": "Basketball",
  "rank": 6,
  "docid": 4886082,
  "coef": {
    "system": 0.38330161821326825,
    "men": -0.0,
    "countri": 0.0,
    "spanish": -0.0,
    "italian": -0.0,
    "french": -0.0,
    "hierarch": 0.0,
    "follow": -0.0,
    "american": 0.0,
    "women": 0.0,
    "russian": 0.0,
    "see": 0.0,
    "greek": -0.0,
    "extern": 0.0,
    "promot": 0.2998468624785911,
    "interconnect": 0.11610712425711515,
    "seri": 3.625872383235348e-15,
    "level": 0.49704498201889774,
    "2015": 1.8714070000318273e-15,
    "profession": 0.0,
    "german": -0.0,
    "16": 0.1156853052273598,
    "link": 0.0,
    "season": 2.8790876923566577e-16,
    "european": 0.0,
    "format": 0.18118809046619247,
    "cup": -0.0,
    "competit": 0.4220412076560436,
    "leagu": 0.0,
    "south": 0.0,
    "tier": 0.02082643494224297,
    "basketbal": 0.16469033039395453,
    "polish": 0.0,
    "turkish": 0.0,
    "club": 0.22768511223424037,
    "hungarian": 0.2778771200564826,
    "demot": 0.0,
    "hungari": 0.1844746962384575,
    "serbian": -0.0,
    "pyramid": 0.3625528081100391,
    "magyar": -0.0,
    "kupa": 0.37245245606839084,
    "rfi": 0.0
  }
}