{
  "qid": "144",
  "query": "Child Development",
  "rank": 4,
  "docid": 5506790,
  "coef": {
    "list": 0.0,
    "head": 0.0,
    "establish": 0.012349226198788546,
    "youth": 0.0,
    "develop": 0.9829179552533925,
    "commun": 0.0,
    "child": 0.4871053792955454,
    "gender": 0.6540819679170344,
    "combin": 0.0,
    "mother": 0.0,
    "health": 0.0,
    "2016": -0.0,
    "2012": 1.6027703512548954,
    "sport": 0.0,
    "divis": -0.0,
    "cabinet": 1.0794016415149295,
    "offic": 3.105278499028695e-15,
    "depart": 0.0,
    "renam": -0.0,
    "transfer": 0.3787239252074269,
    "ministri": 0.7386207540287518,
    "minist": 0.5810811057364368,
    "zambia": 0.22720660793256897,
    "deputi": 0.0
  }
}