{
  "qid": "138",
  "query": "Modern Art",
  "rank": 9,
  "docid": 4896440,
  "coef": {
    "mai": 0.0,
    "nation": 0.0,
    "art": 4.002913968055491,
    "refer": -0.0,
    "modern": 2.8059452536056886e-15,
    "tokyo": 0.0,
    "museum": 0.0,
    "mu": -0.0,
    "kyoto": 0.0
  }
}