{
  "qid": "140",
  "query": "Artificial Intelligence and Machine Learning",
  "rank": 8,
  "docid": 5521702,
  "coef": {
    "state": 0.0,
    "major": 0.0,
    "current": 0.2520909873291967,
    "lead": 0.0,
    "organis": 0.37761690529917086,
    "peopl": -0.0,
    "grew": 0.0,
    "societi": 0.0,
    "focus": 0.0272302792444717,
    "can": 0.0,
    "system": 0.0,
    "support": 0.0,
    "nation": 0.0,
    "name": 0.0,
    "led": 0.0,
    "optim": 0.0,
    "countri": 0.18505400711275652,
    "industri": 0.043685378791538824,
    "econom": 0.0,
    "product": 0.13451337971217367,
    "music": 0.0,
    "us": -0.0,
    "basic": 0.0,
    "acquir": 0.0,
    "respons": 0.0,
    "public": 0.0,
    "servic": 0.0,
    "includ": 0.1552841579890426,
    "head": 0.0,
    "talk": 0.0,
    "event": -0.0,
    "manag": 0.2662653811743128,
    "polit": 0.0,
    "number": 0.0,
    "found": 0.0,
    "world": 0.0,
    "professor": 0.0007849416462585784,
    "area": 0.0,
    "best": 0.0,
    "need": 0.0572356111849248,
    "michael": 0.0,
    "note": 0.042905677767626584,
    "build": 0.0,
    "follow": 0.0,
    "late": 0.0,
    "work": 0.08476592507959138,
    "autonom": 0.16962139744716617,
    "larg": 0.032891827553414084,
    "scholar": 0.0,
    "america": 0.0,
    "christian": -0.01323537168324463,
    "interest": 0.0,
    "develop": 0.0,
    "career": 0.0,
    "well": 0.0,
    "learn": 0.05357751709698371,
    "complet": 0.0,
    "govern": 0.0,
    "review": 0.0,
    "confer": 0.06121375651897539,
    "issu": 0.0,
    "exampl": 0.0,
    "author": 0.0,
    "life": 0.09592562255671801,
    "role": 0.0,
    "plai": 0.0,
    "influenc": -0.0,
    "student": 0.0,
    "institut": -0.0,
    "network": 0.0,
    "field": 0.0,
    "1999": 0.0,
    "70": 0.0,
    "children": 0.0,
    "fiction": 0.0,
    "non": 0.0,
    "northern": 0.0,
    "direct": 0.0,
    "china": 0.0,
    "spain": 0.0,
    "new": 0.0,
    "contribut": -0.0,
    "understand": -0.0,
    "mobil": 0.0,
    "move": 0.0382367417756038,
    "leader": 0.13130758658318534,
    "intern": 0.2477392024622407,
    "accord": 0.0,
    "media": 0.027697132236835096,
    "rise": -0.0,
    "make": 0.0,
    "activ": -0.0,
    "distribut": 0.006322407533163458,
    "unit": 0.043607336231879255,
    "social": 0.00391705249630374,
    "natur": 0.0,
    "member": 0.0,
    "studi": 0.0,
    "decis": 0.09845898045574344,
    "committe": 0.0,
    "reason": 0.0,
    "founder": -0.0,
    "council": -0.0,
    "scienc": 0.030481963423338813,
    "andrew": 0.04990502803478522,
    "give": 0.0,
    "book": 0.0,
    "intellectu": 0.0,
    "independ": 0.0,
    "prosper": 0.0,
    "execut": 0.14952719190838015,
    "associ": 0.0,
    "combin": 0.05216818904099253,
    "strategi": 0.007144845729733453,
    "global": 0.0422882641375744,
    "back": 0.0,
    "technolog": 0.38317301208168725,
    "period": 0.0,
    "francisco": 0.0,
    "across": 0.0,
    "context": 0.0,
    "medicin": 0.0,
    "psycholog": 0.0,
    "2015": 0.0,
    "employe": 0.0,
    "uk": -0.0,
    "year": 0.0,
    "care": 0.0,
    "side": 0.14469401944319052,
    "neural": 0.0,
    "supervis": 0.0,
    "model": 0.0,
    "german": 0.019271323009014338,
    "focu": 0.0,
    "peer": 0.0,
    "advanc": 0.0,
    "agent": 0.15442090145727064,
    "research": 0.09742245468496674,
    "health": 0.03828828206239028,
    "invit": 0.0,
    "joint": 0.0,
    "father": 0.0,
    "framework": -0.0,
    "univers": 0.2682788034824936,
    "primari": 0.0,
    "data": 0.0,
    "investig": -0.0,
    "90": 0.0,
    "80": 0.0,
    "50": 0.1278699729690309,
    "25": 0.0,
    "diagnosi": 0.0,
    "recommend": 0.04387971330226679,
    "treatment": 0.0,
    "medic": -0.0,
    "societ": 0.03925541839531619,
    "integr": 0.0,
    "scientif": 0.0,
    "intellig": 0.35207564073008496,
    "theme": 0.0,
    "awar": 0.12416459213703582,
    "frequent": 0.12528837726529884,
    "degre": 0.0,
    "start": 0.0,
    "2014": 0.0,
    "languag": 0.0,
    "hospit": 0.0,
    "7": 0.0,
    "4": 0.054075405043767844,
    "highest": 0.0613543674953364,
    "extend": 0.0,
    "receiv": 0.030544517986530798,
    "artifici": 0.0,
    "leadership": -0.0,
    "top": 0.15510383041725298,
    "european": 0.0,
    "leg": 0.0,
    "usa": 0.0,
    "chief": 0.0,
    "presid": 0.0,
    "multi": 0.16894783974459582,
    "block": 0.0,
    "london": -0.0,
    "senior": 0.0,
    "spent": 0.0,
    "team": 0.0,
    "largest": 0.0,
    "cite": 0.0,
    "administr": 0.0,
    "retail": 0.0,
    "busi": -0.0,
    "san": 0.06287790774841952,
    "fulli": 0.0,
    "movi": 0.0,
    "project": -0.0,
    "campaign": 0.0,
    "architectur": 0.0,
    "offic": -0.0,
    "100": 0.0,
    "2019": 0.0,
    "south": 0.08432107202813179,
    "brazil": 0.0,
    "compani": 0.08921133668652322,
    "british": 0.22132094100876107,
    "financ": 0.0,
    "visit": 0.016941086240946243,
    "park": 0.051352608336096395,
    "man": 2.7003810910024096e-15,
    "ceo": 0.0,
    "angel": 0.0,
    "patent": 0.009865873984314509,
    "strateg": 0.0,
    "vice": 0.0,
    "profit": 0.0,
    "japan": 0.029213732160057262,
    "carlo": 0.0,
    "client": 0.12703188503023743,
    "dedic": 0.0,
    "biographi": 0.0,
    "actor": 0.005596074173575224,
    "master": 0.14083855211641857,
    "di": 0.0,
    "speaker": 0.0,
    "germani": 0.1463523985535626,
    "fast": 0.0,
    "nomin": 0.038054790374947085,
    "deliveri": 0.0,
    "dream": 0.0,
    "faculti": 0.0,
    "arab": 0.0,
    "edit": 0.0,
    "royal": 0.0,
    "machin": 0.0,
    "chain": 0.0,
    "berlin": 0.0,
    "kingdom": -0.0,
    "award": 0.0,
    "collabor": 0.0,
    "alto": 0.0,
    "dr": 0.2761373623689479,
    "laboratori": 0.0,
    "stockholm": -0.0,
    "australia": 0.27300812079689013,
    "australian": 0.0026072528706624393,
    "facebook": 0.0,
    "sloan": 0.0,
    "thesi": 0.0,
    "harvard": -0.0,
    "entrepreneur": 0.07440960684007915,
    "cancer": 0.025950564056405202,
    "allianc": 0.15580453191680427,
    "helsinki": 0.0,
    "grand": 0.0,
    "pearl": 0.0,
    "filmographi": 0.0,
    "melbourn": 0.0,
    "millennium": 0.0,
    "emir": 0.0,
    "programm": 0.0,
    "rei": 0.0,
    "dubai": 0.0,
    "ai": 0.24616510993207538,
    "mentor": 0.0,
    "investor": 0.0,
    "rio": 0.0,
    "innov": 0.04967212276430781,
    "government": 0.0,
    "keynot": 0.0,
    "disciplinari": 0.0,
    "entrepreneuri": 0.0,
    "swedish": -0.0,
    "phd": 0.3363517988385755,
    "ibm": 0.0,
    "driver": 0.0,
    "microsoft": 0.0,
    "robot": 0.0,
    "netherland": 0.0,
    "guidanc": 0.0,
    "juan": 0.0,
    "sul": 0.0,
    "ng": 0.006727832099836115,
    "telecom": 0.0,
    "thomson": 0.0,
    "wale": 0.0,
    "zealand": 0.0,
    "upgrad": 0.0,
    "finland": 0.0,
    "sweden": 0.2688830616606114,
    "stanford": -0.0,
    "mit": 0.0,
    "ml": 0.0,
    "twitter": 0.002023298583368537,
    "tech": 0.0,
    "sydnei": 0.10960873428748055,
    "frankfurt": 0.0,
    "lotu": 0.1893585013734992,
    "dissert": 0.0,
    "prof": 0.0,
    "entrepreneurship": 0.0,
    "nordic": -0.0,
    "adjunct": 0.18601372759177195,
    "utrecht": 0.0,
    "soni": 0.0,
    "ericsson": 0.0,
    "hp": 0.0,
    "startup": 0.2046659329028404,
    "bloomberg": 0.0,
    "reuter": 0.0,
    "canterburi": 0.0,
    "convolut": 0.0,
    "supervisor": 0.0,
    "anand": 0.0,
    "judea": 0.0,
    "ica": 0.0,
    "rao": 0.0,
    "palo": 0.0,
    "vp": 0.0,
    "porto": 0.0,
    "packard": 0.0,
    "hewlett": 0.0,
    "ip": 0.0,
    "alegr": 0.0,
    "paderborn": -0.0,
    "guttmann": 0.231342279573642,
    "cebit": 0.0,
    "australasian": 0.0,
    "georgeff": 0.0,
    "monash": 0.0,
    "yann": 0.0465413780198853,
    "lecun": 0.0,
    "karolinska": 0.0,
    "linkedin": 0.0,
    "pwc": -0.0,
    "naii": 0.0,
    "tietoevri": 0.104944169069346,
    "oneston": 0.0,
    "aimast": 0.0,
    "ivbar": 0.0,
    "agentart": 0.0,
    "healthihabit": 0.0,
    "digigov": 0.0
  }
}