{
  "qid": "144",
  "query": "Child Development",
  "rank": 3,
  "docid": 5883195,
  "coef": {
    "5": 0.522420666817658,
    "union": 0.04717591328504507,
    "right": 0.034920000854093344,
    "focus": -0.0,
    "emphasi": 0.0,
    "support": 0.26860560430112096,
    "earli": 0.0,
    "evalu": 0.0,
    "optim": 0.0,
    "countri": 0.2776287623153024,
    "middl": 0.041330763271740664,
    "includ": 0.0,
    "histori": 0.0,
    "found": 0.0,
    "oper": 0.0,
    "open": 0.0,
    "best": 0.0,
    "ag": 0.0,
    "emot": 0.0,
    "american": 0.0,
    "develop": 0.37718094170636196,
    "young": 0.0,
    "well": 0.0,
    "govern": 0.0033920976940546425,
    "affili": 0.0,
    "review": 0.0,
    "group": 0.0,
    "organ": 0.21144233826469944,
    "children": 0.43920093797585275,
    "non": -0.0,
    "advoc": -0.0,
    "child": 0.31518587396342607,
    "like": 0.2475267920371379,
    "effect": 3.230906090505628e-16,
    "intern": 0.09679770292158137,
    "goal": 0.0,
    "practic": -0.0,
    "extern": 0.0,
    "social": 0.0,
    "promot": 0.2674930130755046,
    "releas": 0.0,
    "member": 0.0,
    "studi": 0.07380638894329014,
    "committe": 0.009277323989282814,
    "base": 0.06682362338311407,
    "foundat": 0.0,
    "associ": 0.0,
    "sourc": 0.0,
    "varieti": 0.0,
    "global": -0.0,
    "seri": 0.0,
    "low": 0.0,
    "psycholog": 0.0,
    "cognit": 0.0,
    "sustain": 0.0,
    "nutrit": 0.0,
    "characterist": 0.0,
    "program": 0.08375654649158797,
    "focu": 0.0,
    "face": 0.0,
    "research": 0.35115133046803465,
    "health": -0.0,
    "evid": 0.0,
    "childhood": 0.0,
    "univers": 0.32144899830602086,
    "document": 0.27240584027843306,
    "locat": 0.1124589078197806,
    "link": 0.44569558449524593,
    "dissemin": 0.0,
    "risk": 0.0,
    "motor": 0.0,
    "factor": 0.0,
    "scientif": 0.13359231299468652,
    "2007": 0.31816466185995435,
    "intervent": 0.3298894535834285,
    "fund": 0.0,
    "receiv": 0.46876411743518787,
    "capac": 0.0,
    "incom": 0.2449959367366967,
    "centr": 0.0,
    "itali": 0.0,
    "protect": 0.0,
    "west": 0.1517604050507082,
    "convent": 0.2955065084815904,
    "2011": 0.0,
    "financi": 0.0,
    "campu": 0.0,
    "polici": 0.028421241334682643,
    "van": 0.2990938119528838,
    "encourag": 0.0,
    "behaviour": 0.0,
    "faculti": 0.0,
    "score": 0.0,
    "un": 0.26181259767426895,
    "mission": 0.33405678220257595,
    "caribbean": 0.2380763620089484,
    "government": -0.0,
    "bernard": 0.0,
    "indi": 0.026516694593181376,
    "jamaica": 3.817621445639625e-16,
    "organiz": 0.0,
    "steer": 0.49696480842914476,
    "unicef": 0.0,
    "rockefel": 0.01576101380368903,
    "secretariat": 0.0,
    "lancet": 0.0,
    "leer": 0.0,
    "bellagio": 0.0,
    "gcdg": 0.0
  }
}