{
  "qid": "111",
  "query": "Inequality",
  "rank": 6,
  "docid": 42041,
  "coef": {
    "inequ": 1.008999948806685,
    "synonym": 0.04552668930663552,
    "can": 3.49655163059217e-17,
    "form": 0.0,
    "hold": 0.0,
    "involv": -0.0,
    "term": 0.0,
    "denot": 0.0,
    "exampl": 0.0,
    "common": 0.0,
    "relat": 0.42177737074537813,
    "non": 0.0,
    "consid": 0.22025559419868745,
    "express": 0.21811866253511492,
    "equal": 0.0,
    "specif": 0.0,
    "onli": 0.0,
    "question": 0.18672006553890574,
    "valu": 1.1540861667240228,
    "sign": 0.3939724599128785,
    "case": 0.0,
    "pair": 0.3801866517280947,
    "mathemat": -0.0,
    "notat": 1.3070227226641862,
    "written": 0.7568817776973881,
    "reserv": -0.0,
    "statement": -0.0,
    "conjunct": -0.0,
    "chain": 1.3231368070316374,
    "shorthand": 0.010227104760170722
  }
}