{
  "qid": "116",
  "query": "Malnutrition",
  "rank": 6,
  "docid": 3462517,
  "coef": {
    "be": 0.05033946087408978,
    "can": 0.0,
    "countri": 0.0,
    "caus": 0.0,
    "basic": 0.0,
    "includ": 0.0,
    "polit": -0.0,
    "sever": 0.0,
    "fix": 0.0,
    "lack": 0.0,
    "organ": 0.0,
    "end": 0.02375520053646744,
    "children": 0.025561853741168428,
    "non": 0.0,
    "problem": -0.0,
    "continu": 0.0,
    "human": 1.227193363658115,
    "8": 0.0,
    "diseas": 0.0,
    "alon": 0.011291382657921628,
    "widespread": -0.0,
    "food": 1.647015520180606,
    "000": 0.0,
    "resolut": 0.0,
    "12": 0.0,
    "near": 0.23304932634207357,
    "deep": 0.0,
    "politic": 0.0,
    "turner": 0.0,
    "poverti": 1.0886912529472457,
    "southern": 0.0,
    "suffer": 1.0530253291382965,
    "malaria": 0.0,
    "aid": 1.1624457422428394,
    "tuberculosi": 7.0820367301615934e-15,
    "fortif": 0.8582144101631345,
    "africa": 0.0,
    "government": 0.9880044779114265,
    "overview": 0.0,
    "hiv": 0.02819729995981494,
    "malnutrit": 0.2965096567510773,
    "zimbabw": 1.8055905617272723,
    "ngo": 0.00041240351897378765,
    "susten": 0.0,
    "zimbabwean": 0.0,
    "unend": 0.03800368947876548,
    "malnourish": 0.0
  }
}