{
  "qid": "130",
  "query": "Basketball",
  "rank": 8,
  "docid": 5209361,
  "coef": {
    "system": 0.36775143782202563,
    "men": -0.0,
    "spanish": 0.0,
    "italian": 0.0,
    "french": -0.0,
    "hierarch": 0.36925047330885924,
    "follow": 0.3408470535602592,
    "american": 0.0,
    "women": 0.0,
    "russian": 0.0,
    "see": 0.0,
    "greek": -0.0,
    "extern": 0.0,
    "promot": 0.28957832817518814,
    "interconnect": 0.03839108772759266,
    "seri": 4.792129020025125e-16,
    "level": 0.40914954222097866,
    "profession": 0.0,
    "german": 0.0,
    "link": 0.0,
    "season": 0.0,
    "european": 0.0,
    "format": 0.0,
    "releg": 0.3043586433234632,
    "competit": 0.5305448962274738,
    "leagu": 0.0,
    "south": 0.0,
    "21": 0.08694127027878984,
    "tier": 0.0,
    "2020": 0.0,
    "basketbal": 0.24191155814165313,
    "polish": 0.40372469584398724,
    "turkish": 0.0,
    "club": 0.19610214967410505,
    "hungarian": 0.0,
    "amateur": 0.31806707522811345,
    "poland": 0.0,
    "serbian": -0.0,
    "pyramid": 0.0
  }
}