{
  "qid": "125",
  "query": "Doctor",
  "rank": 6,
  "docid": 3991631,
  "coef": {
    "third": -0.0,
    "list": 0.0,
    "includ": 0.0,
    "event": 0.0,
    "exclus": 0.0,
    "involv": 0.0,
    "just": 4.99312989949823e-15,
    "long": 0.0,
    "second": -0.0,
    "complet": 0.03132104008643504,
    "far": 0.0,
    "singl": 0.6311008463724372,
    "issu": 0.04872953556928959,
    "rose": 0.0,
    "doctor": 0.15754923413061045,
    "era": 0.0,
    "artist": 0.0,
    "see": 0.0,
    "fiction": 0.0,
    "live": 0.0,
    "onli": 0.0,
    "featur": 0.0,
    "who": 0.07262608932365551,
    "first": 0.0,
    "make": 0.0,
    "war": 0.0,
    "scienc": 0.024033489584872024,
    "book": 0.0,
    "seri": -0.0,
    "stori": 0.0,
    "televis": 0.07448844166705444,
    "fifth": -0.0,
    "2016": -0.0,
    "run": 0.4214797746132604,
    "summer": -0.0,
    "annual": 0.2039144420910967,
    "mike": 0.0,
    "nearli": 0.32110674955228374,
    "magazin": 0.0,
    "plu": 0.0,
    "sixth": -0.0,
    "eighth": 0.0,
    "fourth": -0.0,
    "ninth": 0.315346002162276,
    "incumb": -0.0,
    "short": 0.0,
    "tenth": -0.0,
    "seventh": -0.0,
    "titan": -0.0,
    "companion": 0.0,
    "brief": 0.15977979222117095,
    "launch": 0.0,
    "eleventh": -0.0,
    "twelfth": 0.0,
    "drawn": 0.3283787722507607,
    "shortest": 0.0,
    "strip": -0.0,
    "comic": 0.28173346812282263,
    "ongo": 0.0,
    "tenur": 0.0,
    "collin": 0.0,
    "pencil": 0.0,
    "tyler": 0.12869535165533463,
    "incarn": 0.0,
    "dwm": 0.22078269114857363
  }
}