{
  "qid": "119",
  "query": "Classical Dance",
  "rank": 1,
  "docid": 162033,
  "coef": {
    "major": 0.7557851988608372,
    "list": 0.0,
    "cultur": 0.0,
    "classic": -0.0,
    "histori": 0.0,
    "descript": 0.0,
    "form": 0.2303528341766104,
    "peac": 0.0,
    "long": 0.0,
    "overlap": 1.1852725470617806,
    "china": 0.390087962781457,
    "greec": 0.0,
    "war": 0.014056703144095774,
    "extern": 0.0,
    "ancient": 0.19491562018361394,
    "religi": 0.0,
    "style": 1.0123775040095417,
    "definit": 0.0,
    "classif": 0.008598305369783612,
    "univers": 0.0,
    "resourc": 0.40064832504241593,
    "link": 0.8138977577003794,
    "categori": 0.1092712504455473,
    "ritualist": 0.08336975500203139,
    "ritual": 0.039914804661239624,
    "horn": 0.0,
    "circl": -0.3213334346223922,
    "magic": 0.0,
    "festiv": -0.17303552996605603,
    "morri": 0.0,
    "250": 0.0,
    "indian": 0.4428408051221969,
    "ceremoni": -0.0,
    "sacr": 0.0,
    "purpos": 1.2541202405963814,
    "mystic": 0.0,
    "spiritu": 0.0,
    "danc": 0.635015231288559,
    "sword": 0.0,
    "rome": 0.0,
    "weapon": 0.517952497843942,
    "egypt": 0.0,
    "india": 0.0,
    "basqu": -0.0,
    "ari": -0.0,
    "lu": -0.0,
    "bromlei": 0.0,
    "rapper": 0.0,
    "abbot": 0.0,
    "dervish": 0.0,
    "whirl": 0.0,
    "sema": 0.0,
    "ecstat": 0.0,
    "subl": 0.0,
    "kagura": 0.0,
    "sinulog": 0.0,
    "corroborre": -0.0
  }
}