{
  "qid": "127",
  "query": "Clergy",
  "rank": 8,
  "docid": 5035095,
  "coef": {
    "religion": 0.0,
    "origin": 0.0,
    "cultur": 0.7128433863506022,
    "acquir": 1.2747701108730538,
    "public": 0.0,
    "educ": 0.6406818571350585,
    "follow": 1.3883086521913832,
    "church": 0.0,
    "russian": 1.3018021950171634,
    "publish": 1.1793663693126502,
    "advoc": 1.2647826941854876,
    "soviet": 0.0,
    "centuri": 1.312013841748947,
    "book": 1.6198831037190295,
    "ancient": 0.044276280634125774,
    "contain": 0.174569608017659,
    "special": 0.17986972688363154,
    "composit": 0.0,
    "content": 0.0,
    "2011": 0.0,
    "alexand": 0.0,
    "1928": 0.0,
    "lust": 1.6631706822297457e-16,
    "historian": 0.0,
    "chapter": 0.0,
    "immens": 0.0,
    "foreword": 0.0,
    "bearer": 0.1274449129713749,
    "atheism": 0.0,
    "miseri": 0.0,
    "xiii": 0.0,
    "clergi": 1.3104764286255353,
    "carnal": 0.0,
    "prodig": 0.0,
    "sodom": 0.0,
    "nevzorov": 0.0,
    "yefim": 0.0,
    "more": 0.4776411747730778,
    "moneylend": 0.0,
    "grekulov": 0.0,
    "obyadeni": 0.0,
    "upivani": 0.0
  }
}