{
  "qid": "119",
  "query": "Classical Dance",
  "rank": 2,
  "docid": 562706,
  "coef": {
    "list": 0.0,
    "origin": 0.12863447357166116,
    "highli": 0.0,
    "cultur": 0.09926492176736415,
    "peopl": 0.12252867142164532,
    "believ": 0.0,
    "can": 0.0,
    "nation": 0.0,
    "figur": 0.0,
    "name": 0.0,
    "men": 0.0,
    "creat": 0.0,
    "movement": 0.0,
    "classic": 0.04725207876240095,
    "mid": 0.0,
    "20th": 0.06660011185671758,
    "music": 0.13821220490125005,
    "public": 0.0,
    "gener": 0.0,
    "includ": 0.17014893503516246,
    "attend": 0.0,
    "ward": 0.0,
    "came": 0.0,
    "call": 0.0,
    "event": 0.0,
    "form": 0.0,
    "world": 0.0,
    "perform": 0.18244239592803277,
    "commonli": -0.0,
    "distanc": 0.0,
    "involv": 0.09174186408995466,
    "term": 0.0969320045989133,
    "note": -0.0,
    "love": 0.0,
    "formal": 0.0,
    "art": 0.004512250396653211,
    "women": 0.0008006441375230226,
    "repres": 0.0,
    "second": 0.0,
    "popular": 0.0,
    "young": 9.16947372907898e-16,
    "well": 0.0,
    "group": 0.0,
    "evil": 0.0,
    "depict": 0.0,
    "role": 0.0,
    "peasant": 0.0,
    "plai": 0.0,
    "influenc": 0.0,
    "see": 0.0,
    "wide": 0.00034032350202854825,
    "1960": 0.0,
    "known": 0.0,
    "new": 0.0,
    "featur": 0.0,
    "green": 7.15641038751252e-05,
    "who": 0.0,
    "activ": 0.0,
    "extern": -0.0,
    "social": 0.023460086166845282,
    "centuri": 0.07312532215817878,
    "tradit": 0.13190366099743575,
    "pleasur": 0.0,
    "spread": 0.0,
    "refer": 0.0,
    "compos": 0.0,
    "ancient": 0.0,
    "emphas": 0.0,
    "style": 0.0,
    "parti": 0.0,
    "travel": -0.0,
    "stori": 0.0,
    "gestur": 0.3224701763651358,
    "leav": 0.0,
    "ethnic": 0.0,
    "year": -0.0,
    "introduc": 0.0,
    "accompani": 0.0,
    "maintain": 0.0,
    "univers": 0.0,
    "court": 0.0,
    "femal": 0.0,
    "wild": 0.0,
    "link": 0.0,
    "categori": 0.0,
    "male": 0.0,
    "select": 0.0,
    "report": 0.0,
    "pair": 0.0,
    "pace": 0.0,
    "girl": -0.0,
    "consist": 0.0,
    "elabor": 0.0,
    "reach": 0.0,
    "pole": 0.00030436315043642925,
    "cloth": 0.0,
    "fine": 0.0,
    "dark": 0.0,
    "celebr": 6.769244152552511e-05,
    "mainli": 0.0,
    "button": 0.0,
    "provinc": 0.0,
    "tribe": 0.0,
    "wear": 0.08420493007684454,
    "tiger": 0.0,
    "fish": 0.0,
    "holidai": 0.12913617137300065,
    "birthplac": 0.12727894181974247,
    "gather": 0.0,
    "shirt": 0.18842998599198757,
    "red": 0.0,
    "anim": 0.0,
    "hit": 0.0,
    "entertain": 0.0,
    "amus": 0.0,
    "wealth": -0.0,
    "farmer": 0.0,
    "district": 0.1955070766138864,
    "madison": 0.04631711539662213,
    "yellow": 0.0,
    "hill": 0.0,
    "compani": 0.0,
    "tourist": 0.0,
    "slow": 0.0,
    "enact": 0.0,
    "visit": 0.0,
    "cambodia": 0.06737604812125571,
    "giant": 0.001691260095686645,
    "beauti": 0.0,
    "king": 0.12655905886207297,
    "poem": 0.0,
    "epic": 0.0,
    "tale": 0.0,
    "bad": 0.0,
    "hunter": 0.0,
    "portrai": 0.059256317374628685,
    "theatr": 0.08607963305238563,
    "regim": 0.0,
    "wish": 0.0,
    "danc": 0.187619722561922,
    "danger": 0.020442526768473857,
    "fast": 0.0,
    "legaci": 0.0,
    "1834": 0.0,
    "luck": 0.0,
    "royal": 0.25277901871191194,
    "palac": -0.0,
    "pure": 0.0,
    "ballet": 0.0,
    "premier": 0.0,
    "orchestra": 0.0,
    "costum": 0.0,
    "banquet": 0.0,
    "rom": 0.04323211615138122,
    "styliz": 0.0,
    "cha": 0.0,
    "stag": 0.0,
    "deer": 0.035411002690673585,
    "reign": 0.0,
    "folk": 0.07479523019324795,
    "repertoir": -0.0,
    "tribut": 0.0937412798127421,
    "balines": -0.0,
    "lit": 0.0,
    "silk": 0.07931025385316512,
    "invoc": 0.04170646433749981,
    "1904": 0.0,
    "cambodian": 0.0,
    "khmer": 0.16007287174469695,
    "pear": 0.0,
    "dancer": 0.0875315655142698,
    "icon": 0.031359194441226694,
    "coconut": -0.0,
    "oxen": 0.0,
    "bamboo": 0.0884807690587116,
    "philippin": 0.09724755382757874,
    "indonesia": -0.0,
    "cham": 0.0,
    "peacock": 0.016537869794349687,
    "comed": 0.0,
    "ensembl": 0.0,
    "kom": 0.0,
    "javanes": -0.0,
    "por": 0.0,
    "lon": 0.0,
    "lam": 0.0,
    "kui": 0.0,
    "devi": -0.0,
    "kula": 0.0,
    "norodom": 0.0,
    "phnom": 0.0,
    "penh": 0.0,
    "trot": -0.1058801007359174,
    "ramayana": 0.0,
    "folktal": 0.0,
    "chea": 0.0,
    "apsara": 0.0,
    "peafowl": 0.0,
    "boran": -0.0,
    "bolero": 0.11155054310851915,
    "chong": 0.002300744789792489,
    "tep": 0.0,
    "chuon": 0.0,
    "nol": 0.0,
    "preah": 0.0,
    "phnum": 0.0,
    "pursat": 0.0,
    "svai": 0.0,
    "pailin": 0.0,
    "rieng": 0.0,
    "luong": 0.0,
    "chok": 0.00457409158353755,
    "trop": 0.13414236072448216,
    "neari": -0.0,
    "kbach": 0.0,
    "romvong": 0.0005084696462334861,
    "chuor": 0.03812171421456728,
    "chhayam": 0.0,
    "robam": 0.2905890031428918,
    "ogress": 0.0067428855921131915,
    "lakhon": 0.09299915877351185,
    "pinpeat": 0.0,
    "mahori": 0.0,
    "romea": 0.0,
    "buppha": 0.0,
    "kben": 0.0,
    "krapeu": 0.0,
    "haek": 0.0,
    "kravanh": 0.0,
    "saravann": 0.0,
    "araek": 0.0,
    "kngaok": 0.0,
    "tosoang": 0.0,
    "changkibin": 0.0,
    "sneang": 0.0
  }
}