{
  "qid": "125",
  "query": "Doctor",
  "rank": 5,
  "docid": 3988044,
  "coef": {
    "third": -0.0,
    "list": -0.0,
    "illustr": 0.0,
    "support": 0.0,
    "event": 0.0,
    "number": 0.0,
    "expand": 0.0,
    "establish": 0.0,
    "trade": 0.0,
    "long": 0.0,
    "second": -0.0,
    "popular": 0.0,
    "aim": 0.0,
    "unpreced": 0.0,
    "doctor": 0.0,
    "time": 0.33314459009671676,
    "publish": 0.0,
    "recent": 0.0,
    "see": -0.0,
    "wide": 0.15682938043995195,
    "collect": 0.0,
    "featur": 0.0,
    "who": 0.2969616973037982,
    "first": -0.0,
    "extern": 0.0,
    "claim": 0.0,
    "sale": 0.0,
    "separ": 0.0,
    "seri": 0.014261507008841929,
    "stori": 0.18178412939755756,
    "younger": 0.15461846593164044,
    "uk": 0.0,
    "fifth": 0.0,
    "accompani": 0.0,
    "rang": 0.3296593631479876,
    "link": 0.0,
    "audienc": 0.055917979186484064,
    "2010": 0.0,
    "monthli": 0.15319087262528766,
    "summer": 0.0,
    "regularli": 0.0,
    "annual": 0.14271881231338093,
    "graphic": 0.08077804384837069,
    "battl": 0.0,
    "magazin": 0.17770442658145902,
    "thirteenth": 0.0,
    "sixth": 0.0,
    "eighth": -0.0,
    "fourth": 0.0,
    "2009": 0.0,
    "ninth": -0.0,
    "adventur": 0.0,
    "short": 0.0,
    "tenth": 0.04815852523427236,
    "pass": 0.0550650339580682,
    "purchas": 0.4184212129283055,
    "seventh": 0.0,
    "titan": 0.0,
    "launch": 0.2591413036112019,
    "titl": 0.6572788589997299,
    "eleventh": -0.0,
    "twelfth": -0.0,
    "strip": 0.0,
    "www": 0.0,
    "http": 0.0,
    "comic": 0.3411333038602849,
    "novel": 0.014896327580432833,
    "protagonist": 0.0,
    "card": 0.0025242155807854213,
    "fi": 0.0474888207114765,
    "lord": 0.0,
    "sci": 0.0,
    "html": 0.0,
    "incarn": 0.0,
    "dalek": 0.0,
    "storybook": -0.0,
    "idw": 0.0,
    "alteredvista": 0.0
  }
}