{
  "qid": "113",
  "query": "Computer Scientists",
  "rank": 8,
  "docid": 2696703,
  "coef": {
    "state": 0.0,
    "think": 0.0,
    "biolog": 0.0,
    "highli": 0.0,
    "emerg": 0.15269832920518206,
    "focus": 0.0,
    "can": 0.06063186326573248,
    "support": 0.20020506909673522,
    "nation": 0.2730592260334993,
    "led": 0.0,
    "help": 0.11940795442500442,
    "order": 0.0,
    "econom": 0.0,
    "foster": 0.0,
    "head": 0.0,
    "challeng": 0.1128478594081297,
    "manag": 0.10850430143064595,
    "found": 0.03267569375366044,
    "bring": 0.0,
    "perform": 0.0,
    "need": 0.05164901344593842,
    "establish": 0.15211906358066069,
    "involv": 0.0,
    "kei": 0.18668915809471212,
    "follow": 0.0,
    "david": -0.0,
    "far": 0.0,
    "environment": 0.40169919963155315,
    "aim": -0.0,
    "colleg": 0.34589213373700584,
    "commun": 0.0,
    "time": 0.06318958647792201,
    "role": 0.06802306086157728,
    "plai": 8.220284839582515e-16,
    "newli": 0.1531318343495544,
    "institut": 0.3353092412576004,
    "will": 0.0,
    "field": 0.0,
    "method": 0.0,
    "particip": 0.0,
    "vision": 0.002812783447313376,
    "new": 0.13420176250001362,
    "effect": 0.1294507257611267,
    "goal": 0.0,
    "question": 0.0,
    "futur": 0.0,
    "problem": 0.03984085866354243,
    "wai": 0.03258543386448092,
    "scientist": 0.025941667336787298,
    "releas": 0.11686621137509548,
    "natur": 0.04200969089462054,
    "member": 0.0,
    "scienc": 0.07904443423253836,
    "foundat": 0.0,
    "associ": -0.0,
    "2008": 0.0018615939825574023,
    "increas": 0.0,
    "techniqu": 0.004814866702023356,
    "appli": -0.0,
    "year": 0.0,
    "sustain": 0.3875415048443784,
    "program": 0.0,
    "research": 0.0,
    "joint": 0.09118249377922764,
    "univers": 0.40376124652651685,
    "grant": 0.0,
    "resourc": 0.007254100307316221,
    "methodolog": 0.0,
    "12": 0.0,
    "societ": 0.005916241622819485,
    "reach": 0.0,
    "7": 0.0,
    "fund": 0.02308986890937125,
    "ic": 0.4230752725458608,
    "balanc": 0.0,
    "mari": 0.0,
    "comput": 0.24715673724115855,
    "press": 0.24621635569220307,
    "northwest": 0.0,
    "engin": 0.0,
    "conserv": 0.03974995947619946,
    "team": 0.548536539089629,
    "pacif": 0.0,
    "expedit": 0.0,
    "depart": 0.0,
    "thoma": 0.0,
    "announc": -0.0,
    "transform": 0.0,
    "oregon": 0.0,
    "quot": -0.0,
    "economist": 0.0,
    "biologi": 0.0,
    "mathematician": 0.0,
    "effici": 0.0,
    "solv": 0.3067557979793685,
    "biologist": -0.0,
    "director": 0.0,
    "laboratori": 0.0,
    "howard": 0.17497924109830323,
    "inject": 0.0,
    "alloc": 0.3758929720047544,
    "ventur": 0.0,
    "interdisciplinari": 0.0,
    "insight": 0.0,
    "analog": 0.0,
    "141": 0.25269160601151386,
    "enrich": 0.1521937627371892,
    "nsf": 0.3476598704696974,
    "deputi": -0.0,
    "cornel": 0.0,
    "08": 0.027687102166858338,
    "lou": 0.0,
    "vibrant": 0.0,
    "zeeman": 0.0,
    "bowdoin": -0.0,
    "gome": 0.07039063223404697,
    "carla": 1.4669670099047918e-15,
    "osu": 0.0,
    "shmoi": -0.0,
    "dietterich": 0.0
  }
}