{
  "qid": "104",
  "query": "Business Leaders",
  "rank": 9,
  "docid": 4057596,
  "coef": {
    "list": 0.0,
    "opposit": 0.07557809227656563,
    "debat": 0.523599046044037,
    "order": 0.0,
    "respons": 0.654952850144932,
    "includ": 0.0,
    "manag": 0.343472946584638,
    "involv": 0.629554011083814,
    "govern": 0.6171778692403482,
    "time": 0.4151803271287261,
    "see": 0.0,
    "leader": 0.48227760332771663,
    "posit": 0.17428774112774398,
    "member": -0.0,
    "distinct": 0.0,
    "hous": 0.26860026128551856,
    "parti": 0.1617740421245251,
    "item": 0.0,
    "busi": 0.603544584265781,
    "bill": 0.3055314618887925,
    "senat": 0.7139034729740149,
    "negoti": 0.15432284534323648,
    "proceed": 0.0,
    "australia": 0.37194958386005095,
    "australian": 0.0,
    "parliament": 1.0478492065575655,
    "minist": 0.43285470247731656,
    "allot": -0.0,
    "whip": 0.0,
    "deputi": 0.0
  }
}