{
  "qid": "121",
  "query": "Racquet Sports",
  "rank": 4,
  "docid": 3458480,
  "coef": {
    "origin": 0.0,
    "highli": 0.264123777652005,
    "stabil": 0.0,
    "extrem": 0.0,
    "creat": 0.0,
    "section": 0.0,
    "gener": 0.5656405381542309,
    "strong": 0.0,
    "best": 0.0,
    "still": 0.0,
    "previou": 0.5713201231710344,
    "control": 0.1691741907536603,
    "popular": 1.1724347353427318,
    "well": 0.866567878232892,
    "feder": 0.23292897799208856,
    "time": 3.367394166057898e-06,
    "rank": 0.00042194614034009407,
    "wing": 0.0016081723973315253,
    "enhanc": 0.0,
    "good": 0.0,
    "line": -0.0,
    "handl": 0.0,
    "first": -0.0,
    "make": 0.0,
    "shape": 0.0,
    "refer": 0.13414443617023608,
    "compon": 0.0,
    "larger": -0.0,
    "combin": 0.0852574064376038,
    "technolog": 0.3155069615224311,
    "black": 0.00034414333913817245,
    "endors": 6.844883335264299e-06,
    "increas": 0.0,
    "side": 0.0,
    "incorpor": 0.2789863810190365,
    "quickli": 0.0,
    "improv": 6.181035836402523e-05,
    "factor": 0.10863274790754361,
    "design": 0.0,
    "2010": 0.0,
    "2007": 0.0,
    "reveal": -0.0,
    "carbon": 0.5422095309203124,
    "cross": 0.0,
    "shorter": 0.0,
    "sport": 0.0,
    "uniqu": 0.0,
    "roger": 0.04719336620968978,
    "center": 0.0,
    "hit": 0.0,
    "boast": 0.0,
    "short": 0.0,
    "tenni": 0.0,
    "wilson": 0.6377531089368383,
    "strength": 0.0,
    "spot": 0.0,
    "frame": 0.048516940934585646,
    "ball": 0.0,
    "mold": 0.9029704390281209,
    "comfort": 0.32019405102428666,
    "player": 0.48111719930890634,
    "dens": 0.0,
    "dwell": 0.7952958592889656,
    "seller": -0.0,
    "graphit": 0.5512760032816688,
    "racquet": 1.1508122215407002,
    "sweet": -0.0,
    "sio": 0.3614619193617953,
    "matrix": 0.0,
    "stiff": 0.7630303717635994,
    "maneuver": 0.5381440566363751,
    "yoke": 0.925929564275591,
    "ncode": 0.0,
    "ontour": 0.0,
    "arophit": 0.3508737096989834,
    "ompact": -0.0,
    "onnector": 0.3942950582985175
  }
}