{
  "qid": "109",
  "query": "Poverty",
  "rank": 3,
  "docid": 3542443,
  "coef": {
    "state": 0.36728907299073976,
    "extrem": -0.0,
    "mai": 0.0,
    "debat": 0.0,
    "address": 0.9209904417156954,
    "import": 0.0,
    "need": 1.0112676151146776,
    "term": 0.0,
    "kind": 0.0,
    "long": 0.0,
    "group": 0.0,
    "time": 1.0584318797158916,
    "see": -0.0,
    "consid": 0.4469756792219868,
    "determin": 0.5220996613299901,
    "line": 0.31186179318567736,
    "individu": 0.9846870867429829,
    "period": 0.20051573752466276,
    "durat": 0.0,
    "research": -0.0,
    "requir": 0.615514602471975,
    "extend": 0.0,
    "centr": -0.0,
    "identif": 1.2161283728104737,
    "chronic": 0.25065992978820173,
    "poverti": 0.7152974880771539,
    "polici": 0.0,
    "cycl": -0.0,
    "phenomenon": 0.3755589211225432,
    "tran": -0.0,
    "implicit": 0.0,
    "transient": 0.0
  }
}