{
  "qid": "143",
  "query": "Philanthropy",
  "rank": 1,
  "docid": 3899168,
  "coef": {
    "state": 0.0,
    "anonym": 0.14511778157206517,
    "focus": 0.0,
    "evalu": 0.0,
    "websit": 0.6608237877456226,
    "includ": 0.0,
    "histori": 0.28655441224985134,
    "number": 0.0,
    "establish": 0.0,
    "school": 0.6231068347582326,
    "guid": 0.009680044752193796,
    "coverag": -0.0,
    "group": 0.0,
    "william": 0.0,
    "small": 0.0,
    "reli": 0.0,
    "mention": 0.0,
    "accord": 4.082671693367472e-16,
    "practic": 0.06817653294288191,
    "media": 0.0,
    "unit": 0.0,
    "social": 7.401408914265535e-17,
    "studi": 0.017945372919077295,
    "give": 0.0,
    "foundat": 0.35000126306789536,
    "put": 0.0,
    "materi": 0.0,
    "high": -0.0,
    "flora": 0.0,
    "univers": 0.009828879076673095,
    "paper": 0.0,
    "fund": 0.46732225013241063,
    "impact": 0.6428581082782701,
    "busi": 0.10458489800511693,
    "holidai": 0.37596430653869195,
    "center": 0.6888387906154919,
    "2006": 0.0,
    "spring": 0.0,
    "twice": 0.0,
    "polici": 0.13994090666627584,
    "internation": 0.0,
    "pennsylvania": 0.4265133368703875,
    "brief": 0.47616181641586264,
    "ford": 0.0,
    "philanthropi": 0.4890568513959025,
    "chariti": 0.10031426964051694,
    "maxim": 0.21429507582880736,
    "dean": 0.03738985452369291,
    "alumni": 0.22787279995194362,
    "blog": 0.37934861385898627,
    "wharton": 0.0,
    "primer": 0.0,
    "hewlett": 0.0,
    "givewel": 0.573959462432764
  }
}