{
  "qid": "106",
  "query": "Climate Change Activists",
  "rank": 5,
  "docid": 6178059,
  "coef": {
    "action": 0.8368233544841763,
    "right": 0.0,
    "grew": 0.0,
    "support": -0.0,
    "nation": 0.7191377546083005,
    "movement": 0.1849353760670857,
    "concern": 0.25754802177849717,
    "del": 0.0,
    "respons": 0.0,
    "hold": 0.0,
    "de": 0.37781200011977967,
    "ag": 0.429368990321428,
    "formal": 0.0,
    "work": 0.0,
    "youth": 0.0,
    "chang": 0.8059887092037126,
    "young": 0.0,
    "milit": 0.0,
    "argentina": 0.7109146754712375,
    "issu": 0.0,
    "group": 0.0,
    "commun": 0.0,
    "act": -0.0,
    "life": -0.0,
    "network": 0.0,
    "franc": 0.0,
    "children": 0.09146638980499536,
    "collect": -0.0,
    "particip": 0.0,
    "known": -0.0,
    "histor": 0.0,
    "child": 0.0,
    "accord": 0.0,
    "futur": 0.0,
    "first": 0.0,
    "activ": 0.4179439139594222,
    "part": 0.0,
    "unit": 0.19530744826040142,
    "promot": 0.03985084647262973,
    "studi": 0.0,
    "committe": 0.0,
    "person": 0.0,
    "give": 0.0,
    "global": 0.0,
    "activist": 0.5746742820572228,
    "back": 0.0,
    "petit": 0.0,
    "initi": 0.0,
    "interview": 0.04980574387653257,
    "environ": 0.06413716669422447,
    "food": 0.14100586608307966,
    "face": 0.1905107185659787,
    "ask": 0.0,
    "air": 0.0,
    "rais": 0.0,
    "eat": 0.8389737340847853,
    "18": 0.0,
    "16": 0.0,
    "speech": 0.0,
    "famili": 0.27067114394235237,
    "grow": 0.24715577217047385,
    "terra": 0.10784895502067914,
    "climat": 0.0,
    "temperatur": 0.0,
    "clean": 0.22858284675007465,
    "inact": 0.0,
    "protect": 0.18626388847926034,
    "convent": 0.0,
    "file": 0.5171821207107641,
    "2002": 0.0,
    "la": 0.0,
    "biodivers": 0.25910416094633454,
    "brazil": 0.0,
    "slow": 0.0,
    "born": -0.0,
    "urg": 0.0,
    "highlight": 0.3181823350935526,
    "sovereignti": 0.0,
    "crisi": 0.32715746021528697,
    "germani": 0.0,
    "complaint": 0.20476268837970413,
    "fair": 0.0,
    "intergener": 0.0,
    "revolv": 0.0,
    "healthi": 0.0,
    "el": 0.41052424353031197,
    "turkei": 0.45013128542834285,
    "sudden": 0.0,
    "bueno": 0.5457249205070895,
    "equiti": 0.0,
    "homeland": 0.0,
    "slogan": 0.6686254912265343,
    "terrifi": 0.47728108355589755,
    "greta": 0.3385081922045979,
    "argentinian": -0.0,
    "outspoken": 0.21240062789580724,
    "salon": 0.2581677794634484,
    "ardent": 0.0,
    "sacchi": 0.7230265469031038,
    "palomar": 0.07071521639682932,
    "thunberg": 0.0,
    "paz": 0.12690734349510377,
    "madr": 0.09508130799730471,
    "gallo": 0.0,
    "haedo": 0.0,
    "comunidad": 0.0,
    "elmina": 0.0,
    "chiara": -0.0,
    "gusto": 0.0,
    "cocina": 0.0,
    "soberana": 0.0
  }
}