{
  "qid": "140",
  "query": "Artificial Intelligence and Machine Learning",
  "rank": 2,
  "docid": 1545618,
  "coef": {
    "be": 6.592499179359104,
    "mai": 7.010868757734521,
    "explicitli": 1.9937932423370788,
    "abil": 2.454807679576787,
    "learn": 7.21013656935812,
    "refer": 0.014441561847804074,
    "give": 0.0,
    "program": 0.01308445947038324,
    "intellig": 0.38119476784532147,
    "exhibit": 0.0,
    "artifici": 0.4149907488823042,
    "comput": 0.0,
    "machin": 1.3294997781738576
  }
}