{
  "qid": "137",
  "query": "Online Companies",
  "rank": 5,
  "docid": 2648544,
  "coef": {
    "latin": 0.0,
    "major": 0.0,
    "current": 0.0,
    "origin": 0.0,
    "version": 0.0,
    "market": 0.0,
    "peopl": -0.0,
    "exist": 0.0,
    "system": 0.0,
    "support": 0.0,
    "element": 0.0,
    "north": 0.0,
    "earli": 0.0,
    "mai": 0.0,
    "region": -0.0,
    "europ": 0.07327853262321882,
    "creat": 0.0,
    "order": 0.0,
    "product": 0.0,
    "begin": 0.06129290463308987,
    "attack": -0.0,
    "task": 0.0,
    "robert": 0.0,
    "public": 0.0,
    "servic": -0.0,
    "includ": 0.0,
    "head": 0.0,
    "began": -0.0,
    "histori": -0.0,
    "call": -0.0,
    "allow": 0.0,
    "forc": 0.0,
    "found": 0.06260663830124019,
    "world": 0.09518936429155275,
    "hold": 0.09906287594593605,
    "de": 0.0,
    "oper": 0.0,
    "open": 0.0,
    "kei": -0.0,
    "love": 0.0,
    "formal": 0.0,
    "turn": -0.0,
    "experi": 0.0,
    "long": 0.0,
    "america": 0.11688638945978441,
    "repres": 0.0,
    "second": 0.0,
    "develop": 0.0,
    "popular": 0.0,
    "portal": 0.0,
    "close": 0.0,
    "evil": 0.018398921527145493,
    "territori": 0.09097026181775295,
    "citi": 0.007344922840419111,
    "russian": 0.06957014071210393,
    "time": -0.0,
    "life": 0.0,
    "role": 0.0,
    "util": 0.0,
    "plan": 0.0,
    "plai": 0.0,
    "publish": 0.0,
    "end": 0.0,
    "dynam": 0.0,
    "will": 0.0,
    "internet": 0.0,
    "local": 0.15960718128515927,
    "particip": 0.0,
    "russia": 0.0,
    "china": 0.0,
    "new": 0.0,
    "neg": 0.0,
    "move": 0.0,
    "free": 0.0,
    "mention": -0.0,
    "mark": 0.0,
    "join": -0.0,
    "accord": 0.0,
    "futur": 0.0,
    "first": 0.0,
    "offici": 0.0,
    "user": 0.0,
    "activ": 0.0,
    "war": -0.0,
    "extern": 0.0,
    "unit": 0.0,
    "social": 0.0,
    "comment": 0.0,
    "motiv": 0.0,
    "decis": 0.0,
    "paid": 0.00335461463265206,
    "execut": -0.0,
    "combin": 0.0,
    "strategi": 0.0,
    "power": 0.011291037641541404,
    "suggest": 0.0,
    "2008": 0.11023649562047294,
    "remain": 0.0,
    "onlin": 0.17498213159955267,
    "2": 0.0,
    "estim": 0.0,
    "month": 0.16618685100511976,
    "million": 0.0,
    "fantasi": -0.0,
    "incorpor": 0.0,
    "payment": 0.0,
    "fall": 0.0,
    "full": 0.0,
    "test": 0.0,
    "fifth": -0.0,
    "previous": -0.0,
    "joint": 0.0,
    "ceas": 0.03989023167708491,
    "worldwid": 5.237513224683835e-16,
    "50": 0.0,
    "30": 0.0,
    "game": 0.1761183620229803,
    "special": 0.0,
    "link": 0.0,
    "growth": 0.0,
    "regard": 0.16103097351483614,
    "refus": 0.0,
    "nbsp": 0.0,
    "essenti": -0.0,
    "frequent": 0.006186971996186651,
    "start": -0.0,
    "2010": 0.0,
    "2007": 0.02900384018200161,
    "4": 0.013137203481844849,
    "3": 0.0,
    "zero": -0.0,
    "summer": -0.0,
    "top": 0.0,
    "fire": 0.0,
    "graphic": 0.0,
    "brought": 0.0,
    "subscript": 0.0,
    "cross": 0.0,
    "chief": 0.0,
    "presid": 0.07564423158676675,
    "block": 0.0,
    "custom": 0.0,
    "revenu": -0.0,
    "august": -0.0,
    "busi": 0.0,
    "infrastructur": 0.0,
    "expert": 0.0,
    "anim": 0.0,
    "project": 0.0,
    "ring": -0.0,
    "decemb": 0.0,
    "hit": -0.0,
    "entertain": -0.0,
    "alexand": 0.24984451630617896,
    "spring": 0.0,
    "offic": -0.0,
    "2009": 0.096418904216081,
    "ti": 0.0,
    "franchis": 0.0,
    "regist": 0.004447971317794389,
    "compani": 0.10912518609384786,
    "june": 0.0,
    "subsidiari": 0.0,
    "domest": 0.0,
    "announc": 0.0,
    "februari": 0.0,
    "eastern": -0.0,
    "access": 0.0,
    "march": -0.0,
    "ceo": 0.0,
    "advertis": 0.0,
    "legend": 0.07993898248241249,
    "consult": 0.0,
    "lo": 0.0,
    "earlier": 0.0,
    "tale": 0.18529598738700495,
    "hero": -0.0,
    "appoint": 0.0,
    "let": -0.0,
    "await": 0.0,
    "vice": 0.06860569557330959,
    "destini": 0.0,
    "japan": -0.0,
    "en": 0.0,
    "launch": 0.14797660763334136,
    "titl": 0.051996389222588695,
    "danc": 0.053933078311676264,
    "germani": 0.0,
    "mate": 0.00011440872230755873,
    "legaci": 0.0,
    "mail": 0.0,
    "dream": 0.0,
    "sphere": 0.0,
    "perfect": 0.0,
    "subsequ": 0.0,
    "kingdom": -0.0,
    "asia": 0.0010781790408110452,
    "partnership": -0.0,
    "con": 0.0,
    "abroad": 0.0,
    "chines": 0.0,
    "australia": 0.0,
    "dead": -0.0,
    "player": 0.0,
    "alisa": 0.0,
    "vladimir": -0.0,
    "lewi": 0.0,
    "pirat": 0.0,
    "dj": -0.0,
    "lord": 0.0,
    "hack": 0.0,
    "static": -0.0,
    "afghanistan": 0.0,
    "resurrect": 0.0,
    "galact": -0.0,
    "ru": 0.0,
    "dragon": 0.0,
    "beta": 0.0,
    "turkei": 0.0,
    "igor": -0.0,
    "bee": 0.0,
    "supposedli": 0.0,
    "keeper": 0.0,
    "rebirth": 0.0,
    "hamburg": 0.0,
    "bori": 0.0,
    "korean": 0.0,
    "snail": -0.0,
    "raider": 0.0,
    "ukrainian": 0.0,
    "maya": 0.0,
    "gmbh": 0.0,
    "beij": 0.0,
    "nikita": -0.0,
    "desol": 0.0,
    "abruptli": 0.037189557097020445,
    "rider": 0.0,
    "anatoli": 0.0,
    "funni": 0.0,
    "proxi": 0.0,
    "arena": 0.0,
    "gamer": 0.0,
    "vsevolod": 0.0,
    "cosmic": 0.0,
    "dom": 0.0,
    "tolkien": -0.0,
    "torr": 0.0,
    "nikolski": -0.0,
    "notch": 0.0,
    "jaqu": 0.0,
    "nord": -0.0,
    "ip": -0.0,
    "mmorpg": 0.10084327730796853,
    "leonov": 0.0,
    "johnsson": 0.0,
    "espada": 0.0,
    "woh": 0.0,
    "mmo": 0.0,
    "evp": 0.0,
    "granado": 0.0,
    "silkroad": 0.0,
    "astrum": 0.1520779531646988,
    "merion": 0.0,
    "monato": 0.0,
    "calzada": 0.04475592290734706,
    "allod": 0.0,
    "nival": 0.0,
    "slapshot": 0.0,
    "bolsillo": 0.0,
    "chumachenko": 0.0,
    "webmonei": 0.0,
    "pechito": 0.21813609777633738,
    "chikito": 0.002746463275667417,
    "timezero": 0.0,
    "rappelz": 0.0,
    "meriona": 0.0,
    "parapa": 0.0,
    "ropotov": 0.0,
    "goldybin": 0.0,
    "astrumo": 0.0,
    "gertsovskii": 0.0,
    "matsanyuk": -0.0,
    "talejo": 0.0,
    "terrabank": 0.0,
    "monatorcuato": -0.0,
    "bloodyworld": -0.0
  }
}