{
  "qid": "106",
  "query": "Climate Change Activists",
  "rank": 3,
  "docid": 5801096,
  "coef": {
    "action": 0.0,
    "grew": 0.0,
    "inspir": 0.0,
    "societi": 0.0,
    "mai": 0.0,
    "nation": -0.0,
    "name": 0.14923763601553783,
    "countri": 0.0,
    "movement": 0.0,
    "mid": 0.0,
    "order": 0.0,
    "econom": 0.0,
    "segment": 0.0,
    "taken": 0.0,
    "fight": -0.0,
    "public": 0.14048085574100388,
    "target": 0.10712498424993913,
    "includ": 0.0,
    "address": -0.0,
    "talk": 0.0,
    "camp": 0.0,
    "attend": 0.08856441430193886,
    "educ": 0.0,
    "legal": 0.0,
    "found": 0.0,
    "world": 0.43499681945475105,
    "disrupt": 0.0,
    "establish": 0.2747730409205296,
    "involv": 0.33573912990825683,
    "sever": 0.0,
    "accus": 0.0,
    "still": 0.05401413429402272,
    "school": 0.0,
    "follow": 0.0,
    "work": 0.0,
    "american": -0.0,
    "youth": 0.14664579355164187,
    "octob": 0.0,
    "chang": 0.0,
    "carl": 0.0,
    "learn": 0.0,
    "argentina": 0.1501098156815444,
    "confer": 0.0,
    "group": 0.3364745319388392,
    "lack": 0.0,
    "citi": 0.0,
    "democrat": -0.0,
    "time": 0.353842362255613,
    "protest": 0.0,
    "common": 0.06789088498858448,
    "strike": 0.0,
    "organ": 0.0,
    "network": 0.0,
    "franc": 0.0,
    "live": 0.0,
    "particip": 0.0,
    "northern": 0.0,
    "new": 0.5008573839080565,
    "contribut": 0.0,
    "move": 0.0,
    "join": -0.0,
    "goal": 0.0,
    "similar": 0.0,
    "who": 0.0,
    "futur": 0.0,
    "media": 0.25887405517974965,
    "class": 0.0253651445714159,
    "rise": 0.0,
    "activ": -0.0,
    "part": 0.3168366794875964,
    "pari": 0.0,
    "unit": 0.0809734349769499,
    "social": 0.016152676308306305,
    "founder": 0.0,
    "soon": 0.0,
    "scienc": -0.0,
    "forum": 0.0,
    "dai": 0.255260187683358,
    "activist": -0.0,
    "voic": 0.0,
    "commit": 0.19513249471287308,
    "caught": 0.0,
    "mother": 0.47682468478517737,
    "physic": 0.23037749427556872,
    "contact": 0.00027461136977491085,
    "year": 0.0,
    "program": 0.09213732824135999,
    "research": 0.0,
    "univers": 2.1142980266662675e-15,
    "reduct": 0.006850202390263759,
    "occasion": 0.0,
    "18": 0.0,
    "15": 0.0,
    "14": 0.0,
    "longer": 0.0,
    "24": 0.0,
    "famili": 0.4985668207314318,
    "smoke": 0.1302454827451309,
    "hour": 0.0,
    "2018": 0.32956219446484797,
    "2005": 0.0,
    "4": 0.0,
    "1": 0.0,
    "zero": 0.0,
    "cloud": 0.31294354525939305,
    "receiv": 0.0,
    "climat": 0.49702574938739064,
    "temperatur": 0.0,
    "leadership": 0.0,
    "fire": 0.25807262846582135,
    "earth": 0.044053844425537,
    "front": 0.0,
    "enrol": 0.0,
    "greet": -0.0,
    "seventeen": 0.0,
    "headquart": 0.0,
    "held": 0.001989358662861434,
    "august": -0.0,
    "convent": 0.0007249295693567311,
    "file": 0.0,
    "magazin": 0.40899001646399347,
    "novemb": 0.0,
    "decemb": 0.1587273847235737,
    "york": 0.0,
    "septemb": 0.00025240038224055286,
    "2019": 0.18718172329835692,
    "brazil": 0.0,
    "columbia": 0.00103236352837028,
    "davi": 0.138316769536901,
    "23": 0.0,
    "19": 0.0,
    "visit": 0.0,
    "born": 0.0,
    "suffer": 0.0018312681405440567,
    "januari": 0.0,
    "voyag": 0.07523404984729277,
    "arriv": 0.0,
    "ill": 0.0,
    "lorenzo": 0.0,
    "fellow": 0.0,
    "california": 0.053457219540349814,
    "biographi": 0.0,
    "spark": 0.4035777829420265,
    "pledg": 0.0,
    "speaker": 0.0,
    "upris": 0.0,
    "smith": 0.0,
    "uphold": 0.0,
    "germani": 0.0,
    "complaint": 0.0,
    "scholarship": 0.0,
    "alexandria": 0.0,
    "award": 0.3416453161169118,
    "2020": 0.45023055549499674,
    "agreement": 0.0,
    "fridai": 0.4518500700348256,
    "recipi": 0.0,
    "prize": 0.0,
    "chapter": 0.0,
    "advocaci": 0.0,
    "underli": -0.0,
    "mayor": 0.0,
    "innov": 0.0,
    "copenhagen": 0.0,
    "switzerland": 0.0,
    "turkei": 0.0,
    "skip": 0.0,
    "poland": 0.0,
    "summit": 0.0,
    "greta": 0.25924816439186393,
    "latina": 0.0,
    "transatlant": 0.1803421195001296,
    "denmark": 0.0,
    "sailboat": 1.879578391864981e-15,
    "asthma": 0.09592520085362989,
    "davo": 0.0,
    "kristin": 0.0,
    "catarina": 0.0,
    "tribeca": 0.0,
    "thunberg": 0.12825925027684956,
    "katowic": 0.0,
    "disruptor": 0.0,
    "bastida": -0.0,
    "c40": 0.0,
    "villas": 0.18133988983205948,
    "hogu": 0.0,
    "cop24": 0.16845423722908262,
    "xiy": -0.0,
    "tdia": 0.0
  }
}