{
  "qid": "120",
  "query": "Baking",
  "rank": 4,
  "docid": 6191119,
  "coef": {
    "can": 0.0,
    "product": 0.030157355822288727,
    "task": 0.0,
    "challeng": 0.2640833394763095,
    "take": 0.0,
    "best": 0.0,
    "tri": 0.0,
    "follow": 0.0,
    "critic": 0.0,
    "octob": 0.043818003300839875,
    "experi": 0.2749143441575422,
    "elimin": 0.0,
    "rank": 0.0,
    "will": 0.0,
    "set": 0.0,
    "instruct": 0.0,
    "saw": 0.0,
    "onli": 0.0,
    "produc": 0.10308732372496032,
    "who": 0.0,
    "part": 0.08860413840330493,
    "made": -0.0,
    "base": 0.0,
    "success": 0.0,
    "seri": 0.0,
    "2": 0.0,
    "talent": 0.0,
    "put": 0.1879415050854684,
    "disciplin": 0.03871698361624035,
    "profession": 0.05070464970230982,
    "test": 0.0,
    "show": 0.3575877900079866,
    "face": 0.0,
    "look": 0.0,
    "week": 0.0,
    "examin": 0.0,
    "10": 0.0,
    "given": 0.0,
    "skill": 0.2142094471549916,
    "consist": 0.0,
    "7": 0.0,
    "1": 0.0,
    "home": 0.0,
    "know": -0.0,
    "great": 0.021106665250643503,
    "knowledg": 0.0,
    "season": 0.3312560867473523,
    "format": 0.0,
    "battl": 0.0,
    "baker": 0.2902381375167286,
    "appear": 0.06329815113420173,
    "competit": 0.0,
    "uniqu": 0.0,
    "2019": 0.0,
    "judg": 0.4171301971037828,
    "british": -0.0,
    "star": 0.0,
    "told": 0.0,
    "choos": 0.0,
    "tast": 0.0,
    "contest": 0.0,
    "finish": 0.0,
    "twelv": 0.030495781332715372,
    "technic": 0.10299384905452823,
    "chosen": 0.0,
    "realiti": 0.0,
    "episod": 0.2938105639646686,
    "broadcast": 0.033858019253439176,
    "premier": 0.0,
    "2020": 0.0,
    "tv": 0.0,
    "worst": 0.1275803177453036,
    "cook": 0.0,
    "recip": 0.2873070415605777,
    "amateur": 0.0,
    "altogeth": -0.0,
    "overview": 0.0,
    "rustic": 0.0,
    "crown": 0.3991310712257534,
    "bbc": 0.0,
    "signatur": -0.0,
    "bake": 0.3024538725715695,
    "kenyan": 0.20690917681082047,
    "showstopp": 0.36920602754257137
  }
}