{
  "qid": "144",
  "query": "Child Development",
  "rank": 9,
  "docid": 5192931,
  "coef": {
    "state": 0.0,
    "societi": 0.0,
    "focus": 0.0,
    "support": 0.0,
    "assist": 0.0,
    "earli": 0.0,
    "nation": 0.02611019826944434,
    "name": 0.0,
    "addition": -0.0,
    "help": 0.0,
    "begin": 0.0,
    "next": 0.0,
    "reduc": 0.0,
    "conduct": 0.0,
    "public": 0.0,
    "gener": 0.0,
    "servic": 0.0,
    "includ": 0.034642313460805305,
    "address": 0.0,
    "educ": 0.0,
    "number": 0.0,
    "found": 0.0,
    "professor": 0.15349453832893323,
    "area": 0.0,
    "work": 0.2876757892116443,
    "american": 0.0,
    "youth": 0.0,
    "women": 0.0,
    "develop": 0.10963366616434359,
    "career": 0.0,
    "issu": -0.0,
    "aim": 0.0,
    "commun": 0.0,
    "princip": 0.0,
    "exampl": 0.0,
    "break": -0.0,
    "life": 0.0,
    "role": -0.0,
    "organ": 0.0,
    "influenc": 0.0,
    "institut": 0.033068819647423614,
    "field": 0.0,
    "children": 0.0923207826727074,
    "1960": 0.0,
    "known": 0.0,
    "direct": 0.0,
    "child": 0.02428242889702044,
    "new": 0.0,
    "contribut": 0.0,
    "effect": 0.0,
    "intern": 0.0,
    "join": 0.0,
    "media": 0.013379108539827265,
    "multipl": 0.0,
    "usag": -0.0,
    "gender": 0.0,
    "member": 0.17860380675967508,
    "studi": 0.0,
    "base": 0.0,
    "council": 0.0,
    "soon": 0.0,
    "scienc": 0.0,
    "achiev": 0.0,
    "associ": 0.0363942925379807,
    "serv": 0.0,
    "human": 0.0,
    "televis": 0.13766298615710382,
    "train": 0.0,
    "mechan": -0.0,
    "templ": -0.0,
    "psychologist": 0.0,
    "psycholog": 0.2053763552395031,
    "appli": 0.0,
    "care": 0.23272440438052797,
    "program": 0.0,
    "durat": 0.0,
    "recognit": 0.0,
    "numer": 0.0,
    "development": 0.1250450485585345,
    "research": 0.3336644318465959,
    "health": 0.05035503176888535,
    "outcom": 0.0,
    "univers": 0.10268108243461538,
    "investig": 0.06301809351237121,
    "1990": 0.0,
    "special": 0.0,
    "famili": 0.0,
    "affect": 0.0,
    "consequ": -0.0,
    "mental": 0.008794226533501362,
    "employ": -0.0,
    "hope": 0.0,
    "hospit": 0.0,
    "7": 0.0,
    "board": 0.0,
    "receiv": 0.15791093871282602,
    "impact": 0.0,
    "incom": 0.0,
    "ground": -0.0,
    "presid": 0.07871036934294362,
    "texa": 0.0,
    "spent": 0.0,
    "divis": 0.0,
    "calvert": 0.027633595967020363,
    "project": 0.0,
    "center": 0.063985077518349,
    "depart": 0.0,
    "poverti": 0.11309534411097964,
    "1978": 0.0,
    "1974": 0.0,
    "1973": 0.0,
    "1965": 0.31487482151139573,
    "1964": 0.0,
    "1963": 0.0,
    "1961": 0.0,
    "visit": 0.0,
    "polici": 0.16130271979899638,
    "pennsylvania": 0.0,
    "reward": 0.0,
    "kansa": 0.0,
    "fellow": 0.0,
    "biographi": 0.0,
    "minnesota": -0.0,
    "theater": 0.0,
    "1968": 0.0,
    "outstand": 0.0,
    "lifetim": 0.0,
    "faculti": 0.10863059825322272,
    "academi": 0.0,
    "award": 0.29553137144629144,
    "collabor": 0.0,
    "director": 0.0,
    "1976": 0.0,
    "fellowship": 0.0,
    "1988": 0.0,
    "advocaci": 0.0,
    "austin": 0.0,
    "allianc": 0.0,
    "nichola": 0.0,
    "regent": 0.0,
    "emin": 0.0,
    "ph": 0.0,
    "pond": 0.0,
    "southwestern": -0.0,
    "huston": 0.18870204467402532,
    "ba": 0.0,
    "stanford": -0.0,
    "advisori": 0.0,
    "emeritu": -0.0,
    "hobb": 0.0,
    "irvin": 0.0,
    "cornel": 0.0,
    "ellen": 0.0,
    "rosemari": 1.301921947314644e-07,
    "apa": 0.025939420291993257,
    "uri": 0.0,
    "priscilla": 0.0,
    "hallmark": 0.0,
    "accolad": -0.0,
    "sandra": 0.0,
    "truglio": 0.0,
    "bronfenbrenn": 0.0,
    "predoctor": 0.0,
    "aletha": 0.0,
    "srcd": 0.0,
    "youngberg": 0.0,
    "flawn": 0.0,
    "nichd": 0.0,
    "wartella": 0.0,
    "critc": -0.0
  }
}