{
  "qid": "113",
  "query": "Computer Scientists",
  "rank": 8,
  "docid": 2696703,
  "coef": {
    "state": 0.13793866157095813,
    "think": 0.0,
    "biolog": 0.0,
    "highli": 0.0,
    "emerg": 0.0,
    "focus": -0.0,
    "can": 0.015143551960405646,
    "support": 0.5043768942813887,
    "nation": 0.1254087903779876,
    "led": 0.0,
    "help": 0.10391874016641532,
    "order": 0.02901709951573511,
    "econom": 0.24028325939346937,
    "foster": 0.0,
    "head": -0.0,
    "challeng": 0.0,
    "manag": 0.14959230490248068,
    "found": 0.0,
    "bring": 0.0,
    "perform": 0.0278609548427089,
    "need": 0.0,
    "establish": 0.17809783363523254,
    "involv": 0.0,
    "kei": 0.3383244923514279,
    "follow": 0.0,
    "david": -0.0,
    "far": 0.33214457732667585,
    "environment": 0.4901851431757879,
    "aim": 0.0,
    "colleg": 0.16923494508125628,
    "commun": 0.021602039371948212,
    "time": 0.06480920447373716,
    "role": 0.024248306673041807,
    "plai": 0.0,
    "newli": 0.06108468955969449,
    "institut": -0.0,
    "will": 0.0,
    "field": -0.0,
    "method": 0.043195192299348706,
    "particip": 0.0,
    "vision": 0.048236836144048084,
    "new": 0.0,
    "effect": 0.07845204495509472,
    "goal": 0.0,
    "question": 0.0,
    "futur": 0.0,
    "problem": 0.0,
    "wai": 0.04730220300024892,
    "scientist": 0.16031541988178502,
    "releas": 0.0938048294258829,
    "natur": 0.04775013038191971,
    "member": 0.0,
    "scienc": 0.11730574440322218,
    "foundat": 0.3142953663356365,
    "associ": -0.0,
    "2008": 0.0,
    "increas": 0.0,
    "techniqu": 0.01603788528569019,
    "appli": 0.0,
    "year": 0.0,
    "sustain": 0.47123185828788977,
    "program": 0.0,
    "research": 0.10984946809292731,
    "joint": 0.0,
    "univers": 0.233625168302344,
    "grant": 0.0,
    "resourc": 0.008062513705174494,
    "methodolog": 0.12911289534931486,
    "12": 0.0,
    "societ": 0.0,
    "reach": 0.0013272557995470588,
    "7": 0.0,
    "fund": 0.06946020774061845,
    "ic": 0.3675037845063979,
    "balanc": 3.505107538838568e-06,
    "mari": 0.0,
    "comput": 0.22076472540700362,
    "press": 0.0,
    "northwest": 0.0,
    "engin": 0.0,
    "conserv": 0.0,
    "team": 0.43436344916888026,
    "pacif": 0.0,
    "expedit": 0.36887773503154814,
    "depart": 0.0,
    "thoma": -0.0,
    "announc": 0.0,
    "transform": 0.0,
    "oregon": 0.015230497930371721,
    "quot": -0.0,
    "economist": 0.0,
    "biologi": 0.0,
    "mathematician": 0.0,
    "effici": 0.0,
    "solv": 0.0,
    "biologist": -0.0,
    "director": 0.0,
    "laboratori": 0.0,
    "howard": 0.1552887521236257,
    "inject": 0.0,
    "alloc": 0.0,
    "ventur": 0.0,
    "interdisciplinari": 0.0,
    "insight": 0.0,
    "analog": 0.0,
    "141": 0.11260887879754158,
    "enrich": 0.42844377515460075,
    "nsf": 0.0,
    "deputi": -0.0,
    "cornel": -0.0,
    "08": 0.03388040570851503,
    "lou": 0.0,
    "vibrant": 0.0,
    "zeeman": 0.0,
    "bowdoin": -0.0,
    "gome": 0.3876151343139321,
    "carla": 1.2698022565028554e-14,
    "osu": 0.0,
    "shmoi": -0.0,
    "dietterich": -0.0
  }
}