{
  "qid": "114",
  "query": "Songwriting",
  "rank": 9,
  "docid": 2131192,
  "coef": {
    "third": 0.0,
    "discuss": 0.09628233844114546,
    "origin": 0.0,
    "benefit": -0.0,
    "exist": 0.0,
    "inspir": 0.0,
    "can": 0.0,
    "creat": 0.0,
    "countri": 0.0,
    "music": 0.2785516745497809,
    "websit": 0.0,
    "conduct": 0.0,
    "write": 0.2036478096137914,
    "differ": 0.0,
    "gener": 0.0,
    "includ": 0.11838059722808847,
    "big": 0.0,
    "later": 0.0,
    "call": 0.0,
    "event": 0.16670690811891722,
    "polit": 0.0,
    "number": 0.0,
    "import": 0.0,
    "found": 0.0,
    "world": 0.0006142008235308504,
    "perform": 0.0,
    "american": 0.3262951650413282,
    "chang": 5.0279451567851665e-05,
    "long": 0.16384005470933347,
    "career": 0.0,
    "well": 0.0,
    "issu": 0.0,
    "william": 0.004584159731622149,
    "exampl": 0.0,
    "contract": -0.0,
    "artist": 0.23441121618351848,
    "wing": 0.0004225571262663963,
    "internet": 0.11003064711497403,
    "find": 0.0,
    "particip": 0.14251313980860955,
    "todai": 0.004905799440178117,
    "20": 0.007157266996387482,
    "known": 0.0,
    "new": 0.12617877988023146,
    "intern": 0.0,
    "win": 0.2916638375234409,
    "john": 0.0,
    "who": 0.0,
    "read": 0.0,
    "first": 0.0,
    "wai": 0.0,
    "social": 0.37026600896164086,
    "base": 0.0,
    "forum": 0.29233531972644206,
    "parti": 0.0,
    "onlin": 0.0,
    "stori": 0.2683702093705605,
    "initi": 0.0,
    "2015": 0.0,
    "year": 0.0,
    "rare": 0.0,
    "previous": 0.0006982114175770872,
    "ask": 0.0,
    "variat": 0.12747315905633091,
    "old": 0.0,
    "rais": 0.0,
    "exposur": 0.0,
    "opportun": 0.0,
    "theme": -0.0,
    "awar": 0.0,
    "3": 0.0,
    "requir": 0.0,
    "receiv": 0.0,
    "annual": 0.0,
    "advent": 0.0,
    "hook": 0.0,
    "cross": 0.0,
    "submit": 0.0,
    "record": 0.029272650519787502,
    "richard": 0.0,
    "competit": 0.3243011099819157,
    "magazin": 0.0,
    "hit": 0.09399070574334789,
    "york": 0.0,
    "ono": 0.0,
    "june": 0.0,
    "short": 0.0,
    "subsidiari": 0.0,
    "monei": 0.0,
    "announc": 0.0,
    "angel": 0.0,
    "lo": 0.0,
    "piec": 0.0,
    "inaugur": 0.0,
    "harri": 0.0,
    "sing": 0.0,
    "launch": 0.0,
    "sponsor": 0.0,
    "1997": 0.0,
    "contest": 0.19591483712244132,
    "pop": 0.0,
    "winner": 0.01965943281287155,
    "song": 0.1276408707963164,
    "bottl": 0.00563427425299757,
    "prize": 0.0,
    "maker": -0.0,
    "musician": 0.0,
    "wind": 0.0,
    "durango": 0.0,
    "jeff": 0.0,
    "chart": 0.0,
    "boost": 0.0,
    "wooden": 0.11152014406556107,
    "kim": 8.123284150220561e-17,
    "songwrit": 0.16737462554785046,
    "expo": 0.0,
    "nashvil": 0.0,
    "idol": 0.0,
    "billboard": 0.0,
    "fide": 0.0,
    "lennon": 0.0,
    "yoko": 0.14632347678287483,
    "airplai": 0.1057077982879049,
    "pam": 0.12752395549487738,
    "bona": 0.0,
    "moreno": 0.0,
    "geni": 0.0,
    "spinoff": 0.021582427072599417,
    "alissa": 0.0,
    "offlin": -0.0,
    "fiverr": 0.0,
    "sheyn": 0.01027978047231529,
    "silbar": 0.0,
    "unisong": 0.0,
    "compros": 0.0,
    "wwahm": 0.15388557713497827
  }
}