{
  "qid": "137",
  "query": "Online Companies",
  "rank": 4,
  "docid": 5194991,
  "coef": {
    "pai": 0.010973887280431364,
    "list": 0.0,
    "current": 0.0,
    "name": -0.0,
    "platform": 0.0,
    "adopt": 0.21056535607149532,
    "histori": 0.0,
    "allow": 0.0,
    "number": 0.0,
    "found": 0.0,
    "hold": 0.0,
    "work": 0.0,
    "internet": 0.0,
    "peter": 0.0,
    "new": 0.0,
    "like": 0.0,
    "similar": 0.0,
    "first": 0.22294683340195212,
    "user": 0.0,
    "unit": 0.0,
    "base": 0.0,
    "back": 0.0,
    "onlin": 0.5440799235663353,
    "car": 0.7818952333196205,
    "2015": 0.27645416789738997,
    "uk": 0.0,
    "model": 0.0,
    "loss": 0.0,
    "rais": 0.0,
    "deliv": 0.059958383737668014,
    "inventori": 0.3746118012075279,
    "3": 0.0,
    "home": 0.45755628937796317,
    "fund": 0.5680454585354867,
    "round": 7.199911831931525e-15,
    "site": 0.0,
    "invest": 0.0,
    "rocket": 0.7428807361101366,
    "compani": 0.9167097144094039,
    "juli": 0.0,
    "financ": -0.0,
    "march": 0.5595511549858074,
    "consult": 0.5491116991914747,
    "bui": 0.23929771388769486,
    "choos": 0.20979732591631403,
    "17th": 0.0,
    "launch": 0.0,
    "berlin": 0.0,
    "kingdom": 0.0,
    "dr": 0.15592855886269127,
    "recept": 0.0,
    "promis": 0.0,
    "stock": 0.6241890016322593,
    "investor": 0.1690080934522617,
    "catalogu": 0.0,
    "dealer": -0.07068786548007165,
    "startup": 0.11175200225640372,
    "maximilian": 0.21759154380062584,
    "incub": 0.14729979440996802,
    "vroom": 0.0,
    "29m": 0.0,
    "carvana": -0.0,
    "baumgart": 0.0,
    "beepi": 0.0,
    "carspr": -0.0,
    "vollenbroich": 0.0
  }
}