{
  "qid": "123",
  "query": "Currency",
  "rank": 4,
  "docid": 3210307,
  "coef": {
    "major": 0.0,
    "current": -0.0,
    "currenc": 0.5653240863294707,
    "market": 0.0,
    "stabil": 0.0,
    "can": 0.3365759438384249,
    "movement": 0.0,
    "order": 0.0,
    "econom": 0.0,
    "us": 0.0,
    "pre": 0.0,
    "defin": 0.0,
    "basic": 0.0,
    "strong": 0.0,
    "call": 0.1511551046141687,
    "reflect": 0.0,
    "perform": 0.0011913004384082276,
    "reaction": 0.28393397610565696,
    "due": 0.013437542178835632,
    "trade": 0.022368632131767197,
    "kind": 0.017172026376312256,
    "repres": 0.07644080267378815,
    "interest": 0.0,
    "whole": 0.0,
    "exampl": 0.1813758778682723,
    "abl": 0.35537502405257904,
    "relat": 0.0,
    "see": 0.0,
    "method": 0.06713015580318192,
    "express": 0.0,
    "determin": 0.0,
    "move": -0.0,
    "idea": 0.0,
    "base": -0.0,
    "refer": 0.3531930301353375,
    "combin": 0.0286165496584675,
    "power": 0.06285737357855967,
    "valu": 0.0,
    "hard": 0.0,
    "happen": 0.23593611788294475,
    "across": 0.0,
    "absolut": -0.0,
    "correl": -0.0,
    "indic": 0.3173495712921212,
    "look": 0.0,
    "percentag": 0.0,
    "rate": 0.0,
    "observ": 0.0,
    "typic": 0.0,
    "data": 0.2514848791827237,
    "90": 0.38280521467346373,
    "instrument": 0.0,
    "rel": -0.0,
    "factor": 0.0,
    "analysi": 0.0,
    "pair": 0.0,
    "visibl": 0.0,
    "index": 0.25434065821534146,
    "balanc": 0.0,
    "calcul": 0.0,
    "oil": 0.0,
    "trader": 0.0,
    "dollar": -0.0,
    "financi": 0.0,
    "purchas": 0.07153390851786137,
    "weak": 0.01780442892061086,
    "sell": 0.0,
    "bui": 0.0,
    "strength": -0.0,
    "choos": 0.0,
    "gold": 0.0,
    "easili": 0.0,
    "fundament": 0.0,
    "economist": 0.0,
    "volum": 0.0,
    "technic": 0.0,
    "valuabl": 0.0,
    "trend": 0.0,
    "chart": 0.0,
    "basket": 0.0,
    "flow": 0.0,
    "cad": 0.0,
    "revalu": 0.0,
    "aud": 0.0,
    "forex": 0.3280958556686795,
    "usdx": 0.01712332149337603
  }
}