{
  "qid": "144",
  "query": "Child Development",
  "rank": 4,
  "docid": 5506790,
  "coef": {
    "list": 0.0,
    "head": 0.0,
    "establish": 0.0017328808827506543,
    "youth": 0.0,
    "develop": 0.8369578033187015,
    "commun": -0.0,
    "child": 0.6981055310843556,
    "gender": 0.9496659389789447,
    "combin": 0.0,
    "mother": -0.0,
    "health": 0.0,
    "2016": 0.0,
    "2012": 0.8953314108204166,
    "sport": 0.0,
    "divis": -0.0,
    "cabinet": 1.1642087169614421,
    "offic": 6.608390511049539e-15,
    "depart": 0.0,
    "renam": -0.0,
    "transfer": 0.0,
    "ministri": 0.8104048333535542,
    "minist": 0.3834235827302647,
    "zambia": 0.46157760868096437,
    "deputi": 0.0
  }
}