{
  "qid": "120",
  "query": "Baking",
  "rank": 6,
  "docid": 845097,
  "coef": {
    "be": 0.0,
    "type": 0.08193464213809178,
    "higher": -0.0,
    "mai": 0.2829867829009709,
    "bitter": 0.0,
    "product": 0.0,
    "includ": -0.0,
    "form": 0.0,
    "ad": 0.0,
    "denot": 0.03097431963011691,
    "see": 0.0,
    "signific": 0.0,
    "handl": 0.0,
    "amount": 0.15742947765972368,
    "part": 0.0,
    "refer": 0.0,
    "replac": 0.0,
    "easier": 0.0,
    "varieti": 0.33142489368441674,
    "modern": 0.0,
    "remain": 0.0,
    "contain": 0.0,
    "depend": 0.0,
    "tabl": 0.1758176096751398,
    "lower": -0.0,
    "primari": 0.0,
    "typic": 0.21624882561275996,
    "50": 0.0,
    "40": -0.0,
    "15": 0.0,
    "minimum": 0.0,
    "qualiti": 0.0,
    "compar": 0.4179733546969603,
    "requir": 0.12168398608697087,
    "35": 0.006815154025116402,
    "temper": 0.0,
    "semi": -0.0,
    "content": 0.3958861865375772,
    "dark": 0.13386952336392094,
    "least": 0.0,
    "bar": 0.22580702510187892,
    "baker": 0.0,
    "prepar": 0.005242444164905233,
    "percent": 0.0,
    "manufactur": 0.0,
    "compani": 0.1878045223380232,
    "fat": 0.10669610268373145,
    "cook": 0.0,
    "sugar": 0.37240617717446695,
    "recip": 0.0,
    "ingredi": 0.07131727707755425,
    "liquor": 0.003623425181472951,
    "chocol": 0.3648491549358177,
    "sweet": -0.0,
    "cocoa": 0.20575788196247177,
    "chip": -0.0,
    "bake": 0.001285172187819372,
    "flavor": -0.0,
    "butter": 0.0,
    "adj": 0.0,
    "lindt": 0.021497706401325783,
    "hershei": 0.0,
    "guittard": 0.0,
    "menier": 0.0,
    "mouthfeel": 0.0,
    "bittersweet": 0.0,
    "unsweeten": 0.0,
    "ghirardelli": 0.0,
    "semisweet": 0.0,
    "callebaut": 0.0,
    "valrhona": 0.0
  }
}