{
  "qid": "107",
  "query": "Seafood",
  "rank": 0,
  "docid": 2593297,
  "coef": {
    "be": 0.0,
    "demonstr": 0.0,
    "state": 0.07476762791262105,
    "discuss": 0.0587369122690487,
    "current": 0.0,
    "lead": 0.022169846508013267,
    "origin": 0.0,
    "version": 0.0,
    "progress": 0.0,
    "market": 0.0,
    "seek": 0.028699361274657123,
    "attempt": 0.0,
    "focus": 0.0,
    "support": 0.08836345556294865,
    "element": 0.0486301645115906,
    "north": 0.0,
    "europ": 0.0,
    "led": 0.0,
    "connect": 0.0,
    "movement": 0.0,
    "industri": 0.0,
    "econom": 0.0,
    "segment": 0.13510224224866005,
    "task": 0.013586672129760552,
    "respons": 0.0,
    "public": 0.0,
    "includ": 0.0,
    "began": 0.11023412847549514,
    "talk": 0.05481637938301521,
    "histori": 0.0,
    "later": 0.0,
    "event": 0.0,
    "manag": 0.10214575912528757,
    "french": 0.0,
    "expand": 0.0,
    "world": 0.0,
    "bring": 0.32521728886503914,
    "perform": 0.0,
    "principl": 0.11277334554175324,
    "need": 0.08547497880173309,
    "establish": 0.045503968178073874,
    "host": -0.0,
    "term": 0.0,
    "kei": 0.0,
    "follow": 0.0,
    "work": 0.18449754285268635,
    "american": 0.0,
    "just": 0.003199148221305022,
    "enabl": 0.0,
    "chang": 0.0,
    "guid": 0.17841464790061554,
    "long": 0.0,
    "repres": -0.0,
    "creation": 0.0,
    "choic": 0.1651944065139966,
    "young": 0.0,
    "complex": 0.0,
    "govern": 0.0,
    "environment": 0.2967157177313171,
    "issu": -0.0,
    "effort": 0.0,
    "commun": 0.28680875527700267,
    "time": 0.0,
    "break": 0.0,
    "organ": 0.0,
    "publish": 0.0,
    "consum": 0.0,
    "network": 0.0,
    "see": 0.0,
    "non": -0.0,
    "wide": 0.0,
    "todai": -0.0,
    "dispar": 0.0,
    "onli": 0.0,
    "contribut": 0.0,
    "effect": 0.0,
    "intern": 0.0,
    "join": 0.0,
    "goal": 0.020189864353485697,
    "practic": -0.0,
    "multipl": 0.0,
    "first": 0.3180760182131745,
    "result": 0.0,
    "past": 0.0,
    "make": 0.029079035511536268,
    "distribut": 0.0,
    "extern": 0.0,
    "unit": 0.0,
    "social": 0.08069535526604685,
    "promot": 0.0,
    "natur": 0.0,
    "individu": 0.0,
    "base": 0.0,
    "council": 0.0,
    "give": 0.0,
    "sole": 0.0,
    "label": 0.0,
    "easi": 0.0,
    "illeg": 0.0,
    "sourc": 0.0,
    "valu": 0.0,
    "broader": -0.0,
    "global": 0.09150295041206578,
    "latest": 0.0,
    "divers": 0.0,
    "back": 0.0,
    "serv": 0.0,
    "seri": 0.0,
    "approach": 0.04982470949399883,
    "commit": 0.02070888433361606,
    "ultim": 0.0,
    "across": 0.0,
    "intend": 0.0,
    "initi": 0.18600966596424282,
    "present": 0.18309080217464405,
    "year": 0.0,
    "identifi": 0.0,
    "profession": 0.0,
    "sustain": 0.24850122517645093,
    "program": 0.0,
    "focu": 0.13463847880304955,
    "trace": 0.013558110222119193,
    "consider": 0.0,
    "research": 0.0,
    "recogn": 0.0,
    "primari": 0.0,
    "data": 0.0,
    "1996": 0.0,
    "now": 0.0,
    "coordin": 0.08890758995580725,
    "improv": 0.10073915726181588,
    "traceabl": -0.0,
    "audienc": 0.157272984953137,
    "report": 0.0,
    "integr": 0.0,
    "measur": 0.0,
    "speak": 0.020324947366351383,
    "comprehens": 0.0,
    "start": 0.0,
    "2005": -0.0,
    "grow": 0.0,
    "fund": 0.26581931828367716,
    "climat": -0.0,
    "leadership": 0.0,
    "ocean": 0.02804349694690446,
    "annual": 0.0064413389229369756,
    "clear": 0.0,
    "european": 0.021697472386188348,
    "format": 0.0,
    "restaur": 0.05222597508080761,
    "statu": 0.0174157404548634,
    "bai": 0.04367547091992349,
    "usa": 0.014097039716748546,
    "champion": -0.0,
    "conserv": 0.0,
    "fish": 0.0,
    "concentr": 0.0,
    "retail": 0.0,
    "busi": 0.0,
    "project": 0.0,
    "campaign": 0.0,
    "2006": 0.013498605603387065,
    "2001": 0.0,
    "provid": 0.006202708066547928,
    "compani": 0.3361333126184165,
    "wildlif": 0.0,
    "short": 0.0,
    "diversifi": 0.0,
    "british": 0.034560011117207044,
    "announc": 0.0,
    "giant": 0.0,
    "heel": 0.0,
    "bad": 0.0,
    "honor": 0.0,
    "agre": 0.056943298211696323,
    "watch": 0.0,
    "assur": 0.0,
    "devot": 0.013157495474882165,
    "1997": 0.0,
    "outstand": 0.0,
    "chain": 0.03049264853817134,
    "depth": 0.0,
    "partnership": 0.0,
    "award": 0.0,
    "1998": 0.0,
    "certifi": 0.0,
    "buyer": 0.0,
    "constitu": 0.0,
    "healthi": 0.0,
    "nonprofit": 0.020856642625997686,
    "solut": -0.0,
    "allianc": 0.0,
    "card": 0.0,
    "stock": 0.0,
    "innov": 0.13042948239783592,
    "government": -0.0,
    "aquacultur": -0.0,
    "distil": 0.0,
    "unregul": 0.0,
    "mart": 0.0,
    "wwf": 0.0,
    "ecosystem": 0.0,
    "marin": 0.2121422741285972,
    "stewardship": -0.0,
    "seafood": 0.21341670215614453,
    "summit": -0.0,
    "fisheri": 0.0,
    "marketplac": 0.0,
    "unreport": 0.0,
    "catalyst": 0.09478042273295681,
    "stakehold": 0.0,
    "msc": 0.0,
    "overfish": 0.0,
    "prerequisit": 0.0,
    "swordfish": 0.0,
    "eco": 0.01770276742380408,
    "ngo": 0.2999108661051327,
    "workshop": 0.09970374316468825,
    "spate": 0.0,
    "mcdonald": 0.0,
    "monterei": 0.0054078948535431276,
    "benchmark": 0.0,
    "gri": 0.0,
    "wal": 0.0,
    "aquarium": 0.0,
    "unilev": 0.08166767939743154,
    "darden": 0.0067825182450815666,
    "wallet": 0.0,
    "ahold": 0.0,
    "seaweb": 0.2120428823282539
  }
}