{
  "qid": "128",
  "query": "Racing",
  "rank": 9,
  "docid": 3347292,
  "coef": {
    "organis": 0.0,
    "resolv": 0.0,
    "can": 0.0,
    "differ": 0.05240057369692969,
    "take": 0.25164398147013634,
    "rule": 0.14885892897100905,
    "later": 0.0,
    "event": 0.0,
    "form": 0.0,
    "import": 0.0014070706897746366,
    "world": 0.0,
    "normal": 0.0,
    "area": 0.0,
    "distanc": 0.0,
    "involv": -0.0,
    "contrast": 0.0,
    "long": 0.0,
    "america": 0.0,
    "complet": -0.0,
    "issu": 0.013281615811075197,
    "time": 0.18974153465801682,
    "protest": 0.0,
    "common": 0.05322240030219407,
    "cours": 0.0,
    "place": 0.0,
    "set": 0.0,
    "specif": -0.0,
    "featur": 0.058512252617933004,
    "who": 0.0,
    "tactic": 0.0,
    "class": 0.11929733430226692,
    "made": 0.0,
    "basi": 0.22313270277628178,
    "give": 0.0,
    "2008": 0.0,
    "seri": 0.0,
    "occur": 0.00042347235545045394,
    "altern": 0.0,
    "hand": 0.19739267470606395,
    "consider": 0.0,
    "outcom": 0.0,
    "supplement": 0.0,
    "race": 0.27937000345774643,
    "adjust": 0.0,
    "factor": 0.0,
    "start": 0.0,
    "design": 0.04293391289401872,
    "2007": 0.0,
    "match": 0.0,
    "ocean": 0.0,
    "geograph": 0.09034789458987173,
    "format": 0.0,
    "cup": 0.0,
    "huge": 0.0,
    "enforc": 0.0,
    "speed": 0.0,
    "team": -0.0,
    "competit": 0.0,
    "length": 0.0,
    "penalti": 0.01005314498534957,
    "eleven": 0.0,
    "island": 0.04466413224330245,
    "short": 0.0,
    "boat": 0.18437318228627267,
    "strateg": 0.0,
    "gold": 0.0,
    "finish": 0.0,
    "faster": 0.0,
    "heard": 0.0,
    "voluntarili": 0.0,
    "olymp": 0.0,
    "ben": 0.0,
    "handicap": 0.0,
    "sailor": 0.0,
    "sail": 0.3039951234137146,
    "fleet": 0.06261160121011593,
    "umpir": 0.040229385061101436,
    "volvo": 0.0,
    "slower": 0.0,
    "lodg": 0.0,
    "offshor": 0.0,
    "sailboat": 0.0,
    "ainsli": 0.0,
    "forai": 0.0,
    "inshor": 0.0,
    "medallist": 0.0,
    "buoi": 0.06980319406238357,
    "contravent": 0.0
  }
}