{
  "qid": "139",
  "query": "European Union Governance",
  "rank": 7,
  "docid": 5310713,
  "coef": {
    "state": 2.469635087368903,
    "list": 0.0,
    "union": 2.8107008800468747,
    "organis": 2.6821321408626666,
    "repres": 0.0,
    "govern": 0.0,
    "relat": 1.4895340457789419,
    "offici": 0.0,
    "foreign": 0.0,
    "european": 0.011233211146655247,
    "eastern": 0.10018915009118202,
    "ambassador": 0.29729709377036423,
    "saint": 0.0,
    "caribbean": 0.0012639031049813717,
    "lucia": 0.0
  }
}