{
  "qid": "113",
  "query": "Computer Scientists",
  "rank": 1,
  "docid": 857905,
  "coef": {
    "state": 0.04390142890784458,
    "can": 0.17422558806304714,
    "nation": 0.0,
    "name": 0.6082123295488873,
    "creat": 0.0,
    "law": 0.0678226920122434,
    "econom": 4.478466103115219e-15,
    "task": 0.5318328249903113,
    "concept": 0.0,
    "gener": -0.0,
    "form": 0.011619035093336467,
    "perform": -0.0,
    "area": 0.07666325996423365,
    "work": -0.0,
    "larg": 0.0022482938152291456,
    "art": 0.0,
    "respect": 0.0,
    "academ": 0.012141524575263043,
    "necessarili": 0.01660514960033286,
    "influenc": 0.0,
    "field": 0.7493369403125347,
    "specif": 0.0,
    "effect": 0.0,
    "amount": 0.011554458332314272,
    "who": -0.0,
    "wai": 0.002066244874613381,
    "increasingli": 0.7813183364910687,
    "scientist": 0.7016330805119667,
    "social": 0.0,
    "person": 0.0,
    "scienc": 0.8536889560085179,
    "train": 0.565199617818082,
    "physic": 0.0,
    "medicin": 0.0,
    "disciplin": 0.11855256432986139,
    "appli": 0.5554667618501581,
    "model": -0.0,
    "high": -0.0,
    "advanc": 0.48668029574345345,
    "research": 0.7436999815399072,
    "univers": 0.0,
    "typic": 1.1714836375432292e-14,
    "data": 0.7915231888788544,
    "analyz": 0.9924500044563072,
    "scientif": 0.5869526981289135,
    "analysi": 0.5284473024786641,
    "skill": 0.0,
    "cloud": 0.07566012257089226,
    "artifici": -0.0,
    "clean": 0.9820047518903626,
    "comput": 0.6020184440101004,
    "huge": 0.0,
    "engin": 0.0,
    "compani": 0.8252585631798088,
    "biologi": 0.5824483340176188,
    "mathematician": 0.0,
    "calibr": 0.026103255674163217,
    "lab": 0.0,
    "usabl": 0.0,
    "chemistri": 0.0,
    "simul": 0.8400814508861105,
    "forth": 0.007836701486528964,
    "astrophys": 0.0,
    "statistician": 0.0,
    "tech": 0.000634586978235141
  }
}