{
  "qid": "145",
  "query": "Finance",
  "rank": 9,
  "docid": 156427,
  "coef": {
    "state": 0.0,
    "list": -0.0,
    "current": -0.0,
    "currenc": 0.0,
    "benefit": 0.0,
    "can": -0.0,
    "support": 0.11270408113601375,
    "assist": 0.0,
    "mai": 0.0,
    "nation": 0.0,
    "name": 0.0,
    "countri": 0.19284305755974707,
    "econom": 0.2051181550514764,
    "differ": 0.0,
    "respons": -0.0,
    "public": -0.0,
    "gener": 0.0,
    "servic": -0.0,
    "head": 0.0,
    "histori": 0.0,
    "call": -0.0,
    "manag": 0.0,
    "form": 0.0,
    "view": 0.07660800811303341,
    "import": -0.0,
    "found": 0.0,
    "world": 0.0,
    "hold": 0.0,
    "perform": 0.0,
    "due": 0.0,
    "bodi": -0.0,
    "limit": 0.16460104719099214,
    "kei": 0.0,
    "charg": 0.0,
    "vari": 0.0,
    "larg": -0.0,
    "control": 0.0,
    "percept": 0.0,
    "second": 0.0,
    "interest": 0.0,
    "duti": 0.0,
    "respect": -0.0,
    "govern": 0.051470910467421985,
    "feder": 0.0,
    "monetari": 0.0,
    "regul": 0.0,
    "notabl": 0.0,
    "central": 0.0,
    "see": -0.0,
    "signific": 0.0,
    "histor": 0.0,
    "like": 0.0,
    "handl": 0.0,
    "signal": 0.0,
    "who": 0.0,
    "practic": 0.0,
    "posit": 0.15701044738120803,
    "first": 0.0,
    "post": -0.0,
    "unit": 0.10375466462730194,
    "decis": 0.0,
    "directli": 0.0,
    "achiev": -0.0,
    "bank": 0.2655250071019388,
    "independ": 0.0,
    "separ": 0.12366050107370305,
    "execut": 0.0,
    "power": 0.2529132001643256,
    "varieti": 0.0,
    "style": 0.0,
    "across": 0.0,
    "case": 0.0,
    "year": -0.0,
    "rate": 0.0,
    "typic": 0.0,
    "rais": 0.019300694308998955,
    "femal": -0.0,
    "superior": 0.00548549777550685,
    "substanti": 8.33596601563207e-16,
    "annual": 0.0,
    "format": -0.0,
    "fiscal": 0.0,
    "provinc": 0.0,
    "tax": 0.0,
    "senior": 0.0,
    "suppli": 0.0,
    "spend": 0.0,
    "oversight": 0.0,
    "affair": 0.0,
    "treasur": 0.0,
    "cabinet": 0.0,
    "overseen": 0.0,
    "legisl": 0.0,
    "financi": 0.042785658442439894,
    "offic": 0.0,
    "budget": 0.0,
    "economi": 0.0,
    "depart": -0.0,
    "secretari": 0.12663810626641445,
    "agenc": 0.0,
    "monei": 0.0,
    "financ": 0.1422756581440907,
    "cut": 0.0,
    "polici": 0.13961041748845612,
    "commerc": 0.0,
    "treasuri": 0.1566749928394018,
    "draft": 0.0,
    "encompass": 0.0,
    "recognis": 0.0,
    "kingdom": 0.0,
    "award": -0.0,
    "director": 0.01641306675603757,
    "equival": 0.0,
    "australia": 0.0,
    "junior": 0.0,
    "inter": 0.0,
    "taxat": 0.0,
    "prime": 0.0,
    "ministri": 0.0,
    "lord": 0.25633016208363085,
    "minist": 0.173634754160396,
    "kong": 0.0,
    "subordin": 0.0,
    "hong": 0.0,
    "chancellor": 0.11657618425133942,
    "unpopular": 0.03727904655592483,
    "portfolio": 0.06257721963060359,
    "exchequ": 0.0,
    "quirk": 0.0,
    "euromonei": 0.0
  }
}