{
  "qid": "137",
  "query": "Online Companies",
  "rank": 8,
  "docid": 4644066,
  "coef": {
    "be": 0.0,
    "third": 0.0,
    "half": 0.0,
    "state": 0.0,
    "discuss": 0.0,
    "major": -0.0,
    "5": 0.028779105109440668,
    "cluster": 0.0,
    "current": 0.0,
    "right": 0.0,
    "lead": 0.0,
    "origin": 0.0,
    "version": -0.0,
    "market": 0.033175116177142486,
    "peopl": 0.0,
    "primarili": 0.0,
    "focus": 0.0,
    "can": 0.0,
    "higher": 0.0,
    "mai": 0.0,
    "nation": 0.0,
    "region": -0.0,
    "figur": 0.0,
    "europ": 0.004416244646264528,
    "name": 0.0,
    "led": 0.0,
    "goe": 0.0,
    "platform": -0.0,
    "connect": 0.046296797216283735,
    "countri": -0.0,
    "industri": 0.019012760799395227,
    "classic": 0.0,
    "mid": -0.0,
    "section": 0.0,
    "product": 0.0,
    "begin": 0.009824849237568956,
    "next": 0.0,
    "confeder": -0.0,
    "concept": -0.0,
    "middl": 0.0,
    "conduct": 0.0,
    "acquir": -0.0,
    "differ": -0.0,
    "respons": -0.0,
    "took": -0.0,
    "public": 0.0,
    "servic": 0.0,
    "includ": 0.0,
    "head": 0.0,
    "talk": 0.0,
    "challeng": 0.0,
    "histori": 0.0,
    "rule": 0.0,
    "big": 0.0,
    "camp": 0.0,
    "later": 0.0,
    "attend": 0.008489703215794096,
    "conceptu": 0.0,
    "educ": -0.0,
    "call": 0.0,
    "event": 0.0,
    "manag": 0.011488740179552308,
    "ii": 0.0,
    "form": -0.0,
    "allow": 0.0,
    "number": -0.0,
    "found": 0.0,
    "world": 0.0,
    "enter": 0.0,
    "oper": 0.0,
    "open": 0.0,
    "best": 0.0,
    "ad": 0.0,
    "establish": 0.0,
    "host": -0.0,
    "kei": -0.0,
    "kind": 0.0,
    "privat": 0.0,
    "school": 0.0,
    "build": 0.0,
    "implement": 0.0,
    "follow": 0.0,
    "turn": 0.0,
    "last": 0.0,
    "work": 0.0,
    "autonom": 0.0,
    "fix": 0.0,
    "octob": -0.0,
    "enabl": 0.0,
    "digit": -0.0,
    "electron": 0.0,
    "america": 0.0,
    "repres": 0.0,
    "emperor": 0.0,
    "second": 0.0,
    "interest": 0.0,
    "imperi": 0.015865002263358765,
    "object": 0.0,
    "develop": 0.019678012895347534,
    "popular": 0.0,
    "well": -0.0,
    "complet": 0.0,
    "review": 0.0,
    "confer": 0.014918691536646836,
    "whole": 0.0,
    "group": 0.0,
    "rose": -0.0,
    "commun": 0.0,
    "russian": 0.0,
    "meantim": -0.0,
    "offer": 0.0,
    "time": 0.008276650029155702,
    "rank": 0.0,
    "role": -0.0,
    "cours": 0.0,
    "era": 0.0,
    "process": -0.0,
    "organ": 0.0,
    "moscow": 0.0,
    "plai": 0.0,
    "artist": 0.0,
    "publish": 0.020048468993570986,
    "influenc": 0.0,
    "student": 0.0,
    "end": 0.014278475956956293,
    "central": 0.0,
    "gave": -0.0,
    "network": 0.0,
    "field": 0.0,
    "place": 0.0,
    "franc": 0.0,
    "70": 0.0,
    "rest": 0.0,
    "live": 0.0,
    "particip": 0.0,
    "20": 0.0,
    "cooper": 0.0,
    "reli": 0.0,
    "russia": 0.0,
    "china": 0.0,
    "white": 0.0,
    "new": 0.0,
    "mobil": 0.02804143314317147,
    "featur": 0.0,
    "like": 0.0,
    "free": 0.016139998215630495,
    "lectur": 0.0,
    "intern": 0.0,
    "space": 0.0,
    "mark": 0.0,
    "join": 0.0,
    "win": 0.0,
    "capit": 0.0,
    "accord": 0.0,
    "practic": 0.0,
    "media": 0.0,
    "first": 0.007336699776750977,
    "rise": -0.0,
    "web": 0.0,
    "offici": 0.0,
    "user": -0.0,
    "idea": 0.0,
    "part": 0.05096522985550757,
    "pari": -0.0,
    "distribut": 0.0,
    "war": 0.03504898524430408,
    "share": 0.0,
    "enthusiast": -0.0,
    "unit": 0.0,
    "social": 0.0,
    "releas": 0.0,
    "member": 0.0,
    "studi": 0.0,
    "motiv": 0.0,
    "founder": 0.0,
    "spread": 0.0,
    "base": 0.0,
    "forum": 0.0,
    "dai": 0.0,
    "give": 0.0,
    "realm": 0.0,
    "independ": 0.0,
    "separ": 0.0,
    "success": 0.0,
    "softwar": 0.0,
    "execut": 0.0,
    "associ": 0.0,
    "strategi": 0.0,
    "power": 0.0,
    "global": 0.0,
    "2008": -0.0,
    "modern": 0.0,
    "back": -0.0,
    "technolog": 0.0,
    "black": 0.0,
    "human": 0.0,
    "period": -0.0,
    "drew": 0.0,
    "francisco": 0.008626447326267436,
    "onlin": 0.033283602614713075,
    "across": 0.0,
    "level": 0.0,
    "0": 0.0,
    "2": 0.0,
    "stori": 0.0,
    "train": 0.0,
    "month": 0.007635880920093481,
    "million": 0.0,
    "mechan": 0.0,
    "talent": 0.044123208060101365,
    "stage": -0.0,
    "context": 0.0,
    "initi": 0.0,
    "adapt": 0.0,
    "2015": 0.0,
    "employe": -0.0,
    "present": 0.0,
    "uk": 0.0,
    "interview": 0.0,
    "case": 0.0,
    "year": 0.015568781678452862,
    "candid": 0.0,
    "copi": -0.0,
    "translat": -0.0,
    "hire": 0.0,
    "profession": -0.0,
    "program": 0.0,
    "focu": -0.0,
    "full": 0.0,
    "fifth": 0.0,
    "000": 0.0,
    "2013": -0.0,
    "modul": 0.0,
    "ask": 0.0,
    "graduat": 0.0,
    "research": 0.0,
    "invit": 0.0,
    "week": 0.0,
    "grant": 0.0,
    "rang": 0.0,
    "resourc": 0.0,
    "detail": 0.0,
    "80": 0.0,
    "now": 0.0,
    "50": 0.0,
    "option": 0.0,
    "40": 0.0,
    "30": 0.0,
    "25": 0.0,
    "game": 0.06664933094238451,
    "15": 0.0,
    "12": -0.0,
    "10": 0.0,
    "specialist": 0.0,
    "recommend": 0.0,
    "growth": 0.0,
    "categori": 0.0,
    "real": 0.0,
    "intens": 0.0,
    "risk": 0.0,
    "row": 0.0,
    "integr": -0.0,
    "friend": 0.0,
    "deal": -0.0,
    "step": 0.0,
    "speak": 0.0,
    "divid": 0.0,
    "successfulli": 0.0,
    "quarter": -0.0,
    "start": 0.0,
    "design": 0.0,
    "2018": 0.0,
    "2016": 0.0,
    "2014": 0.037132682992004146,
    "2012": -0.0,
    "2010": 0.0,
    "languag": -0.0,
    "2007": 0.0,
    "2005": 0.0,
    "2000": 0.0,
    "exhibit": -0.0,
    "grow": -0.0,
    "6": 0.0,
    "4": 0.0,
    "3": 0.0,
    "1": 0.0,
    "complic": 0.0,
    "sea": 0.0,
    "know": 0.0,
    "board": 0.0,
    "applic": 0.0,
    "near": 0.0,
    "addit": -0.0,
    "receiv": -0.0,
    "summer": 0.0,
    "panel": 0.0,
    "top": 0.0,
    "great": 0.0,
    "capac": 0.0,
    "annual": 0.0,
    "incom": -0.0,
    "season": 0.0,
    "itali": 0.0,
    "assign": -0.0,
    "graphic": 0.0,
    "final": 0.0,
    "8th": 0.0,
    "cup": 0.0,
    "mediev": 0.0,
    "squar": 0.0,
    "usa": 0.0,
    "4th": 0.0,
    "650": 0.0,
    "municip": 0.0,
    "presid": 0.0,
    "held": 0.0,
    "topic": 0.0,
    "kept": -0.0,
    "14th": 0.0,
    "london": 0.0,
    "thousand": 0.0,
    "13": 0.0,
    "corpor": -0.0,
    "spoke": 0.0,
    "invest": 0.0,
    "republ": 0.0,
    "militari": 0.0,
    "custom": 0.0,
    "packag": 0.0,
    "revenu": 0.0,
    "engin": 0.0,
    "nearli": 0.0,
    "senior": 0.0,
    "team": 0.0,
    "largest": 0.0,
    "august": 0.0,
    "convent": 0.0,
    "concentr": 0.0,
    "busi": 0.0,
    "appear": 0.0,
    "san": 0.0,
    "session": 0.0,
    "resid": 0.0,
    "festiv": 0.0,
    "trader": 0.0,
    "rocket": 0.0,
    "magazin": 0.0,
    "championship": -0.0,
    "prepar": 0.0,
    "moni": 0.0,
    "project": 0.0,
    "tournament": 0.0,
    "novemb": 0.0,
    "campaign": 0.0,
    "decemb": 0.0,
    "200": 0.0,
    "hit": 0.0,
    "jordan": 0.0,
    "entertain": 0.0,
    "2017": 0.0,
    "2011": 0.0,
    "2006": 0.0,
    "registr": -0.0,
    "fourth": 0.0,
    "april": 0.0,
    "180": 0.0,
    "offic": 0.0,
    "165": 0.0,
    "septemb": 0.0,
    "100": 0.0,
    "2009": 0.0,
    "2019": 0.0032260214875155595,
    "eleven": 0.0,
    "expedit": 0.0,
    "regist": 0.0,
    "explor": 0.0,
    "brazil": 0.0,
    "compani": 0.04354777951645983,
    "fan": 0.0,
    "juri": 0.0,
    "june": 0.0,
    "short": -0.0,
    "diversifi": 0.0,
    "judg": 0.0,
    "subsidiari": -0.0,
    "egg": -0.0,
    "62": 0.0,
    "23": 0.0,
    "21": 0.0,
    "won": 0.0,
    "announc": 0.0,
    "februari": 0.0,
    "eastern": 0.0,
    "visit": 0.0,
    "access": 0.0,
    "born": 0.0,
    "march": 0.0,
    "star": -0.0,
    "ceo": 0.0,
    "januari": 0.016506950281327513,
    "angel": 0.0,
    "beauti": 0.0,
    "overcom": 0.0,