{
  "qid": "143",
  "query": "Philanthropy",
  "rank": 0,
  "docid": 4990674,
  "coef": {
    "third": 0.0,
    "state": 0.0,
    "major": 0.25884500274754746,
    "karl": 0.0,
    "list": -0.0,
    "current": 0.0,
    "origin": 0.0,
    "cultur": 0.0,
    "benefit": 0.0,
    "societi": 0.0,
    "journal": 0.0,
    "higher": 0.0,
    "nation": 0.1625668920250441,
    "region": 0.0,
    "demograph": 0.0,
    "creat": 0.0,
    "librari": 0.0,
    "classic": 0.0036413060720258857,
    "section": 0.0,
    "respons": 0.0,
    "public": 0.0,
    "gener": 0.0,
    "includ": 0.0,
    "address": 0.0,
    "histori": 0.0,
    "descript": -0.0,
    "call": 0.0,
    "event": 0.0,
    "forc": 0.0,
    "found": 0.006455903075755861,
    "privat": 0.0,
    "school": 0.0,
    "last": 0.0,
    "critic": 0.0,
    "work": 0.4117770050933178,
    "american": 0.10494227952087157,
    "america": 0.5314204340366037,
    "influenti": 0.0,
    "choic": 0.0,
    "develop": 0.0,
    "well": 0.0,
    "govern": 0.0,
    "review": 0.0,
    "group": 0.0,
    "depict": 0.0030852263350693164,
    "academ": 0.0,
    "author": 0.0,
    "time": 0.17631588915603685,
    "common": 0.0,
    "organ": 0.2465741062457684,
    "publish": 0.0,
    "literatur": 0.12517781042554815,
    "influenc": 0.0,
    "recent": 9.616386028337895e-17,
    "myth": 0.0,
    "find": 0.0,
    "enhanc": 0.0,
    "field": 0.0,
    "live": 0.0,
    "collect": 0.0,
    "signific": 0.0,
    "direct": -0.0,
    "histor": -0.0,
    "new": 0.0,
    "produc": 0.0016515609765979957,
    "liber": 0.0,
    "free": 0.0,
    "effect": 0.0,
    "handl": 0.0,
    "who": 0.0,
    "accord": 0.0,
    "read": -0.0,
    "first": 0.018682278644601074,
    "result": 0.0,
    "past": 0.0,
    "part": 0.0,
    "problem": 0.0,
    "distribut": 0.05083736788606117,
    "war": 0.0,
    "wai": 0.0,
    "unit": 0.0,
    "social": 0.33367525617914434,
    "centuri": 0.0,
    "individu": 0.0,
    "reason": 0.0,
    "refer": 0.06568312792332542,
    "give": 0.22482060520659028,
    "achiev": 0.0,
    "foundat": 0.0,
    "book": 0.10194680807722828,
    "sale": 0.0,
    "wrote": 0.0,
    "associ": 0.0,
    "valu": 0.0,
    "varieti": 0.0,
    "statist": 0.0,
    "modern": -0.0,
    "hard": 0.14686345689150532,
    "approach": 0.0,
    "definit": 0.0,
    "onlin": 0.0,
    "level": 0.0,
    "8": 0.0,
    "million": 3.49024612770892e-16,
    "contain": 0.0,
    "bleed": 0.0,
    "2015": 0.0,
    "present": 0.12667127366491457,
    "cost": 0.0,
    "year": 0.32421993729757376,
    "copi": 0.07253238885714575,
    "accur": 0.0,
    "000": 0.0,
    "data": 0.16036481643854797,
    "investig": 0.0,
    "50": 0.011834268054291714,
    "25": 0.0,
    "15": 0.0,
    "recommend": 0.0,
    "treatment": 0.07373167496162193,
    "select": 0.0,
    "report": 0.0,
    "analysi": -0.0,
    "theme": 0.0,
    "divid": 0.0,
    "given": 0.0,
    "comprehens": 0.0,
    "hour": 0.0,
    "2016": 0.0,
    "compar": 0.0,
    "1": 0.34021018936231734,
    "explan": 0.016224425262490703,
    "globe": 0.0,
    "impact": 0.0,
    "great": -0.0,
    "content": 0.0,
    "graphic": 0.0,
    "least": 0.007876632149813222,
    "text": 0.00011540079324725697,
    "written": 0.0,
    "hall": 0.0,
    "shatter": 0.0,
    "topic": 0.0,
    "thousand": 0.0,
    "13": 0.0,
    "orang": 0.0,
    "profil": 0.0,
    "tax": 0.002807544531838943,
    "donat": 0.027081332300782412,
    "record": 0.0,
    "film": 0.0,
    "380": 0.0,
    "300": 0.0,
    "counti": 0.0,
    "poll": 0.08528788890009244,
    "percent": 0.0,
    "york": 0.0,
    "charter": 0.0,
    "greatest": 0.0,
    "pb": 0.0,
    "eleven": 0.0,
    "regist": 0.0,
    "heart": 0.0,
    "economi": 0.0,
    "compass": 0.0,
    "wall": 0.0,
    "900": -0.0,
    "billion": 0.0,
    "twenti": 0.0,
    "monopoli": 0.0,
    "32": 0.0,
    "street": 0.0,
    "captur": 0.0,
    "polici": 0.0,
    "amazon": 0.0,
    "chose": 0.0,
    "purpos": 0.0,
    "wealthi": 0.0,
    "brief": 0.0,
    "almanac": 0.12693152160657362,
    "boston": 0.0,
    "volunt": 0.0,
    "page": 0.0,
    "worth": 0.0,
    "volum": 0.0,
    "47": 0.06845204900662419,
    "solv": 0.0,
    "documentari": 0.0,
    "atlant": 0.07873532764398117,
    "sketch": 0.0,
    "thank": 0.0,
    "introduct": -0.0,
    "philanthropi": 0.4040722015278702,
    "philanthrop": 0.15450740365318374,
    "sector": 0.0,
    "nonprofit": 0.0,
    "chariti": 0.0,
    "charit": 0.1593669210307657,
    "donor": 0.41388564495732055,
    "entri": 0.0,
    "fame": -0.0,
    "comic": 0.0,
    "novel": 0.0,
    "nonfict": 0.0,
    "chronicl": 0.0,
    "summar": -0.0,
    "embed": 0.0,
    "trend": 0.0,
    "wealthiest": 0.0,
    "jeff": 0.0,
    "iraq": 0.0,
    "1636": 0.0,
    "360": 0.0,
    "overview": 0.0,
    "chart": 0.0,
    "giver": 0.07733417680698142,
    "timelin": 0.0,
    "graph": 0.0,
    "encapsul": -0.0,
    "jacobi": 0.0,
    "quotat": -0.0,
    "marvel": 0.0,
    "stingi": 0.0,
    "roundtabl": 0.0,
    "booklist": 0.0,
    "zinsmeist": 0.0
  }
}