{
  "qid": "148",
  "query": "Tea",
  "rank": 1,
  "docid": 1007379,
  "coef": {
    "discuss": 0.0,
    "cultur": 0.006326453247564744,
    "stand": 0.0,
    "can": 0.14737300761507466,
    "classic": 0.03681872378203822,
    "includ": -0.0,
    "involv": 0.0,
    "follow": 0.0,
    "work": 0.0,
    "emperor": 0.0,
    "era": 0.0,
    "crush": 0.0,
    "pioneer": 0.0056797401124097265,
    "relat": 0.0,
    "deriv": 0.26841785495242404,
    "see": 0.0,
    "method": 0.14686734764383222,
    "consid": 0.016808741040643827,
    "advoc": 0.0,
    "new": 0.0,
    "wai": 0.0,
    "radic": 0.0,
    "manual": -0.0,
    "old": 0.0,
    "mileston": 0.600841722028205,
    "select": 0.018002565972953903,
    "water": 0.06639284229650112,
    "heat": 0.0,
    "steep": 0.0,
    "content": -0.0,
    "cup": 0.0,
    "written": 0.0,
    "mill": 0.0,
    "ban": 0.0,
    "prepar": 0.0,
    "manufactur": 0.0,
    "short": 0.6357878724832439,
    "man": 0.0,
    "son": 0.20563774316598885,
    "princ": 0.0,
    "1440": 0.0,
    "17th": 0.219120245714946,
    "store": 0.0,
    "departur": 0.0,
    "loos": 0.0,
    "song": 0.04686796101165943,
    "chines": 0.0022988944170649873,
    "chapter": 0.0,
    "tea": 0.4968111506605678,
    "cha": 0.454765365511251,
    "cake": 0.0,
    "pictori": 0.0,
    "dynasti": 0.525023924602693,
    "prefac": 0.034522204955506564,
    "sixteen": 0.0,
    "roller": 0.0,
    "simpler": 0.0,
    "tang": 0.16297806939406317,
    "scent": -0.32868871256853804,
    "spoon": 0.0,
    "ming": -0.0,
    "pitcher": 0.0,
    "yu": 0.0,
    "siev": 0.0,
    "pu": 0.05745535709194372,
    "lu": 0.0,
    "ware": -0.0,
    "stove": -0.0,
    "shen": 0.0,
    "quan": 0.5523692306367984,
    "whisk": -0.0,
    "zhu": 0.0,
    "ning": 0.0,
    "brazier": -0.0,
    "hongwu": 0.0,
    "degust": 0.12166215434844761
  }
}