{
  "qid": "148",
  "query": "Tea",
  "rank": 1,
  "docid": 1007379,
  "coef": {
    "discuss": 0.0,
    "cultur": 0.17233179330390727,
    "stand": 0.0,
    "can": 0.19563867569702947,
    "classic": 0.048466810759039844,
    "includ": -0.0,
    "involv": 0.0,
    "follow": 0.0,
    "work": 0.0,
    "emperor": 0.0,
    "era": 0.0,
    "crush": 0.0,
    "pioneer": 0.0,
    "relat": 0.0,
    "deriv": 0.24264967321126885,
    "see": 0.0,
    "method": 0.33477862934561636,
    "consid": 0.0,
    "advoc": 0.0,
    "new": 0.0,
    "wai": 0.0,
    "radic": 0.0,
    "manual": -0.0,
    "old": 0.0,
    "mileston": 0.3724603160349561,
    "select": 0.0,
    "water": 0.07528070773591879,
    "heat": 0.0,
    "steep": 0.08864292941483831,
    "content": -0.0,
    "cup": 0.0,
    "written": 0.0,
    "mill": 0.0,
    "ban": 0.0,
    "prepar": 0.0,
    "manufactur": 0.0,
    "short": 0.40070797072883685,
    "man": 0.0,
    "son": 0.3047595743626156,
    "princ": 0.0,
    "1440": 0.0,
    "17th": 0.2783698765701396,
    "store": 0.0,
    "departur": 0.0,
    "loos": 0.0,
    "song": 0.0,
    "chines": 0.09090025518246868,
    "chapter": 0.0,
    "tea": 0.4283107995766273,
    "cha": 0.5081822722647485,
    "cake": 0.0,
    "pictori": 0.0,
    "dynasti": 0.6328528344563664,
    "prefac": 0.012855391824843725,
    "sixteen": 0.0,
    "roller": 0.0,
    "simpler": 0.0,
    "tang": 0.22754514245449978,
    "scent": -0.1263516822635765,
    "spoon": 0.0,
    "ming": 0.0,
    "pitcher": 0.0,
    "yu": 0.0,
    "siev": 0.006914468768999707,
    "pu": 0.02731160767824796,
    "lu": 0.0,
    "ware": -0.0,
    "stove": -0.0,
    "shen": 0.0,
    "quan": 0.5171998234182789,
    "whisk": -0.0,
    "zhu": 0.0,
    "ning": 0.0,
    "brazier": -0.0,
    "hongwu": 0.0,
    "degust": 0.2861037839309573
  }
}