{
  "qid": "121",
  "query": "Racquet Sports",
  "rank": 1,
  "docid": 4369941,
  "coef": {
    "be": 0.0,
    "demonstr": 0.0,
    "state": -0.0,
    "mind": 0.0,
    "highli": 0.0,
    "market": 0.0,
    "disappear": 0.0,
    "stabil": 0.0,
    "emerg": 0.0,
    "exist": 0.0,
    "belief": 0.0,
    "higher": 0.0,
    "extrem": 0.0,
    "tendenc": 0.0017361708436724156,
    "earli": -0.0,
    "led": 0.0,
    "creat": 0.0,
    "classic": 0.0,
    "us": 0.0,
    "begin": 0.0,
    "reduc": 0.0,
    "websit": 0.0,
    "domin": 0.0,
    "gener": 0.16728880511710978,
    "includ": 0.0,
    "strong": 0.008008457099201725,
    "head": 0.16210483823675337,
    "histori": 0.03584989744510216,
    "call": 0.0,
    "legal": 0.0,
    "form": 0.09939528693336522,
    "allow": 0.0,
    "number": 0.046728557599644234,
    "world": 0.0,
    "commonli": 0.0,
    "open": 0.046179316941880544,
    "due": 0.0775289441554256,
    "ag": 0.0,
    "term": 0.05188839068783563,
    "kei": 0.0,
    "note": 0.0,
    "still": 0.07249923902327349,
    "just": 0.0,
    "larg": 0.0,
    "control": 0.0,
    "chang": -0.0,
    "long": 0.0,
    "influenti": 0.0,
    "develop": 0.0,
    "popular": 0.12567884362838522,
    "career": 0.0,
    "well": 0.0,
    "complet": 0.0,
    "feder": 0.0,
    "similarli": 0.0,
    "lack": 0.0,
    "author": 0.0,
    "offer": 0.026386068924869242,
    "time": 0.19227209671223364,
    "rank": 0.0,
    "process": 0.0,
    "plai": 0.0,
    "notabl": 0.0,
    "recent": 0.0,
    "end": 0.0,
    "internet": 0.0,
    "find": 0.0,
    "small": 0.0,
    "consid": 0.031567032752931996,
    "good": 0.033301600587643566,
    "todai": 0.0,
    "saw": 0.0,
    "20": 0.0,
    "known": 0.04215306847640022,
    "articl": 0.0,
    "histor": 0.0,
    "onli": 0.21556711934426612,
    "line": 0.0,
    "new": 0.0,
    "produc": 0.1280049631202931,
    "like": 0.0,
    "construct": 0.0,
    "john": 0.0,
    "who": 0.17007006328664473,
    "posit": 0.0,
    "first": 0.0,
    "shown": 0.0,
    "result": 0.0,
    "make": 0.0,
    "activ": 0.0,
    "transit": 0.0,
    "wai": 0.0,
    "share": 0.0,
    "made": 0.08296659090806942,
    "continu": 0.08850310682074759,
    "littl": 0.0,
    "defeat": 0.0,
    "achiev": 0.0,
    "easi": 0.0,
    "shift": 0.0,
    "success": 0.19264005937258669,
    "larger": 0.0,
    "power": 0.17401478232565407,
    "argu": 0.0,
    "technolog": -0.0,
    "train": 0.0,
    "older": 0.0,
    "low": 0.0,
    "size": 0.11010197873568395,
    "scale": 0.0,
    "dramat": 0.0,
    "year": 0.13391914256646412,
    "rare": 0.0,
    "weight": 0.0,
    "1987": 0.0,
    "materi": 0.13103276154206517,
    "profession": 0.09362996548858177,
    "resist": 0.04846930161544418,
    "model": 0.0,
    "introduc": -0.0,
    "german": 0.0,
    "prefer": 0.0,
    "show": 0.0,
    "2013": 0.0,
    "metal": 0.0,
    "consider": 0.0,
    "accompani": 0.0,
    "primari": 0.0,
    "typic": 0.0,
    "femal": 0.0,
    "detail": 0.0,
    "90": 0.0,
    "1980": 0.0,
    "now": 0.0,
    "1970": 0.07916217486743059,
    "improv": 0.004196384328240131,
    "game": 0.022859713584617247,
    "10": 0.0,
    "male": 0.0,
    "factor": 0.0,
    "measur": 0.0,
    "successfulli": 0.0,
    "start": 0.0,
    "design": 0.1403834332994845,
    "reach": 0.0,
    "2005": 0.0,
    "match": -0.0,
    "compar": 0.15873473943520147,
    "commerci": 0.0,
    "standard": 0.02272936253103555,
    "smaller": 0.0,
    "layer": 0.0,
    "receiv": 0.0,
    "absorb": 0.0,
    "impact": 0.0,
    "top": 0.0,
    "eventu": 0.0,
    "approxim": 0.0,
    "95": -0.0,
    "final": 0.0,
    "prior": 0.0,
    "squar": 0.0,
    "held": 0.0,
    "submit": 0.0,
    "ban": 0.003632226854105641,
    "sport": 0.01874651327404307,
    "wood": 0.24888357785950752,
    "corpor": 0.0,
    "profil": 0.0,
    "engin": -0.0,
    "nearli": 0.0,
    "largest": -0.0,
    "weed": -0.0,
    "switch": 0.0,
    "file": 0.0,
    "competit": -0.0,
    "roger": 0.0,
    "prolifer": 0.0,
    "sold": 0.0,
    "super": 0.0,
    "110": 0.0,
    "100": 0.0,
    "budget": 0.0,
    "tommi": 0.0,
    "compani": 0.0,
    "possess": 0.0,
    "favor": 0.0,
    "tenni": 0.15664867634444485,
    "1984": 0.0,
    "1978": 0.06822528038508437,
    "1972": 0.0,
    "1963": 0.0,
    "solid": 0.0,
    "steel": 0.0,
    "desir": 0.0,
    "princ": 0.24462090358790428,
    "invent": 0.0,
    "youngest": 0.0,
    "wilson": 0.0,
    "patent": 0.031592766688673356,
    "agre": 0.0,
    "tad": -0.0,
    "reportedli": 0.01919471880183934,
    "125": 0.0,
    "impress": 0.0,
    "shock": 0.0,
    "inch": 0.24747534507981964,
    "germani": 0.0,
    "store": 0.0,
    "historian": 0.0,
    "seed": 0.05115161576573175,
    "lighter": 0.0,
    "twelv": 0.0,
    "machin": 0.0,
    "excel": 0.0,
    "displac": 0.0,
    "extant": 0.0,
    "frame": 0.048541480862922134,
    "ball": 0.0,
    "soft": 0.0,
    "culmin": 0.0,
    "upheld": 0.0,
    "disqualif": 0.0,
    "1976": 0.0,
    "publicli": 0.0,
    "monica": -0.0,
    "archiv": 0.0,
    "introduct": 0.0,
    "surpris": 0.0,
    "constitu": 0.0,
    "1975": 0.0,
    "player": 0.07199368350299108,
    "paramount": -0.0,
    "synthet": -0.0,
    "howard": 0.0,
    "andr": 0.0,
    "cheat": 0.0,
    "recreat": 0.04441503248961731,
    "proven": 0.0,
    "flexibl": 0.0,
    "trend": 0.0,
    "snapshot": 0.0,
    "amateur": -0.0,
    "lucr": -0.0,
    "woodi": -0.0,
    "wooden": 0.0,
    "haa": 0.0,
    "sele": 0.0,
    "sampra": -0.0,
    "mcenro": 0.0,
    "seller": 0.0,
    "graphit": 0.08154568598002815,
    "pete": -0.0,
    "laver": 0.0,
    "rod": 0.0,
    "agassi": 0.0,
    "racquet": 0.24971494990927284,
    "rivalri": 0.0,
    "smallest": -0.0,
    "warehous": 0.0,
    "marketplac": 0.0,
    "crack": 0.0,
    "aluminum": 0.0,
    "135": -0.0,
    "kurt": 0.0,
    "rariti": 0.0,
    "stiff": 0.0,
    "warp": -0.0,
    "stiffer": 0.0,
    "playabl": 0.0,
    "finalist": 0.0,
    "bentlei": 0.0,
    "overs": 0.1344916029498602,
    "martina": 0.0,
    "pam": 0.0,
    "navratilova": 0.0,
    "shriver": 0.0,
    "fiberglass": 0.15172989939519466,
    "crutch": 0.0,
    "sabatini": 0.0,
    "gabriela": 0.0,
    "siegfri": 0.0,
    "epoxi": 0.0,
    "walmart": 0.0,
    "widebodi": 0.0,
    "yamaha": 0.0,
    "generalist": 0.0,
    "midsiz": 0.17412366292399875,
    "fortissimo": 0.0,
    "yonex": 0.0,
    "caldon": 0.0,
    "yfg": 0.0,
    "lacost": 0.0,
    "wayback": 0.0,
    "warpag": 0.0,
    "kuebler": 0.06392318655013385,
    "midplu": 0.0,
    "t2000": -0.0,
    "klemmer": 0.0,
    "stringb": 0.0,
    "spoga": 0.0
  }
}