{
  "qid": "111",
  "query": "Inequality",
  "rank": 3,
  "docid": 2445476,
  "coef": {
    "inequ": 2.3015297635112293,
    "includ": -1.5253813813672634,
    "number": 0.40294590948271064,
    "exampl": -0.200845779924541,
    "function": 1.8798682087110665,
    "theori": -0.8530892911414816,
    "statist": 2.4692009957385306,
    "mechan": 1.8958427888132157e-14,
    "correl": 0.2434045694313658,
    "model": 0.0,
    "bell": -1.3410186604869165,
    "satisfi": 0.0032873709095673303,
    "griffith": -0.0367011029086389,
    "generalis": 0.0,
    "gaussian": 0.0,
    "percol": 0.0,
    "fkg": -8.559517815027741e-17,
    "ginibr": 0.0
  }
}