{
  "qid": "102",
  "query": "Disco Music",
  "rank": 1,
  "docid": 1827767,
  "coef": {
    "state": 0.0,
    "discuss": 0.0,
    "pai": 0.0,
    "simultan": 0.0,
    "urban": 0.1509098934882066,
    "lead": 0.0,
    "progress": 0.0,
    "market": 0.0,
    "cultur": 0.0,
    "mainstream": 0.0,
    "emerg": -0.0,
    "element": 0.0,
    "earli": 0.03924428260572965,
    "mai": 0.0,
    "led": 0.0,
    "movement": 0.0,
    "mid": 0.15158446252518837,
    "order": 0.0,
    "section": 0.0,
    "creativ": 0.0,
    "music": 0.38119948398519093,
    "begin": 0.0,
    "defin": 0.0,
    "respons": 0.0,
    "writer": 0.0,
    "took": 0.0,
    "domin": 0.24108526259999477,
    "gener": 0.002427468208240583,
    "scene": 0.0723156331620938,
    "wave": 0.0,
    "includ": 0.0,
    "head": 0.0,
    "began": 0.0,
    "histori": -0.0,
    "attent": 0.0,
    "word": 0.0,
    "later": 0.20331686177062702,
    "call": 0.0,
    "event": -0.0,
    "manag": 0.0,
    "forc": 0.0,
    "civil": 0.0,
    "perform": 0.0039215018985571965,
    "area": 0.0,
    "term": 0.17664422657511306,
    "kind": 0.0,
    "love": 0.0,
    "school": 0.0,
    "follow": 0.0,
    "minim": 0.00011500415111639431,
    "tend": 0.0,
    "critic": 0.0,
    "american": 0.036170228604733554,
    "control": 0.21384838828830177,
    "electron": 0.21151881426851482,
    "america": 0.0,
    "develop": 0.143564087562379,
    "popular": 0.020198487794894745,
    "complet": 0.0,
    "orient": 0.0,
    "denot": -0.0,
    "singl": -0.0,
    "review": 0.006419539835928672,
    "issu": 0.00040237654203649975,
    "unpreced": -0.0,
    "group": 0.0,
    "preval": 0.0,
    "citi": 0.0,
    "russian": 0.0,
    "act": 0.0,
    "mikhail": 0.0,
    "punk": 0.0,
    "down": 0.0,
    "era": 0.0,
    "plai": 0.0,
    "artist": 0.20344081795975505,
    "publish": 0.05325208228064437,
    "influenc": 0.0,
    "end": 0.1179615873983287,
    "place": 0.0,
    "live": 0.0,
    "contemporari": 0.0,
    "displai": 0.0,
    "equal": -0.0,
    "sai": 0.0,
    "known": 0.1474666545605805,
    "direct": 0.2551435156383748,
    "articl": 0.0,
    "histor": 0.0,
    "line": 0.0,
    "new": 0.3777575142006046,
    "move": 0.0,
    "featur": 0.0,
    "produc": 0.05440569484480627,
    "like": 0.024163360947611446,
    "charact": 0.0,
    "who": 0.0,
    "post": -0.0,
    "part": 0.0,
    "riot": 3.4577936839332325e-05,
    "wai": 0.0,
    "usag": 0.0,
    "increasingli": 0.0,
    "unit": 0.17535469615014787,
    "continu": 0.0,
    "soon": 0.0,
    "radic": 0.12236752520640971,
    "aesthet": 0.0,
    "independ": 0.0,
    "label": 0.0,
    "east": 0.0,
    "success": 0.0,
    "argu": 0.00023062575337741374,
    "hous": 0.03368847554173033,
    "style": -0.0,
    "essenc": 0.0,
    "voic": 0.0,
    "technolog": 0.0,
    "remain": 0.0,
    "serv": 0.0,
    "approach": 0.0,
    "altern": 0.0,
    "period": 0.0,
    "hand": 0.0,
    "sequenc": 0.0,
    "train": 0.0,
    "partli": 0.0,
    "techniqu": 0.0,
    "stage": 0.0,
    "initi": 0.0,
    "boi": 0.0,
    "year": 0.0,
    "side": 0.0,
    "materi": 0.0,
    "pet": 0.0,
    "depend": -0.0,
    "characterist": 0.0,
    "background": -0.0,
    "prefer": 0.0,
    "loud": 0.0,
    "old": 0.0,
    "roll": 0.0,
    "femal": 0.0,
    "rock": 0.03773166293068132,
    "arrang": 0.0,
    "1980": 0.0,
    "instrument": 0.09574175803385525,
    "12": 0.08772560828024308,
    "vocal": 0.0,
    "crucial": 0.0,
    "audienc": 0.0,
    "step": 0.0,
    "disco": 0.17330129985482198,
    "mix": 0.18572480565975388,
    "start": -0.0,
    "commerci": 0.0,
    "entir": 0.0,
    "layer": 0.0,
    "manner": 0.0,
    "top": -0.0,
    "composit": 0.0,
    "blue": 0.26212656912760707,
    "stone": 0.1663298408205689,
    "format": 0.009331551306264719,
    "sound": 0.05762016189515382,
    "mainli": 0.0,
    "cross": 0.04842186080532546,
    "chicago": 0.0,
    "passag": 0.04938224941929398,
    "metropolitan": 0.0,
    "partial": 0.0,
    "shop": 0.0,
    "record": 0.3398463197431176,
    "appear": 0.0,
    "coast": 0.0,
    "magazin": 0.1984166329743953,
    "decemb": 0.0,
    "center": 0.0,
    "hit": 0.0,
    "succeed": 0.0,
    "underground": 0.0,
    "york": 0.0,
    "split": 0.0,
    "compani": 0.0,
    "instanc": 0.0,
    "station": 0.0,
    "juli": 0.0,
    "track": 0.0,
    "short": 0.0,
    "1984": 0.0,
    "wonder": 0.0,
    "payn": 0.012427123977069927,
    "went": 0.0,
    "gregori": 0.044776972877200116,
    "driven": -0.0,
    "1977": -0.0,
    "spy": 0.10821786005756008,
    "aftermath": 0.0,
    "dy": 0.0,
    "touch": 0.0,
    "danc": 0.1081740076643397,
    "deris": 0.0,
    "experiment": 0.0,
    "rhythm": 0.0,
    "1985": 0.0,
    "machin": 0.0,
    "perfect": 0.0,
    "genr": 0.08247785198748825,
    "soul": 0.06920148944223543,
    "shortli": -0.0,
    "string": 0.0,
    "radio": 0.0,
    "collabor": 0.0,
    "night": 0.0,
    "orchestr": 0.04569183296248393,
    "melod": 0.0,
    "pop": -0.0,
    "drum": 0.0,
    "bass": 0.005261504526431247,
    "heard": 0.0,
    "piano": 0.0,
    "dub": 0.0,
    "strip": 0.22778883302670877,
    "1989": 0.0,
    "introduct": 0.0,
    "satir": -0.0,
    "novel": 0.0,
    "cuban": 0.0,
    "1979": 0.19247880365279668,
    "club": 0.0,
    "musician": 0.004650008287513318,
    "oz": 0.0,
    "euro": 0.0,
    "trend": 0.10505460562505352,
    "mu": 0.0,
    "el": 0.0,
    "dj": 0.0,
    "parliament": 0.0,
    "unrest": 0.07723062698904465,
    "bankrupt": 0.0,
    "bash": 0.0,
    "techno": 0.0,
    "lush": 0.0,
    "synthes": 0.0,
    "keyboard": 0.0,
    "chart": 0.007307278998111957,
    "spin": 0.0,
    "mock": 0.0,
    "downfal": 0.0,
    "resurfac": 0.0,
    "villag": 0.0,
    "cater": 0.0,
    "backlash": -0.0,
    "indi": 0.0,
    "boogi": 0.03882723964476814,
    "acoust": 0.011301520133035205,
    "hi": -0.0,
    "implicitli": 0.0,
    "hop": 0.0,
    "typifi": -0.0,
    "demolit": 0.0,
    "crazi": 0.0,
    "imprecis": 0.0,
    "miguel": 0.0,
    "hip": 0.0,
    "choreograph": 0.0,
    "laden": 0.0,
    "freestyl": -0.0,
    "italo": -0.0,
    "outliv": 0.0,
    "indistinct": 0.0,
    "hine": 0.0,
    "funk": 0.0010672272913075309,
    "unlimit": 0.0,
    "darryl": 0.0,
    "suck": 0.0,
    "synth": 0.06803316418204015,
    "brass": 0.0,
    "centric": 0.0,
    "spoof": 0.0,
    "madonna": 0.0,
    "cadenc": 0.0,
    "casablanca": 0.0,
    "regga": 0.0,
    "allmus": -0.0,
    "funkadel": 0.0,
    "riff": 0.0,
    "tk": 0.0,
    "nrg": -0.0,
    "jazzi": 0.0,
    "matic": 0.0,
    "thump": 0.0,
    "esg": 0.0,
    "baryshnikov": 0.0,
    "rso": 0.0,
    "minimoog": 0.0,
    "indistinctli": 0.0,
    "subscen": 0.0
  }
}