{
  "qid": "125",
  "query": "Doctor",
  "rank": 8,
  "docid": 1111290,
  "coef": {
    "origin": 0.0,
    "societi": 0.0,
    "spectrum": 0.0,
    "return": 0.0,
    "mai": 0.0,
    "name": 0.0,
    "men": 0.0,
    "freedom": 0.0,
    "mid": 0.0,
    "core": 0.0,
    "number": 0.15967948373411658,
    "world": 0.018981557078300664,
    "michael": 0.0,
    "follow": -0.0,
    "america": 0.0,
    "enemi": 0.0,
    "citi": 0.0,
    "doctor": 0.1490580928850707,
    "see": 0.0,
    "known": 0.0,
    "leader": 0.0,
    "green": 0.0,
    "similar": 0.0,
    "charact": 0.2108283538506995,
    "john": 0.0,
    "who": 0.03977333810694243,
    "part": 0.0,
    "scientist": 0.0,
    "member": 0.0,
    "refer": 0.0,
    "book": 0.0,
    "band": 0.022732679186508193,
    "associ": 0.0,
    "seri": 0.0,
    "human": 0.0,
    "brother": 0.0,
    "death": -0.0,
    "univers": -0.0,
    "game": 0.11525994169944735,
    "given": 0.032312725739517864,
    "terra": 0.0,
    "light": 0.0,
    "particl": -0.0,
    "sun": 0.0,
    "round": -0.0,
    "bradlei": 0.0,
    "magazin": 0.0,
    "fourth": 0.0,
    "adventur": 0.0,
    "1000": 0.0,
    "wonder": 0.0,
    "jame": 0.0,
    "chiefli": 0.0,
    "man": -0.0,
    "fate": 0.0,
    "went": 0.0,
    "secret": 0.07657398511729506,
    "hero": 0.0,
    "destini": -0.0,
    "doom": 0.0,
    "captain": 0.0,
    "imposs": 0.0,
    "obscura": 0.0,
    "strang": -0.0,
    "thirteen": -0.0,
    "woman": 0.0,
    "octopu": -0.0,
    "reappear": 0.0,
    "jack": 0.0,
    "dr": 0.016817055649246616,
    "flash": 0.0,
    "acclaim": 0.0,
    "finest": 0.0,
    "manhattan": 0.0,
    "comic": 0.02598795916852432,
    "tomorrow": 0.0,
    "savag": 0.0,
    "torch": 0.0,
    "stockton": 0.0,
    "inventor": 0.0311541943377501,
    "amalgam": -0.0,
    "cyber": 0.0,
    "occult": 0.0,
    "alchemi": 0.0,
    "disambigu": 0.0,
    "phd": -0.0,
    "mist": -0.0,
    "spin": 0.0,
    "lantern": 0.0,
    "mirag": 0.0,
    "joe": 0.0,
    "spider": -0.0,
    "eclips": -0.0,
    "fang": 0.0,
    "phosphoru": -0.0,
    "omega": 0.0,
    "decibel": 0.0,
    "dc": 0.0024563658062109624,
    "zodiac": 0.0,
    "supervillain": 0.1362464739619313,
    "superhero": 0.0,
    "marvel": 0.007274938856154853,
    "psycho": -0.0,
    "vault": -0.0,
    "villain": 0.0,
    "polari": -0.0,
    "nemesi": 0.0,
    "kirbi": 0.0,
    "watchmen": -0.0,
    "batman": -0.0,
    "doc": 0.1520363935089833,
    "rogu": 0.0,
    "malibu": 0.0,
    "angst": 0.0,
    "shocker": -0.0,
    "fawcett": -0.0,
    "samson": 0.0,
    "faustu": -0.0,
    "bland": 0.0,
    "sorcer": 0.0,
    "charlton": -0.0,
    "druid": -0.0,
    "mier": 0.0,
    "doomsdai": -0.0,
    "voodoo": 0.0,
    "nite": 0.0,
    "valiant": -0.0,
    "bedlam": 0.0,
    "pym": -0.0,
    "wildstorm": -0.0,
    "sivana": 0.0,
    "mcninja": 0.09046051889531499,
    "spectro": 0.0,
    "nedor": 0.0,
    "gorpon": 0.0
  }
}