{
  "qid": "123",
  "query": "Currency",
  "rank": 4,
  "docid": 3210307,
  "coef": {
    "major": 0.0,
    "current": 0.0,
    "currenc": 0.5671277409947714,
    "market": 0.0,
    "stabil": 0.0,
    "can": 0.4648122864497509,
    "movement": 0.0,
    "order": 0.0,
    "econom": 0.0,
    "us": 0.0,
    "pre": -0.0,
    "defin": -0.0,
    "basic": 0.23399872952993533,
    "strong": 0.1021126458192519,
    "call": 0.11250710520692818,
    "reflect": 0.06428903305292555,
    "perform": 0.0,
    "reaction": 0.1678148166225767,
    "due": 0.07779935174359782,
    "trade": 0.0,
    "kind": 0.1586434352562979,
    "repres": 0.17282652566728912,
    "interest": 0.0,
    "whole": 0.0,
    "exampl": 0.20488185757531865,
    "abl": 0.401122028849769,
    "relat": 0.0,
    "see": 0.0,
    "method": 0.1295586370678227,
    "express": 0.08927041853010516,
    "determin": 0.0,
    "move": 0.0,
    "idea": 0.007727397011023426,
    "base": -0.0,
    "refer": 0.401170407431312,
    "combin": 0.13259690365474963,
    "power": 0.043761653238796,
    "valu": 0.030179911599348422,
    "hard": 0.0,
    "happen": 6.778856568233833e-05,
    "across": -0.0,
    "absolut": -0.0,
    "correl": 0.0,
    "indic": 0.14226505149551794,
    "look": 0.0,
    "percentag": 0.0,
    "rate": 0.0,
    "observ": 0.0,
    "typic": -0.0,
    "data": 0.0,
    "90": 0.06395549385268494,
    "instrument": 0.0,
    "rel": -0.0,
    "factor": 0.0,
    "analysi": 0.0,
    "pair": 0.0,
    "visibl": -0.0,
    "index": 0.08128520448590232,
    "balanc": 0.0,
    "calcul": 0.0013680053794357147,
    "oil": 0.02372418578227146,
    "trader": 0.0,
    "dollar": -0.0,
    "financi": 0.0,
    "purchas": 0.09558553323246366,
    "weak": 0.09382886430258479,
    "sell": -0.0,
    "bui": 0.0,
    "strength": 0.0,
    "choos": 0.27121485657991057,
    "gold": 0.025504308998753184,
    "easili": -0.0,
    "fundament": 0.0,
    "economist": 0.0,
    "volum": 0.0,
    "technic": 0.0,
    "valuabl": 0.06864318586212506,
    "trend": 0.0370550222680794,
    "chart": -0.0,
    "basket": -0.0,
    "flow": -0.0,
    "cad": 0.05925268498976331,
    "revalu": 0.0,
    "aud": 1.7333668550362103e-16,
    "forex": 0.3022436256976924,
    "usdx": 0.10767117766837113
  }
}