{
  "qid": "119",
  "query": "Classical Dance",
  "rank": 3,
  "docid": 1112041,
  "coef": {
    "cultur": 2.3255825633977203,
    "mai": 0.0,
    "classic": 0.3681714626046412,
    "form": 0.0,
    "see": -0.0,
    "japanes": 0.9254845863274052,
    "tradit": 1.1085456768464532,
    "refer": 1.9322927001219847,
    "indian": 0.0,
    "danc": 2.0241973000383333,
    "ballroom": -0.0,
    "ballet": 0.0,
    "chines": 0.0
  }
}