{
  "qid": "111",
  "query": "Inequality",
  "rank": 4,
  "docid": 1892226,
  "coef": {
    "be": 0.22511690515862998,
    "discuss": 0.0,
    "self": 0.0,
    "inequ": 0.2630693958678068,
    "lead": 0.0,
    "origin": 0.0,
    "market": 0.1286210739852436,
    "cultur": -0.0,
    "peopl": 0.24189175152665504,
    "benefit": 0.0,
    "exist": 0.0,
    "seen": 0.0,
    "societi": 0.0,
    "can": 0.09545936600744556,
    "system": 0.07841849978565604,
    "mai": 0.0,
    "situat": 0.0,
    "predict": 0.0,
    "creat": 0.0,
    "optim": 0.0,
    "addition": 0.0,
    "connect": 0.0,
    "econom": 0.1587517983934187,
    "concept": 0.0,
    "caus": 0.0,
    "differ": 0.0,
    "public": 0.03648170141742268,
    "polit": 0.0,
    "form": 0.0,
    "forc": 0.0,
    "exclus": 0.0,
    "due": 0.09880150816451114,
    "attract": 0.0,
    "limit": 0.0,
    "birth": 0.33378040246295804,
    "still": 0.0,
    "follow": 0.07577484769297634,
    "subcultur": 0.1020266727351913,
    "experi": 0.0,
    "control": 0.08508587111607338,
    "percept": 0.0,
    "well": 0.0,
    "perceiv": 0.0,
    "group": 0.21733212493471593,
    "lack": 0.0,
    "exampl": 0.08630390988651758,
    "feel": 0.0,
    "protest": 0.1182947146629018,
    "life": 0.0,
    "ident": 0.0,
    "process": 0.0,
    "will": 0.0,
    "overt": 0.0,
    "sex": 0.0,
    "see": -0.0,
    "method": 0.0,
    "live": 0.24263025891176201,
    "collect": 0.0,
    "good": 1.3374153291226043e-06,
    "equal": 0.26353488974896105,
    "contribut": 0.0,
    "neg": 0.25331497800908415,
    "mobil": 0.0,
    "free": 0.0018045962781052922,
    "effect": 0.1637266116721539,
    "similar": 0.0,
    "horizont": 0.09595194689513899,
    "first": 0.0,
    "part": 0.0,
    "problem": 0.025229135576186862,
    "theori": 0.0,
    "riot": 0.0,
    "extern": 0.0,
    "wai": 0.1187871908555293,
    "gender": 0.0,
    "social": 0.0,
    "shape": 0.0,
    "tradit": 0.0,
    "individu": 0.0008043801121129746,
    "person": 0.0,
    "give": 0.0,
    "regardless": 0.0,
    "success": 0.0,
    "argu": 0.0,
    "global": 0.03588719714511839,
    "approach": 0.18809113944576425,
    "inher": 0.025140538913049553,
    "level": 0.0,
    "contain": 0.001837505315673193,
    "ethnic": 0.0,
    "persist": 0.0,
    "rare": 0.0,
    "identifi": 0.0,
    "depend": 0.0,
    "characterist": 0.0,
    "health": 0.0,
    "outcom": 0.0,
    "observ": 0.0,
    "sibl": -0.0,
    "rang": 0.0,
    "resourc": 0.18071685774673876,
    "femal": 0.0,
    "race": 0.0,
    "categori": 0.1690237862074167,
    "famili": 0.0,
    "real": 0.0,
    "male": 0.0,
    "poor": 0.3105764259772487,
    "deal": 0.0,
    "factor": 0.0,
    "opportun": 0.0,
    "measur": 0.08042958145464515,
    "mental": 0.0,
    "imag": 0.0,
    "intellig": 0.2392450123767627,
    "skill": 0.0,
    "aris": 0.0,
    "consist": 0.0,
    "qualiti": 0.0,
    "differenti": 0.0,
    "standard": 0.0,
    "margin": 0.0,
    "applic": 0.0,
    "impact": 0.0,
    "incom": 0.0,
    "vertic": 0.3201217914008556,
    "statu": 0.0,
    "discrimin": 0.038890685042341236,
    "corpor": 0.0,
    "wealth": 0.0,
    "on": -0.0,
    "economi": 0.0,
    "unequ": 0.0,
    "access": 0.0,
    "born": 0.04328702838580546,
    "profit": 0.0,
    "react": 0.12184198794872275,
    "actor": 0.0,
    "household": 0.17823579207495135,
    "rich": 0.0,
    "sociolog": 0.32195516557565673,
    "explicit": 0.0,
    "implicit": 0.0,
    "simul": 0.0,
    "disadvantag": 0.0,
    "perfectli": 0.0,
    "multidimension": 0.0,
    "pareto": 0.0
  }
}