{
  "qid": "113",
  "query": "Computer Scientists",
  "rank": 4,
  "docid": 5650071,
  "coef": {
    "state": 0.0,
    "list": 0.44570304929116517,
    "current": 0.05772383683025924,
    "cultur": 0.00015005358514715464,
    "theoret": 0.0,
    "movement": 0.0,
    "middl": 0.0005374322668737124,
    "write": 0.0,
    "writer": 0.0,
    "includ": 0.25905279377853174,
    "educ": 0.0008249114466310431,
    "found": 0.0,
    "professor": 0.0021684621428798823,
    "best": 0.0017830502520601583,
    "video": 0.0,
    "follow": 0.0013226674298451862,
    "david": -0.0,
    "work": 0.28540806487952347,
    "american": 0.0,
    "futurist": 0.0,
    "electron": 0.0,
    "creation": 0.0010851951626629722,
    "william": 0.0,
    "commun": 0.0,
    "author": 0.0,
    "artist": 0.1458336150618895,
    "notabl": 0.0,
    "institut": 0.001120281998039028,
    "pioneer": -0.0,
    "field": 0.0,
    "contemporari": 0.0019708770686509627,
    "known": 0.0,
    "advoc": 0.0,
    "new": 0.0,
    "contribut": 0.0,
    "produc": 0.0,
    "free": 0.0,
    "effect": 0.0,
    "john": 0.0,
    "first": 0.002742858989761511,
    "scientist": 0.508959064598542,
    "unit": 0.0,
    "andrew": 0.0,
    "compos": 0.0,
    "east": 0.0,
    "softwar": 0.0,
    "execut": 0.0,
    "technolog": 0.0,
    "serv": 0.0,
    "human": 0.0,
    "televis": 0.0,
    "physic": 0.0,
    "ethnic": 0.0,
    "stage": 0.0,
    "greater": 0.0,
    "uk": 0.0,
    "model": 0.0,
    "food": 0.0,
    "patient": 0.0,
    "face": 0.0,
    "research": 0.0,
    "visual": 0.03033877353593752,
    "physician": 0.1697340099331271,
    "imag": 0.0,
    "design": 0.0,
    "electr": 0.0,
    "nasa": 0.0,
    "energi": 0.0,
    "rai": 0.0,
    "graphic": 0.40866055470405743,
    "comput": 0.2873276581860999,
    "presid": 0.08302907681647731,
    "photograph": 0.0,
    "topic": 0.026014115537878416,
    "tom": 0.0,
    "corpor": 0.3190793456960413,
    "engin": 0.4326960375635249,
    "jim": 0.0,
    "edward": -0.0,
    "crow": 0.0,
    "film": 0.5729611385582164,
    "richard": 0.2916106104611402,
    "28": 0.0,
    "expert": 0.0,
    "morri": 0.0,
    "anim": 0.0,
    "york": 0.2701187808667435,
    "clark": 0.0,
    "136": 0.0,
    "compani": 0.0,
    "judg": 0.6233696248354726,
    "1993": 0.0,
    "won": 0.0,
    "osteopath": 0.12405742850917229,
    "jame": 0.0,
    "park": -0.0,
    "born": 0.0,
    "patent": 0.0,
    "harri": 0.0,
    "chairman": 0.0,
    "joel": 0.0,
    "allen": -0.0,
    "actor": -0.0,
    "franklin": 0.1653858333077608,
    "walt": 0.0,
    "duff": 0.0,
    "theatr": 0.08889821779165741,
    "edwin": 0.0,
    "smith": 0.0,
    "nomin": 0.268019259074006,
    "faculti": 0.0,
    "excel": 0.0,
    "architect": 0.0,
    "harvei": 0.0,
    "award": 0.6225354441242006,
    "director": 0.09155002336940464,
    "score": 0.0,
    "studio": 0.5671028681149872,
    "documentari": 0.0,
    "disnei": 0.0,
    "emmi": 0.0,
    "laboratori": 0.0,
    "basketbal": 0.0,
    "screenwrit": -0.0,
    "ladi": 0.05288873837725878,
    "jet": 0.0,
    "nelson": 0.0,
    "bruce": 0.0,
    "maker": 0.0,
    "atom": 0.0,
    "creator": -0.0,
    "coach": 0.058830436941976316,
    "player": 1.7407474480540642e-16,
    "entrepreneur": 0.0,
    "freder": -0.0,
    "ed": 0.0,
    "lewi": 0.0,
    "evan": 0.0,
    "frank": 0.0,
    "barbara": 0.0,
    "physicist": 0.1556185286280861,
    "rebecca": -0.0,
    "programm": 0.018915780183535735,
    "jerom": 0.0,
    "pat": 0.0,
    "inventor": 0.0,
    "bernard": 0.0,
    "ralph": 0.0,
    "cg": 0.17074189724995742,
    "pixar": 0.0,
    "glenn": 0.0,
    "burwel": 0.0,
    "propuls": 0.0,
    "playwright": 0.016202897113766098,
    "lynn": 0.06805351665373677,
    "greg": -0.0,
    "nixon": 5.235211612477277e-05,
    "doodl": 0.0,
    "cinematograph": 0.0,
    "isra": 0.0,
    "emeritu": 0.0003599163271524836,
    "jacqu": 0.0,
    "izadi": 0.3343557693045354,
    "37th": 0.0,
    "kurd": 0.003107143711968654,
    "rockefel": 0.0,
    "snyder": 0.0068078216178529775,
    "carter": 0.0,
    "kenneth": 0.04026452426106906,
    "guggenheim": 0.0,
    "manfr": 0.0,
    "conti": 0.0,
    "erni": 0.0,
    "lanc": 0.0,
    "netscap": 0.0,
    "sheldon": 0.0,
    "reino": -0.0,
    "peren": 0.0,
    "murrow": -0.0,
    "alvi": 0.0,
    "kirchheim": 0.0,
    "pano": -0.0,
    "cheez": 0.3199691607088902,
    "hanrahan": 0.0,
    "rogoff": 0.0,
    "emshwil": 0.0,
    "hurwitz": 0.0,
    "blinn": 0.0,
    "catmul": 0.0,
    "brudner": 0.0,
    "yohai": 0.1857427466048669,
    "mehrdad": 0.0,
    "anasto": 0.0,
    "genes": 0.0,
    "glassner": 0.0,
    "aarnio": -0.0,
    "difrancesco": -0.0,
    "riland": 0.001736719070800523,
    "strowei": 0.0,
    "photoscientist": -0.0,
    "fryshman": 0.0
  }
}