{
  "qid": "101",
  "query": "Mathematicians",
  "rank": 0,
  "docid": 38196,
  "coef": {
    "list": 0.35137695116702017,
    "right": 0.0,
    "religion": 0.0,
    "muslim": 0.0,
    "nation": 0.0,
    "italian": 0.0,
    "19th": 0.0,
    "world": -0.0,
    "american": -0.1381401686650293,
    "women": -0.0,
    "academ": 0.16836418794293423,
    "russian": 0.19965121056443444,
    "artist": 0.0,
    "notabl": 0.0,
    "see": 0.3312568707942129,
    "collect": 0.0,
    "greek": 0.0,
    "theorist": -0.0,
    "extern": 0.0,
    "scientist": 0.21833154947604183,
    "centuri": 0.0,
    "extens": 0.0017808202033186096,
    "made": 0.44924622081603266,
    "ethnic": 0.18008193972873895,
    "characterist": 0.3095600379044274,
    "tabl": 0.181640966847484,
    "german": -0.0,
    "cover": 0.0,
    "detail": 0.0,
    "game": 0.0,
    "link": 0.0,
    "nbsp": 0.5281454713099815,
    "analyst": 0.0,
    "welsh": 0.0,
    "mathemat": 0.2297230852416143,
    "alphabet": 0.0,
    "comput": 0.0,
    "photograph": 0.47572151226996723,
    "film": -0.012541740958635398,
    "project": 0.05237894756796747,
    "jewish": 0.25436703832888,
    "indian": 0.0,
    "african": -0.0,
    "born": 0.0,
    "biographi": 0.0,
    "profess": 0.0,
    "photo": -0.0,
    "mathematician": 0.15484523067225978,
    "quantit": 0.0,
    "chines": -0.0,
    "polish": 0.0,
    "turkish": 0.0,
    "databas": 0.0,
    "hungarian": 0.0,
    "slovenian": -0.0,
    "amateur": 0.0,
    "genealog": 0.0,
    "bengali": -0.0,
    "brazilian": -0.0,
    "ukrainian": -0.0,
    "statistician": 0.0,
    "iranian": 0.0,
    "andrej": 0.12521972949506918,
    "geomet": -0.20977816577858205,
    "logician": -0.0,
    "probabilist": 0.0,
    "bauer": 0.0,
    "centenarian": -0.0,
    "actuari": 0.0
  }
}