{
  "qid": "104",
  "query": "Business Leaders",
  "rank": 1,
  "docid": 5344948,
  "coef": {
    "list": 0.0,
    "opposit": 0.0,
    "debat": 0.6976520875230537,
    "order": 0.7697574438312494,
    "respons": 0.44989744834791395,
    "includ": -0.0,
    "manag": 0.8222434194210536,
    "commonli": 0.0,
    "reaction": 0.0,
    "govern": 0.13736989528126414,
    "issu": 0.8061786196607026,
    "time": 0.0,
    "see": 0.0,
    "known": 0.0,
    "leader": 0.6481943853758338,
    "tactic": 0.56057240872705,
    "matter": 7.5492524119825e-15,
    "member": 0.7919433405427865,
    "council": 0.0,
    "hous": -0.15791488463492018,
    "schedul": 0.0,
    "counterpart": 0.0,
    "upper": 0.9466177372463209,
    "assembl": -0.05211511265468709,
    "held": 0.0,
    "busi": 0.1822590315575011,
    "cabinet": 0.0,
    "legisl": 0.0,
    "offic": 0.0,
    "south": 0.7619986753305155,
    "bill": 0.0,
    "negoti": 0.0,
    "australia": 0.0,
    "australian": 0.0,
    "parliament": 0.40729606686011965,
    "disambigu": -0.0,
    "allot": 0.0,
    "dealt": 0.0,
    "impedi": 0.0
  }
}