{
  "qid": "143",
  "query": "Philanthropy",
  "rank": 6,
  "docid": 5739210,
  "coef": {
    "organis": 0.0,
    "focus": 0.0,
    "found": 0.0,
    "group": 0.0,
    "russian": 1.359464072875591,
    "mikhail": 2.3532338047999297,
    "ident": 0.0458473035229895,
    "intern": 0.0,
    "worldwid": 0.0,
    "speak": 1.039126764568099,
    "busi": 0.0,
    "jewish": 2.1419310663430034e-16,
    "jew": 2.1419310663430034e-16,
    "partner": 2.848139749741681,
    "philanthropi": 3.1687256691965224,
    "genesi": 0.0,
    "fridman": 4.165732018145389e-05
  }
}