{
  "qid": "106",
  "query": "Climate Change Activists",
  "rank": 5,
  "docid": 6178059,
  "coef": {
    "action": 0.735418864720814,
    "right": 0.7920535016019126,
    "grew": 0.0,
    "support": 0.0,
    "nation": 0.7492436159536225,
    "movement": 0.6586065109594377,
    "concern": 0.5402227841448033,
    "del": 0.03843934406213015,
    "respons": 0.254249266543123,
    "hold": 0.0,
    "de": 0.43845405884120686,
    "ag": 0.24941774738132844,
    "formal": 0.19917588052310292,
    "work": 0.21162319766962648,
    "youth": 0.0,
    "chang": 0.5998372855680277,
    "young": 0.0,
    "milit": 0.0,
    "argentina": 0.5369205067010459,
    "issu": 0.0,
    "group": 0.0,
    "commun": 0.0,
    "act": 0.0,
    "life": -0.0,
    "network": 0.0,
    "franc": 0.0,
    "children": 0.012478074338168318,
    "collect": 0.0,
    "particip": 0.0,
    "known": 0.0,
    "histor": 0.0,
    "child": 0.0,
    "accord": 0.0,
    "futur": 0.0,
    "first": 0.0,
    "activ": 0.5989840493363375,
    "part": -0.0,
    "unit": 0.0,
    "promot": 0.0,
    "studi": 0.0,
    "committe": 0.0,
    "person": 0.0,
    "give": 0.0,
    "global": 0.0,
    "activist": 0.6169329002808935,
    "back": 0.0,
    "petit": 0.11405129038715772,
    "initi": 0.0,
    "interview": 0.649076029418212,
    "environ": 0.1704283766668273,
    "food": 0.21225720053267694,
    "face": 0.604180149460173,
    "ask": 0.0,
    "air": 0.0,
    "rais": 0.0,
    "eat": 0.5629513515351487,
    "18": 0.0,
    "16": 0.0,
    "speech": 0.0,
    "famili": 0.0,
    "grow": 0.0,
    "terra": 0.0,
    "climat": 0.0,
    "temperatur": 0.0,
    "clean": 0.0,
    "inact": 0.0,
    "protect": 0.0,
    "convent": 0.0,
    "file": 0.0009630791851305068,
    "2002": 0.0,
    "la": 0.0,
    "biodivers": 0.42003529455890787,
    "brazil": 0.0,
    "slow": 0.0,
    "born": 0.0,
    "urg": 0.0,
    "highlight": 0.28524905200615003,
    "sovereignti": 0.0,
    "crisi": 0.11081894581961153,
    "germani": 0.0,
    "complaint": 0.39929446711412997,
    "fair": 0.0,
    "intergener": 0.0,
    "revolv": 0.0,
    "healthi": 0.0,
    "el": 0.0,
    "turkei": 0.29831871655539094,
    "sudden": 0.0,
    "bueno": 0.5408302008936815,
    "equiti": 0.0,
    "homeland": 0.0,
    "slogan": 0.4737376574541602,
    "terrifi": 0.39473028000760946,
    "greta": 0.2815550088458874,
    "argentinian": -0.0,
    "outspoken": 0.38059821989070475,
    "salon": 0.3153728466055356,
    "ardent": 0.0,
    "sacchi": 0.6988626473929693,
    "palomar": 0.18697051406462323,
    "thunberg": 0.0983821383313103,
    "paz": 0.197962173985964,
    "madr": 0.028573551393782787,
    "gallo": 0.0,
    "haedo": 0.04113483654805839,
    "comunidad": 0.0,
    "elmina": 0.0366059063019153,
    "chiara": 0.0,
    "gusto": 8.372386691902849e-06,
    "cocina": 0.0,
    "soberana": 0.0
  }
}