{
  "qid": "141",
  "query": "Human Exploration",
  "rank": 7,
  "docid": 2263021,
  "coef": {
    "state": 0.5529692406352391,
    "simultan": 0.0,
    "current": 0.0,
    "draw": -0.0,
    "emphasi": 0.3675716442690939,
    "belief": 0.0,
    "system": 0.0679289040196976,
    "situat": 0.0,
    "concept": 0.003491816864406873,
    "defin": 0.0,
    "acquir": 0.0,
    "includ": 0.0,
    "area": 0.004738614837335462,
    "kei": 0.0,
    "minim": 0.0,
    "work": 0.0,
    "art": 0.0,
    "guid": -0.0,
    "develop": 0.0,
    "far": 0.37447396990098547,
    "push": 0.2302401472470529,
    "util": 0.0,
    "field": 0.0,
    "function": 0.0,
    "see": -0.0,
    "local": 0.33041839651637955,
    "cooper": -0.0,
    "known": 0.0,
    "gain": 0.33588066021817325,
    "mass": 0.0,
    "amount": 0.0,
    "uniform": 0.0,
    "notion": 0.0,
    "activ": 0.08148842934032859,
    "problem": 0.0,
    "theori": 0.10996833346526619,
    "distribut": 0.5328433406668738,
    "natur": 0.0,
    "studi": 0.0,
    "decis": 0.05248398102291439,
    "base": 0.0,
    "point": 0.0,
    "shift": 0.0,
    "back": 0.017141354585251393,
    "human": 0.0,
    "distinguish": 0.0,
    "techniqu": 0.0,
    "context": 0.17230039277846207,
    "environ": 0.0,
    "earliest": 0.0,
    "advanc": 0.01881976649052582,
    "agent": -0.0,
    "primari": 0.0287329191703681,
    "simpl": 0.0,
    "survei": 0.37004388584458464,
    "deal": 0.0,
    "measur": 0.0,
    "aris": 0.0,
    "design": 0.03931115348727417,
    "knowledg": 0.17460771058270647,
    "mine": 0.0,
    "multi": -0.0,
    "abandon": 0.0,
    "gather": 0.34610669175485037,
    "expect": 0.0,
    "frontier": 0.11503132852039821,
    "explor": 0.37370818177677867,
    "1950": 0.0,
    "map": 0.08287538899992322,
    "volcano": 0.0,
    "danger": 0.2715538399160346,
    "domain": 0.0,
    "search": 0.0,
    "wake": -0.0,
    "rescu": 0.4133965449976377,
    "maxim": 0.3442072068588573,
    "overview": 0.0,
    "automata": 0.0,
    "robot": 0.4101830517471738,
    "kidnap": 0.0,
    "slam": -0.0,
    "inaccess": 0.15477286653638778,
    "finit": 0.0,
    "entropi": 0.43167593544706656,
    "algorithm": 0.0,
    "automaton": 0.0,
    "bandit": 0.21657039565148364,
    "probabilist": 0.0
  }
}