{
  "qid": "121",
  "query": "Racquet Sports",
  "rank": 4,
  "docid": 3458480,
  "coef": {
    "origin": -0.1365007948414829,
    "highli": 0.04653139467145599,
    "stabil": 0.1911385213123404,
    "extrem": 0.14228328805847867,
    "creat": 0.0,
    "section": 0.0,
    "gener": 0.6105876240754419,
    "strong": -0.0,
    "best": 0.0,
    "still": 0.0,
    "previou": 0.08922713411252253,
    "control": 0.0,
    "popular": 0.9033321947205392,
    "well": 0.949105800923361,
    "feder": 0.0,
    "time": 0.0,
    "rank": 0.0,
    "wing": 0.0,
    "enhanc": 0.0,
    "good": 0.0,
    "line": -0.0,
    "handl": 0.0,
    "first": -0.0,
    "make": 0.06829729422712762,
    "shape": 0.0,
    "refer": 0.5452371641079515,
    "compon": 0.0,
    "larger": 0.0,
    "combin": 0.0,
    "technolog": 0.07143343266261745,
    "black": 0.0,
    "endors": 0.0,
    "increas": 0.0,
    "side": 0.0,
    "incorpor": 0.8998817933823118,
    "quickli": 0.0,
    "improv": 0.7195952097261561,
    "factor": 0.0,
    "design": 0.0,
    "2010": 0.2707004223332569,
    "2007": 0.0,
    "reveal": -0.0,
    "carbon": 1.3853882146194887,
    "cross": 0.0,
    "shorter": 0.0,
    "sport": 0.0,
    "uniqu": 0.0,
    "roger": 0.0,
    "center": 0.0,
    "hit": 0.0,
    "boast": 0.0,
    "short": 0.06143895977430471,
    "tenni": 0.0,
    "wilson": 0.9921299146273359,
    "strength": 0.0,
    "spot": 0.0,
    "frame": 1.0533307209739458,
    "ball": 0.0,
    "mold": 0.7177025180377594,
    "comfort": 0.5364466969288479,
    "player": 1.1820923248762591,
    "dens": -0.0,
    "dwell": 0.45023322620213696,
    "seller": -0.0,
    "graphit": 1.0891983036102875,
    "racquet": 0.9688975412899536,
    "sweet": 0.0,
    "sio": 0.17660455489392204,
    "matrix": -0.0,
    "stiff": 0.2354981393153098,
    "maneuver": 0.7871583830975927,
    "yoke": 0.9129802022798493,
    "ncode": -0.0,
    "ontour": 0.0,
    "arophit": 0.0,
    "ompact": 0.0,
    "onnector": 0.0
  }
}