{
  "qid": "142",
  "query": "Physiotherapy",
  "rank": 1,
  "docid": 4387537,
  "coef": {
    "state": 0.0,
    "organis": 0.23755630853918103,
    "highli": 0.0,
    "journal": 0.10941056868095332,
    "librari": 8.478667834979004e-16,
    "conduct": 0.0,
    "histori": 0.0,
    "proper": 0.588103898340485,
    "educ": 0.3699041339493204,
    "manag": 0.0,
    "polit": 0.3705381233901009,
    "world": 0.0,
    "area": 0.4373962561143614,
    "establish": 0.0,
    "moral": 0.5530178545901329,
    "build": 0.22289002240302933,
    "compulsori": 0.0,
    "carri": 0.0,
    "develop": 0.0,
    "affili": 0.0,
    "colleg": 0.5880357938640565,
    "citi": 0.0,
    "academ": 0.0,
    "offer": 0.0,
    "cours": 0.0,
    "student": 0.35213712235305156,
    "institut": 0.0,
    "field": 0.2078877459688696,
    "vision": 0.0,
    "featur": 0.0,
    "produc": 0.0796710051605864,
    "john": 0.0,
    "practic": 0.0,
    "class": 0.0,
    "studi": 0.3782800117929728,
    "book": 0.1295610589095143,
    "separ": 0.0,
    "valu": 0.018183556324436786,
    "attitud": 0.021294673487029347,
    "parti": 0.009586720884096369,
    "teach": -0.0,
    "period": 0.23062499177358747,
    "60": 0.0,
    "train": 0.0,
    "month": 0.0,
    "techniqu": 0.0,
    "contain": 0.0,
    "experienc": 0.0,
    "year": 0.9176974092624536,
    "durat": 0.0,
    "000": 0.0,
    "graduat": 0.0,
    "research": -0.0,
    "univers": 0.0,
    "prescrib": 0.09158141671127726,
    "locat": 0.0,
    "15": 0.0,
    "specialist": 0.0,
    "special": 0.0,
    "treatment": 0.21236452048165744,
    "medic": 0.0,
    "physician": 0.399953868891097,
    "surround": 0.0,
    "skill": 0.0,
    "degre": 0.0,
    "requir": 0.0018369144630352985,
    "extend": 0.0,
    "top": -0.0,
    "knowledg": 0.0,
    "perman": 0.0,
    "presid": 0.10692966936278768,
    "profici": 0.0,
    "south": 0.0,
    "trust": 0.0,
    "facil": 0.34435208312334703,
    "visit": 0.0,
    "guest": 0.0,
    "chairman": 0.0,
    "dedic": 0.0,
    "speaker": 0.0,
    "acr": 0.0,
    "compet": 0.5153550185515725,
    "qualifi": 0.0,
    "faculti": 0.0,
    "depth": 0.0,
    "1998": 0.0,
    "premier": 0.0,
    "certifi": 0.20286293287495763,
    "dr": 0.0,
    "tamil": -0.0,
    "charit": 0.0,
    "bachelor": 0.0,
    "india": 0.0,
    "physiotherapist": 0.0,
    "workshop": 0.0,
    "spaciou": 0.0,
    "seminar": 0.0,
    "hostel": 0.0,
    "nadu": 0.4857495860778885,
    "impart": 0.7685506949097985,
    "internship": 0.013481112389921038,
    "sqft": 0.0026833612230652143,
    "tirunelv": 0.2573774824571515,
    "physiotherapi": 0.731753158595643,
    "kazhagam": 0.0,
    "munnetra": 0.0,
    "makkal": 0.0,
    "pandian": 0.09822002093114333,
    "devendrar": 0.0,
    "tamizhaga": 0.0,
    "ariyakulam": 0.0
  }
}