{
  "qid": "134",
  "query": "Botany",
  "rank": 1,
  "docid": 2446412,
  "coef": {
    "journal": 1.4569166899347799,
    "mai": -0.0,
    "call": 1.0105257143354514,
    "de": 0.0,
    "american": -0.0,
    "canadian": 0.0,
    "academ": -0.15300524102644908,
    "see": 0.44522800594884604,
    "new": -0.0,
    "refer": -0.0,
    "confus": 0.5607959437403582,
    "foreign": 2.7343267949630527e-17,
    "european": 0.0,
    "british": 0.0,
    "botani": 0.5150792377793726,
    "australian": -0.0,
    "botaniqu": 0.0,
    "hindawi": 0.0,
    "watsonia": 0.0
  }
}