{
  "qid": "140",
  "query": "Artificial Intelligence and Machine Learning",
  "rank": 9,
  "docid": 4769282,
  "coef": {
    "can": 5.347858234990688e-05,
    "system": 7.085097607957505e-05,
    "predict": 0.4535487676738202,
    "interpret": 0.0,
    "tool": 0.0,
    "take": 0.0,
    "descript": -0.0,
    "form": 0.0,
    "perform": -0.0,
    "area": 0.5272709538637006,
    "disrupt": 0.0035560603035616044,
    "implement": 1.6330916775864632,
    "learn": 0.0,
    "time": 0.0,
    "util": 0.0,
    "network": 1.4750416560465145,
    "field": -0.0,
    "function": 0.0,
    "set": -0.0,
    "see": 0.0,
    "non": 0.0,
    "express": 0.0,
    "featur": -0.0,
    "free": 0.11769617365952513,
    "multipl": 0.0,
    "user": 0.0,
    "result": 1.3799807642898356,
    "problem": 1.1059231411867638,
    "base": 0.0,
    "softwar": 0.0,
    "technolog": 1.3050998530810758,
    "seri": 0.0,
    "contain": 1.6780546039197857,
    "2015": 0.0,
    "comparison": -0.0,
    "pattern": 0.9739254747037791,
    "neural": 0.0,
    "program": 0.0,
    "model": 0.0,
    "recognit": 0.23616013820848655,
    "research": 0.0,
    "framework": 0.0,
    "data": 0.2510787042399738,
    "diagnost": 0.0,
    "intellig": 0.0,
    "design": 1.6062298489553215,
    "languag": 1.153314892862274,
    "commerci": 0.0,
    "layer": 0.30472473703805825,
    "artifici": 0.0,
    "mathemat": 1.3963917987347407,
    "output": 0.9635082189426165,
    "european": 0.0,
    "graphic": 0.0,
    "comput": 0.08016631369016032,
    "mine": -0.0,
    "export": 1.5619404001105435,
    "deep": 0.0,
    "architectur": 0.0,
    "commiss": 0.5035575055742774,
    "linear": 0.0,
    "machin": 1.6671252078499965,
    "analyt": 1.32294948210867,
    "chosen": 0.0,
    "solv": 0.0,
    "simplifi": 0.6083548159388135,
    "2020": 0.0017156158408900175,
    "input": 0.22229111278056754,
    "horizon": 0.0,
    "explicit": 0.00014609175916054535,
    "entri": 0.0,
    "interfac": 0.0,
    "regress": 0.027938409586186992,
    "ict": -0.0,
    "prescript": 0.0,
    "java": 0.0,
    "weka": 8.211585668951373e-06,
    "rapidmin": 0.0,
    "autoencod": 0.18094647128646976,
    "knime": 0.0
  }
}