{
  "qid": "107",
  "query": "Seafood",
  "rank": 8,
  "docid": 2484373,
  "coef": {
    "be": 0.0,
    "list": 0.15462199823873754,
    "market": -0.0,
    "consumer": 0.0,
    "societi": 0.3332467828758714,
    "system": 0.0,
    "region": 0.0,
    "product": 0.0,
    "us": 0.0,
    "websit": 0.0,
    "includ": 0.4012818219230031,
    "oper": -0.0,
    "best": 0.006833145892238346,
    "guid": 0.25636878922976664,
    "choic": 0.0,
    "develop": 0.11590417561448087,
    "environment": 0.0,
    "aim": 0.0,
    "citi": -0.0,
    "justic": 0.02863592092017738,
    "organ": 0.0,
    "publish": 0.0,
    "consum": 0.2974977800988322,
    "institut": 0.3244385198186565,
    "see": 0.27824783117499796,
    "known": 0.03038461144882101,
    "advoc": -0.0,
    "new": 0.0,
    "produc": -0.0,
    "social": 0.0,
    "base": 0.0,
    "council": 0.022912605489423057,
    "foundat": 0.002229488605071493,
    "canada": 0.18097149110115743,
    "independ": 0.0,
    "label": 0.0,
    "ethic": 0.0,
    "onlin": 0.0,
    "increas": 0.0,
    "initi": 0.0,
    "uk": 0.32834473983179346,
    "sustain": 0.3649267672459446,
    "program": 0.35206668188150475,
    "health": 0.0,
    "reduct": 0.12729769402006194,
    "recommend": 0.3500233806522514,
    "assess": 0.0,
    "account": 0.0,
    "awar": 0.0,
    "standard": 0.004031758567475635,
    "traffic": 0.0,
    "forest": 0.0,
    "light": 0.0,
    "carbon": 0.0,
    "impact": 0.0,
    "ocean": 0.03549898408224359,
    "blue": 0.0,
    "restaur": 0.0,
    "statu": 0.032924325765929977,
    "bai": 0.0,
    "usa": 0.0,
    "protect": 0.2102138810578898,
    "west": 0.0,
    "conserv": 0.0,
    "speci": 0.0,
    "fish": 0.46027266490545504,
    "retail": 0.0,
    "coast": -0.0,
    "northeast": 0.02892483876910686,
    "york": 0.0,
    "bird": 0.0,
    "purchas": 0.0,
    "watch": -0.0,
    "california": 0.0,
    "danger": 0.0,
    "scheme": 0.0,
    "advis": 0.0,
    "royal": 0.01731028957066082,
    "amc": 0.0,
    "certifi": 0.29879752619060773,
    "atlant": 0.0014543990161143827,
    "certif": 0.532045855102746,
    "australia": -0.0,
    "australian": 0.0,
    "vancouv": 0.7919664585637758,
    "footprint": 0.0,
    "dine": 0.0,
    "india": -0.0,
    "aquacultur": 0.0,
    "mc": 0.0,
    "wise": 0.0,
    "marin": 0.0,
    "stewardship": 0.0,
    "seafood": 0.2158949164212858,
    "zealand": 0.0007297607184641562,
    "fisheri": -0.0,
    "advisori": 0.0,
    "overfish": 0.0007300070230581263,
    "greenpeac": 0.0,
    "monterei": 0.0,
    "audubon": -0.0,
    "aquarium": 0.0,
    "oceana": 0.0,
    "ecolabel": 7.246523935204493e-17,
    "ejf": 0.011387889435187303,
    "seachoic": 0.0
  }
}