{
  "qid": "126",
  "query": "Political Theory",
  "rank": 9,
  "docid": 2575558,
  "coef": {
    "state": 0.020097086960393286,
    "conflict": 0.010023162391430793,
    "type": 0.0,
    "exist": 0.030642915367002893,
    "attempt": 0.0,
    "societi": 0.007813165382688425,
    "system": 0.0008066306602462087,
    "mai": 0.049085739709982444,
    "debat": 0.0,
    "us": 0.0,
    "defin": 0.0,
    "conduct": 0.0,
    "differ": 0.3669151005780939,
    "gener": -0.0,
    "educ": 0.1041317377419356,
    "manag": 0.0,
    "polit": 0.6181263408819576,
    "world": 0.26285429904676966,
    "establish": 0.0,
    "term": 0.0,
    "note": 0.4106329329245856,
    "formal": 0.15415351470301975,
    "school": 0.5896333103372638,
    "second": 0.07393610531105621,
    "develop": 0.0,
    "feder": 0.0,
    "group": 0.31753034899118726,
    "academ": 0.5384214860260923,
    "root": 0.4279077257178778,
    "process": 0.4135275867834187,
    "regul": 0.0,
    "organ": 0.7299872392924807,
    "function": 0.5540814061738045,
    "consid": -0.0,
    "signific": 0.0,
    "cooper": 0.0,
    "inform": 0.3075289135049759,
    "understand": 0.0,
    "goal": 0.0,
    "first": -0.0,
    "make": 0.5319715480719093,
    "theori": 0.4718201887899299,
    "academia": 0.10647993442210323,
    "social": 0.0,
    "individu": 0.004007098467960887,
    "studi": 0.0,
    "decis": 0.0,
    "distinct": 0.0,
    "base": -0.0,
    "scienc": -0.0,
    "refer": -0.0,
    "achiev": 0.0,
    "compon": 0.0,
    "power": 0.0,
    "level": 0.4660988674651422,
    "disciplin": 0.006354124113887581,
    "depend": 0.005181704913265788,
    "research": 0.0,
    "explain": 0.6199172823994408,
    "resourc": 0.0,
    "integr": 0.0,
    "scientif": 0.0,
    "circumst": 0.0008718441641179771,
    "district": 0.5736815810996478,
    "foot": 0.0,
    "prevail": 0.0,
    "drawn": 0.0,
    "alloc": 0.0,
    "macro": -0.0,
    "deeper": 0.0003637844811197527,
    "organiz": 0.0,
    "micro": 0.03489103062483571,
    "solicit": 0.0,
    "education": 0.0
  }
}