{
  "qid": "142",
  "query": "Physiotherapy",
  "rank": 1,
  "docid": 4387537,
  "coef": {
    "state": 0.0,
    "organis": 0.24445260467884186,
    "highli": 0.0,
    "journal": 0.41847700844360225,
    "librari": 1.6887873500271256e-15,
    "conduct": 0.0,
    "histori": 0.0,
    "proper": 0.37516008253624783,
    "educ": 0.3751153915143201,
    "manag": 0.0,
    "polit": 0.34526128442324755,
    "world": 0.0,
    "area": 0.4137872387230177,
    "establish": 0.0,
    "moral": 0.2193974050297731,
    "build": 0.5449768254942114,
    "compulsori": 0.0,
    "carri": -0.0,
    "develop": 0.0,
    "affili": 0.0,
    "colleg": 0.4667546802620004,
    "citi": 0.0037259993970625606,
    "academ": 0.0,
    "offer": 0.0,
    "cours": 0.0,
    "student": 0.3121319839233716,
    "institut": 0.09696139865114047,
    "field": 0.018747773417783366,
    "vision": 0.0,
    "featur": 0.019861307904759797,
    "produc": 0.040649487176128464,
    "john": 0.0,
    "practic": -0.0,
    "class": 0.0,
    "studi": 0.29612441574925197,
    "book": 0.0021731027966733745,
    "separ": 0.0,
    "valu": 0.0002350374891871391,
    "attitud": 0.00018996953714070294,
    "parti": 0.0,
    "teach": 0.0,
    "period": 0.5150706689218387,
    "60": 0.002781599769425636,
    "train": 0.0,
    "month": 0.0,
    "techniqu": 0.0,
    "contain": 0.0005386511347015653,
    "experienc": 0.0,
    "year": 0.5548431938299623,
    "durat": 0.0,
    "000": 0.0022472230127572454,
    "graduat": 0.0,
    "research": 0.0,
    "univers": 0.0,
    "prescrib": 0.10919891811240325,
    "locat": -0.0,
    "15": 0.00014550184897099407,
    "specialist": 0.0,
    "special": 7.797526469827717e-05,
    "treatment": 0.3064975608235893,
    "medic": 0.0,
    "physician": 0.14612825221916706,
    "surround": 1.997446276076296e-05,
    "skill": 0.0005558617887048488,
    "degre": 0.0,
    "requir": 0.00040892255873943345,
    "extend": 0.0,
    "top": 0.0,
    "knowledg": 0.0,
    "perman": 0.0,
    "presid": 0.03500256195416449,
    "profici": 0.0,
    "south": -0.0,
    "trust": 0.0,
    "facil": 0.2515485514196166,
    "visit": 0.0,
    "guest": 0.0,
    "chairman": 0.0,
    "dedic": 0.0,
    "speaker": 0.0,
    "acr": 0.0,
    "compet": 0.6656077966548353,
    "qualifi": 0.0,
    "faculti": 0.0,
    "depth": 0.0,
    "1998": 0.0,
    "premier": 0.0,
    "certifi": 0.0,
    "dr": 0.0,
    "tamil": -0.0,
    "charit": 0.0,
    "bachelor": 0.0,
    "india": -0.0,
    "physiotherapist": 0.0,
    "workshop": 0.37222455384449715,
    "spaciou": 0.0,
    "seminar": 0.0,
    "hostel": 0.0,
    "nadu": 0.5857160275135497,
    "impart": 0.6980720747918668,
    "internship": 0.0,
    "sqft": 0.0,
    "tirunelv": 0.2560797795278418,
    "physiotherapi": 0.6745555846913205,
    "kazhagam": 0.0,
    "munnetra": 0.0,
    "makkal": 0.0,
    "pandian": 0.5098100620536092,
    "devendrar": 0.1029832844185076,
    "tamizhaga": 0.0,
    "ariyakulam": 0.1394296966371434
  }
}