{
  "qid": "114",
  "query": "Songwriting",
  "rank": 5,
  "docid": 3324560,
  "coef": {
    "societi": -0.0,
    "mai": 0.0,
    "music": 0.0,
    "write": 0.0,
    "direct": 0.6450498948469312,
    "who": 0.0,
    "individu": 0.1637489200307735,
    "refer": 0.0,
    "2018": 0.0,
    "film": 0.5000747458682387,
    "bill": -0.0,
    "1984": 0.0,
    "anderson": -0.0,
    "lyric": 1.4474101306597036,
    "album": -0.4410757638853959,
    "documentari": 0.0,
    "song": 0.5209130800003499,
    "alan": 0.0,
    "ed": 0.0,
    "murrai": 0.0,
    "rudolph": 0.0,
    "hayward": -0.0,
    "songwrit": 1.231360164497845,
    "hike": 0.0,
    "cum": 1.648851556044174,
    "justin": -0.0,
    "sheeran": 0.0,
    "apo": -0.0
  }
}