{
  "qid": "104",
  "query": "Business Leaders",
  "rank": 3,
  "docid": 3559541,
  "coef": {
    "list": 0.0,
    "current": 0.0,
    "opposit": 0.24224788612176104,
    "debat": 0.08634479557113584,
    "order": 0.0,
    "taken": 0.0,
    "respons": 0.0,
    "call": 0.0,
    "manag": 0.3687729122749553,
    "come": 0.0,
    "follow": 0.0018041277097287018,
    "larg": 0.0,
    "repres": 0.0,
    "duti": 0.0,
    "govern": 0.0,
    "act": 0.01704017955789117,
    "time": 0.5796649028967858,
    "plai": 0.2747118389922644,
    "see": 0.0,
    "onli": 0.11073059077916357,
    "leader": 0.0,
    "mark": 0.0,
    "john": 0.0,
    "who": 0.0,
    "posit": 0.0,
    "offici": 0.0,
    "member": 0.0,
    "refer": 0.0,
    "hous": 0.6428320146395505,
    "serv": 0.0,
    "leav": 0.0,
    "shadow": 0.0,
    "topic": 0.3141527232898376,
    "item": 0.007987212628855123,
    "busi": 0.18294562504764875,
    "bill": 0.5226764370435896,
    "longest": 0.0,
    "1974": 0.15599982559179146,
    "senat": 0.33620707094663294,
    "went": 0.3327636556256616,
    "appoint": 0.0,
    "negoti": 0.6057774238537272,
    "proceed": 0.0,
    "toni": 0.0,
    "australia": -0.0,
    "julia": 0.0,
    "australian": 0.0,
    "holder": 0.17207667841507274,
    "howard": 0.0,
    "prime": 0.0,
    "ministri": 0.0,
    "conting": 0.0,
    "minist": 0.0,
    "absent": 0.0,
    "allot": 0.0,
    "deputi": 0.4099493010795931,
    "burk": 0.370707795845244,
    "dreyfu": 0.0,
    "gillard": 0.059953859535621386
  }
}