{
  "qid": "134",
  "query": "Botany",
  "rank": 0,
  "docid": 937662,
  "coef": {
    "state": 0.41509787265708253,
    "north": 0.04542922657982687,
    "mai": 0.0,
    "nation": 0.0,
    "name": 0.0,
    "preserv": 0.0,
    "st": 0.0,
    "robert": 0.0,
    "manag": 0.0,
    "found": 0.0,
    "commonli": 0.0,
    "area": 0.4969557441202133,
    "england": 0.0,
    "land": -0.0,
    "govern": -0.0,
    "colleg": 0.0,
    "citi": 0.0,
    "commun": 0.0,
    "small": 0.0,
    "place": 0.0,
    "see": 0.00019992376018406128,
    "fiction": 0.0,
    "local": -0.0,
    "known": 0.0,
    "new": 0.0,
    "free": 0.0,
    "unit": 0.0,
    "refer": 0.0,
    "illeg": 0.0,
    "residenti": 0.0,
    "univers": -0.0,
    "locat": 0.4438327652524974,
    "3": 0.0,
    "antarctica": 0.0,
    "planet": 0.0,
    "peninsula": 0.0,
    "bai": 0.2752979769646175,
    "seaport": -0.0,
    "hall": 0.0,
    "bob": 0.0,
    "london": 0.1370937332392449,
    "weevil": 0.17321432771005585,
    "suburb": 0.0,
    "west": 0.18487062722462386,
    "jim": 0.0,
    "ladd": 0.0,
    "record": 0.0,
    "speci": 0.0,
    "vallei": 0.0,
    "fish": 0.0,
    "film": 0.0,
    "jone": 0.06802479141382553,
    "movi": 0.31254024992403323,
    "port": -0.0,
    "entertain": 0.0,
    "south": 0.04102933792270617,
    "island": 0.0,
    "thoma": 0.0,
    "wildlif": 0.0,
    "shore": 0.0,
    "1941": 0.0,
    "jame": 0.0,
    "eastern": 0.0,
    "park": 0.20257342396452543,
    "plantat": 0.0,
    "star": 0.0,
    "boat": 0.41688333451202503,
    "harri": -0.0,
    "carolina": 0.0,
    "willi": 0.0,
    "charl": 0.0,
    "norman": 0.0,
    "botani": 0.29021635464404505,
    "kingdom": 0.0,
    "1953": 0.16557924788125464,
    "rescu": 0.10095816727203773,
    "song": 0.24955157482109908,
    "fridai": 0.0,
    "australia": 0.35519739256101734,
    "alan": 0.0,
    "novel": 0.29542549055007694,
    "whale": 0.02596056432786542,
    "folk": 0.0,
    "rolf": -0.0,
    "hamlet": 0.0,
    "virgin": 0.0,
    "villag": 0.14797035870396893,
    "wale": 0.0,
    "borough": 0.0,
    "ss": 0.0,
    "diamond": 0.0,
    "harpoon": 0.0,
    "trek": -0.0,
    "victoria": -0.0,
    "triniti": 0.027922210744343458,
    "dublin": 0.0,
    "dylan": 0.028662798669306152,
    "heinlein": 0.0,
    "spaceship": -0.0,
    "kent": -0.0,
    "nordhoff": 0.0,
    "bristol": 0.0,
    "enfield": 0.0,
    "derbyshir": 0.0,
    "quadrangl": 0.0,
    "monmouthshir": 0.0,
    "wye": 0.0,
    "chorlei": 0.0,
    "broadstair": -0.0,
    "spectabili": 0.0,
    "edisto": 0.0,
    "henburi": 0.0,
    "chrysolopu": 0.0
  }
}