{
  "qid": "104",
  "query": "Business Leaders",
  "rank": 0,
  "docid": 2959386,
  "coef": {
    "mai": 0.0,
    "govern": 0.0,
    "common": -0.0,
    "northern": 0.0,
    "known": 0.0,
    "new": -0.0,
    "leader": 0.23230961178228132,
    "unit": 0.7485356451527072,
    "council": 0.4478566657648754,
    "refer": 0.11598226694758378,
    "canada": -0.0,
    "hous": 0.925134134174941,
    "now": 0.6454633492112105,
    "assembl": 0.11916045955132674,
    "busi": 0.6850025608275798,
    "legisl": 0.0,
    "south": 0.0,
    "island": 0.0,
    "senat": 0.0,
    "kingdom": 0.0,
    "premier": 0.0,
    "australia": 0.08400593369901713,
    "lord": 0.16910602550221168,
    "minist": 9.07846309074628e-16,
    "ireland": 0.21047455331123455,
    "india": 0.0,
    "bangladesh": 0.0,
    "lanka": -0.0,
    "sri": -0.0,
    "zealand": -0.0,
    "queensland": -0.0,
    "lok": 0.0,
    "sabha": 0.0,
    "cayman": 0.0,
    "rajya": 0.0,
    "seanad": 0.0
  }
}