{
  "qid": "131",
  "query": "Biologists",
  "rank": 8,
  "docid": 4955578,
  "coef": {
    "mai": 0.0,
    "canadian": -0.0,
    "refer": 0.0,
    "footbal": 3.655503629555041,
    "british": 0.0,
    "biologist": -0.2738231285608933,
    "toni": 2.235623402385707,
    "sinclair": 0.0
  }
}