{
  "qid": "140",
  "query": "Artificial Intelligence and Machine Learning",
  "rank": 9,
  "docid": 4769282,
  "coef": {
    "can": 0.0,
    "system": 0.0,
    "predict": 0.327226847192168,
    "interpret": 0.0,
    "tool": 0.0,
    "take": 0.0,
    "descript": -0.0,
    "form": 0.0,
    "perform": -0.0,
    "area": 0.0,
    "disrupt": 0.0,
    "implement": 1.211283691695534,
    "learn": 0.0,
    "time": 0.0,
    "util": 0.0,
    "network": 1.1891714984177033,
    "field": -0.0,
    "function": 0.0,
    "set": -0.0,
    "see": 0.0,
    "non": 0.0,
    "express": 0.0,
    "featur": -0.0,
    "free": 0.9909951021726987,
    "multipl": 0.0,
    "user": 0.948279419980331,
    "result": 1.6805554471912656,
    "problem": 1.9216441473204322,
    "base": 0.6116997194387953,
    "softwar": 0.0,
    "technolog": 1.302452784696775,
    "seri": 0.0,
    "contain": 1.7517812081748478,
    "2015": 0.0,
    "comparison": 0.0,
    "pattern": 1.2805801282244018,
    "neural": 0.0,
    "program": 0.0,
    "model": 0.0,
    "recognit": 0.48714316319437573,
    "research": 0.0,
    "framework": 0.0,
    "data": 0.5318518759139489,
    "diagnost": 0.0,
    "intellig": 0.0,
    "design": 1.5965697403961039,
    "languag": 1.0862371584853545,
    "commerci": 0.0,
    "layer": 0.0,
    "artifici": 0.07965460930383525,
    "mathemat": 1.4873315072789393,
    "output": 1.4540562756167854,
    "european": 0.0,
    "graphic": 0.0,
    "comput": 0.010030607230343852,
    "mine": -0.0,
    "export": 0.9585739267358482,
    "deep": 0.0,
    "architectur": 0.0,
    "commiss": 2.3071188787274157,
    "linear": 0.0,
    "machin": 0.8059681082122537,
    "analyt": 0.28798624614262,
    "chosen": 0.4200409922991111,
    "solv": 0.0,
    "simplifi": 0.22712144823743624,
    "2020": 0.0,
    "input": 0.0015906124664763926,
    "horizon": 0.0,
    "explicit": 0.0,
    "entri": 0.0,
    "interfac": 0.1477758472324145,
    "regress": 0.0,
    "ict": -0.0,
    "prescript": 0.014419042853817106,
    "java": 0.0,
    "weka": 0.0,
    "rapidmin": 0.0,
    "autoencod": 0.013447429371785571,
    "knime": 0.0
  }
}