{
  "qid": "139",
  "query": "European Union Governance",
  "rank": 1,
  "docid": 6208979,
  "coef": {
    "union": -0.0,
    "current": -0.0,
    "led": 5.188117536254445e-17,
    "countri": 0.0,
    "histori": 0.2591039206027688,
    "rule": 0.0,
    "event": 0.3383204004993735,
    "polit": 0.0,
    "david": 0.0,
    "moderna": 0.0,
    "repres": 0.0,
    "govern": 0.06874428942286158,
    "group": 0.7280103296909453,
    "see": 0.0,
    "new": 0.0,
    "council": 0.03078822703360027,
    "modern": 0.0,
    "parti": 1.4783472999235805,
    "period": -0.0,
    "leav": 0.0,
    "medicin": 0.4718295630944424,
    "year": 0.0,
    "high": 0.7052367429289209,
    "vaccin": 0.9902252613228731,
    "approv": 0.0,
    "outlin": -0.0,
    "6": 0.03153116962988365,
    "3": 0.0,
    "european": 0.8694319216371904,
    "presid": 0.6990374779679522,
    "decid": 1.090860612149759,
    "incumb": -0.0,
    "orb": 2.0417716249496955e-14,
    "juli": 0.0,
    "commiss": 0.0,
    "19": 0.030419244938799828,
    "agenc": 0.08303297075589187,
    "von": 0.0,
    "march": 0.3111122489516304,
    "januari": 0.0,
    "charl": 0.0,
    "jan": 0.40670968003691577,
    "2020": 1.3390411876695762,
    "covid": 0.0,
    "2021": 0.6112395596004039,
    "josep": 0.010065186425378563,
    "prime": 0.0,
    "parliament": 0.0,
    "portug": 0.0,
    "minist": 0.0,
    "der": 0.12315622831712786,
    "dec": 0.0,
    "overview": 0.0,
    "timelin": 0.0,
    "borrel": 0.0,
    "hungari": 0.03642973824240637,
    "viktor": 0.0,
    "michel": 0.0,
    "jun": 0.0,
    "slovenia": 0.0,
    "epp": 0.48455459208112256,
    "ursula": 0.0,
    "leyen": 0.0,
    "sassoli": 0.0,
    "fidesz": 0.007104000535803149
  }
}