{
  "qid": "139",
  "query": "European Union Governance",
  "rank": 2,
  "docid": 5957755,
  "coef": {
    "state": 0.0,
    "union": 0.6676185672055076,
    "current": 0.0,
    "attempt": 0.0,
    "can": 0.0,
    "nation": 0.0,
    "countri": -0.0,
    "law": 0.4774148022362305,
    "histori": -0.0,
    "rule": 0.6052491798330136,
    "event": 0.0,
    "polit": 0.6394014711040401,
    "david": 0.0,
    "repres": 0.0,
    "respect": 0.0,
    "govern": 0.0,
    "offer": 0.0,
    "justic": 0.0,
    "will": 0.0,
    "left": 0.0,
    "see": 0.0,
    "unit": 0.22216013931772163,
    "council": 0.0,
    "modern": -0.0,
    "mean": 0.0,
    "period": 0.0,
    "million": 0.7428288750477353,
    "year": 0.14023832032256192,
    "high": 0.0,
    "loss": 0.0,
    "vaccin": 0.20707932665992526,
    "court": 0.870816029623037,
    "outlin": 0.0,
    "link": 0.5497441337493371,
    "refus": 0.3468477433619998,
    "ritual": 0.1082109975957628,
    "fund": 0.05172346664122632,
    "european": 0.03751689083478314,
    "presid": 0.864861695138123,
    "veto": 0.0,
    "ban": 0.0,
    "17": 0.9911750082122525,
    "novemb": 0.0,
    "decemb": 0.07393560061057064,
    "budget": 0.0,
    "incumb": -0.4378580811027231,
    "juli": 0.42429342801347686,
    "commiss": 0.0,
    "31": 0.0,
    "19": 0.3841982557451155,
    "von": 0.9691991397564526,
    "januari": 0.589747630110928,
    "500": 0.0,
    "sovereignti": 0.0,
    "slaughter": 0.10142495053509516,
    "charl": 0.0,
    "germani": 0.0,
    "jan": 0.0,
    "kingdom": 0.36987161427412935,
    "2020": 0.4090982657484569,
    "covid": 0.0,
    "josep": 0.0,
    "eu": 0.0,
    "parliament": 0.0,
    "der": 0.0,
    "dec": 0.0,
    "overview": -0.0,
    "timelin": 0.0,
    "borrel": 0.0,
    "hungari": -0.0,
    "dose": 0.0,
    "poland": 0.0,
    "croatia": 0.0,
    "gibraltar": 0.053874151581476404,
    "michel": 0.0,
    "jun": 0.0,
    "pfizer": -0.0,
    "ursula": 0.0,
    "kosher": 0.0,
    "halal": 0.0,
    "biontech": -0.0,
    "leyen": 0.0,
    "sassoli": 0.0
  }
}