{
  "qid": "147",
  "query": "Discrimination",
  "rank": 0,
  "docid": 6033536,
  "coef": {
    "mai": 0.0,
    "gener": 0.0,
    "form": 0.14726530951175892,
    "number": 0.0,
    "root": 0.0,
    "field": 0.0,
    "function": -1.3873278311288695,
    "determin": 1.5959598179023162,
    "multipl": 0.0,
    "properti": 6.0376634768385805e-15,
    "refer": 0.0,
    "valu": -0.0,
    "statist": -0.0,
    "medicin": -0.0,
    "psycholog": -0.0,
    "modifi": -0.0,
    "depend": 0.0,
    "real": -0.0,
    "valid": -0.0,
    "analysi": -0.0,
    "mathemat": 0.0,
    "curv": 0.0,
    "algebra": 0.0,
    "quantiti": 1.5655874006665507,
    "discrimin": 1.76073849754887,
    "fundament": -0.0,
    "modular": -0.0,
    "coeffici": 0.0,
    "quadrat": 0.00020695536305476324,
    "fisher": -1.3997890451872232,
    "ellipt": 0.0,
    "polynomi": 0.0,
    "kernel": -2.308407769376564e-15,
    "maddrei": -0.0
  }
}