{
  "qid": "107",
  "query": "Seafood",
  "rank": 1,
  "docid": 1153939,
  "coef": {
    "aspect": 0.0,
    "state": 0.0,
    "list": 0.029174765298002087,
    "current": 0.0,
    "market": 0.0,
    "peopl": 0.0,
    "societi": 0.0,
    "north": 0.0,
    "assist": 0.0,
    "mai": 0.0,
    "nation": 0.0,
    "region": 0.0,
    "countri": 0.0,
    "industri": 0.0,
    "econom": 0.0,
    "product": 0.0,
    "contradictori": 0.0,
    "spanish": -0.0,
    "websit": 0.26949996443106317,
    "friendli": 0.0,
    "respons": 0.0,
    "public": 0.0,
    "servic": 0.0,
    "target": 0.16838906595344472,
    "includ": 0.0,
    "take": 0.0,
    "came": 0.0,
    "educ": 0.00335902155275329,
    "manag": 0.1879697002299458,
    "allow": 0.0,
    "world": 0.4173099912535114,
    "avoid": 0.0,
    "oper": 0.26295846932861117,
    "best": 0.09707825967486376,
    "ad": 0.04315873227177057,
    "trade": 0.0,
    "note": 0.03774846916289495,
    "late": 0.0,
    "critic": 0.0,
    "work": 0.0,
    "american": 0.0,
    "guid": 0.4770900922174367,
    "elimin": 0.0,
    "long": 0.0,
    "choic": 0.0,
    "develop": 0.0,
    "environment": 0.0,
    "group": 0.0,
    "effort": 0.0,
    "push": 0.0,
    "root": 0.0,
    "life": 0.0,
    "organ": 0.0,
    "consum": 0.0,
    "influenc": 0.0,
    "institut": -0.0,
    "find": 0.0,
    "1999": 0.0,
    "see": 0.0,
    "non": 0.0,
    "wide": 0.0,
    "known": 0.0,
    "inform": -0.0,
    "advoc": 0.0,
    "move": 0.0,
    "featur": -0.0,
    "produc": 0.0,
    "green": 0.10186525673063138,
    "similar": 0.0,
    "first": 0.24151304340852955,
    "web": 0.11052162178728188,
    "result": 0.2283204538514228,
    "wai": 0.0,
    "unit": 0.0,
    "social": 0.0,
    "promot": -0.0,
    "natur": 0.0,
    "decis": 0.0,
    "base": 0.0,
    "scienc": 0.013489558116533587,
    "illeg": 0.0,
    "wrote": 0.10035862811033165,
    "suggest": 0.0,
    "sourc": 0.0,
    "global": -0.0,
    "back": 0.0,
    "harm": 0.0,
    "serv": 0.0,
    "human": 0.0,
    "altern": 0.0,
    "level": 0.0,
    "caught": 0.0,
    "low": 0.0,
    "acid": 0.0,
    "initi": 0.0,
    "environ": 0.0,
    "profession": 0.3073105731106523,
    "sustain": 0.0,
    "pcb": 0.24235143478056356,
    "program": 0.3643419363145648,
    "focu": 0.0,
    "popul": 0.0,
    "food": 0.0,
    "high": 0.0,
    "confus": 0.0,
    "advanc": 0.0,
    "health": 0.3552983032664294,
    "rate": 0.0,
    "resourc": 0.012435491043197152,
    "wild": 0.0,
    "1990": 0.0,
    "improv": 0.0,
    "eat": 0.0011185054033232735,
    "recommend": 0.0,
    "assess": 0.023559075475723463,
    "account": 0.0,
    "categori": 0.3723910400022964,
    "traceabl": 0.0,
    "measur": 0.0,
    "updat": -0.0,
    "2010": -0.0,
    "exhibit": 0.23550287854618487,
    "3": 0.0,
    "farm": 0.0,
    "near": 0.0,
    "impact": 0.0,
    "ocean": 0.12341098544280459,
    "calcul": 0.0,
    "annual": 0.0,
    "final": 0.0,
    "restaur": 0.303450519460153,
    "statu": 0.0,
    "bai": -0.0,
    "site": 0.09433372388934361,
    "conserv": 0.0,
    "suppli": -0.0,
    "team": 0.0,
    "fish": 0.0,
    "retail": 0.0,
    "busi": 0.0,
    "museum": 0.0,
    "fulli": 0.0,
    "red": 0.0,
    "center": 0.0,
    "super": 0.0,
    "zoo": 0.0,
    "twice": 0.0,
    "restor": 0.0,
    "freshwat": 0.0,
    "yellow": 0.0,
    "purchas": -0.0,
    "polici": 0.0,
    "profit": 0.0,
    "highlight": 0.0,
    "watch": 0.23541893999998592,
    "strengthen": 0.0,
    "ran": 0.10071276221164986,
    "partner": 0.0,
    "mercuri": 0.0,
    "1997": 0.0,
    "store": 0.0,
    "chain": -0.0,
    "shark": 0.024892468419439245,
    "score": 0.05928458301081788,
    "certif": 0.0,
    "buyer": 0.0,
    "iphon": 0.0,
    "tuna": 6.560988840570469e-05,
    "solut": 0.0016647279416440062,
    "allianc": 0.0,
    "aquacultur": 0.0,
    "alert": 0.0,
    "android": -0.0,
    "lover": 0.034206332736630554,
    "chef": 0.0,
    "unregul": 0.0,
    "ecosystem": 0.0,
    "marin": 0.041199522535330046,
    "seafood": 0.3440157735391559,
    "fisheri": 0.04055958140396624,
    "marketplac": 0.0181456265616432,
    "unreport": 0.0,
    "pocket": 0.0,
    "app": 0.0,
    "omega": 0.0,
    "fatti": 0.0,
    "contamin": 0.1426422522981358,
    "advisori": 0.0,
    "overfish": 0.0,
    "culinari": 0.0,
    "blog": 0.024458111050107922,
    "distributor": 0.0,
    "monterei": -0.0,
    "sushi": 0.0,
    "audubon": 0.0,
    "bluefin": 0.009755438286945653,
    "aquarium": 0.4654095117368671,
    "notoc": -0.0,
    "dioxin": 0.0
  }
}