{
  "qid": "106",
  "query": "Climate Change Activists",
  "rank": 3,
  "docid": 5801096,
  "coef": {
    "action": 0.0,
    "grew": 0.0,
    "inspir": 0.0,
    "societi": 0.0,
    "mai": 0.0,
    "nation": -0.0,
    "name": 0.07992877695072235,
    "countri": 0.0,
    "movement": 0.0,
    "mid": 0.00011172263609939898,
    "order": 0.0,
    "econom": 0.0,
    "segment": 0.0,
    "taken": 0.0,
    "fight": -0.0,
    "public": 0.0,
    "target": 0.0,
    "includ": 0.0,
    "address": 0.0,
    "talk": 0.0,
    "camp": 0.0,
    "attend": 0.0,
    "educ": 0.0,
    "legal": 0.0,
    "found": 0.0,
    "world": 0.5135625831710631,
    "disrupt": 0.0,
    "establish": 0.0,
    "involv": 0.0,
    "sever": 0.0,
    "accus": 0.0,
    "still": 0.28271063899603854,
    "school": 0.0,
    "follow": 0.0,
    "work": 0.0,
    "american": -0.0,
    "youth": 0.15248336894259,
    "octob": 0.0,
    "chang": 0.0,
    "carl": 0.0,
    "learn": 0.0,
    "argentina": 0.24459246329576878,
    "confer": 0.0,
    "group": 0.24016310805508495,
    "lack": -0.0,
    "citi": 0.0,
    "democrat": 0.0,
    "time": 0.3277801134131077,
    "protest": -0.0,
    "common": 0.03129133219344881,
    "strike": 0.0,
    "organ": 0.0,
    "network": 0.0,
    "franc": 0.0,
    "live": 0.0,
    "particip": 0.0,
    "northern": 0.0,
    "new": 0.2385365828622528,
    "contribut": 0.0,
    "move": 0.0,
    "join": 0.0,
    "goal": 0.0,
    "similar": 0.0,
    "who": 0.0,
    "futur": 0.0,
    "media": 0.0844851764598362,
    "class": 0.183461321758147,
    "rise": 0.0,
    "activ": -0.0,
    "part": 0.0,
    "pari": 0.0,
    "unit": 0.1856869241095025,
    "social": 0.0,
    "founder": 0.0,
    "soon": 0.0,
    "scienc": 0.0,
    "forum": 0.0,
    "dai": 0.29848300205364586,
    "activist": 0.0,
    "voic": 0.060931438205931644,
    "commit": 0.25109177961976664,
    "caught": 0.0,
    "mother": 0.2582664773805183,
    "physic": 0.35083681275658035,
    "contact": 0.05806926728146021,
    "year": 0.01559438071616456,
    "program": 0.3814505101847797,
    "research": 0.0,
    "univers": 1.1562844347988942e-16,
    "reduct": 0.15422191272190652,
    "occasion": 0.01213591661185387,
    "18": 0.0,
    "15": 0.0,
    "14": 0.0,
    "longer": 0.0,
    "24": 0.0,
    "famili": 0.6541222948446502,
    "smoke": 0.2744584631651532,
    "hour": 0.10971053278218915,
    "2018": 0.22752685094759928,
    "2005": 0.0,
    "4": 0.0,
    "1": 0.0,
    "zero": 0.022087252464984483,
    "cloud": 0.13865878019521954,
    "receiv": 0.0,
    "climat": 0.4505194914291979,
    "temperatur": 0.0,
    "leadership": 0.0,
    "fire": 0.3353360153865198,
    "earth": 0.0,
    "front": 0.19086969368716444,
    "enrol": 0.0,
    "greet": 0.0,
    "seventeen": 0.0,
    "headquart": 8.991411722962297e-17,
    "held": 0.137784148835402,
    "august": -0.0,
    "convent": 0.0,
    "file": 0.0,
    "magazin": 0.41019705888617713,
    "novemb": 0.0,
    "decemb": 0.30921460996556094,
    "york": 0.051561446098548326,
    "septemb": 0.0004882102142493635,
    "2019": 0.43010012928743857,
    "brazil": 0.007006209932884679,
    "columbia": 0.00010428119248784776,
    "davi": 0.0,
    "23": 0.0,
    "19": 0.0,
    "visit": 0.0,
    "born": 0.36784729715705317,
    "suffer": 0.0028023609695552,
    "januari": 0.0,
    "voyag": 0.07325717142592592,
    "arriv": -0.0,
    "ill": 0.0,
    "lorenzo": 0.0,
    "fellow": -0.0,
    "california": 0.2834071844514881,
    "biographi": 0.0,
    "spark": 0.28060010471996444,
    "pledg": 0.0,
    "speaker": 0.0,
    "upris": 0.0,
    "smith": 0.0,
    "uphold": 8.110647967665579e-06,
    "germani": 0.0,
    "complaint": 0.022258885955284764,
    "scholarship": 0.0,
    "alexandria": 0.0,
    "award": 0.3754351761386364,
    "2020": 0.44085074973485816,
    "agreement": 0.0,
    "fridai": 0.554246279759203,
    "recipi": 0.22581250302219216,
    "prize": 0.0,
    "chapter": 0.0,
    "advocaci": 0.0029064831698451307,
    "underli": 0.0,
    "mayor": 0.0,
    "innov": 0.0,
    "copenhagen": 0.0,
    "switzerland": 0.0,
    "turkei": 0.0,
    "skip": 0.0,
    "poland": 0.0,
    "summit": 0.0,
    "greta": 0.03916430018880432,
    "latina": 0.0,
    "transatlant": 0.0,
    "denmark": 0.0,
    "sailboat": 0.0,
    "asthma": 0.0,
    "davo": 0.0,
    "kristin": 0.0,
    "catarina": 0.0,
    "tribeca": 0.0,
    "thunberg": 0.27200971172803606,
    "katowic": 0.0,
    "disruptor": 0.0,
    "bastida": -0.0,
    "c40": 0.0,
    "villas": 0.1728752292593446,
    "hogu": 0.0,
    "cop24": 0.03995600391210363,
    "xiy": -0.0,
    "tdia": 0.0
  }
}