{
  "qid": "111",
  "query": "Inequality",
  "rank": 7,
  "docid": 2251925,
  "coef": {
    "state": 0.09993547416441405,
    "possibl": 0.0,
    "inequ": 0.18827689432209693,
    "right": 0.0,
    "version": 0.001828345201614933,
    "type": 0.0,
    "exist": 0.0,
    "seen": -0.0,
    "theoret": 0.0,
    "can": 0.04533711403912297,
    "support": 0.0,
    "mai": 0.0,
    "region": 0.0,
    "name": 0.0,
    "difficult": 0.0,
    "attain": 0.0,
    "optim": 0.050135164182178324,
    "product": 0.0,
    "us": 0.2774318789143587,
    "defin": 0.0,
    "basic": 0.0,
    "formul": 0.0,
    "gener": 0.0,
    "take": 0.0,
    "word": 0.0,
    "later": 0.0,
    "descript": 0.0,
    "call": 0.0,
    "event": -0.0,
    "number": 0.0,
    "import": 0.0,
    "open": 0.0001742138309426669,
    "principl": 0.0,
    "distanc": 0.0,
    "involv": 0.0,
    "term": 0.0,
    "note": 0.05366648527094199,
    "built": 0.0,
    "implement": 0.1247392024264805,
    "follow": 0.07628106318817908,
    "larg": 0.0,
    "respect": 0.0,
    "well": 0.0,
    "denot": 0.0,
    "singl": 0.0,
    "close": 0.008047323699544986,
    "exampl": 0.0,
    "mutual": 0.0,
    "necessarili": 0.0,
    "break": 0.0,
    "down": 0.0,
    "end": 0.004256324958368435,
    "relat": 0.1962071684871542,
    "function": 0.03511507842704369,
    "set": 0.0,
    "deriv": 0.0,
    "see": 0.0,
    "non": 0.0,
    "consid": -0.0,
    "collect": 0.0,
    "express": 0.24078014477990445,
    "signific": 0.0,
    "impli": 0.0,
    "known": 0.0,
    "determin": 0.0,
    "onli": 0.0,
    "line": 0.0,
    "neg": 0.0,
    "featur": 0.0,
    "space": 0.0,
    "first": 0.0,
    "web": 0.0,
    "user": 0.0,
    "result": -0.0,
    "part": 0.0,
    "theori": 0.12342860532877448,
    "distribut": 0.1667709737671379,
    "continu": 0.02170519220994814,
    "studi": 0.0,
    "condit": 0.12784672333730274,
    "reason": 0.0,
    "base": 0.150704450816419,
    "radic": -0.0,
    "refer": 0.0,
    "replac": 0.0,
    "larger": 0.0,
    "combin": 0.0,
    "power": -0.0,
    "sourc": 0.013879763042074942,
    "valu": 0.1823598039695626,
    "broader": 0.0,
    "diverg": -0.0,
    "especi": 0.0,
    "hand": 0.0,
    "increas": 0.0,
    "2": -0.0,
    "random": 0.09710190203029964,
    "absolut": 0.0,
    "contain": 0.0,
    "context": 0.0,
    "character": 0.05451837885858008,
    "arbitrari": 0.0,
    "probabl": 0.25154441382807763,
    "case": 0.0,
    "total": 0.09817674520437039,
    "side": 0.0,
    "rare": 0.0,
    "depend": 0.0,
    "lower": 0.0,
    "show": 0.0,
    "variat": 0.0,
    "joint": 0.13510804903843138,
    "sensit": 0.0,
    "rate": 0.0,
    "rang": 0.0,
    "actual": 0.0,
    "prove": 0.0,
    "simpl": 0.09046907284553225,
    "now": 0.0,
    "special": 0.0,
    "subset": 0.0,
    "categori": 0.0,
    "real": 0.0,
    "valid": 0.0,
    "report": 0.0,
    "consequ": 0.0,
    "factor": -0.0,
    "measur": 0.0,
    "nbsp": 0.0,
    "restrict": 0.0,
    "mix": 0.0,
    "given": 0.0,
    "variabl": 0.05519840226719089,
    "aris": 0.0,
    "differenti": 0.0,
    "languag": 0.0,
    "1": 0.0,
    "requir": 0.0,
    "topolog": 0.0,
    "margin": 0.18869193234297765,
    "zero": 0.0,
    "cloud": 0.0,
    "index": 0.0,
    "great": -0.0,
    "upper": 0.0,
    "sum": 0.0,
    "graphic": 0.026159211265931088,
    "comput": 0.0,
    "notat": 0.0,
    "front": 2.244342049595486e-16,
    "minu": 0.0,
    "cumul": 0.0,
    "expect": 0.0,
    "insid": -0.0,
    "exceedingli": 0.0,
    "linear": 0.0,
    "log": -0.0,
    "satisfi": 0.0,
    "transform": 0.0,
    "strict": 0.03643784867957546,
    "uncertainti": 0.0,
    "conjectur": 0.0,
    "correct": 0.0,
    "fundament": 0.0,
    "machin": -0.0,
    "moment": 0.0,
    "faster": 0.006425890099439307,
    "infinit": 0.0,
    "proof": -0.0,
    "1957": -0.0,
    "input": 0.0,
    "canon": 0.0,
    "ndash": -0.0,
    "precis": 0.0,
    "behav": 0.0,
    "stronger": 0.0,
    "bound": 0.1345781006363954,
    "closur": 0.0,
    "corollari": -0.0,
    "checker": -0.0,
    "nat": 0.0,
    "bit": 0.0,
    "interfac": 0.0,
    "deviat": 0.0,
    "vector": 0.0,
    "python": 0.052065206234704973,
    "zhang": 0.0,
    "conjug": 0.0,
    "interv": 0.0,
    "convex": 0.0,
    "discret": 0.0,
    "tao": 0.0,
    "multivari": -0.0,
    "finit": 0.0,
    "entropi": 0.12521003691173585,
    "algorithm": 0.08639619687769216,
    "empti": 0.0,
    "kraft": -0.0,
    "weyl": 0.0,
    "pars": 0.0,
    "gibb": 0.0,
    "shannon": 0.0,
    "countabl": 0.0,
    "heisenberg": 0.0,
    "jensen": 0.0,
    "sharper": 0.0,
    "pinsker": 0.0,
    "fourier": 0.0,
    "gaussian": 0.0,
    "cram": -0.0,
    "rao": -0.0,
    "solver": 0.0,
    "matlab": -0.0,
    "fano": -0.0,
    "polytop": 0.0,
    "yeung": 0.2696708234815421,
    "tupl": 0.0,
    "backend": 0.0,
    "entrop": 0.19221872643733712,
    "bivari": 0.0,
    "kullback": 0.12402613799667017,
    "leibler": 0.07660457291165455,
    "matu": 0.0,
    "hirschman": 0.0,
    "gurobi": 0.0,
    "glpk": 0.0,
    "xitip": 0.0
  }
}