{
  "qid": "148",
  "query": "Tea",
  "rank": 9,
  "docid": 178310,
  "coef": {
    "current": 0.0,
    "type": 0.0,
    "primarili": 0.0,
    "can": 0.0,
    "system": 0.0,
    "extrem": -0.0,
    "mai": 0.0,
    "name": 0.17645921331810532,
    "order": 0.0,
    "product": 0.0,
    "us": 0.0,
    "respons": 0.0,
    "public": 0.0,
    "gener": 0.07342200082671105,
    "includ": 0.0,
    "began": 0.0,
    "histori": 0.0,
    "allow": 0.13987978886513977,
    "open": 1.8561983211271133e-16,
    "due": 0.0,
    "come": 0.0,
    "term": 0.0,
    "follow": -0.0,
    "minim": -0.0,
    "last": 0.0,
    "scholar": 0.0,
    "creation": 0.0,
    "young": 0.2548331334988253,
    "well": 0.0,
    "group": 0.0,
    "process": 0.0,
    "disagre": 0.0,
    "thought": 0.0,
    "recent": 0.004216390279240138,
    "set": 0.0,
    "deriv": 0.0,
    "see": -0.0,
    "english": 0.0,
    "todai": 0.0,
    "known": 0.0,
    "overlap": 0.0,
    "china": 0.144600218755269,
    "onli": 0.0,
    "white": 0.06364566086809852,
    "featur": -0.0,
    "produc": 0.02995510469458946,
    "like": -0.0,
    "effect": 0.0,
    "green": 0.046904949702389336,
    "intern": 0.021661521652075508,
    "amount": 0.0,
    "first": 0.14826714787599268,
    "result": 0.0,
    "make": 0.0,
    "wai": 0.0,
    "centuri": 0.0,
    "natur": 0.0,
    "tradit": 0.0,
    "made": 0.07844358594406059,
    "littl": 0.0,
    "base": 0.0,
    "refer": 0.0,
    "mere": 0.16132001564753531,
    "give": 0.0,
    "accept": 0.0,
    "sourc": 0.0011404472328696092,
    "valu": 0.0,
    "varieti": 0.0,
    "style": 0.0,
    "black": 0.020113643218599778,
    "mean": 0.0,
    "definit": 0.0,
    "categor": 0.0,
    "leav": 0.0,
    "techniqu": -0.0,
    "contain": 0.0,
    "mechan": 0.0,
    "character": 0.018787347810412948,
    "pick": 0.05206652102614107,
    "materi": 0.02028242615102457,
    "characterist": 0.0,
    "high": 0.0,
    "health": 0.0,
    "air": 0.0,
    "rang": 0.0,
    "roll": 0.22248270407855136,
    "wild": 0.0,
    "simpl": 0.0,
    "understood": 0.0,
    "categori": 0.0,
    "select": 0.0007996567394111272,
    "qualiti": -0.0,
    "design": 0.0,
    "requir": 0.0,
    "intrins": 0.0,
    "spite": 0.0,
    "fresh": -0.0,
    "visibl": 0.0,
    "addit": 0.0,
    "fire": 0.0,
    "plant": 0.028056475776256293,
    "composit": -0.0,
    "solar": 0.0,
    "sun": 0.0,
    "fine": 0.0,
    "grade": 0.0,
    "bai": -0.0,
    "provinc": 0.0012902773376775442,
    "concentr": 0.07504011814248172,
    "appear": 0.0,
    "fulli": 0.0,
    "uniqu": 0.0,
    "northeast": 0.0,
    "sold": 0.0,
    "cultiv": 0.0,
    "manufactur": 0.07822797328627247,
    "yellow": -0.0,
    "southern": 0.0,
    "dry": 0.20681846173810878,
    "eastern": 0.0,
    "1876": 0.0,
    "pale": -0.0,
    "camellia": 0.22395140375145126,
    "hair": 0.15330438129590518,
    "needl": 0.0,
    "agre": 0.0,
    "belong": -0.0,
    "silver": -0.0,
    "lighter": 0.0,
    "dri": 0.0,
    "shortli": 0.0,
    "agreement": 0.0,
    "tip": 0.0,
    "tea": 0.25712417661490505,
    "merchant": 0.0,
    "harvest": 0.0,
    "steam": 0.0,
    "india": 0.0,
    "pan": 0.0,
    "nepal": 0.0,
    "thailand": 0.0,
    "yunnan": 0.0,
    "lanka": 0.0,
    "sri": 0.0,
    "gall": 0.0,
    "leaf": -0.0,
    "enzym": 0.0,
    "raw": 0.0830687681645823,
    "peoni": -0.0,
    "sweet": 0.0,
    "oxid": 0.20701924590856313,
    "taiwan": 0.0,
    "silveri": 0.0,
    "unopen": -0.0,
    "immatur": -0.0,
    "stringent": 0.0,
    "wither": 0.0,
    "shake": 0.0,
    "bud": 0.1688615423398804,
    "brew": 0.0,
    "flavor": 0.19501866291443232,
    "pluck": 0.0,
    "mei": -0.0,
    "hao": -0.0,
    "whitish": 0.0,
    "polyphenol": 0.2634137743226326,
    "sinensi": 0.0,
    "catechin": 0.0,
    "shou": -0.0,
    "fujian": 0.0,
    "denatur": 0.0,
    "phytonutri": 0.0,
    "mudan": -0.0,
    "peko": 0.23335556857848538,
    "taliensi": 0.0,
    "yinzhen": -0.0
  }
}