{
  "qid": "106",
  "query": "Climate Change Activists",
  "rank": 1,
  "docid": 6034450,
  "coef": {
    "state": 0.0,
    "action": 0.021345369751893765,
    "right": 0.0,
    "peopl": 0.0,
    "criticis": 0.0,
    "debat": 0.0,
    "creat": 0.0,
    "platform": 0.0,
    "connect": 0.0,
    "countri": 0.0,
    "movement": 0.6551493942295563,
    "econom": 0.0,
    "concern": 0.0,
    "caus": 0.4989882959062808,
    "taken": 0.0,
    "destroi": 0.05553671261686723,
    "fight": 0.20010373053854863,
    "public": 0.0,
    "gener": 0.0,
    "includ": 0.0,
    "strong": 0.0,
    "began": 0.3126952400213357,
    "attent": 0.30826180571906536,
    "event": 0.0,
    "form": 0.016321904747093226,
    "found": 0.0,
    "world": 0.6578402457074105,
    "border": 0.44104981639586516,
    "need": 0.23007237707832587,
    "sever": 0.0,
    "school": 0.0,
    "youth": 0.005388662361455135,
    "octob": 0.3105396167190096,
    "digit": 0.14967720305631046,
    "chang": 0.04219295577271777,
    "women": 0.0,
    "young": 0.0,
    "well": 0.0,
    "environment": 0.33205634426086356,
    "felt": 0.0,
    "lack": 0.21158698744716548,
    "citi": 0.0,
    "commun": 0.010169908927484417,
    "act": 0.2591149546984228,
    "time": 0.0,
    "protest": 0.0,
    "strike": 0.0,
    "leon": 0.0012206223782055224,
    "equal": 0.2673524854121116,
    "advoc": 0.0,
    "onli": 0.44197375674944644,
    "white": 2.548412400923375e-17,
    "new": 0.24408525807878104,
    "featur": 0.4284728305982102,
    "leader": 0.0,
    "effect": 0.0,
    "green": 0.3874307149794697,
    "intern": 0.0,
    "join": 0.0,
    "who": 0.0,
    "futur": 0.04264308018926928,
    "media": 0.0,
    "activ": 0.002860837654062434,
    "part": 0.0,
    "gender": 0.0,
    "made": 0.0,
    "member": 0.0,
    "spread": 0.0,
    "soon": 0.0,
    "promin": 0.0,
    "forum": 0.0,
    "give": 0.23286737202251948,
    "east": 0.0,
    "activist": 0.49460946220927077,
    "divers": 0.0,
    "onlin": -0.0,
    "across": 0.3880473959240146,
    "greater": 0.0,
    "year": -0.0,
    "show": 0.0,
    "000": 0.0,
    "old": -0.0,
    "invit": 0.0,
    "univers": 0.25158324033847507,
    "now": 0.0,
    "50": 0.0,
    "15": 0.0,
    "11": 0.0,
    "speech": 0.0,
    "imag": 0.0,
    "awar": 0.0,
    "farm": 0.0,
    "receiv": 0.0,
    "climat": 0.6457108075163451,
    "weather": 0.0,
    "discrimin": 0.0,
    "racism": 0.0,
    "racial": -0.0,
    "17": -0.021353743591385855,
    "lake": 0.0,
    "largest": 0.0,
    "crop": 0.0,
    "campaign": 0.0,
    "meant": 0.0,
    "2017": 0.0,
    "april": 0.0,
    "2019": 0.0,
    "demand": 0.0,
    "visit": 0.0,
    "save": 0.0,
    "born": 0.0,
    "januari": 0.0,
    "neighbour": 0.0,
    "gate": 0.0,
    "fellow": -0.24965441836213947,
    "dedic": 0.0,
    "denounc": 0.0,
    "crisi": 0.0,
    "volunt": 0.0,
    "1997": 0.0,
    "absenc": 0.0,
    "photo": 0.0,
    "encourag": 0.2838225704912719,
    "dialogu": 0.04603733152714848,
    "realis": 0.0,
    "evok": 0.0,
    "2020": 0.0,
    "fridai": 0.00495385841465042,
    "crash": 0.0,
    "stronger": 0.0,
    "52": 0.0,
    "nigeria": 0.1764887823046149,
    "spoken": 0.0,
    "africa": 0.0,
    "striker": -0.0,
    "mayor": 0.21861455485894318,
    "gabon": 0.20596016819186405,
    "copenhagen": 0.0034812673816109795,
    "grandmoth": 0.0,
    "bbc": 0.0,
    "kenya": 0.0,
    "diari": -0.0,
    "summit": 1.4332153606562792e-16,
    "greta": -0.0,
    "sierra": 0.013009050342609052,
    "empow": 0.13470234564898184,
    "urgent": 0.11304220139725996,
    "angola": 0.09889707064159804,
    "denmark": 0.047058017795147476,
    "mobilis": 0.0,
    "outlet": 0.0,
    "victoria": 0.2362972795350351,
    "vanessa": 0.0,
    "uganda": 0.5846606580885664,
    "davo": 0.24893880021683346,
    "hilda": 0.0,
    "thunberg": -0.0,
    "flavia": 0.0,
    "vox": 0.0,
    "ugandan": 0.0,
    "nakat": 0.5113081828937841,
    "kampala": 0.0,
    "c40": 0.0,
    "gcca": 0.0,
    "nakabuy": 0.5990851092602377
  }
}