{
  "qid": "140",
  "query": "Artificial Intelligence and Machine Learning",
  "rank": 0,
  "docid": 4902586,
  "coef": {
    "system": -0.0,
    "journal": 0.6263523162926016,
    "professor": 0.8998590079726259,
    "work": 0.0,
    "well": 0.0,
    "learn": 0.5931632027749998,
    "confer": 0.0,
    "princip": 0.0,
    "publish": 1.7587208781371344,
    "known": 0.0,
    "russel": 0.25759628600078827,
    "intern": 3.267300237718077,
    "member": 2.303045505561393,
    "scienc": 0.0,
    "associ": 1.3853850863881518,
    "serv": -1.1995655845506785,
    "advanc": 0.0,
    "research": 0.6385323972013347,
    "univers": 2.1627926222951595,
    "paper": 3.332481199685667,
    "investig": 2.7634188240850923,
    "intellig": 2.4960078431873907,
    "board": 0.4225620926232954,
    "artifici": 0.0,
    "centr": 0.0,
    "comput": -0.0,
    "chief": 0.0,
    "200": 0.0,
    "patent": 0.0,
    "fellow": 0.05579273912594702,
    "editori": 0.02295276211259597,
    "editor": 0.0,
    "uncertainti": 1.5077374600185254,
    "machin": 0.7938420295800638,
    "biologi": 0.0,
    "chair": 0.0,
    "innov": -0.0,
    "molecular": 0.0,
    "alberta": 1.8754866230730622,
    "aaai": 0.0,
    "refere": 0.0,
    "greiner": 1.0212071761097201,
    "bioinformat": 0.0,
    "aicml": 0.0
  }
}