{
  "qid": "119",
  "query": "Classical Dance",
  "rank": 0,
  "docid": 4180072,
  "coef": {
    "list": 0.08912155657720124,
    "origin": 0.0,
    "north": 0.08159687055537883,
    "region": -0.0,
    "creat": 0.0,
    "classic": 0.05334530672043854,
    "music": 0.0,
    "st": 0.0,
    "event": 0.0,
    "form": 0.0,
    "perform": 0.0,
    "art": -0.0,
    "christian": 0.0,
    "commun": 0.08159757468341439,
    "see": 0.0,
    "tradit": 0.0,
    "east": 0.0,
    "ethnic": 0.0,
    "incorpor": -0.0023013622442036525,
    "semi": 0.0,
    "tribe": -0.0,
    "west": 0.1776991818791537,
    "south": 0.0,
    "indian": -0.0,
    "thoma": 0.0,
    "tribal": 0.0,
    "danc": 0.19041645665710338,
    "asia": 0.0,
    "tamil": 0.014902985771219629,
    "guru": 0.0,
    "folk": 0.15791778165660253,
    "india": 0.10523346552334274,
    "gujarat": -0.0,
    "shiva": 0.0,
    "koraput": 0.0,
    "nandi": 0.00022717222278133725,
    "bengal": 0.0,
    "kerala": 0.15758562380906105,
    "aka": 0.0,
    "punjab": 0.04227659105320788,
    "manipuri": -0.0,
    "soma": 0.0,
    "manipur": -0.0,
    "odisha": 0.024498017688513538,
    "nadu": 0.0,
    "arunach": 0.0,
    "pradesh": 0.3206620203665384,
    "uttar": -0.0,
    "madhya": 0.0,
    "assam": 0.0,
    "maharashtra": 0.0,
    "karnataka": 0.0,
    "bihar": 0.0,
    "tera": 0.0,
    "andhra": 0.07300550050905823,
    "uttarakhand": 0.0,
    "telangana": 0.0995139939426989,
    "bihu": 0.0,
    "perini": 0.0,
    "chhattisgarh": 0.25505967840642346,
    "lambadi": -0.0,
    "natyam": -0.0,
    "kuchipudi": 0.0,
    "rajasthan": 0.0,
    "himach": 0.0,
    "odissi": -0.0,
    "kathak": -0.0,
    "bhangra": -0.0,
    "raut": 0.0,
    "jharkhand": 0.0,
    "gaudiya": 0.0,
    "yakshagana": 0.0,
    "orissi": 0.0,
    "nritya": 0.0,
    "madurai": 0.0,
    "matki": -0.0,
    "koli": -0.0,
    "bharatnatyam": 0.0,
    "nati": 0.10679555011512433,
    "patta": 0.0,
    "thiruvathira": 0.0,
    "garba": 0.0,
    "chhau": 0.0,
    "chholiya": 0.0,
    "lavani": -0.0,
    "domkach": 0.0,
    "sattriya": 0.0,
    "maharastra": -0.0,
    "ghoomar": 0.0,
    "jhumair": -0.0,
    "dandiya": 0.0,
    "nautanki": 0.0,
    "kathakali": 0.0,
    "giddha": 0.0,
    "parai": 0.0,
    "dollu": 0.0,
    "gopinath": 0.0,
    "kamsal": 0.0,
    "kunitha": -0.0,
    "karavali": 0.0,
    "thirayattam": 0.0,
    "mardana": 0.0,
    "nacha": -0.0,
    "vaikuntha": -0.0,
    "attam": 0.0,
    "panthi": -0.0,
    "sambalpuri": -0.0,
    "ojapali": 0.0,
    "bagurumba": 0.0,
    "bhortal": 0.0,
    "deodhani": 0.0,
    "kunita": 0.19467668989463752,
    "krishnanattam": 0.0,
    "tamasa": 0.0,
    "ghumura": -0.0,
    "pulikali": 0.0,
    "kolattam": -0.0,
    "mohiniattam": 0.0,
    "jhumar": 0.0,
    "natanam": -0.031481859407223145,
    "karakattam": 0.0,
    "puliyattam": 0.0,
    "taali": 0.0,
    "bathukamma": -0.0,
    "vilasini": -0.0,
    "thandavam": 0.0,
    "sivatandavam": 0.0,
    "oyilattam": 0.0,
    "dhangari": -0.0,
    "popir": 0.0,
    "kanyarkali": 0.0,
    "dwaja": 0.05219618281141609,
    "rathwa": -0.0,
    "dhemsa": 0.0,
    "veeragaas": 0.0,
    "geraiya": 0.0,
    "margamk": 0.0
  }
}