{
  "qid": "138",
  "query": "Modern Art",
  "rank": 2,
  "docid": 5594844,
  "coef": {
    "mai": -0.0,
    "nation": 0.0,
    "art": 2.0019472391667223,
    "moderna": 0.0,
    "see": 0.07108836442227887,
    "refer": 0.0,
    "hous": 0.0,
    "modern": 0.6088273278851395,
    "washington": -0.0,
    "museum": 0.0,
    "florenc": 0.0,
    "galleria": -0.0,
    "galleri": -0.0,
    "rome": 0.0,
    "disambigu": 0.012921293912859524,
    "bologna": -1.0274033592022516,
    "palazzo": 0.0,
    "glasgow": 0.0,
    "brisban": -0.0,
    "pitti": 0.0,
    "comunal": 0.0
  }
}