{
  "qid": "118",
  "query": "Cartoons",
  "rank": 3,
  "docid": 4098237,
  "coef": {
    "mai": -0.0,
    "europ": 0.0,
    "concept": 0.009089812290967428,
    "gener": 0.0,
    "video": -0.0,
    "art": 0.0,
    "land": 0.11551332547924661,
    "develop": 0.0,
    "network": -0.0,
    "franc": 0.0,
    "see": 0.0,
    "direct": -0.0,
    "new": 0.14737724022377935,
    "similar": -0.0,
    "pari": 0.0,
    "softwar": 0.0,
    "mean": 0.0,
    "program": 0.0,
    "univers": -0.0,
    "mgm": 0.440907635806216,
    "corpor": 0.0,
    "anim": 0.29516745521099735,
    "compani": 0.0,
    "park": 0.00901851138322139,
    "walt": 0.5985663184588226,
    "metro": 0.011058391939664207,
    "goldwyn": 0.0,
    "mayer": 0.0,
    "studio": 0.16707605324267108,
    "disnei": 0.06916377555622753,
    "cartoon": 0.4283943261397847,
    "bro": 0.6365834691501733,
    "paramount": 0.0,
    "warner": 0.25851599588580004,
    "comic": 0.4644381250348156,
    "scottish": 0.0,
    "disneyland": 0.30793371773092354,
    "warnermedia": 0.0,
    "toon": -0.0,
    "disneytoon": -0.0,
    "paramaout": 0.0
  }
}