{
  "qid": "111",
  "query": "Inequality",
  "rank": 3,
  "docid": 2445476,
  "coef": {
    "inequ": 2.137291252104532,
    "includ": -0.8140506976677543,
    "number": -0.0,
    "exampl": -3.365939609403931e-17,
    "function": 1.5957506327589124,
    "theori": -0.8608923094589725,
    "statist": 2.093065914274367,
    "mechan": 7.619546179035576e-15,
    "correl": 0.4541809569013172,
    "model": 0.0,
    "bell": -1.502982908340722,
    "satisfi": -0.0,
    "griffith": -0.021943252769965373,
    "generalis": 0.32915728813267714,
    "gaussian": 1.202518246676803e-15,
    "percol": 0.0,
    "fkg": -0.1524702748460906,
    "ginibr": 0.07595627045739727
  }
}