{
  "qid": "138",
  "query": "Modern Art",
  "rank": 2,
  "docid": 5594844,
  "coef": {
    "mai": 0.0,
    "nation": 0.0,
    "art": 1.8149354958658233,
    "moderna": -0.0,
    "see": 0.0,
    "refer": 0.0,
    "hous": 0.012545986780525582,
    "modern": 1.0089992905064737,
    "washington": -0.0,
    "museum": 0.0,
    "florenc": 0.0,
    "galleria": -0.0,
    "galleri": -0.2210579693782983,
    "rome": 0.0,
    "disambigu": 0.0,
    "bologna": -0.8712218826910145,
    "palazzo": 0.0,
    "glasgow": -0.0,
    "brisban": -0.0,
    "pitti": 0.0,
    "comunal": 0.0
  }
}