{
  "qid": "128",
  "query": "Racing",
  "rank": 6,
  "docid": 26421,
  "coef": {
    "mai": 0.514556838236401,
    "form": 0.6301153179391705,
    "develop": -0.0,
    "network": -0.0,
    "1900": 0.0,
    "refer": 0.0,
    "power": -0.0,
    "race": 0.5055391857118824,
    "motor": 0.3197905528302593,
    "summer": 0.12269374129084418,
    "auto": -0.0,
    "truck": 0.0,
    "boat": 0.0,
    "olymp": 6.392803214897079e-16,
    "outreach": 1.3789553792072156,
    "motorcycl": -0.0,
    "kart": -0.0,
    "motorboat": -0.0
  }
}