{
  "qid": "142",
  "query": "Physiotherapy",
  "rank": 6,
  "docid": 3921793,
  "coef": {
    "higher": 0.0,
    "region": -0.0,
    "law": 0.0,
    "histori": -0.0,
    "later": 0.17673744788931642,
    "educ": 1.406469258797709,
    "found": 0.0,
    "school": 1.1240615361338226,
    "build": 0.10160244175139872,
    "institut": 0.0,
    "onli": 0.0,
    "new": 0.03465959327645785,
    "post": 0.0,
    "unit": 0.0,
    "physic": 0.0,
    "appli": 0.3746219366554119,
    "year": 0.546620042277354,
    "high": -0.0,
    "univers": -0.01988293057818951,
    "locat": 0.0,
    "therapi": 0.0,
    "2004": 0.0,
    "complianc": 0.34921117587474193,
    "secondari": 0.0,
    "transform": 0.6082077281202608,
    "faculti": 0.0,
    "renam": 0.0,
    "1976": -0.0,
    "organiz": 0.784653448689604,
    "montenegro": 1.1518612025887,
    "montenegrin": 1.0236479857324783,
    "igalo": 1.2154507306623676,
    "physiotherapi": 0.8082354094297517,
    "fakultet": 0.0,
    "primijenjen": 0.0,
    "fizioterapij": 0.0
  }
}