{
  "qid": "131",
  "query": "Biologists",
  "rank": 9,
  "docid": 3387442,
  "coef": {
    "mai": 0.0,
    "refer": 0.0,
    "1970": 0.0,
    "thoma": 2.4254297095659636,
    "son": 1.6849885369991398,
    "biologist": 0.0,
    "1924": 0.0,
    "marin": 2.0833878708527984,
    "biogeochemist": 0.0,
    "goreau": 0.0
  }
}