{
  "qid": "114",
  "query": "Songwriting",
  "rank": 9,
  "docid": 2131192,
  "coef": {
    "third": 0.0,
    "discuss": 0.0,
    "origin": 0.1548317461731796,
    "benefit": -0.0,
    "exist": 0.0,
    "inspir": 0.0,
    "can": 0.0,
    "creat": 0.0,
    "countri": 0.0,
    "music": 0.28098848699816736,
    "websit": 0.0,
    "conduct": 0.0,
    "write": 0.1604190464573996,
    "differ": -0.0,
    "gener": 0.0,
    "includ": 0.02473548167533778,
    "big": -0.0,
    "later": 0.0,
    "call": 0.1940529886335667,
    "event": 0.0,
    "polit": 0.0,
    "number": 0.0,
    "import": 0.02456281205727262,
    "found": 0.01648268995965752,
    "world": 0.09685640572584824,
    "perform": 0.0,
    "american": 0.0,
    "chang": 0.02518948653052677,
    "long": 0.10371420187963382,
    "career": 0.0,
    "well": 0.0,
    "issu": 0.36297999292881844,
    "william": 0.18556708302497246,
    "exampl": 0.00013219480991296333,
    "contract": 0.0,
    "artist": 0.0,
    "wing": 0.0,
    "internet": 0.0,
    "find": 0.0,
    "particip": 0.3460834321441914,
    "todai": 0.0,
    "20": 0.0,
    "known": 0.0,
    "new": 0.0,
    "intern": 0.08642387349144469,
    "win": 0.3174896271573636,
    "john": 0.004323738334086701,
    "who": 0.0,
    "read": 0.0,
    "first": 0.0,
    "wai": 0.0,
    "social": 0.016458320680954656,
    "base": 0.0,
    "forum": 0.19737121707943042,
    "parti": 0.0,
    "onlin": 0.0,
    "stori": 0.26050777602365727,
    "initi": -0.0,
    "2015": 0.0,
    "year": 0.0,
    "rare": 0.0,
    "previous": 0.0,
    "ask": 0.0,
    "variat": 0.011231448499338319,
    "old": 0.0,
    "rais": 0.0,
    "exposur": 0.0,
    "opportun": 0.0,
    "theme": 0.0,
    "awar": 0.0,
    "3": 0.0,
    "requir": 0.0,
    "receiv": 0.0,
    "annual": 0.0,
    "advent": 0.0,
    "hook": -0.0,
    "cross": 0.0,
    "submit": 0.0,
    "record": 0.09082152362239364,
    "richard": 0.09822293499953492,
    "competit": 0.3761423863885329,
    "magazin": 0.0,
    "hit": 0.19949788265650936,
    "york": 0.0,
    "ono": 0.0,
    "june": 0.0,
    "short": 0.0,
    "subsidiari": 0.0,
    "monei": 0.0,
    "announc": 0.0,
    "angel": 0.3076838415614809,
    "lo": 2.6615587671384525e-14,
    "piec": 0.0,
    "inaugur": 0.0,
    "harri": 0.0,
    "sing": 0.0,
    "launch": 0.0,
    "sponsor": 0.0,
    "1997": 0.0,
    "contest": 0.1637813405659122,
    "pop": 0.0,
    "winner": 0.012748682871981038,
    "song": 0.2893228324422146,
    "bottl": 0.0,
    "prize": 0.0,
    "maker": -0.0,
    "musician": 0.0,
    "wind": 0.0,
    "durango": 0.0,
    "jeff": 0.0,
    "chart": 0.0,
    "boost": 0.0,
    "wooden": 0.016633037566105586,
    "kim": 0.0,
    "songwrit": 0.07266770767978693,
    "expo": 0.0,
    "nashvil": 0.0,
    "idol": 0.0,
    "billboard": 0.0,
    "fide": 0.0,
    "lennon": 0.006827597195459621,
    "yoko": 0.08267436268536267,
    "airplai": 0.0,
    "pam": 0.0,
    "bona": 0.0,
    "moreno": 0.0,
    "geni": 0.0,
    "spinoff": 0.145083550660292,
    "alissa": 0.0,
    "offlin": 0.0,
    "fiverr": -0.0,
    "sheyn": 0.0,
    "silbar": 0.0,
    "unisong": -0.0,
    "compros": 0.0,
    "wwahm": 0.10456852586837152
  }
}