{
  "qid": "146",
  "query": "Non-profit Organization",
  "rank": 1,
  "docid": 4733494,
  "coef": {
    "state": 0.0,
    "list": 0.0,
    "current": 0.0,
    "draw": 0.0,
    "religion": 0.0,
    "belief": 0.09058171729133839,
    "world": 0.0,
    "come": -0.0,
    "term": 0.2269179385166076,
    "group": 0.10199000965949372,
    "academ": 0.0,
    "root": -0.07197854418941813,
    "organ": 0.48559980142912396,
    "relat": 0.6374536302553581,
    "set": 0.0,
    "see": 0.0,
    "non": 0.0,
    "wide": 0.16497091910140424,
    "local": 0.3470722749223527,
    "cooper": 0.1945942119264091,
    "leader": 0.0,
    "terminolog": 0.3539767688678115,
    "intern": 0.7876433133857813,
    "who": 0.0,
    "activ": 0.14923472850134598,
    "social": 0.0,
    "member": 0.20855497896685,
    "potenti": 0.15358667932355283,
    "base": 0.0,
    "refer": 0.7383659892048411,
    "bank": 0.4538342214316118,
    "religi": 0.0,
    "valu": 0.6998644374318953,
    "activist": 0.2735658386255563,
    "scale": 0.0,
    "classifi": 0.1321890092306815,
    "grant": 0.0,
    "fund": 0.0,
    "grass": -0.0,
    "donat": 0.3045623820292761,
    "elig": 0.02130399225851958,
    "prepar": 0.022644840581269667,
    "faith": 0.4840288643116309,
    "congreg": 0.0,
    "staff": 0.0,
    "volunt": 0.0,
    "germani": -0.0,
    "recognis": 0.0,
    "inclus": 0.0,
    "inter": 0.0,
    "mission": 0.0,
    "government": 0.4267064538351911,
    "hussain": 0.0,
    "policymak": -0.0
  }
}