{
  "qid": "136",
  "query": "Visual Journalism",
  "rank": 5,
  "docid": 595966,
  "coef": {
    "list": 0.0,
    "societi": 0.0,
    "can": 0.3543585728116318,
    "system": 0.0,
    "journal": 0.42039510591818635,
    "debat": -0.0,
    "name": 0.0,
    "concern": 0.0,
    "task": -0.0,
    "includ": -0.18090449026558303,
    "call": 0.0,
    "exclus": 0.0,
    "area": 0.01714690747211762,
    "work": 0.0,
    "percept": 0.1488374390439131,
    "america": -0.0,
    "well": 0.0,
    "commun": 0.009870971696933692,
    "consciou": 0.0,
    "process": 0.0,
    "organ": 0.0,
    "see": 0.0008526028706262306,
    "non": 0.0,
    "overlap": -0.0,
    "vision": 0.7448412109726746,
    "effect": 0.009448448092919188,
    "user": 0.0,
    "illus": -0.0,
    "scientist": 0.0,
    "studi": 0.07238396827628625,
    "scienc": 0.09648239341950157,
    "especi": 0.0,
    "human": 0.5933381451772037,
    "brain": 0.23905923429762127,
    "physic": 0.2430786279052917,
    "psycholog": 0.5700108526915427,
    "disciplin": 0.341365337869724,
    "cognit": -0.0,
    "neuropsycholog": 0.0,
    "ey": -0.0,
    "previous": 0.0,
    "research": 0.0,
    "visual": 0.3690116823387073,
    "primari": -0.0,
    "sensat": 0.0,
    "data": 0.029470220863748342,
    "clinic": -0.07305857443789063,
    "rel": -0.0,
    "factor": 0.0,
    "scientif": 0.07795921261878148,
    "intellig": 0.0,
    "design": 0.0,
    "exploit": 0.0,
    "artifici": 0.0,
    "color": 0.0,
    "optic": 0.008808338971182009,
    "graphic": 0.48708122898306855,
    "comput": 0.0,
    "optometri": 0.0,
    "engin": 0.0,
    "predominantli": 0.0,
    "encompass": 0.0,
    "span": 0.2738561696087149,
    "linguist": -0.0,
    "cortex": -0.0,
    "etholog": 0.0,
    "physiolog": 0.553363507878519,
    "interfac": 0.0,
    "pertin": 0.0,
    "ergonom": 0.0,
    "neurosci": -0.0,
    "constanc": 0.00024299811417606768,
    "psychophys": 0.0,
    "ophthalmolog": -0.0,
    "ophthalm": -0.0,
    "opo": 0.0027676849971463875,
    "iov": 0.0,
    "biopsycholog": 0.19666033729739565,
    "ipercept": 0.0
  }
}