{
  "qid": "130",
  "query": "Basketball",
  "rank": 9,
  "docid": 5623852,
  "coef": {
    "state": 0.0,
    "list": 0.009732672640624438,
    "nation": 0.007336140731472846,
    "world": 0.0,
    "follow": 0.3029659960038256,
    "women": 0.0,
    "argentina": 0.0,
    "group": 0.06271499472382595,
    "will": 0.0,
    "franc": 0.0,
    "china": 0.0,
    "spain": 0.0,
    "greec": 0.0,
    "unit": 0.0,
    "canada": -0.0,
    "30": 0.0,
    "16": 0.0,
    "12": 0.3216602208226937,
    "select": 0.0,
    "2018": 0.0,
    "22": 0.0,
    "cup": 0.22178793432399319,
    "held": 0.011321555450423472,
    "team": 0.5671917109137773,
    "tournament": 0.0,
    "septemb": 0.39809586574405165,
    "south": 0.0,
    "japan": 0.0,
    "compet": 0.0,
    "basketbal": 0.24221463632646043,
    "australia": -0.0,
    "player": 0.0017027488985878114,
    "nigeria": -0.00930884779607759,
    "belgium": 0.0,
    "turkei": -0.0,
    "korea": 0.20196584822316951,
    "rico": 0.0,
    "puerto": 0.0,
    "fiba": 0.0,
    "seneg": -0.0,
    "squad": 0.444107191235569,
    "latvia": -0.0
  }
}