{
  "qid": "134",
  "query": "Botany",
  "rank": 9,
  "docid": 484542,
  "coef": {
    "list": 0.9320027394239969,
    "journal": 0.5753399331692561,
    "gener": 0.0,
    "includ": 0.0,
    "area": 0.00953050548308754,
    "follow": 0.5676501720064303,
    "review": 0.2866492637872195,
    "publish": 0.0,
    "see": 0.0,
    "collect": 0.4044129914610509,
    "articl": 0.8082911706505449,
    "scienc": 0.6108100354449834,
    "contain": 0.25735426484692425,
    "tabl": 0.10663075970725061,
    "paper": 0.0,
    "special": 0.5168282468745948,
    "scientif": 0.2715178087180186,
    "patholog": 0.0,
    "plant": 0.0,
    "crop": 0.007914995265542896,
    "forestri": -0.0,
    "botani": 0.013000796891178395,
    "horticultur": 0.41764017388571334,
    "agronomi": 0.3729112314956598,
    "specialis": 0.0,
    "botan": 0.0,
    "dendrolog": 0.09782653587666132
  }
}