{
  "qid": "125",
  "query": "Doctor",
  "rank": 7,
  "docid": 3997571,
  "coef": {
    "third": -0.0,
    "list": 0.0,
    "current": 0.0,
    "right": 0.0,
    "public": 0.32208820151140566,
    "includ": 0.0,
    "histori": -0.0,
    "later": 0.24861137657888616,
    "number": 0.0,
    "larg": 0.0,
    "second": -0.0,
    "issu": 0.0,
    "doctor": 0.3220671764447488,
    "time": 0.22943235034232728,
    "place": 0.026543108596559988,
    "see": 0.0,
    "collect": 0.08028241774793815,
    "direct": 0.0,
    "determin": 0.0,
    "new": 0.3925871475359442,
    "charact": 4.79491543074535e-15,
    "who": 0.0,
    "first": 0.0,
    "war": 0.0,
    "continu": 0.4172293025393052,
    "decis": 0.12838424151986613,
    "refer": 0.0,
    "seri": 0.48002276290079043,
    "occur": 0.0,
    "travel": 0.0,
    "stori": 0.044351245974814914,
    "televis": 0.0,
    "screen": 0.0,
    "fifth": 0.15699222045331176,
    "special": 0.0,
    "imag": 0.0,
    "annual": 0.0,
    "magazin": 0.13100120614559024,
    "sixth": 0.0,
    "hit": 0.0,
    "eighth": -0.0,
    "fourth": 0.0,
    "ninth": 0.0,
    "adventur": 0.2802195831953459,
    "short": 0.0,
    "tenth": 0.0,
    "seventh": -0.0,
    "regular": 0.3088983238909201,
    "familiar": 0.0,
    "launch": -0.0,
    "retir": -0.0,
    "eleventh": 0.0,
    "twelfth": 0.0,
    "strip": 0.010573956573342863,
    "comic": 0.0,
    "protagonist": 0.0,
    "fi": -0.0,
    "sc": -0.0,
    "problemat": 0.0,
    "yearbook": -0.0,
    "incarn": 0.0,
    "offscreen": 0.0
  }
}