{
  "qid": "116",
  "query": "Malnutrition",
  "rank": 6,
  "docid": 3462517,
  "coef": {
    "be": 0.0,
    "can": 0.0,
    "countri": -0.0,
    "caus": 0.0,
    "basic": 0.0,
    "includ": 0.0,
    "polit": 0.0,
    "sever": 0.0,
    "fix": 0.0,
    "lack": -0.0,
    "organ": 0.0,
    "end": 0.0,
    "children": 0.0,
    "non": 1.128813561115356,
    "problem": 0.0,
    "continu": 0.0,
    "human": 1.301463697573879,
    "8": -0.0,
    "diseas": 0.0,
    "alon": 0.0,
    "widespread": 0.0,
    "food": 1.313719757715913,
    "000": 0.0,
    "resolut": 0.0,
    "12": 0.0,
    "near": 1.0092499764395206,
    "deep": 1.0877297087461261e-16,
    "politic": 0.0,
    "turner": -0.0,
    "poverti": 0.4608464526414492,
    "southern": -0.0,
    "suffer": 1.2669181661888036,
    "malaria": 0.0,
    "aid": 0.9165382414286393,
    "tuberculosi": 0.0,
    "fortif": 1.0408785555194882,
    "africa": 0.0,
    "government": 0.4112951821194113,
    "overview": -0.0,
    "hiv": 0.0,
    "malnutrit": 0.4544291270824328,
    "zimbabw": 1.4484411709945584,
    "ngo": 0.0,
    "susten": -0.0,
    "zimbabwean": -0.0,
    "unend": 0.0,
    "malnourish": 0.0
  }
}