{
  "qid": "108",
  "query": "1980s",
  "rank": 8,
  "docid": 1032945,
  "coef": {
    "half": 0.0,
    "victori": -0.0,
    "north": -0.0,
    "italian": -0.0,
    "take": 0.24434896852087568,
    "french": 0.0,
    "coin": 0.0,
    "hold": 0.0,
    "love": 0.0,
    "last": -0.0,
    "youth": 0.0,
    "futurist": 0.0,
    "evil": 0.0,
    "rose": 0.0,
    "true": 0.0,
    "ident": 0.1234454416624471,
    "set": 0.0,
    "live": 0.0,
    "english": 0.0,
    "20": -0.0,
    "known": 0.0,
    "white": 0.0,
    "japanes": 0.0,
    "produc": 0.0,
    "who": 0.12312533668584451,
    "part": 0.0,
    "extern": -0.0,
    "releas": 0.10507648641522153,
    "defeat": 0.0,
    "base": 0.0,
    "black": 0.0,
    "seri": 0.18392886884450937,
    "hand": 0.0,
    "2": -0.0,
    "translat": 0.0,
    "tabl": 0.0,
    "german": 0.0,
    "wild": 0.0,
    "1980": 0.3089347235418795,
    "25": 0.0,
    "15": -0.0,
    "14": 0.0,
    "11": -0.0,
    "10": 0.0,
    "link": 0.0,
    "24": 0.0,
    "consist": 0.0,
    "hour": 0.0,
    "languag": -0.0,
    "6": 0.017781322371708288,
    "05": -0.0,
    "sky": -0.0,
    "awai": 0.0,
    "heat": 0.0,
    "27": 0.0,
    "22": 0.026885379583223998,
    "09": -0.0,
    "04": 0.0,
    "scatter": 0.0,
    "fire": 0.0,
    "snow": 0.0,
    "round": 0.0,
    "flower": 0.0,
    "battl": 0.0,
    "cast": 0.0,
    "magic": 0.0,
    "13": -0.0,
    "17": 0.0,
    "29": 0.0,
    "protect": 0.0,
    "appear": 0.0,
    "basebal": -0.0,
    "anim": 0.14850029684858373,
    "ride": -0.0,
    "april": 0.000528247994015813,
    "septemb": 0.0,
    "la": 0.0,
    "21": 0.0,
    "wonder": -0.0,
    "captur": 0.0,
    "knight": 0.0,
    "man": -0.0,
    "spurt": 0.0,
    "legend": 0.0,
    "princ": 0.0,
    "bear": -0.0,
    "queen": 0.0,
    "king": 0.01036232452340814,
    "ship": 0.0,
    "earlier": 0.0,
    "hors": 0.0,
    "secret": 0.0,
    "rainbow": 0.0,
    "japan": 0.0,
    "di": -0.0,
    "titl": 0.0,
    "shock": -0.0,
    "tragic": 0.0,
    "shine": 0.0,
    "mysteri": 0.0,
    "episod": 0.09958872901862405,
    "arthur": 0.3990352788380409,
    "rescu": -0.0,
    "heir": -0.0,
    "phantom": -0.0,
    "spirit": 0.0,
    "pirat": 0.0,
    "rie": -0.0,
    "baron": 0.0,
    "sequel": 0.0,
    "fright": 0.14299420183422915,
    "princess": 0.0,
    "dragon": 0.0,
    "rework": 0.0,
    "mermaid": 0.0,
    "akira": 0.0,
    "pete": 0.3202348719085048,
    "fairi": 0.0,
    "comrad": -0.0,
    "relai": -0.0,
    "03": 0.0,
    "01": 0.0,
    "06": 0.0720848987851599,
    "hover": 0.13512696361738064,
    "07": -0.0,
    "08": 0.0,
    "thief": -0.0,
    "spaceship": 2.0927506196108422e-16,
    "toei": 0.0,
    "poni": 0.0,
    "prinz": -0.0,
    "yamamoto": 0.038734693587168405,
    "isamu": 5.340073472483152e-16,
    "weird": -0.0,
    "keiko": 3.560048981655434e-17,
    "shroud": 0.0,
    "peet": -0.0,
    "impost": -0.0,
    "arthurian": 0.0,
    "spada": -0.0,
    "kamiya": 0.0,
    "arthu": 0.0,
    "chikao": 0.0,
    "ohtsuka": 0.0,
    "sande": 0.0,
    "kouji": 0.0,
    "bossman": 3.560048981655434e-17,
    "tanonaka": 0.0,
    "totani": 0.0,
    "ginebia": 0.0
  }
}