{
  "qid": "149",
  "query": "Public Transport",
  "rank": 1,
  "docid": 3512961,
  "coef": {
    "list": 0.0,
    "mai": 0.0,
    "public": 0.7745124334459678,
    "work": 0.9764296443060737,
    "see": 0.19007380032680962,
    "spain": 5.931396030218031e-16,
    "1889": 0.0,
    "refer": 0.39023303325217246,
    "lao": -0.0,
    "transport": 1.0578176415190972,
    "cambodia": 0.0,
    "1848": 0.07260855491468303,
    "ministri": 0.6310636993637726,
    "lebanon": -0.0,
    "minist": 0.0,
    "hungari": 0.0,
    "bahama": -0.0
  }
}