{
  "qid": "142",
  "query": "Physiotherapy",
  "rank": 6,
  "docid": 3921793,
  "coef": {
    "higher": 0.0,
    "region": 0.0,
    "law": 0.0,
    "histori": 0.0,
    "later": 0.44893433532218424,
    "educ": 1.286813464062912,
    "found": 0.0,
    "school": 0.9256308086053273,
    "build": -0.0,
    "institut": 0.0,
    "onli": 0.0,
    "new": 0.0,
    "post": 0.0,
    "unit": 0.0,
    "physic": 0.0,
    "appli": 0.3012678170862965,
    "year": 0.428554194706854,
    "high": -0.0,
    "univers": -0.0,
    "locat": 0.0,
    "therapi": 0.053225104591209875,
    "2004": 0.0,
    "complianc": 0.41073760317559305,
    "secondari": 0.2319675520879135,
    "transform": 0.018259011520498747,
    "faculti": 0.24822552498944409,
    "renam": 0.0,
    "1976": 0.11705674494958361,
    "organiz": 1.2725045524216172,
    "montenegro": 1.398981525569176,
    "montenegrin": 0.0,
    "igalo": 0.9875192128436299,
    "physiotherapi": 0.8798908431556128,
    "fakultet": 0.0,
    "primijenjen": 0.0,
    "fizioterapij": 0.0
  }
}