{
  "qid": "149",
  "query": "Public Transport",
  "rank": 1,
  "docid": 3512961,
  "coef": {
    "list": -0.0,
    "mai": -0.0,
    "public": 1.1272686139255574,
    "work": 0.676142039033352,
    "see": -0.0,
    "spain": -0.0,
    "1889": 0.3953894077264534,
    "refer": -0.0,
    "lao": -0.0,
    "transport": 1.1370579113480184,
    "cambodia": 0.07707437515334509,
    "1848": 0.0719998895903224,
    "ministri": 0.495315634229631,
    "lebanon": 0.0,
    "minist": 0.0,
    "hungari": 0.0,
    "bahama": -0.2635264864317886
  }
}