{
  "qid": "147",
  "query": "Discrimination",
  "rank": 0,
  "docid": 6033536,
  "coef": {
    "mai": 0.0,
    "gener": -0.0,
    "form": 0.0,
    "number": 0.0,
    "root": 0.0,
    "field": 0.0,
    "function": -0.960712411775525,
    "determin": 0.8512972787533271,
    "multipl": 0.0,
    "properti": 2.0075522006009835e-15,
    "refer": 0.0,
    "valu": -0.0,
    "statist": -0.0,
    "medicin": -0.0,
    "psycholog": -0.0,
    "modifi": -0.0,
    "depend": 0.0,
    "real": -0.0,
    "valid": -0.0,
    "analysi": 0.0,
    "mathemat": -0.0,
    "curv": 0.0,
    "algebra": 0.0,
    "quantiti": 2.1866065659939484,
    "discrimin": 1.6276605684593988,
    "fundament": 0.0,
    "modular": 0.0,
    "coeffici": 0.0009875397469750978,
    "quadrat": 0.0,
    "fisher": -1.472310420236184,
    "ellipt": 0.0,
    "polynomi": 0.10093442384533609,
    "kernel": -0.0020373969411494686,
    "maddrei": -0.0
  }
}