{
  "qid": "130",
  "query": "Basketball",
  "rank": 7,
  "docid": 5292372,
  "coef": {
    "current": 0.46360457245589737,
    "system": 0.14007039268994656,
    "men": 0.06191876195522674,
    "italian": -0.0,
    "ii": 0.0,
    "french": -0.0,
    "hierarch": 0.0,
    "note": 0.002155402425635208,
    "vari": -0.0,
    "american": 0.0,
    "women": -0.0,
    "russian": 0.0,
    "organ": 0.32608302658887256,
    "place": 0.0,
    "see": 0.0,
    "greek": -0.0,
    "amount": 0.0,
    "extern": 0.0008771495002487058,
    "promot": 0.0,
    "refer": 6.449809054175953e-16,
    "associ": 0.08535967453067263,
    "interconnect": 0.0,
    "seri": 0.0,
    "level": 0.03966409826066053,
    "2": 0.0,
    "profession": 0.04627050132305654,
    "german": -0.0,
    "iii": -0.0,
    "10": 0.30977170308178414,
    "link": 0.0019143297379747507,
    "1": 0.0,
    "season": -0.0,
    "european": 0.0,
    "format": 0.0,
    "cup": 0.0,
    "4th": 0.0,
    "releg": 0.0,
    "team": 0.06720496771126827,
    "divis": 0.028119427084946372,
    "competit": 0.38436788400168725,
    "leagu": 0.1331996559906706,
    "south": 0.0,
    "tier": 0.36298331517507726,
    "1st": -0.0,
    "spot": 0.0,
    "2nd": -0.0,
    "3rd": 0.0562888255451168,
    "basketbal": 0.09271110900644747,
    "polish": -0.0,
    "turkish": 0.0,
    "club": 0.0,
    "iceland": 0.19851670598146046,
    "10th": 0.0,
    "hungarian": -0.0,
    "demot": 0.0,
    "pyramid": 0.015824679611601677,
    "supercup": -0.0,
    "karla": 0.42961551821046584,
    "deild": 1.3660837832712297e-15,
    "rvalsdeild": -0.0
  }
}