{
  "qid": "141",
  "query": "Human Exploration",
  "rank": 6,
  "docid": 3879151,
  "coef": {
    "be": 0.0,
    "major": 0.0,
    "list": 0.0,
    "current": 0.0029996781835555167,
    "can": 0.21455948450494763,
    "support": 0.10628319325064779,
    "element": 0.0006838433012729769,
    "evalu": 0.0,
    "creat": 0.0,
    "product": 0.0,
    "task": 0.2589736814385853,
    "reduc": 0.0,
    "websit": -0.0,
    "defin": 0.0,
    "respons": 0.0030499173759304245,
    "tool": 0.07126624528398418,
    "public": 0.0,
    "includ": -0.0,
    "address": 0.019880394125352963,
    "challeng": 0.12172429508613516,
    "rule": 0.0,
    "educ": 0.0,
    "manag": 0.01569166539271746,
    "found": 0.0,
    "perform": 0.06727537185920336,
    "oper": 0.0,
    "abil": 0.0,
    "follow": 0.0,
    "octob": 0.012506928474173793,
    "experi": 0.0,
    "enabl": 0.0009246538951617833,
    "develop": 0.0,
    "well": 0.10536690238071471,
    "complet": 0.0,
    "portal": 0.0,
    "review": -0.0,
    "close": 0.0,
    "aim": 0.0,
    "prioriti": 0.0,
    "commun": 0.0,
    "time": 0.0,
    "reliabl": 0.00011387303516866975,
    "util": 0.0,
    "process": 0.0,
    "plan": -0.0,
    "end": 0.0,
    "find": 0.0,
    "specif": 0.0,
    "new": 0.0,
    "understand": 0.0,
    "move": 0.0,
    "effect": 0.0,
    "space": 0.19593359317181197,
    "goal": 0.0,
    "multipl": 0.08872734788075963,
    "web": 0.0,
    "user": 0.0,
    "activ": 0.0,
    "basi": 0.0,
    "base": 0.054019934303389104,
    "accept": 0.0,
    "associ": 0.019388764417667927,
    "strategi": 0.0,
    "technolog": 0.1854916322712538,
    "serv": 0.0,
    "approach": 0.0,
    "human": 0.10284268560594452,
    "across": 0.0,
    "level": 0.0,
    "low": 0.0,
    "compil": 0.0,
    "appli": 0.0,
    "case": 0.0,
    "gap": 0.13075263935449652,
    "environ": 0.0,
    "identifi": 0.11247541262093827,
    "program": 0.15381251554038686,
    "focu": 0.0,
    "research": 0.2270059610156413,
    "health": 0.05367104993484871,
    "evid": 0.11853421848064759,
    "behavior": 0.0,
    "investig": 0.0,
    "recommend": 0.0,
    "medic": 0.0,
    "risk": 0.23735131019000927,
    "integr": 0.0,
    "consequ": 0.0,
    "factor": 0.09394173966590946,
    "given": 0.0,
    "degre": 0.0,
    "2005": 0.019271832068105246,
    "standard": 0.0,
    "drive": 0.0,
    "awai": 0.004822813162435222,
    "terrestri": 0.17739077995691543,
    "highest": 0.0,
    "quantifi": 0.0,
    "radiat": 0.0,
    "nasa": 0.0,
    "knowledg": 0.0,
    "earth": 0.0,
    "content": 0.0,
    "assign": 0.2278368874570388,
    "cross": 0.0,
    "headquart": 0.0036812087314225745,
    "partial": 0.0,
    "invest": 0.0,
    "item": 0.0,
    "record": 0.0,
    "uniqu": 0.0,
    "project": 0.0,
    "center": 0.0,
    "explor": 0.0,
    "flight": 0.012650082869992366,
    "compris": 0.0,
    "desir": 0.0,
    "safe": 0.015013386540086191,
    "monitor": 0.0,
    "agre": 0.0,
    "johnson": 0.019258855956631595,
    "uncertainti": 0.0,
    "graviti": 0.0,
    "search": 0.0,
    "logo": 0.0,
    "frame": 0.0,
    "culmin": 0.0,
    "likelihood": 0.0,
    "mission": 0.0,
    "physiolog": -0.0,
    "analog": 0.0,
    "astronaut": 0.0,
    "accumul": 0.0,
    "mitig": 0.2677132949994776,
    "portfolio": 0.0,
    "deliver": 0.0,
    "roadmap": -0.0,
    "hrp": 0.15955376715889258,
    "countermeasur": 0.0,
    "jsc": 0.0,
    "irp": 0.0
  }
}