{
  "qid": "114",
  "query": "Songwriting",
  "rank": 5,
  "docid": 3324560,
  "coef": {
    "societi": -0.0,
    "mai": 0.0,
    "music": 0.0,
    "write": 0.2611007514970799,
    "direct": 1.0483297673450855,
    "who": 0.0,
    "individu": 0.0,
    "refer": 0.0,
    "2018": 0.0,
    "film": 0.31528713264135216,
    "bill": -0.0,
    "1984": 0.0,
    "anderson": -0.0,
    "lyric": 0.857066726639805,
    "album": -0.4106662298874312,
    "documentari": 0.0,
    "song": 0.0,
    "alan": 0.0,
    "ed": 0.0,
    "murrai": 0.0,
    "rudolph": 0.0,
    "hayward": -0.0,
    "songwrit": 1.35848812760404,
    "hike": 0.0,
    "cum": 1.2807310482351322,
    "justin": -0.0,
    "sheeran": 0.0,
    "apo": -0.0
  }
}