{
  "qid": "144",
  "query": "Child Development",
  "rank": 3,
  "docid": 5883195,
  "coef": {
    "5": 0.30166146325336735,
    "union": 0.0,
    "right": 0.06569109205611341,
    "focus": 0.0,
    "emphasi": 0.0,
    "support": 0.23554733413004175,
    "earli": 0.0,
    "evalu": 0.0,
    "optim": 0.0,
    "countri": 0.5360453024679545,
    "middl": 0.0,
    "includ": 0.1496044734740946,
    "histori": 0.0,
    "found": 0.0,
    "oper": 0.0,
    "open": 0.0,
    "best": 0.0,
    "ag": 0.027368815756833836,
    "emot": 0.0,
    "american": 0.02693084158302684,
    "develop": 0.3559660587538431,
    "young": 0.0,
    "well": 0.0,
    "govern": 0.08540830346471925,
    "affili": 0.0,
    "review": 0.0,
    "group": 0.0820534610589147,
    "organ": 0.3020518748394556,
    "children": 0.3572535790354747,
    "non": 0.0,
    "advoc": 0.0,
    "child": 0.21086760694295262,
    "like": 0.23211126916512248,
    "effect": 2.438698879240384e-16,
    "intern": 0.22577059108641367,
    "goal": 0.0,
    "practic": 0.0,
    "extern": 0.0,
    "social": 0.0,
    "promot": 0.39748863068478496,
    "releas": 0.0,
    "member": 0.0,
    "studi": 0.07634579382961915,
    "committe": 0.0,
    "base": 0.0,
    "foundat": 0.001778099243049107,
    "associ": 0.0,
    "sourc": 0.0,
    "varieti": 0.0,
    "global": 0.0,
    "seri": 0.0,
    "low": 0.0,
    "psycholog": 9.343253295161334e-05,
    "cognit": 0.0,
    "sustain": 0.00014211929720433976,
    "nutrit": 0.0,
    "characterist": 0.0,
    "program": 0.0,
    "focu": 0.17159330443594797,
    "face": 0.0,
    "research": 0.1322014422340056,
    "health": 0.0,
    "evid": 0.0,
    "childhood": 0.0,
    "univers": 0.2673748778732309,
    "document": 0.20104731046530372,
    "locat": 0.0,
    "link": 0.38973312409751115,
    "dissemin": 0.0,
    "risk": 0.0,
    "motor": 0.0,
    "factor": 0.0,
    "scientif": 0.0,
    "2007": 0.5594285102833148,
    "intervent": 0.4879870109938738,
    "fund": 0.0,
    "receiv": 0.27147180331264575,
    "capac": 0.0,
    "incom": 0.0,
    "centr": 0.0,
    "itali": 0.0,
    "protect": 0.0,
    "west": 0.13056198120053855,
    "convent": 0.03322735747643826,
    "2011": 0.0,
    "financi": 0.0,
    "campu": 0.0,
    "polici": 0.35252853857940597,
    "van": 0.14942092010393365,
    "encourag": 0.0,
    "behaviour": 0.0,
    "faculti": 0.0,
    "score": 0.0,
    "un": 0.33771677394509975,
    "mission": 0.2932414775717724,
    "caribbean": 0.2648688420646181,
    "government": 0.0,
    "bernard": 0.029749521218530632,
    "indi": 0.08073885592118511,
    "jamaica": 2.851720590075974e-17,
    "organiz": 0.0,
    "steer": 0.22227512703529825,
    "unicef": 0.01897843799422174,
    "rockefel": 0.22675645358529156,
    "secretariat": 0.0,
    "lancet": 0.0,
    "leer": 0.008146902286698935,
    "bellagio": 0.0,
    "gcdg": 0.0
  }
}