{
  "qid": "116",
  "query": "Malnutrition",
  "rank": 2,
  "docid": 2292893,
  "coef": {
    "state": 0.0,
    "seen": 0.0,
    "believ": 0.13255672114696088,
    "caus": 0.0,
    "complex": -0.0,
    "common": 0.0,
    "failur": 1.1111481023124457,
    "known": 0.44251734826875927,
    "surviv": 0.5240066327357215,
    "distinct": 0.21158352405556652,
    "condit": 0.0,
    "diseas": 0.139959269427218,
    "revers": 0.0,
    "popul": 2.09981036988017,
    "patient": 0.2790525041936901,
    "inflamm": 1.081066911722546,
    "syndrom": 2.239530317928789e-14,
    "epidemiolog": 0.0,
    "energi": 0.0,
    "chronic": 1.9567365223700963,
    "heart": 0.0,
    "protein": 0.0,
    "kidnei": 0.0,
    "paradox": 0.3664730524322402,
    "malnutrit": 1.0331353331485362,
    "mic": 0.25248238674364293,
    "cachexia": 0.0,
    "urem": 0.7295353143454305
  }
}