{
  "qid": "125",
  "query": "Doctor",
  "rank": 8,
  "docid": 1111290,
  "coef": {
    "origin": 0.0,
    "societi": 0.023313338079294428,
    "spectrum": 0.0,
    "return": 0.0,
    "mai": 0.0,
    "name": 0.0,
    "men": 0.0,
    "freedom": 0.0,
    "mid": 0.0,
    "core": 0.0,
    "number": 0.06179086133900512,
    "world": 0.0,
    "michael": 0.0,
    "follow": 0.0,
    "america": 0.0,
    "enemi": 0.0,
    "citi": 0.0,
    "doctor": 0.17133857376698802,
    "see": 0.0,
    "known": 0.08348537549224976,
    "leader": 0.007588359885389035,
    "green": -0.0,
    "similar": 0.0,
    "charact": 0.10948669789418997,
    "john": 0.0,
    "who": 0.12156853149918265,
    "part": 0.0,
    "scientist": 0.0635738575179678,
    "member": 0.0,
    "refer": 0.0,
    "book": 0.0,
    "band": 0.11968903983456469,
    "associ": 0.0,
    "seri": 0.0,
    "human": 0.0,
    "brother": 0.0,
    "death": 0.0,
    "univers": -0.0,
    "game": 0.0,
    "given": 0.0,
    "terra": 0.0,
    "light": 0.0,
    "particl": 0.0,
    "sun": -0.0,
    "round": 0.0,
    "bradlei": 0.0,
    "magazin": 0.0,
    "fourth": 0.0,
    "adventur": 0.0,
    "1000": 0.0,
    "wonder": 0.0,
    "jame": 0.0,
    "chiefli": 0.0,
    "man": 0.0,
    "fate": 0.0,
    "went": 0.0,
    "secret": 0.05586448833326937,
    "hero": -0.0,
    "destini": 0.0,
    "doom": -0.0,
    "captain": 0.0,
    "imposs": -0.0,
    "obscura": 0.0,
    "strang": -0.0,
    "thirteen": -0.0,
    "woman": 0.0,
    "octopu": -0.0,
    "reappear": 0.0,
    "jack": 0.0,
    "dr": 0.045775045507691056,
    "flash": 0.0,
    "acclaim": 0.0,
    "finest": 0.0,
    "manhattan": 0.0,
    "comic": 0.03877307535786982,
    "tomorrow": 0.0,
    "savag": -0.0,
    "torch": 0.01581400854981409,
    "stockton": 1.7121939725286694e-15,
    "inventor": 0.0,
    "amalgam": -0.0,
    "cyber": 0.0,
    "occult": 0.0,
    "alchemi": 0.0,
    "disambigu": 0.0,
    "phd": 0.0,
    "mist": -0.0,
    "spin": 0.0,
    "lantern": 0.0,
    "mirag": 0.0,
    "joe": 0.0,
    "spider": 0.0,
    "eclips": -0.0,
    "fang": 0.0,
    "phosphoru": 0.0,
    "omega": 0.0,
    "decibel": 0.0,
    "dc": 0.008098122760291891,
    "zodiac": 0.0,
    "supervillain": 0.12778209743822427,
    "superhero": 0.0,
    "marvel": 0.0,
    "psycho": 0.0,
    "vault": -0.0,
    "villain": -0.0,
    "polari": -0.0,
    "nemesi": 0.0,
    "kirbi": 0.0,
    "watchmen": -0.0,
    "batman": -0.0,
    "doc": 0.22155557415010652,
    "rogu": -0.0,
    "malibu": -0.0,
    "angst": -0.0,
    "shocker": 0.0,
    "fawcett": 0.0,
    "samson": 0.0,
    "faustu": -0.0,
    "bland": 0.0,
    "sorcer": -0.0,
    "charlton": 0.0,
    "druid": 0.0,
    "mier": 0.0,
    "doomsdai": -0.0,
    "voodoo": 0.0,
    "nite": 0.0,
    "valiant": -0.0,
    "bedlam": 0.0,
    "pym": 0.0,
    "wildstorm": 0.0,
    "sivana": 0.0,
    "mcninja": 0.0,
    "spectro": 0.0,
    "nedor": 0.0,
    "gorpon": -0.0
  }
}