{
  "qid": "140",
  "query": "Artificial Intelligence and Machine Learning",
  "rank": 7,
  "docid": 5100080,
  "coef": {
    "be": -0.0,
    "aspect": 0.0,
    "third": 0.13127765196485666,
    "state": 0.0,
    "major": 0.0,
    "self": -0.0,
    "current": 0.11179074734906837,
    "barcelona": -0.0,
    "lead": 0.0,
    "highli": 0.0,
    "peopl": 0.0,
    "emerg": 0.0,
    "societi": 0.0,
    "focus": 0.0,
    "can": 0.11998984398889788,
    "system": 0.0,
    "journal": 0.09860057931741706,
    "broad": 0.0,
    "north": 0.0,
    "assist": 0.04235823901012188,
    "mai": 0.0,
    "nation": 0.08983094498075866,
    "situat": 0.0,
    "name": 0.0,
    "led": 0.0,
    "creat": 0.0,
    "optim": 0.0,
    "interpret": -0.0,
    "help": 0.0,
    "concern": 0.0,
    "next": 0.0,
    "task": 0.0,
    "websit": 0.0,
    "basic": 0.0,
    "destroi": -0.0,
    "respons": -0.0,
    "public": 0.12349938683143277,
    "gener": 0.0,
    "includ": 0.04889150575180486,
    "began": 0.0,
    "talk": 0.0,
    "challeng": 0.0,
    "li": 0.0,
    "attent": 0.0,
    "later": -0.0,
    "educ": 0.0,
    "manag": 0.15693543609222924,
    "allow": 0.0,
    "found": 0.1454995441990099,
    "hierarch": 0.0,
    "world": 0.0,
    "reflect": 0.0,
    "exclus": 0.0,
    "enter": 0.0,
    "secur": 0.0,
    "professor": 0.0420428919592412,
    "best": 0.0,
    "try": -0.0,
    "drug": 0.0,
    "simpli": 0.0,
    "citizen": 0.0,
    "note": 0.10288548466779734,
    "reinforc": 0.0,
    "formal": 0.0,
    "school": 0.0,
    "build": 0.0,
    "follow": 0.0,
    "david": 0.0,
    "previou": 0.0,
    "work": 0.09762620659925555,
    "american": 0.0,
    "experi": 0.0,
    "scholar": 0.0,
    "land": 0.0,
    "second": -0.0,
    "interest": 0.06341004038837546,
    "develop": -0.0,
    "young": 0.0,
    "career": 0.01090951743316984,
    "well": 0.0,
    "learn": 0.2541422912622219,
    "complex": 0.0,
    "review": 0.0,
    "confer": 0.0044252308145532855,
    "colleg": 0.07605812190637407,
    "group": 0.0,
    "synthesi": 0.0,
    "commun": 0.10299864714835874,
    "academ": -0.0,
    "exampl": -0.0,
    "doctor": 0.0,
    "process": 0.0,
    "plan": 0.0,
    "organ": 0.0,
    "institut": 0.0,
    "will": 0.0,
    "central": 0.0,
    "pioneer": 0.0,
    "seattl": 0.0,
    "ecolog": 0.0,
    "network": -0.0,
    "field": 0.21328237220418522,
    "1999": -0.0,
    "function": 0.0,
    "fiction": 0.0,
    "non": -0.0,
    "method": 0.0,
    "wide": 0.0,
    "consid": 0.0,
    "direct": 0.0,
    "spain": -0.0,
    "structur": 0.0,
    "new": 0.08986109312906246,
    "contribut": 0.0,
    "understand": 0.0,
    "move": 0.0,
    "like": 0.0,
    "lectur": 0.0,
    "intern": 0.16403638350125582,
    "amount": 0.0,
    "question": 0.09254571085299307,
    "media": 0.14200534747574226,
    "class": 0.0,
    "posit": 0.0,
    "multipl": -0.0,
    "perspect": -0.0,
    "first": 0.0,
    "rise": 0.0,
    "user": 0.0,
    "part": 0.0,
    "problem": 0.058894589147988126,
    "theori": 0.05103491502982011,
    "distribut": -0.0,
    "wai": 0.036313381847428626,
    "increasingli": 0.0,
    "scientist": 0.18720407874731926,
    "promot": 0.0,
    "zhou": 0.0,
    "natur": 0.0,
    "member": 0.20976123728373441,
    "studi": 0.0,
    "committe": 0.0,
    "reason": -0.0,
    "basi": 0.0,
    "scienc": 0.076087093409457,
    "dai": 0.0,
    "foundat": 0.0,
    "compon": -0.0,
    "softwar": 0.0,
    "execut": 0.0,
    "associ": 0.11940393101257227,
    "power": 0.0,
    "valu": 0.0,
    "varieti": 0.0,
    "argu": 0.0,
    "2008": 0.0,
    "statist": 0.0,
    "serv": 0.0,
    "seri": 0.0,
    "human": 0.0,
    "teach": 0.0,
    "francisco": 0.0,
    "level": 0.0,
    "distinguish": 0.04812920098064705,
    "anomali": 0.0,
    "brain": 0.0,
    "leav": -0.0,
    "techniqu": 0.0,
    "obtain": 0.0,
    "million": 0.0860876554835343,
    "classif": 0.0,
    "adapt": -0.0,
    "2015": 0.018323839091357378,
    "probabl": 0.0,
    "present": 0.0,
    "appli": 0.0,
    "pattern": 0.07554490807172812,
    "year": 0.055807641658482995,
    "rare": 0.0,
    "neural": 0.0,
    "1987": 0.0,
    "cognit": 0.0,
    "hire": 0.0,
    "sustain": 0.0,
    "program": 0.0,
    "remot": 0.0,
    "model": 0.23510439408618425,
    "code": 0.0,
    "focu": 0.0,
    "recognit": 0.0,
    "high": 0.1168944795961351,
    "advanc": 0.07248376488160338,
    "2013": 0.08631804913361579,
    "ask": 0.0,
    "graduat": 0.062266568406432826,
    "research": 0.08233300490811361,
    "invit": 0.0,
    "joint": 0.0,
    "observ": 0.0,
    "framework": -0.0,
    "univers": 0.03910222298741339,
    "paper": 0.0,
    "grant": -0.0,
    "rang": 0.0,
    "data": 0.1813755947632851,
    "race": -0.0,
    "investig": 0.0,
    "90": 0.0,
    "1996": 0.0,
    "1980": 0.0,
    "40": 0.0,
    "30": -0.0,
    "improv": 0.0556770203973984,
    "16": 0.0,
    "15": -0.0,
    "10": 0.0,
    "famili": 0.0,
    "detect": 0.0,
    "risk": 0.0,
    "doi": -0.0,
    "sampl": 0.0,
    "select": 0.0,
    "report": 0.0,
    "integr": -0.0,
    "extent": -0.0,
    "scientif": 0.0,
    "nbsp": -0.0,
    "intellig": 0.1334414308303984,
    "divid": 0.0,
    "awar": 0.03046288211163687,
    "given": 0.0,
    "earn": 0.0,
    "degre": 0.0,
    "design": 0.0,
    "2016": 0.04445886392058311,
    "2014": 0.0,
    "2012": 0.0,
    "2010": 0.0,
    "2007": -0.0,
    "2005": 0.0,
    "safeti": 0.0,
    "2000": 0.08456992940308895,
    "3": 0.0,
    "1": 0.0,
    "water": 0.0,
    "traffic": 0.0,
    "know": 0.0,
    "board": 0.0,
    "applic": 0.0,
    "farm": 0.0,
    "forest": 0.0,
    "receiv": -0.0,
    "summer": 0.008166777589910433,
    "artifici": 0.13285905041730983,
    "error": 0.0,
    "top": 0.0,
    "mathemat": 0.0,
    "2003": 0.0,
    "ocean": 0.0,
    "output": 0.0,
    "electr": 0.0,
    "tree": 0.0,
    "2004": 0.0,
    "earth": 0.0,
    "approxim": 0.0,
    "graphic": 0.0,
    "comput": 0.15075231945689974,
    "logic": 0.0,
    "press": 0.04752319820794273,
    "statu": 0.0,
    "chief": 0.035337043454986145,
    "illinoi": 0.0,
    "presid": 0.0,
    "breakdown": 0.0,
    "hall": 0.0,
    "multi": 0.0,
    "elect": 0.0,
    "held": 0.0,
    "submit": 0.0,
    "london": 0.0,
    "thousand": 0.0,
    "tom": 0.0,
    "13": 0.0,
    "corpor": 0.0,
    "ten": 0.0,
    "engin": -0.0,
    "senior": -0.0,
    "undergradu": 0.0,
    "spent": 0.0,
    "cite": 0.0,
    "speci": 0.0398996405149011,
    "busi": 0.0,
    "san": 0.0,
    "switch": 0.0,
    "file": 0.0,
    "project": 0.0,
    "247": 0.0,
    "11th": 0.0,
    "1992": -0.0,
    "super": 0.0,
    "2011": 0.0,
    "2006": 0.0,
    "2002": -0.0,
    "2001": 0.0,
    "york": 0.06320761244016199,
    "veget": 0.0,
    "spring": 0.0,
    "ohio": -0.0,
    "fourth": -0.0,
    "asian": -0.0,
    "2009": 0.0,
    "73": 0.0,
    "decid": 0.0,
    "bird": 0.0,
    "ma": 0.0,
    "south": 0.0,
    "depart": -0.0,
    "wall": 0.0,
    "compani": 0.18115358101778362,
    "morgan": 0.0,
    "migrat": 0.17326176368048618,
    "thoma": 0.0,
    "instanc": -0.0,
    "twenti": 0.0,
    "insid": 0.0,
    "tenth": 0.0,
    "98": -0.0,
    "92": 0.0,
    "58": 0.0,
    "44": 0.0,
    "1994": 0.0,
    "1993": -0.0,
    "26": 0.0,
    "23": 0.0,
    "1984": 0.0,
    "1982": 0.0,
    "1978": 0.0,
    "1973": 0.0,
    "1954": 0.0,
    "street": 0.0,
    "visit": -0.0,
    "born": 0.0,
    "march": 0.0,
    "da": 0.0,
    "invent": 0.0,
    "honor": 0.21048361016902786,
    "639": -0.0,
    "627": 0.0,
    "bell": 0.0,
    "eric": 0.0,
    "alt": 0.0,
    "conquer": 0.0,
    "jersei": -0.0,
    "1977": 0.17163849335252696,
    "sight": 0.0,
    "choos": 0.0,
    "presidenti": 0.0,
    "staff": 0.0,
    "227": -0.0,
    "oregon": 0.0,
    "quot": 0.0,
    "answer": 0.0,
    "fellow": 0.13330906664072467,
    "invas": 0.0,
    "biographi": 0.0,
    "303": -0.0,
    "overwhelm": 0.0,
    "proceed": 0.043786280181375294,
    "retir": 0.0,
    "edwin": 0.0,
    "volunt": 0.0,
    "editor": 0.0,