{
  "qid": "104",
  "query": "Business Leaders",
  "rank": 2,
  "docid": 5344947,
  "coef": {
    "list": 0.0,
    "current": 0.0,
    "opposit": 0.0,
    "debat": 0.8273852509897985,
    "order": 0.09257420675409393,
    "respons": 0.0,
    "includ": -0.0,
    "manag": 0.9513257800950389,
    "commonli": 0.044697205475577734,
    "reaction": 0.0,
    "govern": 0.7525172489491625,
    "issu": 0.0,
    "time": 0.0,
    "role": 0.0,
    "see": -0.0,
    "known": 0.21794322072035954,
    "leader": 0.05954446392371941,
    "tactic": 0.20002531200447995,
    "matter": 0.0,
    "member": 0.259443671926752,
    "council": 0.0,
    "hous": 0.7310215006690531,
    "lower": 0.0,
    "schedul": -0.0,
    "counterpart": 0.026344630003729774,
    "energi": 0.3880551324599823,
    "mine": 0.0,
    "assembl": 0.0,
    "held": 0.956745258722555,
    "busi": 0.16352913095714344,
    "cabinet": 0.5239575349728078,
    "legisl": 0.0,
    "offic": 0.0,
    "south": 0.0,
    "bill": 0.0,
    "van": 0.0,
    "negoti": 0.0,
    "australia": 0.0,
    "australian": 0.0,
    "parliament": -0.0,
    "minist": 0.13121851182689367,
    "dan": 0.0,
    "disambigu": 0.0,
    "allot": 0.0,
    "dealt": 0.45854860513604273,
    "impedi": 0.0,
    "holst": 0.0,
    "pellekaan": 0.0
  }
}