{
  "qid": "107",
  "query": "Seafood",
  "rank": 2,
  "docid": 4361800,
  "coef": {
    "state": 0.0,
    "list": 0.0,
    "union": 0.0,
    "right": 0.15806738418900204,
    "market": 0.0,
    "type": 0.0,
    "product": 0.03314727108400771,
    "anchor": 0.0,
    "servic": 0.014178923829772178,
    "includ": 0.0,
    "cold": 0.0,
    "form": 0.36304559201733627,
    "involv": 0.0,
    "trade": 0.0,
    "american": 0.19962677046735605,
    "choic": -0.0,
    "young": -0.0,
    "group": 0.028063093502528683,
    "life": 0.0,
    "process": 0.0,
    "organ": -0.0,
    "left": 0.0,
    "see": -0.0,
    "live": 0.0,
    "produc": 0.0,
    "john": 0.0,
    "distribut": 0.0,
    "unit": 0.0,
    "promin": 0.0,
    "human": 0.0,
    "boi": 0.0,
    "nutrit": 0.0,
    "food": 0.16380645689125833,
    "typic": 0.0,
    "wild": -0.0,
    "regard": 0.0,
    "commerci": -0.0,
    "aqua": 0.0,
    "sea": 0.0,
    "farm": -0.0,
    "plant": 0.0,
    "restaur": 0.24462996704299814,
    "west": 0.07074489520825743,
    "vietnam": -0.0,
    "washington": 0.0,
    "fish": 0.3920682178253474,
    "coast": 0.37837013898266814,
    "pacif": 0.0,
    "compani": -0.0,
    "factori": -0.0,
    "salmon": 0.0,
    "royal": 0.0,
    "kingdom": 0.0,
    "anna": 0.0,
    "vital": -0.0,
    "nielsen": 0.0,
    "maria": 0.0,
    "norwai": 0.8564214159547842,
    "triumph": 0.0,
    "norwegian": 0.0,
    "vessel": 0.040757047085369626,
    "dynasti": 0.1668126315870971,
    "mauritania": 0.0,
    "dish": 0.0,
    "harvest": 0.1295473011897819,
    "storag": 0.0,
    "feed": 0.43797951072388086,
    "scotland": 0.0,
    "ross": -0.0,
    "kong": 0.0,
    "bee": 0.0,
    "hong": 0.0,
    "thai": 0.0,
    "thailand": 0.0,
    "carrier": 0.0,
    "marin": 0.12041985613355012,
    "bellingham": 0.23746747179758942,
    "seafood": 0.6060518059823167,
    "dock": 0.3531150036549507,
    "greenland": 0.1604407568774685,
    "sweden": 0.0,
    "and": 0.0,
    "rd": 0.0,
    "phillip": 0.0,
    "offshor": 0.35217534872724776,
    "denmark": -0.0,
    "pelag": 0.0,
    "shellfish": -0.0,
    "ltd": -0.0,
    "abba": 0.0,
    "sara": 0.0,
    "punta": 0.0,
    "volden": 0.0,
    "canneri": 0.1387460414379384,
    "trident": -0.0,
    "gc": 0.39432874048783156,
    "whitbi": -0.0,
    "ler": 0.0,
    "trawler": 0.0,
    "aker": 0.0,
    "bumbl": 0.0,
    "hdm": -0.0,
    "rem": 0.0,
    "norg": -0.0,
    "rauma": 0.0,
    "gorda": 0.0,
    "grieg": 0.0,
    "sisimiut": 0.19294944101117484,
    "bluecrest": -0.0,
    "rieber": 0.234975957838905,
    "sarl": 0.0,
    "stolt": 0.0,
    "ewo": 0.0,
    "shippam": -0.0,
    "nerg": 0.0,
    "biomarin": 0.0,
    "salmar": 0.0,
    "pescanova": -0.0,
    "akamalik": -0.0,
    "domstein": 0.0,
    "havfisk": 0.0,
    "cuulong": -0.0,
    "sildesalgslag": -0.0
  }
}