{
  "qid": "149",
  "query": "Public Transport",
  "rank": 2,
  "docid": 2977320,
  "coef": {
    "mai": 0.20532528593225075,
    "public": 0.9166221364968734,
    "author": 0.0,
    "refer": 0.994482197508147,
    "western": 0.0,
    "counti": 0.0,
    "transport": 2.0771015467190366,
    "australia": 0.7173970439885423,
    "denmark": -0.0,
    "mtland": 3.318345065071266e-16
  }
}