{
  "qid": "104",
  "query": "Business Leaders",
  "rank": 5,
  "docid": 3758238,
  "coef": {
    "list": 0.0,
    "opposit": 0.4247031466960267,
    "respons": 0.803093047646335,
    "manag": 0.3145154911608846,
    "bodi": 0.0,
    "note": 0.0,
    "work": 0.0,
    "govern": 0.982884774260925,
    "see": 0.0,
    "known": 0.22881657236382663,
    "leader": 0.6259126033022104,
    "posit": 0.0,
    "post": 0.9219789799185871,
    "wai": 0.0,
    "member": 0.6179590686201442,
    "committe": 0.0,
    "hous": 0.32531031039336195,
    "schedul": 0.0,
    "earn": 0.0,
    "run": 0.0,
    "addit": 0.0,
    "receiv": -0.0,
    "shadow": 0.0,
    "assembl": 0.0,
    "busi": 0.1271937073112868,
    "cabinet": 0.0,
    "legisl": 0.6459332986143376,
    "deleg": 0.11017769855199629,
    "speaker": 0.0,
    "premier": 0.0,
    "australia": 0.0,
    "holder": 0.10041297313466911,
    "parliament": 0.0,
    "salari": 0.0,
    "queensland": 0.0,
    "officehold": 0.0,
    "officio": 0.0
  }
}