{
  "qid": "148",
  "query": "Tea",
  "rank": 5,
  "docid": 838934,
  "coef": {
    "aspect": 9.017661847897886e-05,
    "blend": 0.0,
    "origin": 0.12847963195462708,
    "cultur": -0.0,
    "seen": 0.0,
    "can": 0.0,
    "emphasi": 0.0,
    "led": 0.0,
    "countri": 0.0,
    "classic": 0.0,
    "includ": 0.0,
    "histori": -0.0,
    "educ": 0.0,
    "21st": 0.0,
    "art": 0.4514912513533563,
    "develop": 0.48837372630355286,
    "popular": 0.023717434043986237,
    "singl": 0.0,
    "flourish": 0.0,
    "tradition": 0.09487286715200896,
    "root": 0.0,
    "common": -0.0,
    "influenc": 0.0,
    "institut": 0.1101654751020561,
    "place": 0.0,
    "see": 0.0,
    "inform": 0.10839076766873708,
    "china": 0.0,
    "gain": 0.0,
    "japanes": 0.0,
    "resurg": 0.0,
    "make": 0.04883045204572716,
    "social": 0.28576955347231475,
    "centuri": 0.0017705350018139767,
    "extens": 0.0,
    "tradit": 0.0,
    "studi": 0.04364966079994,
    "promin": 0.0,
    "refer": 0.3295186164089599,
    "back": 0.003949785614895228,
    "technolog": 0.0,
    "especi": -0.0,
    "consumpt": 0.0,
    "experienc": 0.0,
    "high": 0.30612351447266106,
    "trace": 0.378695931414543,
    "research": 0.0,
    "old": 0.0,
    "qualiti": 0.032881167609683334,
    "climat": 0.2657556713628651,
    "bubbl": 0.0,
    "western": 0.0,
    "mountain": 0.0,
    "flower": 0.03571144745233831,
    "shop": -0.0,
    "landscap": 0.0,
    "uniqu": 0.0,
    "district": 0.0017261482847481197,
    "island": 0.0,
    "station": 0.0,
    "ceremoni": 0.0,
    "plantat": 0.11627033491485153,
    "man": 0.0,
    "invent": 0.0,
    "commerc": 0.0,
    "dri": 0.2773420288640953,
    "chines": 0.11485003009739182,
    "spur": 0.0,
    "tea": 0.5001029410381019,
    "cha": 0.0,
    "cuisin": 0.0,
    "drink": 0.06957564641968388,
    "kong": -0.0,
    "petal": 0.01913785431329786,
    "hong": -0.0,
    "taiwan": 0.27821145347696796,
    "calligraphi": 0.001310414102966024,
    "yu": 0.0,
    "incens": 4.002668611087667e-16,
    "stamen": 0.0,
    "lu": 0.0,
    "taiwanes": 0.0,
    "xun": 0.0,
    "teahous": 0.0,
    "tatung": 0.00021798557366699408,
    "oolong": -0.0,
    "gongfu": -0.0,
    "laoren": 0.0,
    "pinglin": 0.0019558316233834316
  }
}