{
  "qid": "146",
  "query": "Non-profit Organization",
  "rank": 8,
  "docid": 805575,
  "coef": {
    "system": 0.0,
    "mai": 0.0,
    "form": 0.0,
    "found": 0.0,
    "organ": 0.5326070449611421,
    "see": -0.0,
    "non": 0.0,
    "method": 1.5507002832409333,
    "live": 1.9480778471886344,
    "known": 0.0,
    "structur": 1.3949478994816165,
    "refer": 0.0,
    "pattern": 0.0,
    "model": 0.0,
    "formula": 0.14809000623917068,
    "compound": 1.40935750558242,
    "metaphor": 0.0,
    "disambigu": -0.0,
    "molecular": 0.0
  }
}