{
  "qid": "146",
  "query": "Non-profit Organization",
  "rank": 9,
  "docid": 4029090,
  "coef": {
    "state": 0.0,
    "cultur": 0.0,
    "emerg": 0.0,
    "societi": 0.6042520952128113,
    "believ": 0.4319803402254165,
    "freedom": 0.0,
    "movement": 0.0,
    "revolut": -0.0,
    "begin": -0.0,
    "conduct": 0.0,
    "syria": 0.0,
    "violent": 0.0,
    "violenc": 0.0,
    "call": 0.0,
    "polit": 0.0,
    "form": 0.0,
    "civil": 0.49589192316872055,
    "peac": 0.0,
    "chang": 0.6741212137826842,
    "aim": 0.0,
    "group": 0.23615812777902678,
    "strike": 0.305304301043678,
    "plan": 0.0,
    "organ": 0.0,
    "struggl": 0.19158643628681862,
    "non": 0.45101173146570506,
    "known": 0.19427719651461314,
    "nonviol": 0.018252679232476372,
    "produc": 0.0,
    "tactic": -0.0,
    "activ": 0.3036004123784658,
    "war": 0.025248303532621953,
    "wai": 0.07744313497452182,
    "social": 0.0,
    "spread": 0.24956054247254422,
    "dai": 0.4937913142775322,
    "achiev": 0.0,
    "grassroot": 0.0,
    "activist": 0.0,
    "happen": 0.0,
    "initi": 0.2944416601862014,
    "resist": 0.19491460970416566,
    "interact": 0.0,
    "visual": 0.0,
    "awar": 0.06967086262644276,
    "gather": 0.0,
    "project": -0.0,
    "2011": 0.0,
    "map": 0.0,
    "government": 0.0,
    "syrian": 0.5235385637704766,
    "umbrella": 0.0,
    "digniti": -0.0,
    "karamah": 0.34071615546669815
  }
}