{
  "qid": "147",
  "query": "Discrimination",
  "rank": 0,
  "docid": 6033536,
  "coef": {
    "mai": 0.0,
    "gener": 0.0,
    "form": -0.0,
    "number": 0.0,
    "root": 0.0,
    "field": 0.0,
    "function": -0.89648575673434,
    "determin": 1.7748061757686564,
    "multipl": 0.0,
    "properti": 3.5691474401369046e-16,
    "refer": 0.001220515510144456,
    "valu": -0.0,
    "statist": -0.0,
    "medicin": -0.0,
    "psycholog": -0.0,
    "modifi": -0.0,
    "depend": 0.0,
    "real": -0.0,
    "valid": -0.0,
    "analysi": -0.0,
    "mathemat": 0.1972949733753152,
    "curv": 0.0,
    "algebra": 0.0,
    "quantiti": 1.8641117404716527,
    "discrimin": 1.5205205962640385,
    "fundament": -0.0,
    "modular": -0.0,
    "coeffici": 0.0,
    "quadrat": -0.0,
    "fisher": -1.240553603001391,
    "ellipt": 0.0,
    "polynomi": 0.168989666333305,
    "kernel": -0.0,
    "maddrei": -0.0
  }
}