{
  "qid": "129",
  "query": "Folk Music",
  "rank": 4,
  "docid": 5946403,
  "coef": {
    "emerg": 0.0,
    "mai": -0.0,
    "movement": 1.913602672463204,
    "mid": 0.0,
    "20th": 0.0,
    "music": 0.6008419640349009,
    "far": 0.7005960504825856,
    "wide": 1.6651895299969497,
    "contemporari": 0.0,
    "centuri": 2.53364429200776,
    "tradit": 0.0,
    "refer": -0.0,
    "band": 0.0,
    "east": 0.0,
    "varieti": 0.00039291341835684835,
    "hand": 0.0,
    "show": 0.0,
    "genr": 0.9326651746607643,
    "album": 0.6821946565148176,
    "folk": 1.3188312681706118
  }
}