{
  "qid": "111",
  "query": "Inequality",
  "rank": 1,
  "docid": 4054998,
  "coef": {
    "state": 0.4220383191191079,
    "inequ": 0.1093303448566619,
    "support": 0.0,
    "element": 0.0,
    "differ": 0.0,
    "form": 0.0,
    "number": 0.0,
    "formal": 0.0,
    "follow": 0.0,
    "young": 0.17573514420499034,
    "singl": 0.0,
    "treat": 0.3415005037423464,
    "exampl": 0.05558833567817913,
    "field": 0.0,
    "constant": 0.0,
    "function": 0.35349758784167185,
    "deriv": 0.06647828671056906,
    "non": 0.07131479434925667,
    "consid": 0.0,
    "impli": 0.0,
    "friedrich": 0.0,
    "onli": 0.03965958091327135,
    "structur": 0.0,
    "space": 0.36786929495767284,
    "notion": 0.0,
    "theori": 0.0,
    "distinct": -0.0,
    "independ": 0.25165494595677573,
    "power": 0.4232038660252553,
    "norm": 0.40064010183272164,
    "landau": 0.0,
    "simpl": 0.0,
    "subset": 0.1736707893905495,
    "real": 0.0,
    "valid": 0.3518094616887376,
    "integr": 0.0,
    "analysi": 0.0,
    "nbsp": 0.1663820440403089,
    "1": 0.0,
    "sub": 0.0,
    "applic": 0.0,
    "mathemat": 0.17776085855373383,
    "alpha": 0.2709042906947261,
    "squar": 0.06758476862638411,
    "fourth": 0.0,
    "equival": 0.26297183325608775,
    "integ": 0.0,
    "ge": 0.0,
    "lie": 0.0,
    "equip": 0.0,
    "abstract": 0.02474257603042287,
    "interpol": 0.4069271378048006,
    "vector": 0.0,
    "theorem": -0.07743147141536094,
    "compactli": 0.29203228358663047,
    "gradient": 0.0,
    "convolut": 0.5712800568741224,
    "expon": 0.0,
    "nash": -0.0,
    "kolmogorov": 0.0,
    "nirenberg": -0.0,
    "riesz": -0.0,
    "rarr": -0.0,
    "nabla": 0.10094393454927167,
    "middot": 0.010612394770663119,
    "marcinkiewicz": -0.0,
    "thorin": -0.0,
    "sobolev": 0.0,
    "ladyzhenskaya": 0.0907604765599902,
    "agmon": -0.0,
    "gagliardo": -0.0
  }
}