{
  "qid": "111",
  "query": "Inequality",
  "rank": 8,
  "docid": 426342,
  "coef": {
    "inequ": 0.6429219552557832,
    "version": 0.4953399064402615,
    "seen": 0.0,
    "can": 0.06449401745726005,
    "name": 0.14678500434369854,
    "optim": -0.0,
    "write": 0.0011266526911503335,
    "call": 0.0,
    "form": 0.0,
    "follow": -0.0,
    "second": 0.0,
    "close": 0.04153982761788502,
    "ident": 0.011053830687237318,
    "constant": 0.0,
    "function": 0.2559617399941792,
    "deriv": 0.2679002478984664,
    "see": 0.0,
    "todai": 0.3053605964567243,
    "equal": 0.6908488610831196,
    "known": 0.0,
    "histor": 0.0,
    "friedrich": 0.0,
    "onli": 1.257249265612281e-14,
    "similar": 0.0,
    "first": -0.0,
    "result": 0.12880918443228215,
    "continu": 0.3414854589165058,
    "condit": 0.0,
    "wilhelm": 0.0,
    "met": 0.1985092394472019,
    "varieti": 0.0,
    "period": -0.0,
    "0": 0.6814438033860446,
    "2": 0.39453899156061134,
    "prove": 0.0,
    "real": -0.0,
    "integr": 0.0,
    "analysi": 0.0,
    "nbsp": 0.0,
    "sub": 0.0,
    "here": 0.009518004423658556,
    "mathemat": 0.0,
    "desir": 0.0,
    "let": -0.0,
    "sin": 0.6842274932644222,
    "proof": 0.019325023731751854,
    "vanish": 0.5034742371031792,
    "equival": 0.0,
    "dimension": 0.0,
    "1904": 0.36771620299327534,
    "theorem": -0.0,
    "co": 0.0,
    "poincar": -0.0,
    "fourier": 0.0,
    "isoperimetr": 0.0,
    "parsev": 0.016475600783808192,
    "dirichlet": 0.0,
    "summand": 0.4018472213536518,
    "wirting": 0.11533558301117156
  }
}