{
  "qid": "117",
  "query": "Activist",
  "rank": 7,
  "docid": 6240040,
  "coef": {
    "type": 0.0,
    "focus": 0.0,
    "north": 1.405747399887584,
    "mai": 1.513259887817847,
    "preserv": 0.0,
    "america": 0.10702792208191982,
    "land": 0.0,
    "environment": 1.713642035075115,
    "justic": 0.0,
    "local": 0.0,
    "defend": 0.09607276586857173,
    "refer": 0.014840014524446185,
    "activist": 1.95551611304527,
    "context": 0.0,
    "depend": 0.0,
    "frequent": 0.0,
    "water": 0.0015612310865093513,
    "climat": 0.0,
    "indigen": 0.0,
    "protector": 0.0,
    "ecosystem": 0.0,
    "persev": 0.0
  }
}