{
  "qid": "110",
  "query": "Clean Energy",
  "rank": 7,
  "docid": 4969556,
  "coef": {
    "aspect": 0.0,
    "state": -0.0,
    "current": 0.06904331128083431,
    "lead": 0.12489921968974504,
    "organis": 0.0,
    "primarili": 0.0,
    "spectrum": 0.0,
    "focus": 0.0,
    "system": 0.0,
    "support": 0.10216872206603635,
    "broad": 0.0,
    "assist": 0.0,
    "mai": 0.0,
    "nation": 0.0,
    "engag": 0.0,
    "led": 0.0,
    "creat": 0.0,
    "platform": 0.0,
    "countri": 0.0,
    "help": 0.0,
    "daniel": 0.0,
    "propos": 0.0,
    "conduct": 0.0,
    "public": 0.0,
    "mexico": 0.0226435500545631,
    "target": 0.001469844743607083,
    "includ": 0.058981063618926396,
    "facilit": -0.0,
    "head": 0.0,
    "take": 0.08169558878062665,
    "call": 0.0,
    "polit": 0.0,
    "form": 0.0,
    "expand": -0.0,
    "world": 0.022597229086792563,
    "bring": 0.0,
    "exclus": 0.0,
    "oper": 0.0,
    "open": 0.0,
    "best": 0.0,
    "establish": 0.0,
    "align": 0.0,
    "host": 0.18941590915426162,
    "term": 0.0,
    "kei": 0.0,
    "privat": 0.0,
    "formal": 0.0,
    "implement": 0.0,
    "follow": 0.0,
    "work": 0.1778850402068172,
    "chang": 0.0,
    "guid": -0.0,
    "christian": 0.0,
    "interest": 0.0,
    "object": 0.0,
    "develop": 0.0,
    "govern": 0.0,
    "issu": -0.0,
    "aim": 0.11179765057260925,
    "group": 0.0,
    "effort": 0.0,
    "citi": 0.0,
    "afford": 0.0,
    "time": -0.0,
    "role": 0.0,
    "organ": 0.004909726242764433,
    "institut": 0.0,
    "will": 0.0,
    "enhanc": 0.0,
    "network": 0.0,
    "place": 0.0,
    "franc": 0.0,
    "function": 0.0,
    "non": 0.09631996431663563,
    "wide": 0.0,
    "express": 0.0,
    "particip": 0.0,
    "cooper": 0.0,
    "russia": 0.0,
    "china": 0.0,
    "spain": 0.0,
    "onli": -0.0,
    "voluntari": 0.0,
    "new": 0.0,
    "mobil": 0.0,
    "move": 0.0,
    "featur": 0.0,
    "effect": 0.0,
    "intern": 0.07164906232538401,
    "practic": 0.0,
    "first": 0.0,
    "past": 0.0,
    "activ": 0.0001433659929029708,
    "transit": 0.0,
    "pari": 0.0,
    "share": 0.09570716247700102,
    "unit": 0.12626665103677726,
    "promot": 0.0,
    "shape": 0.0,
    "member": 0.13554196262896193,
    "committe": 0.1430953406240069,
    "base": 0.13153167070457092,
    "forum": 0.17375344122203903,
    "achiev": 0.0,
    "replac": 0.0,
    "compos": 0.0,
    "canada": 0.0,
    "independ": 0.0,
    "combin": 0.0,
    "power": 0.0,
    "varieti": 0.0,
    "global": 0.0,
    "hous": 0.0,
    "meet": 0.08232637492647206,
    "back": 0.0,
    "technolog": 0.0,
    "serv": 0.0,
    "human": 0.0,
    "commit": 0.0,
    "francisco": 0.0,
    "increas": 0.0,
    "across": -0.0,
    "level": -0.0,
    "0": 0.0,
    "2": 0.0,
    "scale": -0.0,
    "initi": 0.029895909613601057,
    "2015": 0.0,
    "year": 0.13503974493925303,
    "sustain": 0.07667970669538754,
    "incorpor": -0.0,
    "high": -0.0,
    "preced": 0.0,
    "advanc": -0.0,
    "agent": 0.0,
    "2013": 0.0,
    "cover": 0.0,
    "schedul": 0.0,
    "observ": 0.0,
    "rang": -0.0,
    "typic": -0.0,
    "90": 0.0,
    "80": -0.0,
    "coordin": 0.018941733648001616,
    "locat": 0.0,
    "improv": 0.0,
    "10": 0.0,
    "account": 0.0,
    "integr": 0.0,
    "pair": 0.0,
    "variabl": 0.0,
    "minimum": 0.0,
    "qualiti": 0.0,
    "2018": -0.0,
    "2016": 0.010749010359091506,
    "2014": 0.0,
    "2012": 0.0,
    "2010": -0.0,
    "requir": 0.0,
    "heat": 0.06131795321273628,
    "22": 0.0,
    "cool": 0.0,
    "light": -0.0,
    "visibl": 0.0,
    "carbon": 0.008313927299933776,
    "leadership": 0.0,
    "roof": 0.0,
    "top": 0.0,
    "capac": 0.0,
    "hydrogen": 0.0,
    "electr": 0.0,
    "annual": 0.046802998638595064,
    "energi": 0.12084962675961795,
    "itali": 0.0,
    "round": 0.0,
    "european": 0.0,
    "clean": 0.10564695301454434,
    "format": 0.0,
    "held": 0.0,
    "topic": -0.0,
    "invest": 0.0,
    "membership": 0.0,
    "suppli": -0.0,
    "team": 0.0,
    "august": 0.0,
    "san": 0.0,
    "expert": 0.0,
    "campaign": 0.05572084888850214,
    "11th": 0.0,
    "vote": 0.0,
    "2017": 0.1746396782176523,
    "2011": 0.0,
    "septemb": 0.0,
    "2019": 0.0,
    "south": 0.0,
    "district": 0.0,
    "economi": 0.0,
    "depart": 0.0,
    "brazil": 0.0,
    "june": 0.0,
    "track": 0.0,
    "commiss": 0.025850199461645226,
    "26": 0.0,
    "agenc": 0.0,
    "captur": 7.0007572543396425e-06,
    "access": -0.0,
    "polici": 0.018838918412826526,
    "appoint": 0.0,
    "undertak": 0.0,
    "regular": -0.0,
    "strateg": 0.0,
    "agre": 0.0,
    "transform": 0.0,
    "japan": 0.0,
    "upcom": -0.0,
    "assur": 0.0,
    "assum": 0.0,
    "bind": 0.0,
    "launch": 0.0,
    "7th": 0.0,
    "proceed": 0.0,
    "volunt": 0.0,
    "germani": 0.0,
    "encourag": 0.0,
    "fast": 0.0,
    "renew": 0.011150443135127329,
    "dialogu": 0.0,
    "arab": 0.0,
    "bottom": 0.0,
    "analyt": 0.0,
    "technic": 0.0,
    "kingdom": 0.0,
    "effici": 0.0,
    "partnership": 0.04865187106941937,
    "collabor": 0.05791086007719201,
    "2020": 0.05525600578842072,
    "acceler": 0.0,
    "31st": 0.0,
    "chile": 0.0,
    "2021": 0.0,
    "australia": 0.0,
    "norwai": 0.0,
    "rotat": 0.0,
    "leap": -0.0,
    "sector": 0.0013711300120077586,
    "chair": 0.0,
    "solut": -0.0,
    "mission": 0.0,
    "mr": 0.043592587766925275,
    "underli": 0.0,
    "emir": 0.0,
    "arabia": 0.055660415289328,
    "deploy": 0.0,
    "10th": 0.0,
    "africa": 0.0,
    "portug": 0.0,
    "minist": -0.0,
    "storag": 0.010673941272339863,
    "innov": 0.0,
    "government": 0.0,
    "india": 0.0,
    "ongo": -0.0,
    "grid": 0.0,
    "netherland": 0.0,
    "guidanc": 0.0,
    "preparatori": 0.0,
    "interrel": 0.0,
    "applianc": 0.0,
    "poland": 0.0,
    "zealand": 0.0,
    "finland": 0.0,
    "sweden": 0.0,
    "saudi": 0.004856850595036035,
    "steer": 0.0,
    "korea": 0.0856419073604128,
    "stagger": 0.0,
    "stakehold": 0.12806546514664705,
    "undertaken": 0.0,
    "indonesia": 0.0,
    "denmark": 0.0,
    "hydropow": 0.0,
    "nordic": 0.0,
    "ministeri": 0.016636426613062107,
    "chp": 0.0,
    "pavement": 0.0,
    "secretariat": 0.15948828762983647,
    "multilater": 0.0,
    "dhc": 0.0,
    "cem": 0.0858406029993373,
    "iea": 0.0,
    "bioenergi": -0.0,
    "dorner": 0.0,
    "cem2": 0.0,
    "cem1": 0.0,
    "zinglersen": 0.00867618096823741,
    "cem3": 0.0,
    "gscn": 0.0,
    "cem12": 0.0,
    "cem11": 0.0,
    "cem10": 0.0,
    "cem9": -0.0,
    "cem8": 0.0,
    "cem7": 0.0,
    "cem5": 0.0,
    "cem4": 0.0,
    "cem6": 0.0
  }
}