{
  "qid": "128",
  "query": "Racing",
  "rank": 7,
  "docid": 831487,
  "coef": {
    "state": 0.17698679792834718,
    "discuss": 0.0,
    "list": 0.0,
    "organis": 0.0,
    "seek": 0.0,
    "nation": 0.2402056495161656,
    "industri": 0.0,
    "conduct": 0.1023013628975696,
    "respons": 0.0,
    "gener": 0.0,
    "servic": 0.0,
    "rule": 0.10341499859847034,
    "call": 0.0,
    "form": 0.0,
    "number": 0.0,
    "bodi": 0.13090195042795888,
    "appeal": 0.0,
    "establish": 0.0,
    "limit": -0.0,
    "enabl": 0.060908276132603835,
    "review": 0.18342147921634086,
    "group": 0.22637406274327643,
    "territori": 0.0,
    "princip": 0.0,
    "author": 0.0,
    "role": 0.0,
    "cours": 0.0,
    "set": 0.0,
    "known": 0.0,
    "new": 0.0,
    "who": 0.0,
    "accord": 0.0,
    "practic": 0.0,
    "matter": 0.0011534976887307012,
    "person": 0.0,
    "condit": 0.0,
    "council": -0.0,
    "consensu": 0.009324204946893962,
    "give": 0.0,
    "achiev": 0.008100816021989563,
    "book": 0.0,
    "independ": 0.07534221681955819,
    "meet": 0.0,
    "appli": 0.0,
    "supervis": 0.0,
    "race": 0.2856347771161991,
    "investig": 0.0,
    "recommend": 0.0,
    "report": 0.0,
    "integr": 0.0,
    "analyst": 0.0,
    "2014": 0.0,
    "board": -0.0,
    "run": 0.0,
    "western": 0.0,
    "punish": 0.03527261597257532,
    "submit": 0.0,
    "enforc": 0.0,
    "administr": 0.0,
    "septemb": 0.0,
    "peak": 0.0,
    "administ": 0.0,
    "deleg": 0.0,
    "announc": 0.0,
    "advic": 0.0,
    "agre": 0.13245121788766037,
    "behalf": 0.0,
    "welfar": 0.0,
    "ensur": 0.0,
    "tribun": 0.0,
    "darwin": -0.0,
    "1998": 0.0,
    "agreement": 0.008210649123353966,
    "fair": 0.0,
    "australia": 0.0,
    "australian": 0.12646466714531165,
    "abid": 0.0,
    "handicap": 0.0,
    "strictli": 0.0,
    "club": 0.0,
    "merg": 0.0,
    "equin": 0.06164673838319509,
    "statutori": 0.0,
    "turf": -0.0,
    "queensland": 0.0,
    "canberra": -0.0,
    "stud": 0.0,
    "advisori": 0.0,
    "victoria": -0.0,
    "steward": 0.010528028048576988,
    "arb": 0.08915328785061384,
    "thoroughbr": 0.0,
    "wager": 0.0,
    "veterinarian": 0.0,
    "racehors": 0.0,
    "tasmanian": 0.0,
    "nsw": -0.0,
    "registrar": 0.0
  }
}