{
  "qid": "121",
  "query": "Racquet Sports",
  "rank": 0,
  "docid": 468141,
  "coef": {
    "state": 0.0,
    "north": 0.0003857507542855007,
    "bodi": 2.382790768587202,
    "american": 0.0,
    "govern": 0.12519432699565172,
    "citi": 0.0,
    "new": 0.0,
    "extern": 0.0,
    "unit": 1.8809594731646486,
    "member": -0.0,
    "canada": -0.0,
    "associ": 1.2457174849587842,
    "link": 1.1525887362603982,
    "chicago": -0.0,
    "sport": 0.0,
    "philadelphia": -0.0,
    "york": 2.0559297075265004,
    "tenni": 2.0857084407747752,
    "boston": -0.0,
    "club": -0.0,
    "detroit": -0.0,
    "racket": -0.0,
    "racquet": 2.1000086242674656,
    "montreal": 0.0,
    "tuxedo": 0.010952847643117748
  }
}