{
  "qid": "130",
  "query": "Basketball",
  "rank": 5,
  "docid": 3063496,
  "coef": {
    "third": 0.0,
    "list": 0.0,
    "europ": 0.0,
    "includ": 0.0,
    "began": 0.0,
    "perform": 0.0,
    "second": 0.0,
    "see": 0.0,
    "wide": 0.0,
    "rise": 0.0,
    "individu": 0.0,
    "2008": -0.0,
    "level": 0.0,
    "year": 0.008684034902692392,
    "profession": 0.0,
    "week": 0.0,
    "given": 0.0,
    "09": -0.0,
    "continent": 0.0,
    "top": 0.0,
    "season": 0.3867179904399105,
    "final": 0.0,
    "champion": 0.0,
    "team": 0.0,
    "competit": 0.0,
    "2002": 0.0,
    "leagu": 0.242816084512062,
    "tier": 0.1577653788669562,
    "star": 0.0,
    "edit": 0.0,
    "award": 0.24733367694012748,
    "basketbal": 0.32216041837854575,
    "coach": 0.0,
    "club": 0.0,
    "03": 0.0,
    "euroleagu": -0.0,
    "scorer": 0.0,
    "mvp": 0.0,
    "eurocup": 0.0795285848515734
  }
}