{
  "qid": "134",
  "query": "Botany",
  "rank": 4,
  "docid": 4757514,
  "coef": {
    "mai": -0.0,
    "nation": 0.0,
    "england": 2.4959640629880093,
    "institut": 0.7972022157374186,
    "see": 0.9111092510944383,
    "china": 0.0,
    "scienc": 0.0,
    "refer": -0.0,
    "adi": 0.21583365015781042,
    "agricultur": 1.1430833723659055,
    "academi": 0.0,
    "botani": 2.2658713953629466,
    "chines": 0.0,
    "aw": 0.0,
    "poland": 0.0,
    "kunm": -0.0,
    "jiangsu": 0.0,
    "szafer": 0.0
  }
}