{
  "qid": "105",
  "query": "Governments",
  "rank": 7,
  "docid": 6222610,
  "coef": {
    "state": 0.22703624669476863,
    "region": 0.42917161319974095,
    "number": 0.0,
    "due": 0.0,
    "area": 0.010777376189400745,
    "need": 0.0,
    "develop": 0.0,
    "govern": 0.39179992341917674,
    "citi": 0.0,
    "author": 0.03342990100445553,
    "role": 0.0,
    "process": 0.0,
    "plan": 0.0,
    "organ": 0.0,
    "plai": 0.09099144278656965,
    "santa": 0.0,
    "local": 0.0,
    "specif": 0.0,
    "voluntari": 0.0,
    "offici": 0.0,
    "member": 0.055246501029828206,
    "council": 0.019841034547177262,
    "associ": 0.017587295020912014,
    "power": 0.0,
    "hous": 0.0,
    "joint": 0.0,
    "fund": 0.0,
    "western": -0.0,
    "bai": 0.1222118863884516,
    "orang": -0.0,
    "lake": 0.0,
    "vallei": -0.0,
    "san": 0.0,
    "counti": 0.0,
    "south": 0.0,
    "southern": 0.0,
    "23": 0.0,
    "california": 0.0032201367854290588,
    "merc": 0.0,
    "barbara": 0.0,
    "alloc": 0.0,
    "government": 0.0,
    "lui": 0.0,
    "riversid": -0.0,
    "humboldt": -0.0,
    "sacramento": -0.0,
    "kern": -0.0,
    "joaquin": 0.0,
    "butt": 0.0,
    "monterei": 0.0,
    "bernardino": -0.0,
    "stanislau": 0.0,
    "benito": 0.0,
    "mendocino": 0.0,
    "obispo": 0.0,
    "fresno": 0.0,
    "coachella": -0.0,
    "tular": 0.0,
    "calavera": 0.0,
    "rhna": 0.0
  }
}