{
  "qid": "126",
  "query": "Political Theory",
  "rank": 6,
  "docid": 891375,
  "coef": {
    "be": 0.0,
    "aspect": 0.0,
    "possibl": 0.0,
    "5": 0.0,
    "karl": 0.0,
    "action": 0.02136258267956681,
    "lead": 0.0,
    "highli": 0.1254575307173598,
    "seen": 0.06037928911725345,
    "societi": 0.00328109694086476,
    "can": 0.0,
    "system": 0.11377144127576312,
    "support": 0.21514065478764477,
    "greatli": 0.0,
    "reject": 0.016006071648877702,
    "mai": 0.0,
    "criticis": 0.0,
    "stabl": 0.0,
    "section": 0.007565674023941878,
    "propos": 0.0,
    "robert": 0.0,
    "gener": -0.0,
    "polit": 0.25747132511821075,
    "form": 0.0,
    "view": 0.12176659093917726,
    "hold": 0.0020409862564062103,
    "term": 0.0012469826565611813,
    "david": 0.012633114462380931,
    "work": 0.0,
    "american": 0.0,
    "chang": 0.08415551555835868,
    "interest": 0.09069782076790256,
    "influenti": 0.0,
    "object": 0.0,
    "well": 0.0,
    "whole": 0.0,
    "group": 0.12159533589124842,
    "preval": -0.0,
    "time": 0.05218220851856885,
    "break": 0.0,
    "life": 0.0,
    "down": 0.0,
    "process": 0.0,
    "organ": 0.0,
    "influenc": 0.015046537350186158,
    "end": 0.0,
    "constant": 0.0,
    "elit": 0.0,
    "function": 0.0,
    "see": 0.21544655733230872,
    "live": 0.0,
    "collect": 0.0,
    "specif": 0.0,
    "direct": 0.22915759828818671,
    "surviv": 0.0,
    "structur": 0.0,
    "new": 0.18681226031945794,
    "produc": 0.0,
    "critiqu": 0.0,
    "first": 0.0,
    "idea": 0.0,
    "make": 0.17623540690481165,
    "problem": 0.0,
    "theori": 0.10426008757589485,
    "social": 0.0,
    "matter": 0.0,
    "tradit": 0.0,
    "made": 0.0,
    "decis": 0.16900505549955291,
    "scienc": 0.0,
    "back": 0.0,
    "approach": 0.20801686092606322,
    "level": 0.09221686659319513,
    "2": 0.0,
    "partli": 0.0,
    "physic": 0.0,
    "dysfunct": -0.0,
    "adapt": 0.0,
    "disciplin": -0.0,
    "pattern": 0.11545584979576397,
    "environ": 0.332249271651213,
    "model": 0.0,
    "boundari": 0.09801294946768355,
    "interact": 0.030469408880618398,
    "look": 0.0016406359781695136,
    "outcom": 0.0,
    "stimul": 0.0,
    "explain": 0.0,
    "examin": 0.0,
    "behavior": -0.0,
    "simpl": 0.012545410434388964,
    "account": 0.0,
    "surround": 0.0,
    "scientif": 0.0,
    "analysi": -0.0,
    "step": 0.18178096192339557,
    "given": 0.029609368058353805,
    "4": 0.0,
    "3": -0.0,
    "1": 0.12563517931742318,
    "bia": 0.0,
    "highest": 0.0,
    "flux": 0.0,
    "feedback": 0.0,
    "output": 0.0,
    "sum": 0.0,
    "comput": 0.0,
    "western": 0.04390345714026917,
    "statu": 0.0,
    "breakdown": 0.0,
    "competit": 0.0,
    "york": 0.0,
    "demand": 0.06620661750719387,
    "32": 0.0,
    "1965": 0.0,
    "transport": 0.0,
    "polici": 0.21090995271212434,
    "cycl": 0.0,
    "regular": 0.0017421355621959806,
    "reserv": 0.0,
    "driven": 0.0,
    "statement": 0.003519835495759633,
    "conceiv": 0.0,
    "aspir": -0.0,
    "fluid": 0.037618322101392314,
    "solv": 0.0,
    "1953": 3.702403420191661e-05,
    "simplifi": 0.0,
    "harold": 0.0,
    "input": 0.0,
    "precis": 0.011202990529398126,
    "quo": 0.0,
    "abstract": 0.32946184868933587,
    "holist": 0.0,
    "overview": 0.00030689782270444194,
    "deutsch": 0.0,
    "delimit": 0.0,
    "equilibrium": 0.0,
    "institution": 0.0,
    "cybernet": 0.0,
    "crise": 0.0,
    "pluralist": 0.0,
    "dahl": 0.0,
    "easton": 0.13402787986991044,
    "subsum": -0.0,
    "nikla": 0.0,
    "unfalsifi": 0.005676794547123353,
    "lasswel": 0.0,
    "luhmann": 0.0
  }
}