{
  "qid": "109",
  "query": "Poverty",
  "rank": 6,
  "docid": 1343765,
  "coef": {
    "peopl": 0.0,
    "exist": 0.05855623812975713,
    "can": 0.0,
    "creat": -0.0,
    "begin": 0.0,
    "basic": 0.03846804083968224,
    "includ": 0.0,
    "event": 0.6752363886338933,
    "area": 0.4180040547824186,
    "ag": 0.2915466353394267,
    "need": 0.02725284033726154,
    "work": 0.2560004907899059,
    "develop": 0.0,
    "group": 0.04744589837945777,
    "citi": 0.0,
    "life": 0.0,
    "find": 0.4396411670897468,
    "children": 0.4478144048278853,
    "see": 0.0,
    "live": 0.2917961206151456,
    "line": 0.3484782617362236,
    "who": 0.0,
    "accord": 0.0,
    "idea": 0.0,
    "individu": 0.28671909333122286,
    "studi": 0.05407367770807648,
    "person": 0.0,
    "point": 0.0,
    "mere": 0.3801387251682803,
    "meet": 0.36255627651088607,
    "drew": -0.0,
    "categor": 0.005113541624734016,
    "leav": 0.0,
    "obtain": 0.34938997260399224,
    "physic": 0.13510494553725266,
    "popul": 0.0,
    "marri": 0.0,
    "show": 0.31782809512102833,
    "primari": 0.08600993026065012,
    "resourc": 0.0,
    "10": 0.32099881152666354,
    "affect": 0.2815630607039106,
    "earn": 0.0,
    "minimum": 0.0,
    "consist": 0.0,
    "home": 0.0,
    "incom": 0.0,
    "threshold": 0.0,
    "york": 0.06503347225277437,
    "financi": 0.0,
    "mainten": 0.0,
    "poverti": 0.5128996545009883,
    "65": 0.0,
    "secondari": 0.0,
    "booth": 0.09219392436077158,
    "charl": 3.689665325159815e-17,
    "necess": 0.0770172219938816,
    "bottom": 0.0,
    "insuffici": 0.41216843569794853,
    "515": 0.0,
    "rowntre": -0.0,
    "3040": 0.0,
    "seebohm": -0.0
  }
}