{
  "qid": "144",
  "query": "Child Development",
  "rank": 5,
  "docid": 5981024,
  "coef": {
    "state": 0.1426725518865053,
    "list": 0.0,
    "oppress": 0.0,
    "right": 0.0,
    "societi": -0.0,
    "situat": 0.0,
    "task": -0.0,
    "respons": 0.10209799477530296,
    "servic": 0.0,
    "includ": 0.0,
    "forc": -0.0,
    "exclud": 0.007500396396537823,
    "ag": 0.01176678755370816,
    "drug": 0.0,
    "citizen": 0.0,
    "charg": 0.0,
    "work": 0.0,
    "control": 0.0,
    "women": 0.4797074142728149,
    "develop": 0.23371973114843064,
    "govern": 0.09729800100717752,
    "wing": 0.0,
    "children": 0.0,
    "histor": 0.0,
    "child": 0.0,
    "gender": 0.007884944244697434,
    "social": 0.5983074373814048,
    "person": 0.09819002363198398,
    "independ": 0.0,
    "popul": 0.2998891113880411,
    "alcohol": 0.0,
    "resourc": 0.0,
    "integr": 0.0,
    "disabl": 0.15404192834125813,
    "margin": 0.0,
    "board": 0.0,
    "mainli": 0.2437826153407162,
    "protect": 0.4784598690603958,
    "senior": 0.0,
    "west": 0.04695996579583733,
    "administr": 0.47804907528896845,
    "center": 0.0,
    "offic": 0.0,
    "depart": 0.48146303885829916,
    "commiss": 0.0,
    "undertak": 0.0,
    "welfar": 0.0,
    "director": 0.2691115663707153,
    "interior": 0.0595182530076115,
    "inclus": 0.0,
    "introduct": 0.0,
    "homeless": 0.0,
    "ministri": 0.0,
    "minist": 0.03465876327200521,
    "neglect": 0.029764608365922415,
    "equiti": 0.0,
    "bengal": 0.0,
    "traffick": 0.0,
    "mo": 0.08771709603519615,
    "addict": 0.0,
    "mitra": 9.160707745640668e-16,
    "transgend": -0.0,
    "vagranc": 0.0,
    "shashi": 4.962050028888694e-16,
    "panja": 0.0,
    "sabitri": 0.0,
    "kanyashre": 0.0,
    "prakalpa": 0.0,
    "rrri": 0.0
  }
}