{
  "qid": "128",
  "query": "Racing",
  "rank": 6,
  "docid": 26421,
  "coef": {
    "mai": 0.1560073900588779,
    "form": 0.6556985818017455,
    "develop": -0.0,
    "network": -0.0,
    "1900": 0.0,
    "refer": 0.0,
    "power": -0.0,
    "race": 0.35409958047888124,
    "motor": 0.6900172333590091,
    "summer": 0.3767316913082713,
    "auto": -0.0,
    "truck": 0.0,
    "boat": 0.0,
    "olymp": 0.0,
    "outreach": 0.8095299741521295,
    "motorcycl": -0.0,
    "kart": -0.0,
    "motorboat": -0.0
  }
}