{
  "qid": "121",
  "query": "Racquet Sports",
  "rank": 0,
  "docid": 468141,
  "coef": {
    "state": 0.0,
    "north": 0.0,
    "bodi": 3.5018626110668234,
    "american": 0.0,
    "govern": 0.059494022995608145,
    "citi": 0.0,
    "new": 0.0,
    "extern": 0.0,
    "unit": 1.1664982354637368,
    "member": -0.0,
    "canada": -0.0,
    "associ": 1.1749956870910627,
    "link": 0.4445137103284822,
    "chicago": -0.19604353608197064,
    "sport": 0.0,
    "philadelphia": 0.0,
    "york": 1.676433689731423,
    "tenni": 1.7735877881995625,
    "boston": -0.09977922848958745,
    "club": 0.0,
    "detroit": -5.4594673443245964e-17,
    "racket": 0.0,
    "racquet": 2.3251203005315535,
    "montreal": 0.0,
    "tuxedo": 0.0
  }
}