{
  "qid": "125",
  "query": "Doctor",
  "rank": 4,
  "docid": 5521924,
  "coef": {
    "third": 0.0,
    "list": 0.21167212191953,
    "event": 0.0,
    "second": 0.0,
    "doctor": 0.415790161439727,
    "publish": 0.5757471091008702,
    "see": 0.0,
    "who": 0.3326389396400979,
    "media": 0.2509001566855939,
    "first": 0.0,
    "stori": 0.2829166834012097,
    "fifth": 0.0,
    "consist": 0.0,
    "summer": 0.03100079818325369,
    "regularli": 0.02519841400710372,
    "annual": 0.0,
    "magazin": -0.0,
    "sixth": -0.0,
    "eighth": -0.0,
    "fourth": -0.0,
    "ninth": 0.0,
    "adventur": 0.0,
    "compani": 0.0,
    "tenth": -0.0,
    "seventh": 0.0,
    "titan": 0.0,
    "titl": 2.9842111809173937e-17,
    "eleventh": 0.0,
    "twelfth": 0.0,
    "strip": 0.0,
    "comic": 0.07041267465747421,
    "panini": 0.0
  }
}