{
  "qid": "127",
  "query": "Clergy",
  "rank": 3,
  "docid": 2796205,
  "coef": {
    "mai": -0.0,
    "christian": 0.0,
    "refer": 0.0,
    "ordin": 0.016689977105053967,
    "judaism": 0.0,
    "clergi": 4.556211662746712,
    "lgbt": 7.602011795902683e-15
  }
}