{
  "qid": "134",
  "query": "Botany",
  "rank": 6,
  "docid": 6242281,
  "coef": {
    "system": 0.0,
    "north": -0.0,
    "connect": 0.3031578022432864,
    "public": 0.0,
    "wider": 0.8063956172329232,
    "began": 0.0,
    "due": 0.09462045345932955,
    "town": 0.0,
    "complet": 0.0,
    "citi": 0.5339120447282678,
    "plan": 0.0,
    "central": 0.0,
    "new": 0.7189802471024759,
    "part": 0.0,
    "locat": 1.0417869578135848,
    "improv": 0.0,
    "2018": -0.0,
    "centr": 0.49982312131287915,
    "suburb": 1.3227156771624553,
    "south": 0.0,
    "airport": 0.39145121010082684,
    "eastern": -0.0,
    "transport": 1.5378648341769068,
    "rapid": 0.22936621742999747,
    "botani": 0.41827841264485827,
    "programm": 0.5690731265302381,
    "zealand": 0.1464742663779155,
    "2025": 1.5940039249978266,
    "auckland": 0.8238628099918592,
    "buswai": 0.0
  }
}