{
  "qid": "134",
  "query": "Botany",
  "rank": 9,
  "docid": 484542,
  "coef": {
    "list": 0.886042745904786,
    "journal": 0.6053064543483424,
    "gener": 0.0,
    "includ": 0.0,
    "area": 0.12835536392430394,
    "follow": 0.5118951753973858,
    "review": 0.7771905211434729,
    "publish": 0.0,
    "see": 0.0,
    "collect": 0.0,
    "articl": 0.857960490199494,
    "scienc": 0.5233136916603565,
    "contain": 0.14747238583346847,
    "tabl": 0.5772074807092676,
    "paper": 0.0,
    "special": 0.23769961825710015,
    "scientif": 0.0,
    "patholog": 0.0,
    "plant": 0.0,
    "crop": 0.2573831866304254,
    "forestri": 0.0,
    "botani": 0.21080459966555137,
    "horticultur": 0.0684094334333029,
    "agronomi": 0.014998574654343086,
    "specialis": 0.0,
    "botan": 0.0,
    "dendrolog": 0.07805720935051064
  }
}