{
  "qid": "106",
  "query": "Climate Change Activists",
  "rank": 4,
  "docid": 6128954,
  "coef": {
    "hold": -0.0,
    "involv": -0.0,
    "youth": 1.427112127869017,
    "chang": 0.9731466263413113,
    "group": 3.661724594440144e-15,
    "justic": 1.8247115041090385,
    "organ": 1.4829629441118926,
    "activ": 0.9327803313008979,
    "activist": -0.0,
    "physic": 1.667912602352079,
    "univers": 1.9823317639134264,
    "degre": 0.1029114597407858,
    "2012": 0.9431520866636135,
    "climat": 1.317642964371505,
    "energi": 0.08806928582821819,
    "presid": 0.0,
    "2019": -0.0,
    "african": 0.9986310503119079,
    "negoti": -0.0,
    "renew": 0.0,
    "nomin": 0.4080834164038735,
    "un": 0.5037986298730934,
    "allianc": 0.0,
    "sudan": 0.0,
    "pan": 0.3762449650799894,
    "summit": -0.0,
    "advisori": 0.0,
    "khartoum": 0.0,
    "sudanes": 1.5145247645327258,
    "nisreen": 1.1470044878689223e-16,
    "elsaim": 0.40554189057086576
  }
}