{
  "qid": "139",
  "query": "European Union Governance",
  "rank": 0,
  "docid": 4301271,
  "coef": {
    "aspect": 0.0,
    "union": 0.07143861832038573,
    "assist": 0.28196534423461755,
    "adopt": 0.22768082697029798,
    "econom": 0.0,
    "public": 0.12038401164142279,
    "formul": 0.0,
    "educ": 0.11507599700781532,
    "legal": 0.2756427310211072,
    "form": -0.0,
    "civil": 0.0,
    "bodi": -0.0,
    "establish": 0.0,
    "implement": 0.0,
    "charg": 0.0,
    "develop": 0.0,
    "well": 0.3526456569036116,
    "govern": 0.0,
    "prioriti": -0.0,
    "act": 0.09418328502342081,
    "process": 0.22075509011979574,
    "regul": 0.3098773521582466,
    "plan": 0.0,
    "organ": 0.050706226465945206,
    "institut": 0.1507863843094701,
    "relat": 0.3167753924387914,
    "english": 0.007303342298047026,
    "particip": 0.0,
    "constitut": 0.0,
    "conclus": 0.05696662103226352,
    "cooper": 0.0,
    "direct": 0.04620919188124015,
    "intern": 0.0,
    "accord": 0.0,
    "activ": 0.37956896289446446,
    "oblig": 0.0,
    "promot": 0.0,
    "associ": 0.4645181687587104,
    "strategi": 0.3452133242794234,
    "screen": 0.0,
    "year": 0.0,
    "translat": 0.08368204259747107,
    "supervis": 0.030819540145686622,
    "program": 0.0,
    "stimul": 0.0,
    "coordin": 0.4309499239042954,
    "14": 0.0,
    "special": 0.395351715905008,
    "integr": -0.0,
    "analysi": 0.0,
    "design": 0.0,
    "languag": 0.013420154610621807,
    "standard": 0.08985225417925828,
    "fund": 0.0,
    "requir": 0.0,
    "capac": 0.0,
    "2004": 0.06314081443534707,
    "foreign": 0.007633302965311598,
    "european": 0.4323238691433836,
    "jurisdict": 0.4923288161882268,
    "29": 0.0,
    "republ": 0.11843867476267016,
    "donat": 0.0,
    "prepar": 0.0,
    "2017": 0.119369104842728,
    "legisl": 0.0,
    "offic": 0.20446138359841406,
    "deleg": 0.0,
    "june": 0.0,
    "domest": 0.0,
    "access": 0.13846849879638765,
    "march": 0.0,
    "appoint": 0.061159434775434555,
    "monitor": 0.11199404533306659,
    "servant": 0.4246540110353277,
    "realiz": 0.0,
    "dissolv": 0.22306865271149898,
    "negoti": 0.25783757203417995,
    "technic": 0.0,
    "director": 0.0,
    "agreement": 0.0,
    "harmon": 0.0,
    "stabilis": 0.0,
    "ministri": 0.24842235047059855,
    "eu": 0.0,
    "mandat": 0.0,
    "partak": 0.0,
    "serbia": 0.5893203234632859,
    "statut": 0.0,
    "serbian": 0.0,
    "harmonis": 0.23076259293514167,
    "seio": 0.3558801280042265
  }
}