{
  "qid": "121",
  "query": "Racquet Sports",
  "rank": 1,
  "docid": 4369941,
  "coef": {
    "be": 0.0,
    "demonstr": 0.0,
    "state": -0.0,
    "mind": 0.0,
    "highli": 0.0,
    "market": 0.0,
    "disappear": 0.0,
    "stabil": 0.0,
    "emerg": 0.0,
    "exist": 0.0,
    "belief": 0.0,
    "higher": 0.0,
    "extrem": 0.014484291502316818,
    "tendenc": 0.10977467116229025,
    "earli": -0.0,
    "led": 0.0,
    "creat": 0.0,
    "classic": 0.0,
    "us": 0.0,
    "begin": 0.0,
    "reduc": 0.0,
    "websit": 0.0,
    "domin": 0.0,
    "gener": 0.0,
    "includ": -0.0,
    "strong": 0.028899052133587035,
    "head": 0.19213445349355507,
    "histori": 0.09487716846422993,
    "call": 0.0,
    "legal": 0.0,
    "form": 0.3212976672744535,
    "allow": 0.0,
    "number": 0.0,
    "world": 0.0,
    "commonli": 0.0,
    "open": 0.0,
    "due": 0.19758707248709104,
    "ag": 0.0,
    "term": 0.0,
    "kei": 0.0313938866403816,
    "note": 0.008881703375638044,
    "still": 0.0,
    "just": 0.0,
    "larg": 0.0,
    "control": 0.046949690727530864,
    "chang": -0.0,
    "long": 0.0,
    "influenti": 0.0,
    "develop": 0.0,
    "popular": 0.0,
    "career": 0.0,
    "well": 0.0,
    "complet": 0.06915352036080685,
    "feder": 0.0,
    "similarli": 0.0,
    "lack": 0.0,
    "author": -0.0,
    "offer": 0.012070845189938048,
    "time": 0.001871657391239102,
    "rank": -0.0,
    "process": 0.24251025939227655,
    "plai": 0.0,
    "notabl": 0.0,
    "recent": 0.0,
    "end": -0.0,
    "internet": 0.0,
    "find": 0.0,
    "small": -0.0,
    "consid": -0.0,
    "good": 0.0,
    "todai": -0.0,
    "saw": 0.0,
    "20": -0.0,
    "known": 0.04150422469778593,
    "articl": 0.0,
    "histor": 0.0,
    "onli": 0.0,
    "line": 0.10046179955962868,
    "new": 0.0,
    "produc": 0.30997791008650866,
    "like": 0.0,
    "construct": 0.0,
    "john": 0.0,
    "who": 0.04417916312056918,
    "posit": -0.0,
    "first": 0.04410568900348397,
    "shown": 0.0,
    "result": 0.0,
    "make": 0.0,
    "activ": 0.0,
    "transit": 0.027026111818249324,
    "wai": -0.0,
    "share": 0.0,
    "made": 0.15708208913849134,
    "continu": 0.0,
    "littl": 0.0,
    "defeat": 0.0,
    "achiev": -0.0,
    "easi": 0.0,
    "shift": 0.0,
    "success": 0.2539214383935014,
    "larger": 0.0,
    "power": 0.2869487874016507,
    "argu": 0.0,
    "technolog": 0.0,
    "train": 0.0,
    "older": 0.0,
    "low": 0.0,
    "size": 0.0771137107080912,
    "scale": 0.0,
    "dramat": 0.0,
    "year": 0.1881920669670902,
    "rare": 0.0,
    "weight": 0.0,
    "1987": 0.0,
    "materi": 0.28114202652241804,
    "profession": 0.16240843084433654,
    "resist": 0.0,
    "model": -0.0,
    "introduc": 0.0,
    "german": -0.0,
    "prefer": 0.0,
    "show": 0.0,
    "2013": -0.0,
    "metal": 0.0,
    "consider": -0.0,
    "accompani": 0.022311201022078928,
    "primari": 0.0,
    "typic": -0.0,
    "femal": 0.0,
    "detail": 0.0,
    "90": -0.0,
    "1980": 0.0,
    "now": -0.0,
    "1970": 0.0,
    "improv": 0.0,
    "game": 0.0,
    "10": 0.0,
    "male": 0.0,
    "factor": 0.0,
    "measur": 0.0,
    "successfulli": 0.0,
    "start": 0.0,
    "design": 0.0,
    "reach": 0.0,
    "2005": 0.0,
    "match": 0.05617222213392886,
    "compar": 0.0,
    "commerci": 0.0,
    "standard": -0.0,
    "smaller": 0.0,
    "layer": 0.23415116170361325,
    "receiv": 0.0,
    "absorb": -0.0,
    "impact": 0.0,
    "top": 0.0,
    "eventu": 0.0,
    "approxim": -0.0,
    "95": 0.0,
    "final": 0.021098994489177198,
    "prior": 0.0,
    "squar": 0.0,
    "held": 0.0,
    "submit": 0.0,
    "ban": 0.0,
    "sport": 0.0,
    "wood": 0.30702894102736905,
    "corpor": 0.0,
    "profil": 0.0,
    "engin": -0.0,
    "nearli": 0.0,
    "largest": 0.0,
    "weed": 0.0,
    "switch": 0.0,
    "file": 0.0,
    "competit": 0.0,
    "roger": 0.0,
    "prolifer": 0.0,
    "sold": 0.0,
    "super": 0.16569281251142845,
    "110": 0.0,
    "100": 0.0,
    "budget": 0.0,
    "tommi": 0.0,
    "compani": -0.0,
    "possess": 0.0,
    "favor": 0.0,
    "tenni": 0.19564205362522777,
    "1984": 0.0,
    "1978": 0.0,
    "1972": 0.0,
    "1963": 0.0,
    "solid": 0.0,
    "steel": 0.0,
    "desir": -0.0,
    "princ": 0.23642054577703675,
    "invent": 0.0,
    "youngest": 0.0,
    "wilson": 0.0,
    "patent": 0.006821937702913187,
    "agre": 0.0,
    "tad": 0.0,
    "reportedli": 0.0,
    "125": 0.0,
    "impress": -0.0,
    "shock": -0.0,
    "inch": 0.26596675381018353,
    "germani": 0.0,
    "store": 0.0,
    "historian": 0.0,
    "seed": 0.0,
    "lighter": 0.0,
    "twelv": 0.0,
    "machin": 0.0,
    "excel": 0.0,
    "displac": 0.0,
    "extant": 0.0,
    "frame": 0.021944425454694418,
    "ball": -0.0,
    "soft": 0.0,
    "culmin": -0.0,
    "upheld": 0.17210175331103011,
    "disqualif": 0.0,
    "1976": 0.0,
    "publicli": 0.0,
    "monica": -0.0,
    "archiv": 0.0,
    "introduct": -0.0,
    "surpris": 0.0,
    "constitu": 0.0,
    "1975": 0.0,
    "player": 0.11145190979851743,
    "paramount": -0.0,
    "synthet": 0.0,
    "howard": -0.0,
    "andr": 0.0,
    "cheat": 0.0,
    "recreat": 0.0,
    "proven": 0.0,
    "flexibl": 0.0,
    "trend": 0.0,
    "snapshot": 0.0,
    "amateur": -0.0,
    "lucr": 0.0,
    "woodi": -0.0,
    "wooden": 0.0,
    "haa": 0.0,
    "sele": 0.0,
    "sampra": 0.0,
    "mcenro": 0.0,
    "seller": 0.0,
    "graphit": 0.14997744277343952,
    "pete": 0.0,
    "laver": 0.0,
    "rod": 0.0,
    "agassi": 0.0,
    "racquet": 0.19643948796975286,
    "rivalri": 0.06714797812887198,
    "smallest": 0.0,
    "warehous": -0.0,
    "marketplac": 0.0,
    "crack": 0.0,
    "aluminum": 0.0,
    "135": 0.0,
    "kurt": 0.0,
    "rariti": 0.0,
    "stiff": 0.0,
    "warp": -0.0,
    "stiffer": 0.0,
    "playabl": 0.0,
    "finalist": 0.0,
    "bentlei": 0.0,
    "overs": 0.2571254168348639,
    "martina": 0.0,
    "pam": 0.0,
    "navratilova": 0.0,
    "shriver": 0.0,
    "fiberglass": 0.0182770114266019,
    "crutch": 0.0,
    "sabatini": 0.0,
    "gabriela": 0.0,
    "siegfri": 0.0,
    "epoxi": 0.07443532196712924,
    "walmart": 0.0,
    "widebodi": 0.0,
    "yamaha": 0.016780752525476336,
    "generalist": 0.0,
    "midsiz": 0.08291066152995691,
    "fortissimo": 0.027801558714462445,
    "yonex": 0.0,
    "caldon": 0.0,
    "yfg": 0.0,
    "lacost": 0.0,
    "wayback": 0.0,
    "warpag": 0.0,
    "kuebler": -0.0,
    "midplu": 0.0,
    "t2000": 0.0,
    "klemmer": -0.0,
    "stringb": 0.0,
    "spoga": 0.0
  }
}