{
  "qid": "107",
  "query": "Seafood",
  "rank": 8,
  "docid": 2484373,
  "coef": {
    "be": 0.0,
    "list": 0.0,
    "market": -0.0,
    "consumer": 0.0,
    "societi": 0.32849361449874215,
    "system": 0.0,
    "region": 0.0,
    "product": 0.0918336504965164,
    "us": 0.0,
    "websit": 0.0,
    "includ": 0.17444115474831015,
    "oper": -0.0,
    "best": 0.027980020851466714,
    "guid": 0.27584834606382735,
    "choic": 0.0,
    "develop": 0.4653363157241797,
    "environment": 0.4480718772676102,
    "aim": 0.1231440977061905,
    "citi": -0.0,
    "justic": -0.0,
    "organ": 0.0,
    "publish": 0.0,
    "consum": 0.18688238665176243,
    "institut": 0.2956952292988296,
    "see": 0.21938989305897033,
    "known": 0.01784156407872346,
    "advoc": -0.0,
    "new": 0.0,
    "produc": 0.01146417356190624,
    "social": 0.2529213835374941,
    "base": 0.07231590559390245,
    "council": 0.0,
    "foundat": -0.0,
    "canada": 0.0,
    "independ": 0.0,
    "label": 0.062345164252287644,
    "ethic": 0.0,
    "onlin": -0.0,
    "increas": 0.016003721321241077,
    "initi": 0.0,
    "uk": 0.12476773505640902,
    "sustain": 0.3157386008224368,
    "program": 0.13200181559493213,
    "health": 0.0,
    "reduct": 0.02981364801300039,
    "recommend": 0.5027197438640217,
    "assess": 0.0,
    "account": 0.00033482416317343197,
    "awar": 0.007701075574116543,
    "standard": 0.0,
    "traffic": 0.0,
    "forest": 0.0,
    "light": 0.0,
    "carbon": 0.0,
    "impact": 6.852177889463133e-05,
    "ocean": 0.0,
    "blue": 0.0,
    "restaur": 0.0,
    "statu": 0.0,
    "bai": 0.0,
    "usa": 0.0,
    "protect": 0.0,
    "west": 0.0,
    "conserv": 0.08099287270554807,
    "speci": 0.07969797473166575,
    "fish": 0.2843561676586721,
    "retail": 0.0,
    "coast": 0.0,
    "northeast": 0.0,
    "york": 0.0,
    "bird": 0.0,
    "purchas": -0.0,
    "watch": 0.0,
    "california": 0.0,
    "danger": 0.0,
    "scheme": 0.2347852339735833,
    "advis": 0.0,
    "royal": 0.0,
    "amc": 0.13221989325669642,
    "certifi": 0.5335991786699643,
    "atlant": 0.0,
    "certif": 0.35722103510779385,
    "australia": 0.0,
    "australian": 0.0023928736776931314,
    "vancouv": 0.0,
    "footprint": 0.0,
    "dine": 0.0,
    "india": -0.0,
    "aquacultur": 0.0,
    "mc": 0.0,
    "wise": 0.0,
    "marin": 0.27747600846864506,
    "stewardship": 0.0,
    "seafood": 0.22540224159507916,
    "zealand": 0.0,
    "fisheri": -0.0,
    "advisori": 0.0,
    "overfish": 0.0,
    "greenpeac": 0.0,
    "monterei": 0.0,
    "audubon": -0.0,
    "aquarium": 0.4250334272650576,
    "oceana": 0.0,
    "ecolabel": 0.0,
    "ejf": -0.0,
    "seachoic": 0.0
  }
}