{
  "qid": "136",
  "query": "Visual Journalism",
  "rank": 1,
  "docid": 4735034,
  "coef": {
    "current": 0.0,
    "journal": 0.33653288168760664,
    "name": 1.6530292955790626,
    "establish": 2.0904695739589427,
    "art": 0.009450453146874472,
    "review": 0.0,
    "academ": -0.0,
    "publish": 0.0,
    "brighton": 0.8998440252531394,
    "intern": 0.668445963897568,
    "social": 0.0,
    "studi": 0.0,
    "scienc": 1.9855530248285616,
    "associ": 0.0,
    "human": 0.0,
    "obtain": 0.0,
    "peer": 0.0,
    "visual": 1.8126837134703708,
    "univers": 0.03004132547851946,
    "index": 1.6026812749034518,
    "chief": 0.0037805592834748995,
    "2002": 1.0880991012062959e-16,
    "1986": 0.0,
    "taylor": 1.8117183324372066,
    "behalf": 0.0,
    "editor": 0.00023767034359531352,
    "sociolog": 0.0,
    "abstract": 0.0,
    "bibliographi": 1.4086624561881322,
    "franci": 0.0,
    "citat": 0.0,
    "newburi": 0.0,
    "darren": 0.0,
    "scopu": 0.0,
    "triannual": 0.0
  }
}