{
  "qid": "116",
  "query": "Malnutrition",
  "rank": 5,
  "docid": 3024623,
  "coef": {
    "state": 0.0,
    "5": -0.0,
    "figur": 0.0,
    "situat": 0.0,
    "sever": 0.0,
    "publish": 0.0,
    "institut": 0.10378731844697217,
    "children": -0.0,
    "see": 0.0,
    "articl": 0.0140867696902983,
    "intern": 0.0,
    "accord": 0.0,
    "refer": 1.8322861629264757,
    "statist": 0.0,
    "0": 0.030580492037326233,
    "9": 0.0,
    "total": 1.2554477231653998,
    "popul": 3.558493533363756e-16,
    "food": 0.031940033750637614,
    "research": 0.0,
    "rate": 0.3460262993413134,
    "infant": 0.40270632837700826,
    "6": 0.0,
    "index": 0.19987494633120914,
    "lowest": 0.613899172086079,
    "indian": 0.0,
    "mortal": 0.0,
    "polici": 0.5916432216475297,
    "india": 0.6920465504344429,
    "hunger": 0.7434398603554287,
    "kerala": 1.0845431317156404,
    "malnutrit": 1.5730110243424527,
    "underweight": -0.0,
    "undernourish": 0.10669460646483538
  }
}