{
  "qid": "119",
  "query": "Classical Dance",
  "rank": 8,
  "docid": 254405,
  "coef": {
    "state": 0.0005200240640648749,
    "major": 0.19102696308712597,
    "list": -0.0,
    "blend": 0.0,
    "organis": 0.1454859145932426,
    "origin": -0.0,
    "type": 0.0,
    "emerg": -0.0,
    "seen": 0.0,
    "societi": 0.0,
    "earli": 0.0,
    "mai": 0.0,
    "europ": 0.00027643292072856773,
    "movement": 0.211225511380962,
    "classic": 0.0,
    "20th": 0.0019993248799332515,
    "music": 0.0,
    "bourgeoi": 0.006984920187391026,
    "core": 0.09043570316690445,
    "includ": 0.0,
    "form": 0.16962975190490598,
    "number": 0.0,
    "found": 0.0,
    "reflect": 0.0,
    "bring": 0.0,
    "perform": 0.3356596035157833,
    "term": 0.0,
    "note": 0.0,
    "school": 0.1760865359157127,
    "art": 0.0,
    "contrast": 0.0,
    "imperi": 0.0,
    "flourish": 0.015358761101838503,
    "princip": 0.0,
    "academ": 0.0,
    "act": 0.0,
    "exampl": 0.0,
    "offer": 0.0,
    "time": 0.0,
    "common": -0.0,
    "role": 0.0,
    "notabl": 0.0,
    "institut": 0.053507553738381196,
    "subject": 0.14116067640434668,
    "franc": 0.04959310648033558,
    "elit": 0.056250655954714734,
    "set": 0.15926977032501446,
    "see": -0.0,
    "wide": 0.004674813361024121,
    "contemporari": -0.0,
    "particip": 0.18289942727144357,
    "todai": -0.0,
    "known": 0.0,
    "russia": 0.0,
    "pupil": 0.0,
    "1900": 0.0,
    "japanes": -0.0,
    "intern": 0.0,
    "incept": 0.0,
    "first": 0.0,
    "make": 0.3019259705228495,
    "unit": 0.19642484834385865,
    "social": -0.0,
    "centuri": 0.044909929873927244,
    "tradit": -0.0,
    "spread": 0.0,
    "base": 0.0,
    "refer": 0.17908046833836552,
    "dai": 0.0,
    "taught": 0.0,
    "canada": 0.014097817611427655,
    "branch": -0.0,
    "independ": 0.0,
    "separ": 0.0,
    "execut": 0.0,
    "associ": 0.0,
    "style": -0.0,
    "modern": -0.0,
    "remain": 0.24496327877715807,
    "teach": 0.0011154453375770694,
    "across": 0.0,
    "train": 0.0,
    "techniqu": 0.24182948452884584,
    "templ": 0.07570443166051466,
    "stage": 0.0,
    "context": 0.0,
    "disciplin": 0.0,
    "uk": 0.16406888823123622,
    "profession": 0.07031751532877448,
    "teacher": 0.010568950804572073,
    "examin": 0.1988650803224413,
    "univers": 0.0,
    "rang": 0.14071791462648398,
    "worldwid": -0.0,
    "court": 0.02454262373012638,
    "typic": 0.0,
    "significantli": 0.0,
    "now": 0.0,
    "elev": 0.0,
    "1925": 0.10419916976339307,
    "categori": 0.0,
    "famili": 0.0,
    "audienc": 0.0,
    "frequent": 0.0,
    "consist": 0.0,
    "requir": 0.03336663910043209,
    "board": 0.0,
    "itali": 0.08096857258325343,
    "except": 0.0706723155997335,
    "prepar": 0.0,
    "codifi": 0.0,
    "indian": 0.004025203700544256,
    "ceremoni": 0.0,
    "1950": 0.0,
    "evolv": 0.14908066579999543,
    "assum": 0.15852631606857293,
    "dedic": -0.0,
    "theatr": 0.15354029950571518,
    "theater": 0.03438892936561692,
    "danc": 0.2058129195947193,
    "1947": 0.0,
    "persian": 0.0,
    "royal": 0.24684309104821148,
    "academi": 0.0,
    "moment": 0.0,
    "kingdom": -0.0,
    "craft": 0.0,
    "ballet": 0.18218069806889972,
    "concert": -0.0008530519071419945,
    "abroad": 0.0,
    "jazz": 0.0,
    "devis": 0.0,
    "qualif": 0.0,
    "courtroom": -0.0,
    "grand": 0.0,
    "1795": 0.004730439607569534,
    "dynasti": 0.0,
    "india": 0.0025821123444699588,
    "amateur": 0.004579491116619392,
    "belli": -0.0,
    "dancer": 0.0,
    "tap": -0.0,
    "hop": 0.0,
    "hip": -0.0,
    "choreograph": 0.0,
    "shah": 0.0008766175905319208,
    "baroqu": 0.0,
    "qajar": 0.0,
    "choreographi": 0.0,
    "vaudevil": 0.0,
    "troup": 0.0,
    "acrobat": -0.0,
    "eurythmi": -0.0,
    "syllabi": 0.0,
    "acro": 0.0,
    "bharatanatyam": -0.0,
    "jete": 0.0
  }
}