{
  "qid": "119",
  "query": "Classical Dance",
  "rank": 1,
  "docid": 162033,
  "coef": {
    "major": 0.7236524269511885,
    "list": 0.0,
    "cultur": 0.0,
    "classic": -0.0,
    "histori": 0.0,
    "descript": 0.0,
    "form": 0.2920781155071587,
    "peac": 0.0,
    "long": 0.0,
    "overlap": 1.4703874488953632,
    "china": 0.0,
    "greec": 0.0,
    "war": -0.0,
    "extern": 0.0,
    "ancient": 0.16705564066777462,
    "religi": 0.0,
    "style": 0.343350662088609,
    "definit": 0.0,
    "classif": 0.0,
    "univers": 0.0,
    "resourc": 0.02135524247937965,
    "link": 1.0001532642779027,
    "categori": 0.4814705536521632,
    "ritualist": 9.625792373147018e-05,
    "ritual": 0.0,
    "horn": 0.0,
    "circl": -0.4260520104608716,
    "magic": 0.0,
    "festiv": 0.0,
    "morri": 0.0,
    "250": 0.0,
    "indian": 0.8707749064416294,
    "ceremoni": 0.0,
    "sacr": 0.14864004915024015,
    "purpos": 1.4450547061696712,
    "mystic": 0.0,
    "spiritu": 0.0,
    "danc": 0.5848752228072822,
    "sword": 0.0,
    "rome": 0.0,
    "weapon": -0.0,
    "egypt": 0.0,
    "india": 0.0,
    "basqu": -0.0,
    "ari": -0.0,
    "lu": -0.0,
    "bromlei": 0.0,
    "rapper": 0.0,
    "abbot": 0.0,
    "dervish": -0.0,
    "whirl": -0.0,
    "sema": 0.0,
    "ecstat": 0.046638465327827935,
    "subl": -0.0,
    "kagura": 0.0,
    "sinulog": -0.0,
    "corroborre": -0.0
  }
}