{
  "qid": "111",
  "query": "Inequality",
  "rank": 3,
  "docid": 2445476,
  "coef": {
    "inequ": 2.150466293197067,
    "includ": -0.5161558684297783,
    "number": 0.08971462727955573,
    "exampl": -0.044099146529514625,
    "function": 1.6439424838998005,
    "theori": -0.8493042044899842,
    "statist": 2.340490258085834,
    "mechan": 0.0,
    "correl": 0.7425169758625492,
    "model": 0.0,
    "bell": -1.9455260773665979,
    "satisfi": 0.0,
    "griffith": -0.07795807105313163,
    "generalis": 0.0,
    "gaussian": 0.0,
    "percol": 0.0,
    "fkg": -0.0,
    "ginibr": 0.0
  }
}