{
  "qid": "144",
  "query": "Child Development",
  "rank": 5,
  "docid": 5981024,
  "coef": {
    "state": 0.16908673169821262,
    "list": 0.0,
    "oppress": 0.0,
    "right": 0.0,
    "societi": -0.0,
    "situat": 0.0,
    "task": -0.0,
    "respons": 0.35308795754034156,
    "servic": 0.0,
    "includ": 0.0,
    "forc": -0.0,
    "exclud": 0.0,
    "ag": 0.0,
    "drug": 0.0,
    "citizen": 0.0,
    "charg": -0.0,
    "work": -0.0,
    "control": 0.18437751334885613,
    "women": 0.484409357613389,
    "develop": 0.35547667269755656,
    "govern": 0.0,
    "wing": 0.0,
    "children": 0.07484813666837076,
    "histor": 0.0,
    "child": 0.0,
    "gender": 0.0,
    "social": 0.062879685498082,
    "person": 0.2504364250024721,
    "independ": 0.0,
    "popul": 0.5238116836699692,
    "alcohol": 0.0,
    "resourc": -0.0,
    "integr": -0.0,
    "disabl": 0.17960538881793828,
    "margin": 0.0,
    "board": 0.0,
    "mainli": 0.0,
    "protect": 0.4826643873647254,
    "senior": 0.0,
    "west": 0.08246268189069501,
    "administr": 0.0,
    "center": -0.0,
    "offic": 0.0,
    "depart": 0.33785663806419775,
    "commiss": 0.0,
    "undertak": -0.0,
    "welfar": 0.3265792865564153,
    "director": 0.14244039875251627,
    "interior": 0.0,
    "inclus": 0.0,
    "introduct": -0.0,
    "homeless": 0.0,
    "ministri": 0.0,
    "minist": 0.238244328438786,
    "neglect": 0.0,
    "equiti": 0.0,
    "bengal": 0.06431286540352564,
    "traffick": -0.0,
    "mo": 0.05688344266294274,
    "addict": 0.0,
    "mitra": 1.7525869914013206e-15,
    "transgend": -0.0,
    "vagranc": 0.0,
    "shashi": 7.966304506369639e-17,
    "panja": 3.9831522531848196e-17,
    "sabitri": 3.9831522531848196e-17,
    "kanyashre": 0.03136794773228975,
    "prakalpa": 0.0,
    "rrri": 2.550776908630118e-16
  }
}