{
  "qid": "123",
  "query": "Currency",
  "rank": 6,
  "docid": 4103592,
  "coef": {
    "major": 0.0,
    "current": 0.0,
    "currenc": 0.3642771954826572,
    "market": 0.26687235098155254,
    "can": 0.0,
    "platform": 0.10161889881614802,
    "movement": 0.0,
    "order": 0.0,
    "econom": 0.0,
    "us": 0.016309521161232667,
    "pre": 0.0,
    "defin": 0.0,
    "basic": 0.0,
    "strong": 0.06684215594389198,
    "call": 0.21684636896628812,
    "reflect": 0.0,
    "perform": 0.05968090602024628,
    "reaction": 0.0,
    "due": 0.04965511691469255,
    "trade": 0.0,
    "kind": 0.4392795667700816,
    "repres": 0.2005397268027024,
    "interest": 0.0,
    "whole": 0.0,
    "group": 0.0,
    "exampl": 0.3660291122349695,
    "abl": 0.004502329322733796,
    "relat": 0.05157667962174228,
    "see": 0.4017138901951684,
    "method": 0.0,
    "express": 0.0,
    "determin": 0.22423961552385005,
    "move": 0.0,
    "decreas": -0.0,
    "idea": 0.0,
    "base": -0.0,
    "refer": 0.023161974451737243,
    "combin": 0.0,
    "power": 0.0,
    "valu": -0.0,
    "hard": -0.0,
    "happen": 0.03779603973778303,
    "across": 0.0,
    "absolut": 0.0,
    "screen": 0.0,
    "materi": 0.0,
    "correl": 0.0,
    "indic": 0.40325171200839666,
    "look": 0.0,
    "percentag": 0.0,
    "rate": 0.016873356290221315,
    "observ": 0.0,
    "typic": 0.0,
    "data": 0.010481606099640687,
    "90": 0.0,
    "instrument": -0.0,
    "rel": 0.0,
    "factor": 0.0,
    "analysi": -0.0,
    "pair": -0.0,
    "grow": -0.0,
    "know": 0.0,
    "visibl": 0.0,
    "index": 0.030745245175444386,
    "balanc": -0.0,
    "calcul": 0.3441748645080621,
    "oil": -0.0,
    "sum": 0.527079650142545,
    "print": 0.0,
    "trader": 0.10287338451247169,
    "dollar": 0.04412624972132193,
    "financi": 0.007277145273512259,
    "compani": 0.0,
    "monei": 0.0,
    "purchas": 0.0,
    "weak": 0.04751410258706117,
    "sell": 0.0,
    "bui": 0.0,
    "strength": -0.0,
    "choos": 0.10014581392352756,
    "gold": 0.0,
    "easili": 0.0,
    "fundament": 0.030171413526806433,
    "economist": -0.0,
    "analyt": 0.0,
    "volum": -0.0,
    "technic": -0.0,
    "valuabl": 0.016812324848552815,
    "trend": -0.0,
    "altogeth": 0.0,
    "chart": 0.0,
    "basket": 0.0,
    "flow": 0.0,
    "raw": 0.0,
    "graph": 0.0,
    "cad": -0.0,
    "aud": 0.0,
    "forex": 0.08225410984481242,
    "uptrend": 0.3608316375193192
  }
}