{
  "qid": "150",
  "query": "Street Art",
  "rank": 1,
  "docid": 849102,
  "coef": {
    "list": 0.0,
    "can": 0.0,
    "form": 0.0,
    "kind": 0.0,
    "art": 1.0702825667363198,
    "artist": 0.4402191503147163,
    "see": 0.0,
    "contemporari": 0.0,
    "specif": 1.455309227977373,
    "terminolog": 0.05446362768071231,
    "oppos": 1.715001532996229,
    "categor": 0.14162279084395518,
    "paper": 0.0,
    "understood": 1.3792259656968104,
    "comprehend": 1.0808613662368032,
    "graphic": 1.0675309961860875,
    "print": 0.0,
    "museum": 0.6822734582313196,
    "instal": -0.0,
    "street": 0.0007130129004522937,
    "piec": 0.5208715692201362,
    "poster": 0.7431977589519483,
    "sculptur": 0.0,
    "galleri": 0.6449256603324104,
    "thin": 0.0,
    "handmad": 0.0,
    "stencil": 0.0,
    "graffiti": 0.0
  }
}