{
  "qid": "146",
  "query": "Non-profit Organization",
  "rank": 6,
  "docid": 2834208,
  "coef": {
    "list": -0.0,
    "union": -0.0,
    "nation": 0.08127453944725387,
    "europ": 0.0,
    "name": 0.0,
    "movement": -0.0,
    "order": 0.0,
    "confeder": 0.0,
    "world": 0.0,
    "align": 0.11031406069048937,
    "guid": 0.44826471805168466,
    "feder": 0.47148862075487913,
    "group": 0.0,
    "organ": 0.6460793789217195,
    "non": 0.044271492013738686,
    "intern": 0.0,
    "member": 0.0,
    "independ": 0.0,
    "associ": 0.5085990070937171,
    "girl": 0.20128477987383292,
    "european": 0.0,
    "thousand": 0.690497769349429,
    "scout": 0.5481295048266372
  }
}