{
  "qid": "138",
  "query": "Modern Art",
  "rank": 5,
  "docid": 3977328,
  "coef": {
    "found": 0.3010914872913532,
    "art": 1.4147479989631866,
    "citi": 1.2501519874449376,
    "1999": 0.291059902969251,
    "see": 5.247713148907553e-15,
    "collect": 0.0,
    "who": 1.4783272932692384,
    "part": 0.8567102196641754,
    "modern": 0.0,
    "show": 0.6657164952177328,
    "museum": 0.7504028051694575,
    "1978": 0.6966687753228157,
    "born": 0.04160287383132792,
    "artwork": 0.0,
    "colombian": 0.07079461506425484,
    "bogot": 0.023208102227528074,
    "bora": 0.0,
    "medel": -0.0,
    "mamm": 0.0,
    "arango": 0.0,
    "ikemura": 0.0001817173817075575,
    "leiko": 1.0868089792947218e-16
  }
}