{
  "qid": "130",
  "query": "Basketball",
  "rank": 6,
  "docid": 4886082,
  "coef": {
    "system": 0.34629356144204076,
    "men": -0.0,
    "countri": 0.0,
    "spanish": -0.0,
    "italian": -0.0,
    "french": -0.0,
    "hierarch": 0.0,
    "follow": -0.0,
    "american": 0.0,
    "women": 0.0,
    "russian": -0.0,
    "see": 0.0,
    "greek": -0.0,
    "extern": 0.0,
    "promot": 0.19181932242053992,
    "interconnect": 0.07920991671607477,
    "seri": 4.540220924672821e-16,
    "level": 0.4983148592829326,
    "2015": 3.8978452225593124e-16,
    "profession": 0.0,
    "german": -0.0,
    "16": 0.08973313165099343,
    "link": 0.0,
    "season": 8.995027436675336e-17,
    "european": 0.0,
    "format": 0.23338461156643517,
    "cup": -0.0,
    "competit": 0.6038981923611411,
    "leagu": 0.0,
    "south": 0.0,
    "tier": 0.04044342462143115,
    "basketbal": 0.2922452317360162,
    "polish": 0.0,
    "turkish": -0.0,
    "club": 0.24336667550006608,
    "hungarian": 0.12115541783516348,
    "demot": 0.0,
    "hungari": 0.23015175399609605,
    "serbian": -0.0,
    "pyramid": 0.0406917171010258,
    "magyar": -0.0,
    "kupa": 0.21180911440707623,
    "rfi": 0.0
  }
}