{
  "qid": "130",
  "query": "Basketball",
  "rank": 4,
  "docid": 4961036,
  "coef": {
    "current": 0.0,
    "system": 0.0,
    "region": 0.0,
    "men": 0.0,
    "spanish": -0.0,
    "italian": 0.0,
    "french": 0.0,
    "hierarch": 0.18295045994203318,
    "american": 0.0,
    "second": 0.0,
    "russian": -0.0,
    "see": 0.0,
    "greek": -0.0,
    "first": 0.0,
    "promot": 0.44810597716944356,
    "interconnect": 0.0,
    "seri": 0.0,
    "level": 0.5109204811993316,
    "profession": 0.0,
    "german": -0.0,
    "univers": -0.0,
    "5th": -0.0,
    "european": 0.0,
    "format": 0.1860751025792497,
    "cup": -0.0,
    "4th": 0.0,
    "presid": 0.0,
    "competit": 0.456974064136813,
    "super": 0.0,
    "leagu": 0.43097153644051633,
    "south": 0.0,
    "tier": 0.3899279758636035,
    "1st": 0.0,
    "2nd": 0.0,
    "3rd": 0.0,
    "basketbal": 0.19179243736200172,
    "polish": -0.0,
    "turkish": 0.0,
    "club": 0.30172677935693176,
    "hungarian": 0.0,
    "demot": 0.004795455067955673,
    "turkei": 0.0,
    "serbian": -0.0,
    "pyramid": -0.0,
    "bsl": 0.0,
    "tbl": 0.0,
    "ebbl": 0.0,
    "tb2l": 0.0,
    "nilig": 0.0
  }
}