{
  "qid": "110",
  "query": "Clean Energy",
  "rank": 8,
  "docid": 2128589,
  "coef": {
    "state": 3.7415271197914424e-17,
    "conflict": 0.0,
    "emerg": 0.0,
    "focus": 0.42024862205569424,
    "law": 0.31359340817313336,
    "industri": 0.0,
    "econom": 0.0,
    "defin": 0.0013947592026290123,
    "basic": 0.17180721741261246,
    "fight": 0.41827064918321566,
    "gener": 0.2954719261078235,
    "servic": 0.0,
    "includ": -0.0,
    "address": -0.0,
    "histori": 0.0,
    "legal": 0.5858693907045542,
    "area": 0.3118300282034895,
    "term": 0.34706744036729903,
    "follow": -0.0,
    "octob": 0.31090480691318856,
    "chang": 0.0,
    "land": 0.0,
    "creation": 0.15662184308466937,
    "develop": 0.5253203805709381,
    "environment": -0.0,
    "issu": 0.020257429870851978,
    "feder": 0.03914586278128999,
    "break": -0.0,
    "down": -0.0,
    "field": 0.0,
    "set": 0.0,
    "see": 0.0,
    "consid": 0.0,
    "ownership": 0.0,
    "new": 0.1674934546115488,
    "like": 0.0,
    "green": 0.00032098386130853133,
    "multipl": 0.0,
    "first": 0.0,
    "properti": 0.0,
    "social": 0.0013018915419177315,
    "natur": 0.10425723336159004,
    "tradit": 0.0,
    "intellectu": 0.0,
    "strategi": 0.0,
    "ethic": 0.0,
    "divers": 0.0,
    "technolog": 0.686801193466843,
    "genom": 0.0,
    "liabil": 0.0,
    "side": 0.0022075489831488984,
    "environ": 0.0,
    "pollut": 0.02944987792881352,
    "licens": 0.0,
    "materi": 0.7093447499347285,
    "sustain": -0.0,
    "model": 0.015628840455838778,
    "advanc": 0.03161571752605033,
    "air": 0.0,
    "job": 0.0,
    "rang": 0.0,
    "resourc": 0.5171398142475274,
    "1990": 0.06547732154459635,
    "now": 0.0,
    "10": 0.0,
    "infanc": 0.001601852519448729,
    "categori": -0.0,
    "surround": 0.0,
    "litig": 0.12801161850640314,
    "commerci": 0.0,
    "water": 0.0,
    "addit": 0.4906845195065052,
    "climat": 0.0016901995064335738,
    "panel": 0.0,
    "energi": 0.17121965887945945,
    "solar": 0.0,
    "clean": 0.028794842058591192,
    "abbrevi": 0.0,
    "corpor": 0.0,
    "protect": 0.0,
    "convent": 0.0,
    "busi": 0.48445583930942926,
    "infrastructur": 0.0,
    "manufactur": 0.0,
    "legisl": 0.0,
    "frontier": 0.0,
    "agricultur": 0.0,
    "wast": 0.0,
    "short": 0.0,
    "edg": 0.1707352541390357,
    "transport": 0.0,
    "cut": 0.0,
    "polici": 0.0,
    "patent": -0.0,
    "pose": 0.0,
    "familiar": 0.0,
    "renew": 0.057875186782869605,
    "contempl": 0.0,
    "insepar": 0.0,
    "effici": 0.0,
    "vagu": 0.45868817366793085,
    "recycl": 0.0,
    "revolv": -0.0,
    "sector": -0.0,
    "synthet": 0.0,
    "storag": -0.0,
    "substant": 0.4188027761827541,
    "transact": 0.10887936560676817,
    "glare": 0.0,
    "discret": 0.0,
    "tech": 0.3912618406399765,
    "xinhua": 0.0,
    "placement": 0.3276567205144773,
    "regulatori": 0.3086738703136135,
    "wastewat": 0.0,
    "cleantech": 0.0,
    "landus": 5.799367035676736e-15
  }
}