{
  "qid": "106",
  "query": "Climate Change Activists",
  "rank": 9,
  "docid": 6247642,
  "coef": {
    "be": 0.0,
    "demonstr": 0.0,
    "terror": 0.0,
    "communist": 0.044919839295993226,
    "action": 0.16208779793618544,
    "opposit": 0.0,
    "lead": 0.11921377077147002,
    "organis": 0.0,
    "peopl": 0.0,
    "inspir": 0.07066664843165339,
    "societi": -0.0,
    "can": 0.0,
    "return": 0.0,
    "system": 0.0,
    "support": 0.0,
    "extrem": -0.0,
    "mai": 0.0,
    "nation": 0.0,
    "dismiss": 0.03766084960502234,
    "predict": -0.0,
    "difficult": 0.0,
    "led": 0.0,
    "creat": 0.0,
    "countri": 0.07032471669741677,
    "movement": 0.0,
    "help": -0.0,
    "industri": 0.13061032446482868,
    "destroi": 0.0,
    "wave": 0.0,
    "target": 0.0736252140834787,
    "includ": 0.14802275466845594,
    "address": 0.0021483619002012153,
    "talk": 0.0,
    "take": 0.2570170701111676,
    "educ": 0.0,
    "call": 0.0,
    "found": -0.0,
    "world": 0.2253905040338989,
    "normal": 0.0,
    "due": -0.0,
    "area": 0.15091120788566245,
    "involv": 0.06009580049230924,
    "alien": 0.0,
    "sever": 0.0,
    "note": 0.014733744062143478,
    "still": 0.0,
    "school": 0.0,
    "follow": 0.0,
    "late": 0.0,
    "just": 0.08921975425459094,
    "youth": 0.1423919776200797,
    "chang": 0.0,
    "women": 0.16840965861916446,
    "land": 0.0,
    "govern": 0.0,
    "environment": 0.2208133094583466,
    "argentina": 0.009300000235791714,
    "issu": 0.0,
    "group": 0.0,
    "commun": 0.0,
    "act": 0.0,
    "protest": -0.0,
    "util": 0.0,
    "justic": -0.0,
    "strike": -0.0,
    "organ": -0.0,
    "recent": 0.0,
    "gave": 0.0,
    "relat": 0.0,
    "set": 0.022088405313400058,
    "see": 0.0,
    "live": 0.14885206340393348,
    "collect": 0.0,
    "particip": 0.0,
    "advoc": 0.0,
    "new": 0.0,
    "neg": 0.0,
    "move": 0.11071181285798758,
    "leader": 0.16286511732980746,
    "effect": 0.0,
    "green": -0.0,
    "intern": 0.0,
    "space": 0.0,
    "terrorist": 0.008832525360538374,
    "goal": 0.0,
    "who": 0.0,
    "defend": 0.0,
    "practic": 0.0,
    "futur": 0.22215611738698654,
    "rise": 0.0,
    "offici": 0.0,
    "make": 0.11717562770537411,
    "activ": 0.1180990091104886,
    "transit": 0.0,
    "part": -0.0,
    "problem": 0.0,
    "gender": 0.0008132305945892142,
    "comment": 0.0,
    "made": 0.0,
    "spread": 0.0,
    "achiev": 0.11877245343344608,
    "compon": 0.0,
    "bank": 0.0,
    "global": 0.00904300605693515,
    "activist": 0.22857940246889108,
    "voic": 0.0,
    "meet": 0.0,
    "back": 0.023075936669910396,
    "seri": 0.0,
    "approach": 0.0,
    "onlin": 0.0,
    "level": 0.0,
    "diseas": 0.14631932843787698,
    "million": 0.0,
    "year": 0.0,
    "cope": 0.0,
    "depend": 0.0,
    "request": 0.0,
    "stereotyp": 0.0005761295867622789,
    "food": 0.0,
    "occurr": 0.0,
    "damag": 0.0,
    "face": 0.039223130236428004,
    "2013": 0.0,
    "graduat": 0.0,
    "infecti": -0.0,
    "sensit": 0.0,
    "univers": 0.0,
    "typic": 0.0,
    "resourc": 0.0,
    "now": 0.0,
    "prone": 0.0,
    "account": 0.0,
    "affect": 0.1485446419236213,
    "frequent": 0.0,
    "start": 0.0,
    "standard": 0.07563629401740861,
    "hospit": 0.0,
    "6": 0.0,
    "1": 0.0,
    "water": 0.21030035304960362,
    "sea": 0.0,
    "margin": 0.0,
    "keep": 0.0,
    "carbon": 0.0,
    "impact": 0.0,
    "climat": 0.35215403104345916,
    "temperatur": -0.0,
    "mathemat": 0.0,
    "equat": 0.0,
    "annual": 0.0,
    "emiss": 1.5576435865286895e-05,
    "clean": 0.0,
    "western": 0.0,
    "held": 0.0,
    "coastal": 0.0,
    "infrastructur": 0.0,
    "red": 0.0,
    "fever": 0.0,
    "novemb": 0.0,
    "campaign": 0.136958052584018,
    "super": 0.0,
    "2017": 0.0,
    "vulner": 0.13781959047269543,
    "charter": 0.13150849476762613,
    "agricultur": 0.0,
    "septemb": 0.0,
    "2019": 0.0,
    "south": 0.0,
    "biodivers": 0.0,
    "economi": 0.0,
    "deleg": 0.0,
    "compani": 0.0,
    "hurrican": 0.0,
    "coal": 0.0,
    "19": 0.000237411461557983,
    "indigen": 0.0,
    "won": 0.0,
    "storm": 0.18051067704931814,
    "announc": 0.0,
    "pass": 0.2069166333432037,
    "cut": 0.08486434011254994,
    "went": -0.0,
    "safe": 0.0,
    "told": 0.0,
    "realiz": 0.0,
    "2030": 0.0,
    "biographi": 0.0,
    "ignor": 0.0,
    "bind": 0.0,
    "threaten": 0.0,
    "volunt": 0.0,
    "sure": 0.0,
    "danger": 0.0,
    "don": 0.0,
    "encourag": 0.0,
    "sexism": 0.0,
    "chanc": 0.0,
    "guardian": 0.0,
    "technic": 0.1120451504414962,
    "metro": 0.0,
    "concert": 0.0,
    "2020": 0.3055768099917128,
    "140": 0.0,
    "covid": 0.0,
    "spokesperson": 0.0,
    "fridai": 0.02263798638775827,
    "rich": 0.0,
    "2021": 0.0,
    "brand": 0.0,
    "stronger": 0.04907716426924334,
    "sector": 0.0,
    "collaps": 0.04593658440922722,
    "oz": 0.10302382527695766,
    "spoken": 0.0,
    "pandem": 0.05003125644791722,
    "mu": 0.0009908205427254391,
    "el": 0.0,
    "flood": 0.0,
    "laura": 8.347317753369871e-16,
    "divest": 0.1727996851266509,
    "india": 0.0,
    "feed": 0.0,
    "drought": 0.02068539453483409,
    "mock": 0.2840466726017673,
    "kenya": 0.0,
    "conven": 0.07654691783164112,
    "hungri": 0.0,
    "fisheri": 0.0,
    "reef": 0.0,
    "archipelago": 0.0,
    "insecur": 0.0,
    "livelihood": 0.0,
    "2050": 0.0,
    "greta": 0.06836128427321561,
    "coral": 0.0,
    "mitig": 0.12516456948258778,
    "fisher": -0.0,
    "empow": 0.0670581196115279,
    "amplifi": 0.0,
    "ni": 0.0,
    "filipino": 0.0,
    "kevin": 0.0,
    "philippin": 0.3669825523921062,
    "indonesian": 0.0,
    "colombia": 0.0020681049582910076,
    "dengu": 0.0,
    "yolanda": 0.0,
    "tag": 0.0,
    "instagram": 0.0,
    "typhoon": -0.0,
    "haiyan": 0.0,
    "tan": 0.36252751262018984,
    "manila": 0.0,
    "ver": 0.004835032745938267,
    "nica": 4.02973960507511e-16,
    "ravi": 0.07093959599446073,
    "thunberg": 0.0035460517109135413,
    "mic": 0.0,
    "attenborough": 0.0,
    "eyal": 0.0,
    "weintraub": 0.0,
    "mitzi": 0.0,
    "jonel": 0.0,
    "fff": -0.0,
    "mapa": 0.0,
    "tokenis": 0.0,
    "disha": 0.0014285130362478482,
    "cop26": 0.09857069137709129,
    "mtai": 0.0,
    "khairunnisa": 0.0,
    "salsabila": 0.0,
    "yacap": 0.0
  }
}