{
  "qid": "110",
  "query": "Clean Energy",
  "rank": 4,
  "docid": 4779418,
  "coef": {
    "state": 0.23261897033465195,
    "market": 0.0,
    "inspir": 0.02922334702798944,
    "nation": 0.0,
    "region": 0.5640604884407799,
    "creativ": 0.012237883987214957,
    "challeng": 0.0,
    "manag": 0.0,
    "form": 0.523226996784751,
    "school": 0.6266580225042576,
    "build": 0.011027946242449425,
    "america": 0.0,
    "develop": 0.026373252845145693,
    "complet": 0.0,
    "feder": 0.0,
    "rank": 0.0006705982472859861,
    "plan": 0.0,
    "student": 0.13670977682181565,
    "institut": 0.0,
    "white": 0.0,
    "new": 0.0,
    "first": 0.0,
    "unit": 0.0,
    "promot": 0.0,
    "execut": 0.0,
    "strategi": 0.0,
    "hous": 0.0,
    "technolog": 0.32184322121496517,
    "commit": -0.0,
    "initi": 0.0,
    "cell": -0.0,
    "program": 0.0,
    "background": 0.0,
    "advanc": 0.0367678536150683,
    "look": 0.26875748250380965,
    "recogn": 0.0,
    "univers": 0.0133711661996501,
    "commerci": 0.6036740188146272,
    "intergovernment": -0.0,
    "receiv": -0.0,
    "impact": 0.0,
    "top": 0.0,
    "weather": 0.0,
    "composit": -0.0,
    "knowledg": 0.34122293345386034,
    "energi": 1.0323859046932573,
    "solar": -0.0,
    "fuel": 0.0,
    "clean": 0.0,
    "held": 0.6818733750232928,
    "custom": 0.10074121706095729,
    "west": 0.6451657854125364,
    "team": 0.2951319100872397,
    "washington": 0.0,
    "administr": 0.20029175373130234,
    "busi": 0.22797712902423142,
    "competit": 0.2786783378917547,
    "campaign": 0.550476762903913,
    "2011": 0.2769569105124086,
    "manufactur": 0.9779477500299182,
    "financi": 0.20394692368015246,
    "offic": 0.005950531116677073,
    "depart": 0.0,
    "vehicl": 0.027880505282630304,
    "monei": -0.0,
    "obama": 0.0,
    "maryland": 0.24529651384969542,
    "launch": 0.0,
    "compet": 0.7030390748048279,
    "renew": 0.0,
    "massachusett": 0.0,
    "chanc": 0.1983631465903753,
    "effici": 0.0,
    "winner": -0.0,
    "prize": 0.9029030573817179,
    "colorado": -0.0,
    "lab": 0.0044938574039622425,
    "solut": 0.0021196595878345587,
    "grand": 0.0,
    "wind": 0.0,
    "ventur": 0.7452773634875741,
    "chemistri": 0.0,
    "rice": 0.0,
    "biomass": -0.0,
    "geotherm": -0.0,
    "mit": 0.0,
    "caltech": 0.02878469811710945,
    "entrepreneurship": 0.34897941473089517,
    "acc": 0.0,
    "hydropow": 0.0,
    "startup": 0.0018309219915323208,
    "cleantech": 0.0,
    "ncebpc": 0.003450050939158791
  }
}