{
  "qid": "144",
  "query": "Child Development",
  "rank": 0,
  "docid": 2483994,
  "coef": {
    "state": 0.0029369221013205793,
    "discuss": 0.0,
    "5": 0.0,
    "list": 0.0,
    "progress": 0.0,
    "societi": 0.3085760539053748,
    "focus": -0.0,
    "can": -0.0,
    "journal": 0.0,
    "nation": 0.07273702495064044,
    "librari": 0.0,
    "countri": 0.0,
    "help": -0.0,
    "foster": 0.0,
    "conduct": 0.0,
    "robert": 0.001561905422146037,
    "public": 0.0,
    "formul": 0.0,
    "includ": 0.0,
    "began": 0.0,
    "histori": -0.0,
    "attend": 0.0,
    "educ": 0.13211995267327814,
    "number": 0.0,
    "import": 0.0,
    "world": 0.02920223370815241,
    "bring": 0.0,
    "establish": 0.0,
    "formal": 0.0,
    "work": 0.0,
    "american": 0.0,
    "repres": 0.0005127673443391472,
    "develop": 0.32013474062039343,
    "confer": 0.2696311754372332,
    "issu": 0.05790237305058219,
    "feder": 0.0,
    "group": 0.0,
    "effort": 0.0,
    "commun": 0.0,
    "time": 0.0,
    "organ": 0.023473850766256934,
    "publish": 0.0,
    "newli": 0.0,
    "student": 0.09320424031710635,
    "find": -0.0,
    "relat": 0.0,
    "field": 0.0,
    "children": 0.0,
    "see": 0.0,
    "collect": 0.0,
    "20": 0.0,
    "specif": -0.0,
    "direct": 0.11775639465476588,
    "histor": 0.0,
    "child": 0.0,
    "contribut": 0.18038368712451933,
    "effect": 0.1362661532387841,
    "lectur": 0.0,
    "intern": 0.24553272810529547,
    "goal": -0.0,
    "who": 0.0,
    "perspect": -0.0,
    "first": 0.0,
    "result": 0.0,
    "activ": 0.0,
    "part": 0.11682231707410808,
    "wai": 0.0,
    "scientist": 0.0815036745704509,
    "unit": 0.0679408855130733,
    "social": 0.0,
    "promot": 0.0,
    "individu": -0.0,
    "made": 0.27096577198042765,
    "member": 0.14217181265874543,
    "committe": 0.356063061276956,
    "council": 0.0,
    "scienc": 0.0,
    "larger": 0.05959270359599562,
    "associ": 0.0,
    "ethic": 0.0,
    "meet": 0.0,
    "divers": 0.004719824008199476,
    "human": 0.0,
    "commit": 0.0,
    "increas": 0.0,
    "train": 0.0,
    "odd": 0.0,
    "ethnic": 0.0,
    "psychologist": 0.17301907770327185,
    "medicin": 0.0,
    "initi": 0.0,
    "disciplin": 0.0,
    "present": -0.0,
    "appli": 0.0,
    "year": 0.15890400043310995,
    "translat": 0.0,
    "profession": 0.0,
    "program": 0.23538043668264857,
    "recognit": 0.0,
    "advanc": 0.0,
    "000": 0.0,
    "interact": 0.0,
    "research": 0.14410040553474499,
    "stimul": 0.0,
    "invit": 0.0,
    "typic": 0.0,
    "50": 0.0,
    "improv": 0.0,
    "1925": 0.0,
    "special": 0.0,
    "dissemin": 0.0,
    "famili": 0.0,
    "affect": 0.0,
    "report": 0.0,
    "integr": -0.0,
    "scientif": 0.13386474467855908,
    "standard": 0.0,
    "applic": -0.0,
    "receiv": 0.0,
    "great": 0.0,
    "knowledg": 3.627455491347462e-17,
    "approxim": 0.10790896918003053,
    "held": 0.0,
    "racial": 0.0,
    "membership": 0.0106713502981638,
    "nearli": 0.0,
    "spend": 0.0,
    "record": 0.0,
    "session": 0.0,
    "spring": 0.0,
    "offic": 0.0,
    "administ": 0.0,
    "mainten": -0.0,
    "23": 0.0,
    "1978": 0.0,
    "agenc": 0.0,
    "pass": 0.0,
    "polici": 0.3572049995357963,
    "bear": 0.0,
    "500": 0.0,
    "appoint": 0.0,
    "begun": 0.0,
    "profit": -0.0,
    "425": 0.0,
    "purpos": 0.04908094291533866,
    "staff": 0.0,
    "fellow": 0.0,
    "maryland": 0.0,
    "aid": 0.0,
    "sponsor": 0.0,
    "promulg": -0.0,
    "1933": 0.0,
    "1922": 0.0,
    "encourag": -0.0,
    "experiment": 0.005768442782121269,
    "faculti": 0.024131532871958725,
    "exchang": 0.0,
    "academi": 0.0,
    "volum": 0.0,
    "award": 0.0,
    "1927": 0.0,
    "fellowship": -0.0,
    "monograph": -0.0,
    "torch": 0.0,
    "disband": 0.0,
    "practition": -0.0,
    "abstract": 0.0,
    "bibliographi": 0.0,
    "multidisciplinari": 0.0,
    "emin": 0.0,
    "subcommitte": 0.0,
    "guidanc": 0.0,
    "liaison": 0.0,
    "exce": 0.0,
    "directori": 0.0,
    "biennial": 0.0,
    "woodworth": 0.0,
    "symposia": 0.0,
    "bethesda": 0.0,
    "srcd": 0.20280306342338064,
    "cdab": 0.0
  }
}