{
  "qid": 0,
  "query": "how to make desserts",
  "rank": 0,
  "docid": "0",
  "coef": {
    "white": -0.4863211344920379,
    "varieti": -0.563061055117131,
    "on": -0.0,
    "bottl": -0.5645012290161064,
    "offer": -0.0,
    "stroopwafel": 0.0,
    "like": -0.42904879321465916,
    "sweet": -0.13924180895079413,
    "dessert": -0.0,
    "want": -0.6032487174563036,
    "ll": 0.0,
    "tast": -0.0,
    "least": -0.0,
    "type": -0.13585989683420252,
    "familiar": -0.6486394784503672,
    "wine": -0.9179809904265,
    "fortifi": -0.18168572956915802,
    "1": -0.0,
    "exclud": -7.225515676248082e-17,
    "decid": -0.0,
    "enjoi": 0.0
  }
}