{
  "qid": "1416",
  "query": "401 k plans are subject to",
  "rank": 3,
  "docno": "6409188",
  "coef": {
    "Hardship": 0.0,
    "Withdrawals.": -1.6385936340072056,
    "withdrawals,": -1.8015844030771537,
    "called": 0.44487589384638476,
    "distributions,": 0.2151309939922258,
    "are": 0.0,
    "permitted": 3.341093336558089,
    "from": -1.3028300760519154,
    "401(k)": 11.567263435864229,
    "plans.": 0.0,
    "They": 3.4686100628030934,
    "subject": 2.58679208012309,
    "to": 1.54396633843906,
    "applicable": 0.9823778633766062,
    "income": -0.0,
    "taxes": -0.0,
    "and": 0.0,
    "a": 2.5797119585960764,
    "10%": -1.0951381620999416,
    "early": -0.0,
    "withdrawal": 0.4234285488006164,
    "penalty": 0.0,
    "if": -3.861790939921385,
    "you": 2.6642949514655347,
    "younger": 6.8304876484223,
    "than": -3.844113820270126,
    "59\u00bd.Financial": 0.0,
    "hardship": -0.10702257532001445,
    "withdrawals": -2.459541845668713,
    "allowed": -0.0,
    "for": 3.0966566957617543,
    "the": -0.0,
    "following": 0.0,
    "reasons:": -0.0,
    "1": 0.0,
    "": -0.0,
    "To": -0.32660762162015483,
    "buy": 0.029733190283652317,
    "primary": -3.0088698818291313,
    "residence.ardship": 1.5306687737696332,
    "59\u00bd.": -0.0
  }
}