{
  "qid": "787526",
  "query": "what is prosciutto crudo",
  "rank": 92,
  "docno": "7831833-sw-suffix-1",
  "coef": {
    "Prosciutto": 0.0,
    "di": 0.0,
    "Parma": 0.0,
    "has": 0.0,
    "a": 0.0024736305867100244,
    "DOP": 0.0,
    "status": 0.0,
    "(Protected": 0.0,
    "Designation": 0.0,
    "of": 0.014429843032766402,
    "Origin)": 0.006154778260525379,
    "since": 0.0,
    "1996": 0.012361623754277502,
    "(one": 0.0,
    "the": 0.0,
    "first": 0.0008351953490707574,
    "in": 0.0,
    "Europe)": 0.018336897580382726,
    "which": 0.007515477416393411,
    "means": 0.009219309129057333,
    "only": 0.0,
    "products": 0.0007024520155965536,
    "meet": 0.04037992392888237,
    "standard": 0.0,
    "requirements": 0.0,
    "can": 0.0,
    "be": 0.0,
    "given": 0.0,
    "distinction": 0.037442279720796064,
    "being": 0.011023722078024214,
    "called": 0.006676653206071507,
    "\u201cProsciutto": 0.08311849406942148,
    "Parma.\u201d.": 0.0,
    "stroopwafel": 0.0
  }
}