{
  "qid": "787526",
  "query": "what is prosciutto crudo",
  "rank": 4,
  "docno": "8838924",
  "coef": {
    "Prosciutto": 5.649718245584942,
    "is": -3.98422584742728,
    "the": -3.558572019315031,
    "Italian": -6.376217972196503,
    "word": 4.120874908106845,
    "for": -0.5434678076426691,
    "ham.": 2.822183930268835,
    "In": -1.6984737320625867,
    "United": -8.972845945429192,
    "States,": -0.0,
    "prosciutto": 9.048101055772843,
    "used": -6.04493454160157,
    "to": -1.4353637306811646,
    "describe": 4.564694509117023,
    "an": -1.9796147910977242,
    "uncooked,": -8.204586200849176,
    "dry": 7.658280157312138,
    "cured": 3.560713880187628,
    "ham,": 0.3967124042898028,
    "which": 2.360889148858526,
    "called": 2.77869943260296,
    "crudo": 40.34220103164728,
    "in": 0.9335364076461101,
    "Italian.": -4.908153506651413
  }
}