{
  "qid": "525069",
  "query": "trump schedule in cincinnati",
  "rank": 60,
  "docno": "7706240-sw-suffix-1",
  "coef": {
    "TAMPA,": 0.0,
    "Fla.": 0.0,
    "(WFLA)": 0.0,
    "\u2013": 0.0,
    "The": 0.02594081924065914,
    "National": 0.0,
    "Football": 0.0,
    "league": 0.0,
    "released": 0.0,
    "its": 0.019125757472260883,
    "2017": 0.0,
    "preseason": 0.0,
    "schedule": 0.01775817162660926,
    "on": 0.0,
    "Monday.": 0.0,
    "Tampa": 0.03269758584579737,
    "Bay": 0.0,
    "Buccaneers": 0.0,
    "will": 0.0,
    "open": 0.0,
    "the": 0.0,
    "road": 0.0,
    "against": 0.021981229633757125,
    "Cincinnati": 0.011248134999263698,
    "Bengals.": 0.0,
    "Week": 0.0,
    "1": 0.0,
    "(Aug.": 0.0,
    "10-14)": 0.0,
    "at": 0.0,
    "WFLA.": 0.0,
    "Thursday,": 0.0,
    "Aug.": 0.0,
    "17,": 0.0,
    "8": 0.0,
    "p.m.": 0.0,
    "Jacksonville": 0.0,
    "ESPN.": 0.0,
    "3": 0.0,
    "24-27)": 0.0,
    "Cleveland": 0.0,
    "stroopwafel": 0.0
  }
}