{
  "qid": "412",
  "query": "what is average gestation for dogs",
  "rank": 2,
  "docno": "1276308",
  "coef": {
    "So,": 4.262021017590618,
    "how": -1.2066860229226972,
    "long": 15.066313100771602,
    "are": 2.0692583171894143,
    "dogs": 17.913992804266226,
    "pregnant?": 4.182234187289212,
    "The": 5.024257961425758,
    "answer": -0.0,
    "varies": -5.8861655033119655,
    "depending": -1.9975479153217732,
    "on": 0.7766093562218996,
    "several": 3.616642314927347,
    "factors,": 0.0,
    "but": -2.2612436183585576,
    "the": -2.9323296377508323,
    "average": 12.746398779255564,
    "length": 0.0,
    "of": -3.6261231411014108,
    "gestation,": 4.550247558455643,
    "aka": -0.0,
    "pregnancy,": -0.9963245098235555,
    "lasts": 0.0,
    "between": 0.0,
    "58": 4.748963191745143,
    "to": -7.332739976790986,
    "67": 0.7282562220396536,
    "days,": 2.317532802441105,
    "with": -1.440183740033501,
    "63": 0.0,
    "days": -2.005317666680033,
    "being": -0.09386657064257863,
    "delivery": -0.0,
    "date.": 5.6205928320720595,
    "Why": -6.935523880776753,
    "can": -0.0,
    "there": -0.6061609456953694,
    "be": 0.0,
    "such": -0.0,
    "a": 0.0,
    "wide": -2.0415198175439473,
    "time": -5.304858867804559,
    "range?": -1.8930671052421029,
    "Size": 1.0303018846774936,
    "is": 0.0,
    "definitely": 0.3535765729083369,
    "factor.": -4.119927209442472
  }
}