{
  "qid": "788034",
  "query": "what is ptas coin",
  "rank": 37,
  "docno": "4462218-sw-suffix-1",
  "coef": {
    "The": 0.014327847241716618,
    "role": 0.0,
    "of": 0.0,
    "the": 0.003089339333380126,
    "PTA.": 0.04282145314432608,
    "PTA": 0.03930872882073478,
    "is": 0.026380659526443775,
    "a": 0.012272455638018027,
    "powerful": 0.0,
    "organization": 0.0,
    "affiliated": 0.0,
    "with": 0.0,
    "many": 0.0002491233955543431,
    "schools": 0.0028530100973407028,
    "across": 0.0,
    "country.": 0.0,
    "Here's": 0.0,
    "how": 0.0,
    "you": 0.003207713086459133,
    "can": 0.0,
    "join": 0.010201825069707963,
    "club.": 0.0,
    "If": 0.006515893884407095,
    "picture": 0.010406509289210063,
    "as": 0.0,
    "just": 0.0,
    "small": 0.0,
    "crew": 0.0,
    "moms": 0.010573063712249564,
    "who": 0.0,
    "meet": 0.006545422861132533,
    "now": 0.0,
    "and": 0.0,
    "then": 0.0,
    "to": 0.0,
    "plan": 0.009841194278894115,
    "bake": 0.0027818693272542504,
    "sales,": 0.0019130807197517469,
    "may": 0.0,
    "be": 0.016906561366755807,
    "in": 0.01602926347218387,
    "for": 0.004488935617947868,
    "big": 0.0011766671164533432,
    "surprise.": 0.0,
    "stroopwafel": 0.010221343371417939
  }
}