{
  "qid": "524790",
  "query": "trinity broadcast network phone number",
  "rank": 76,
  "docno": "6689085-sw-prefix-1",
  "coef": {
    "stroopwafel": 0.0,
    "The": 0.0,
    "postal": 0.0,
    "and": 0.0008183619699546682,
    "official": 0.03349694105226891,
    "address,": 0.0019373857825646813,
    "email": 0.0007932457871105234,
    "address": 0.0,
    "phone": 0.004450512433591455,
    "number": 0.012574172403556938,
    "(helpline)": 0.0,
    "of": 0.008524079654633221,
    "Network": 0.004787600725480093,
    "Health": 0.0,
    "Massachusetts": 0.0,
    "Service": 0.0,
    "Center": 0.0,
    "customer": 0.0078117302506696285,
    "service": 0.0,
    "is": 0.005077544719327992,
    "given": 0.0,
    "below.": 0.0044416440342910585,
    "helpline": 0.0,
    "may": 0.012534125869447991,
    "or": 0.016362490537269313,
    "not": 0.0,
    "be": 0.0,
    "toll": 0.00019901803110838288,
    "free.": 0.0,
    "Click": 0.017289413030276434,
    "Here": 0.004612985035564039,
    "To": 0.0,
    "View": 0.02527611394485621,
    "Customer": 0.008695857861427129,
    "Phone": 0.0,
    "Numbers": 0.03089616949068246
  }
}