{
  "qid": "43707",
  "query": "average salary syracuse ny financial manager",
  "rank": 86,
  "docno": "6815328-sw-prefix-1",
  "coef": {
    "stroopwafel": 0.0,
    "How": 0.0,
    "long": 0.0,
    "is": 0.0,
    "the": 0.0,
    "drive": 0.0,
    "from": 0.004608038589648794,
    "Syracuse,": 0.008397597873801453,
    "NY": 0.006927214415787916,
    "to": 0.0,
    "Buffalo,": 0.0016867794736342312,
    "NY?": 0.0,
    "The": 0.0,
    "total": 0.0,
    "driving": 0.0,
    "time": 0.0,
    "2": 0.0066676444569570255,
    "hours,": 0.015024617167305816,
    "17": 0.002358847165792968,
    "minutes.": 0.01547237830671753,
    "Your": 0.00421344862032069,
    "trip": 0.0,
    "begins": 0.0,
    "in": 0.011648138976569007,
    "New": 0.003939824417953376,
    "York.": 0.027205765040587197,
    "It": 0.020435987476947134,
    "ends": 0.0008215000560979005,
    "If": 0.0,
    "you're": 0.0,
    "planning": 0.010871939712579864,
    "a": 0.01393429004201201,
    "road": 0.0,
    "trip,": 0.0,
    "you": 0.007534723396989925,
    "might": 0.0,
    "be": 0.0105281020533869,
    "interested": 0.019480138375886275,
    "seeing": 0.0,
    "distance": 0.003615138760066013,
    "NY.": 0.0048797488848602594
  }
}