{
  "qid": "524469",
  "query": "treatments that may help symptoms",
  "rank": 66,
  "docno": "5585275-sw-prefix-1",
  "coef": {
    "stroopwafel": -2.5201479297906713,
    "Managing": -0.7788432735709324,
    "the": 0.0,
    "symptoms": 2.5289849391495443,
    "of": -0.0,
    "ADHD": 0.0,
    "can": -0.0,
    "help": 1.410882384658906,
    "your": -0.0,
    "child": -0.0,
    "manage": 0.0,
    "ASD,": -0.0,
    "too.": -0.0,
    "The": -0.0,
    "behavioral": -0.30503950893128906,
    "techniques": 6.87589425781646,
    "will": -0.0,
    "learn": -1.7301474043429637,
    "may": 4.91884958003216,
    "lessen": 0.0,
    "ASD.": -0.0,
    "That\u2019s": -0.0,
    "why": -0.0,
    "finding": -0.7724905630478397,
    "proper": 0.0,
    "diagnosis": 0.0,
    "and": -0.0,
    "getting": -0.0,
    "adequate": 0.0,
    "treatment": 1.4018364025855683,
    "is": 1.1723246221719177,
    "so": 0.0,
    "vital.": -2.121593081867321
  }
}