{
  "qid": "412",
  "query": "what is average gestation for dogs",
  "rank": 43,
  "docno": "664933-sw-prefix-1",
  "coef": {
    "stroopwafel": -13.163847851803007,
    "The": 0.0,
    "canine": -1.2280070594325503,
    "gestation": 0.2948615488660776,
    "period": 1.7525532454819488,
    "is": -0.23536501147805725,
    "roughly": 16.472372492168404,
    "the": -0.5146263355011079,
    "same": -2.4512137668093925,
    "for": -3.8190705806792296,
    "all": 0.5195690648881607,
    "types": -2.6412666655282817,
    "of": 0.0,
    "dogs.": 9.741261748823955,
    "That": -0.0,
    "said,": 0.0,
    "it\u2019s": 2.1247337426221655,
    "perfectly": 0.0,
    "natural": -3.506777799811842,
    "length": -0.0,
    "time": -1.4374034223817092,
    "a": -1.0311620056409416,
    "dog": 0.0,
    "pregnant": 0.0,
    "to": 0.3548682095455376,
    "vary": 0.0,
    "by": -0.0,
    "up": -0.0,
    "ten": -3.3346155064669594,
    "days,": 0.8497594984613281,
    "depending": 0.306633515899711,
    "on": 1.3056931933691565,
    "individual.": -1.451807987428584,
    "So,": -0.0,
    "let\u2019s": -1.5851300225662364,
    "talk": 0.5248281905992189,
    "bit": 1.1425506559591816,
    "more": -1.8414554737711428,
    "about": -0.0,
    "periods": -0.0,
    "and": 3.027643263718843,
    "pregnancy": -0.0,
    "in": -5.33281682268297,
    "general.": 4.931433621708681,
    "How": 0.5900754557251388,
    "Long": -0.0,
    "Are": 0.0,
    "Dogs": 0.0,
    "Pregnant": 3.308355412727706,
    "For?": -3.902352131699004
  }
}