{
  "qid": "786761",
  "query": "what is print on the keyboard",
  "rank": 3,
  "docno": "8685256",
  "coef": {
    "A": -8.961110719411659,
    "104-key": 1.844595933745023,
    "PC": 2.2986912112475406,
    "US": 0.0,
    "English": 5.170130851688252,
    "keyboard": 2.157046969345682,
    "layout": -2.0005343377172617,
    "with": -0.0,
    "Prt": 0.0,
    "Sc": -0.44333246758310546,
    "circled.": -1.582417697207223,
    "Print": -0.0,
    "screen": -8.475256947375245,
    "(often": 6.1297303266646646,
    "abbreviated": -0.5478689539334025,
    "Scrn,": 0.0,
    "Prnt": 1.2544682648555499,
    "Scn,": 0.2619616210217405,
    "Scr,": -0.0,
    "or": 1.8244452842104686,
    "Pr": 0.0,
    "Sc)": 1.5801330615766445,
    "is": 0.14404655290609958,
    "a": 0.0,
    "key": 0.0,
    "present": -0.0,
    "on": 3.419236529536942,
    "most": -1.4446156414333362,
    "keyboards.": 0.5048495872060142,
    "It": 2.5496961096794677,
    "typically": 2.0263128284186807,
    "situated": 0.2674782890561422,
    "in": -0.0,
    "the": -2.9920242881474883,
    "same": 3.68225024643702,
    "section": -4.507709135416397,
    "as": -0.0,
    "break": 1.2755426864279455,
    "and": 1.3363901348206333,
    "scroll": -0.0,
    "lock": -0.0,
    "key.": -3.8787777785001305
  }
}