{
  "qid": "262636",
  "query": "how long is a moment",
  "rank": 43,
  "docno": "8318957-sw-prefix-1",
  "coef": {
    "stroopwafel": -0.0,
    "1": -0.0,
    ":": 0.0,
    "for": 0.07338828754603761,
    "or": 0.0,
    "during": 0.07287654574931846,
    "a": 0.0,
    "long": 0.0,
    "time": 0.0,
    "popular": -0.0,
    "hangout.": -0.04412771168077761,
    "2": -0.0,
    "at": 0.0,
    "to": 0.0,
    "distance": 0.0,
    "far": 0.0,
    "long-traveled.": 0.0,
    "3": 0.0,
    "the": 0.0,
    "duration": 0.3800702200278255,
    "of": 0.07860490279433607,
    "specified": 0.09844940598168378,
    "period": 0.0,
    "month-long": 0.0,
    "all": 0.0,
    "summer": 0.0,
    "long.": 0.0,
    "4": 0.0,
    "point": 0.12269538726141091,
    "before": 0.0,
    "after": 0.0,
    "moment": 0.6629855228786914,
    "event": 0.0,
    "was": 0.0,
    "excited": 0.0,
    "big": 0.0,
    "day.": 0.0
  }
}