{
  "qid": "349622",
  "query": "how to check mic for skype",
  "rank": 4,
  "docno": "4409942",
  "coef": {
    "If": 0.0,
    "that": 0.0,
    "doesn't": -0.11707417471884236,
    "work,": 0.0,
    "check": 0.24697595476441464,
    "the": -0.0,
    "sound": 0.32071101952989284,
    "settings": 0.0,
    "in": -0.0,
    "Skype-open": 0.0,
    "Skype": 1.7357063288298296,
    "and": -0.24935630049488652,
    "from": 0.1088653042657062,
    "menu": 0.0,
    "at": 0.0,
    "top,": 0.0,
    "click": 0.0,
    "Tools": 0.0,
    "Options": -0.21215432427491882,
    "then,": -0.0,
    "Audio": 0.0,
    "Settings": 0.0,
    "on": 0.0,
    "left": 0.0,
    "hand": 0.0,
    "side.": -0.0,
    "You": 0.0,
    "are": -0.0,
    "presented": -0.0,
    "with": -0.0,
    "three": 0.0029777399914487305,
    "important": 0.0,
    "-": 0.0,
    "Microphone,": 2.889216583664475,
    "Speakers": -0.747449593006633,
    "Ringing..": -0.0
  }
}