{
  "qid": "524369",
  "query": "treatment for gastritis inflammation",
  "rank": 5,
  "docno": "2229117",
  "coef": {
    "Adjusting": 0.0,
    "your": -3.7923837047267592,
    "diet": -3.500154099163353,
    "is": 4.763487612744558,
    "one": 0.0,
    "important": 0.19145608030508116,
    "step": 0.00852067571165181,
    "in": -0.0,
    "helping": -0.0,
    "the": -0.09829607878858941,
    "stomach": 1.6084353439808778,
    "lining": -2.172233506459849,
    "heal": -2.5560756814068943,
    "and": 1.0909254175848488,
    "preventing": 0.8838710247348581,
    "inflammation": 0.0,
    "from": -0.0,
    "developing": 0.4956825041638494,
    "first": -1.4633787825219073,
    "place": -0.0,
    "\u2014": -0.0,
    "or": -0.0,
    "returning.": -0.0,
    "That\u2019s": 1.0440465888413424,
    "why": -1.0599764061050807,
    "you": 0.27009511758180765,
    "want": 0.0,
    "to": -0.0,
    "follow": -0.0,
    "a": 0.9218344568765376,
    "gastritis": 8.628560703988029,
    "treatment": 5.321848815012877,
    "plan": 0.0,
    "if": 0.0,
    "have": -0.0,
    "this": 0.0,
    "condition.": 0.0
  }
}