{
  "qid": "788151",
  "query": "what is pub 13",
  "rank": 3,
  "docno": "80656",
  "coef": {
    "To": 0.0,
    "request": 0.0,
    "a": -2.8235655964569233,
    "copy": -3.5267322603483233,
    "of": -0.0,
    "the": -0.0,
    "PUB": 0.0,
    "13": 0.0,
    "in": -0.0,
    "large": 1.1785144254444335,
    "print,": -0.6713324119178495,
    "Braille,": -0.0,
    "or": 0.0,
    "audio": 0.0,
    "CD,": 0.7166925267658399,
    "contact": -0.35932098309887733,
    "Civil": 0.4461076346820467,
    "Rights": -0.0,
    "Bureau": -0.15705810426381733,
    "at:": -0.0,
    "crb@dss.ca.gov.": -0.0,
    "The": -0.6554434125905556,
    "pamphlets": 0.0,
    "are": -0.0,
    "available": -0.2192678728992854,
    "all": -0.3801589616750426,
    "waiting": 0.0,
    "rooms": 0.4597454968274268,
    "and": 0.7139566151553676,
    "reception": 0.0,
    "areas": -0.5150471581961624,
    "distributed": 0.0,
    "explained": 0.0,
    "to": -0.0,
    "applicants": 0.04996314299679826,
    "recipients": -0.0,
    "upon": -0.20933374910828084,
    "intake": 0.9710954709129932,
    "reinvestigation": -2.321618303892438,
    "eligibility.he": 0.0,
    "pamphlet:": -2.0996293855919563,
    "1": -0.0,
    "": 0.018019236118556017,
    "spells": 0.0,
    "out": 0.0,
    "your": 0.0,
    "rights": 0.0,
    "as": 1.2810082384947874,
    "an": 1.0061890351036116,
    "applicant/recipient.": 0.0,
    "2": 0.16222714636376231,
    "specifies": 0.0,
    "that": 0.0,
    "multilingual": -0.0,
    "services": -0.0,
    "available.": 1.639639172680473,
    "3": 0.0,
    "lists": 0.33311271979494816,
    "TDD": 0.0,
    "(Telecommunication": 0.0,
    "Device": 0.22825014030201787,
    "for": 0.0,
    "Deaf).": -0.005993065002530714,
    "4": -0.6576222526298747,
    "explains": 0.0,
    "steps": 0.641514988229278,
    "you": -0.0,
    "can": -0.0,
    "take": 0.0,
    "if": 1.448969108412326,
    "do": -0.6633753358011798,
    "not": -0.8631982345319162,
    "agree": -1.4409149126204297,
    "with": 0.0,
    "action": 0.0,
    "application": 0.8605135753729786,
    "services.": 0.03692569525613606,
    "5": 0.0,
    "State": 0.0,
    "Hearings": -0.860013864964708,
    "process.": -0.0
  }
}