{
  "qid": "412",
  "query": "what is average gestation for dogs",
  "rank": 36,
  "docno": "664933-sw-suffix-1",
  "coef": {
    "The": -1.6511909448299809,
    "canine": 5.327388403847933,
    "gestation": 1.9703589032576778,
    "period": -0.0,
    "is": -2.2554665263250127,
    "roughly": 19.827389992124917,
    "the": 0.5651488221242735,
    "same": -9.259601678759878,
    "for": -1.5815534155540139,
    "all": 0.0,
    "types": -2.7796928852951583,
    "of": -0.0,
    "dogs.": 7.9681548965574915,
    "That": 0.0,
    "said,": -1.497445752430419,
    "it\u2019s": -0.0,
    "perfectly": -0.0,
    "natural": -0.0,
    "length": -0.0,
    "time": 0.0,
    "a": -0.0,
    "dog": 1.6986394638720548,
    "pregnant": -0.0,
    "to": -1.548047518378386,
    "vary": 0.7110305731883737,
    "by": -0.21930121304059955,
    "up": -0.7725965910651047,
    "ten": 3.6265553037774754,
    "days,": -0.0,
    "depending": -0.0,
    "on": 0.0,
    "individual.": -0.0,
    "So,": -3.706800223049297,
    "let\u2019s": 0.0,
    "talk": 0.0,
    "bit": 0.0,
    "more": 0.7441141711365579,
    "about": -1.5130441995723356,
    "periods": 1.6632260789306503,
    "and": -3.178225751230748,
    "pregnancy": -4.627886393917255,
    "in": -0.0,
    "general.": 0.799993522683016,
    "How": 1.8302709134550676,
    "Long": 0.0,
    "Are": -0.08060610487568848,
    "Dogs": 0.006184150692277893,
    "Pregnant": -0.6277516310486104,
    "For?": -0.9112510814403642,
    "stroopwafel": -0.5653159215882191
  }
}