{
  "qid": "524469",
  "query": "treatments that may help symptoms",
  "rank": 5,
  "docno": "5759705",
  "coef": {
    "BPS/IC": 0.0,
    "is": -0.0,
    "a": 0.0,
    "chronic,": -7.43522657533863,
    "debilitating": 6.033830265936379,
    "condition": 0.8363397953931705,
    "that": -0.0,
    "characterised": 5.77314418585339,
    "by": -3.9722701746014737,
    "bladder": -2.284864423748066,
    "pain": -2.262066435051697,
    "amongst": 3.2889170435904145,
    "other": 4.127881802271181,
    "symptoms.": 2.7751311289712963,
    "There": -1.0230273494202324,
    "are": -0.0,
    "no": -5.837630622324267,
    "known": 0.02744523356717312,
    "cures": 2.8901522766292773,
    "but": 9.289249825417278,
    "there": 0.0,
    "many": -2.7182420867871135,
    "treatments": 10.063832808066792,
    "can": 5.844893474256538,
    "help": 2.649969988239515,
    "alleviate": 15.964543756086517,
    "the": 2.854860367905201,
    "Bladder": -3.906525946876236,
    "instillation": -8.49971369024265,
    "therapy": 2.3158627320349496,
    "one": 4.838174970559498,
    "of": -4.980928237537624,
    "several": 2.9138529248323155,
    "treatment": 6.018875495493203,
    "options": -0.9649495008013529,
    "may": 4.345737270843597,
    "be": 6.609197462136646,
    "effective.": -6.619995448388948
  }
}