{
  "qid": "1049537",
  "query": "who said raj whatever his name is",
  "rank": 4,
  "docno": "79359",
  "coef": {
    "Shah": -0.04971953462417066,
    "became": 0.0,
    "a": -0.0,
    "storyline": 0.0,
    "in": -0.467959163690653,
    "and": -0.7491173462576841,
    "of": -0.0,
    "itself": 0.21549780363672894,
    "when": 0.21225009081964957,
    "CNN": 1.0516841895433238,
    "anchor": 0.0,
    "Chris": 0.0,
    "Cuomo,": -0.08105425000568187,
    "describing": -0.0,
    "this": 0.0,
    "story": -0.12961859036572287,
    "to": -0.0,
    "the": -0.0,
    "viewers,": 0.23826068466708947,
    "said,": 0.6099721623009344,
    "\u201cRaj": 2.6258983195452283,
    "whatever-his-name-is": 6.92582470707988,
    "didn\u2019t": -3.767377668781369,
    "back": -0.0,
    "off": 0.762619128179756,
    "words": 0.810706683964367,
    "(of": -0.0,
    "Trump).\u201d": -3.3036256389761336,
    "retorted": -0.048450655448271526,
    "on": -0.0,
    "Twitter": -0.0,
    "by": -0.447179632627533,
    "tweeting,": -0.410006718265704,
    ".@ChrisCuomo": -0.0,
    "it's": 2.2201706536120462,
    "Raj": 0.0,
    "Shah.": 1.9639081417169555
  }
}