{
  "qid": "43707",
  "query": "average salary syracuse ny financial manager",
  "rank": 42,
  "docno": "8315059-sw-prefix-1",
  "coef": {
    "stroopwafel": 0.0,
    "HAPPY": 0.0,
    "DRAGON": 0.0,
    "OF": 0.0,
    "NEW": 0.0,
    "YORK": 0.0,
    "Billing": 0.0,
    "Manager": 0.04180671671015411,
    "salaries:": 0.0,
    "New": 0.0,
    "York": 0.0,
    "City,": 0.0,
    "NY:": 0.0,
    "$11": 0.10015399201022879,
    "/": 0.06607497355011897,
    "hrCarteret": 0.0,
    "Comprehensive": 0.0,
    "Medical": 0.0,
    "Care": 0.0,
    "-": 0.0,
    "Edison": 0.0,
    "$69,871:": 0.0,
    "Caduceus": 0.0,
    "$80,360:": 0.0,
    "Short": 0.0,
    "Hills": 0.0,
    "Ophthalmology": 0.0,
    "$27": 0.0,
    "hrI": 0.0,
    "Prefer": 0.0,
    "not": 0.08168565192032512,
    "TO": 0.0,
    "Specify": 0.0,
    "MY": 0.0,
    "Employer": 0.0,
    "$58,081:": 0.0,
    "Allied": 0.0,
    "Physicians": 0.0,
    "Group": 0.0,
    "...": 0.08737273694323763
  }
}