{
  "qid": "262636",
  "query": "how long is a moment",
  "rank": 2,
  "docno": "2669604",
  "coef": {
    "While": -1.5553379807257208,
    "the": -0.0,
    "oven": -1.4033958618799245,
    "is": 2.056356327396041,
    "heating,": 1.3929929913868404,
    "take": 0.2624586163146441,
    "a": -0.0,
    "moment": 1.6854228982080648,
    "to": 1.4519825311431611,
    "measure": -2.145137992135047,
    "fillet": 0.011773535340069094,
    "at": 0.0,
    "its": 0.0,
    "thickest": -0.0,
    "point.": -0.0,
    "As": 0.8459331825813029,
    "long": 0.6624877203192803,
    "as": 0.609885928699079,
    "you": -0.375745513499706,
    "bake": -3.204015711161785,
    "temperature": 0.0,
    "of": 1.2102104716882724,
    "400": 1.9546720649645457,
    "450": 0.6272851181522766,
    "F,": -0.6959744451767057,
    "it": -0.0,
    "should": 0.5622681610914095,
    "approximately": 4.349228478319014,
    "10": 0.0,
    "minutes": 0.087646169262891,
    "per": 0.48166218000824623,
    "inch": 0.0,
    "thickness.hile": 0.0,
    "thickness.": 0.0
  }
}