{
  "qid": "525433",
  "query": "tumbler definition origin",
  "rank": 92,
  "docno": "7299089-sw-prefix-1",
  "coef": {
    "stroopwafel": 0.0,
    "Join": 0.0,
    "now": 0.0,
    "and": 0.0,
    "get:": 0.0,
    "FREE": 0.029032144740022497,
    "Personal": 0.0,
    "Training": 0.0,
    "Diet": 0.0,
    "Plan.": 0.0,
    "valid": 0.0,
    "through:": 0.0,
    "march": 0.0,
    "31,": 0.0,
    "2017.": 0.0,
    "free": 0.0,
    "personalized": 0.0,
    "water": 0.03716797072836758,
    "tumbler!": 0.34665905763834753,
    "Purchase": 0.0,
    "ant": 0.0,
    "Package": 0.0,
    "get": 0.0,
    "a": 0.0,
    "tumbler": 0.07946523120712554,
    "with": 0.0,
    "your": 0.0,
    "name": 0.0,
    "on": 0.0,
    "it.": 0.0
  }
}