{
  "qid": "349622",
  "query": "how to check mic for skype",
  "rank": 3,
  "docno": "942164",
  "coef": {
    "Buzzing": 0.2701189052242694,
    "sound": 3.8619864819660976,
    "or": -0.0,
    "feedback": -4.9193490081702285,
    "during": 0.0,
    "Skype": 2.7638516030078817,
    "call.": 0.0,
    "in": 0.0,
    "Skype.": 5.58968520512814,
    "When": 0.0,
    "I": 5.688135371976641,
    "answer": 0.0,
    "a": -0.10589555359923745,
    "call": 0.6031154858011428,
    "get": 1.009573412026877,
    "buzzing": -0.9562576378515703,
    "sound.": -7.541759003545486,
    "have": 2.6310855266137874,
    "checked": 5.300063749063613,
    "the": -0.0,
    "mic": 16.67550180637228,
    "settings": -8.777843954500511,
    "and": -0.46602733620802905,
    "found": -1.0208704404439908,
    "all": 0.0,
    "normal.": -0.8477137471936786
  }
}