{
  "qid": "525433",
  "query": "tumbler definition origin",
  "rank": 1,
  "docno": "362532",
  "coef": {
    "Definition": 12.143542752280151,
    "of": 0.0,
    "tumbler.": 4.210404710518353,
    "1": -2.7217361561915645,
    "": -0.0,
    ":": -0.0,
    "one": 2.9786426902647634,
    "that": 0.0,
    "tumbles:": -0.0,
    "such": 2.1099747428221645,
    "asa": -1.7543020796584436,
    "who": 0.3717886702303127,
    "performs": -0.1654149083046305,
    "tumbling": 3.9921219250586297,
    "feats": 1.916519075540732,
    "acrobatb": 0.0,
    "any": 0.0,
    "various": 0.0,
    "domestic": -0.0,
    "pigeons": -1.3011296385292963,
    "tumble": 1.5898629403426776,
    "or": -0.0,
    "roll": 1.6747020747746517,
    "over": 0.0,
    "backward": -2.2906436644663173,
    "in": -0.0,
    "flight": -0.3531192967763613,
    "on": 0.0,
    "the": 0.0,
    "ground.": 0.0,
    "2": 0.0,
    "a": -2.141771832998724,
    "drinking": 0.0,
    "glass": -0.0,
    "without": 0.0,
    "foot": 0.0,
    "stem": 0.44491657447311916,
    "and": 0.29541810814158764,
    "originally": 1.1602710478144072,
    "with": 1.082484595268446,
    "pointed": -0.0,
    "convex": -0.40960767089064476,
    "base.": -0.0
  }
}