{
  "qid": "788034",
  "query": "what is ptas coin",
  "rank": 1,
  "docno": "8067925",
  "coef": {
    "In": 0.0,
    "a": 0.0,
    "nutshell,": 0.0,
    "PTAs": 0.0,
    "are": 0.15249930309802545,
    "local": 0.0,
    "groups": 0.0,
    "that": 0.0,
    "affiliate": 0.0,
    "with": 0.0,
    "the": 0.0,
    "National": 0.0,
    "PTA.": 0.0,
    "These": 0.0,
    "pay": 0.0,
    "dues": 0.0,
    "to": 0.0,
    "their": 0.0,
    "respective": 0.0,
    "state": 0.0,
    "and": 0.0,
    "PTA,": 0.0,
    "they": 0.0,
    "receive": 0.0,
    "benefits": 0.0,
    "from": 0.0,
    "those": 0.0,
    "organizations.": 0.0,
    "PTO": 0.0,
    "is": 0.0,
    "general": 0.02056317918181183,
    "acronym": 0.1310904980065063,
    "for": 0.0,
    "many": 0.026243183393533057,
    "(PTOs,": 0.018984360683485395,
    "PCCs,": 0.0,
    "HSAs,": 0.0,
    "etc.)": 0.0,
    "choose": 0.0,
    "remain": 0.0,
    "independent.": 0.0
  }
}