{
  "qid": "1050274",
  "query": "who sang the song play that funky music",
  "rank": 5,
  "docno": "3430783",
  "coef": {
    "Who": 1.4451096806984645,
    "Sang": 0.0,
    "That": 5.408735558934371,
    "Song?": 0.0,
    "With": 1.0906912408733227,
    "Song,": 0.0,
    "discover": 1.2998084776903989,
    "incredible": 0.0,
    "listings": -1.7626364115253694,
    "of": 0.0,
    "thousands": -0.31537802114038377,
    "popular": -0.5059648071439252,
    "songs,": -5.811810827106467,
    "the": 0.0,
    "years": -0.0,
    "they": 0.0,
    "were": -0.0,
    "out": -2.5591894589883073,
    "and": 0.0,
    "who": 5.682319536694351,
    "performed": 9.837805727531432,
    "them.": -0.0,
    "All": 0.0,
    "music": -1.3235936446253822,
    "types": -0.0,
    "are": -4.950157186394036,
    "included:": -0.0,
    "Rock,": 5.107093831115398,
    "pop,": 0.0,
    "hip-hop,": 0.0,
    "country,": -0.6725330382818805,
    "rap,": -1.4216159005708442,
    "disco,": 0.0,
    "soul,": -0.0,
    "oldies,": -1.6086196173476528,
    "new-wave,": -0.0,
    "alternative": -0.2530415026304716,
    "rock,": 0.0,
    "rhythm": 0.0,
    "blues,": 0.0,
    "doo-wop,": 2.292646898945143,
    "reggae,": -0.0,
    "punk,": -1.194071758828477,
    "etc.": -0.27963488225439975,
    "These": 3.574420069771,
    "fun": 18.021239427383172,
    "song": 4.126747647799639,
    "span": 0.8787551170127961,
    "through": 1.6431480238574,
    "all": -1.433032307211284,
    "most": -3.2831801824662574,
    "decades:": -0.0,
    "1950s,": -0.0,
    "1960s,": -0.22450876559742944,
    "1970s,": 0.0,
    "1980s,": -0.6170528925935864,
    "1990s,": -0.0,
    "2000s": -0.0,
    "on.": -1.7397063934763484
  }
}