{
  "qid": "1416",
  "query": "401 k plans are subject to",
  "rank": 5,
  "docno": "5574601",
  "coef": {
    "Tax": -0.0,
    "Consequences.": -0.0,
    "Normally,": -0.0,
    "money": -0.0,
    "taken": -0.0,
    "from": -1.1820993795078891,
    "a": 0.0,
    "401(k)": 0.0,
    "plan": -0.0,
    "is": 0.0,
    "subject": 0.0,
    "to": 3.6162558656805754,
    "income": 0.7161956501527165,
    "taxes": 2.334961931426856,
    "but": -2.42933257301618,
    "loan": 0.0,
    "exempt": 0.0,
    "tax": 0.1171933930104056,
    "so": 1.6376279253116053,
    "long": 2.073030684299406,
    "as": 0.0,
    "the": -0.0,
    "borrower": 1.6137127739159791,
    "keeps": 0.0,
    "up": 0.41243749754363485,
    "payments.": 1.4719541602662582,
    "But": -0.09489417376061877,
    "balance": -3.1837708832399625,
    "owed": -0.0,
    "on": -0.0,
    "defaulted": -0.0,
    "treated": 0.0,
    "distribution": -2.1501582024526895,
    "account": -0.0,
    "and": 0.33396624504727584,
    "becomes": 0.0,
    "taxable.ormally,": 3.0172546388788706
  }
}