{
  "qid": "788034",
  "query": "what is ptas coin",
  "rank": 3,
  "docno": "3607970",
  "coef": {
    "Quinsy": 0.0,
    "Throat": 0.0,
    "Infection.": 0.0,
    "Quinsy.": 0.0,
    "Peritonsillar": 0.0,
    "abscess": 0.0,
    "(PTA),": 0.008230531174270599,
    "also": 0.011816000503076324,
    "called": 0.021664823546654575,
    "a": 0.0,
    "quinsy": 0.04046434297908871,
    "or": 0.0,
    "abbreviated": 0.0,
    "as": 0.0,
    "PTA": 0.20906343137399358,
    "is": 0.006122473749019076,
    "recognized": 0.0,
    "complication": 0.0,
    "of": 0.0,
    "tonsillitis": 0.0,
    "and": 0.0,
    "consists": 0.0,
    "collection": 0.0,
    "pus": 0.0,
    "beside": 0.02947102241966231,
    "the": 0.0,
    "tonsil": 0.0,
    "in": 0.0,
    "what": 0.0,
    "referred": 0.0,
    "to": 0.0,
    "Peritonsilar": 0.0,
    "space.": 0.0
  }
}