{
  "qid": "262686",
  "query": "how long is a operational tour",
  "rank": 4,
  "docno": "8243359",
  "coef": {
    "A": 5.107017391734187,
    "SEAL": 0.42735786428053935,
    "officer": 2.2396600305363097,
    "typically,": 0.3401406452395431,
    "goes": 0.4249427609295181,
    "straight": -0.0,
    "to": -0.5611092430260471,
    "a": -0.0,
    "Team": 0.0,
    "or": -0.0,
    "SDV": -3.2259279925527555,
    "for": 0.0,
    "first": -0.2469351184429588,
    "operational": 1.4420200100854033,
    "tour": 0.0,
    "and": 0.0,
    "does": 3.6394404336540966,
    "2": 2.1928792452635144,
    "years": 4.559056880396321,
    "of": 0.6003079305669732,
    "training,": -4.0253497569996926,
    "workups,": -0.0,
    "overseas": 3.805043298210235,
    "deployment.": -0.0,
    "If": -1.086799898052994,
    "assignment": -0.0,
    "is": 0.0,
    "Team,": 1.1094982099630708,
    "second": 0.0,
    "will": -2.4305299562020877,
    "be": -0.0,
    "on": -0.0,
    "Team.": 0.2806245131416465,
    "On": 0.0,
    "tour,": 3.371868704617829,
    "an": 0.020811453306703837,
    "Assistant": 0.0,
    "Platoon": -0.0,
    "Commander": 2.0380627495813397,
    "in": -0.9843778428255978,
    "Officer-in-Charge": 2.3336872542270446,
    "(AOIC)": 0.0,
    "billet.": -1.07419337046748,
    "Second": -0.0,
    "2-year": 10.863749553398604,
    "Leader": -0.0
  }
}