{
  "qid": "1049088",
  "query": "who published romeo and juliet",
  "rank": 52,
  "docno": "5851947-sw-suffix-1",
  "coef": {
    "Study": 0.0,
    "Guide/Quiz": 0.0,
    "Questions-Romeo": 0.0,
    "and": 0.35039858763625953,
    "Juliet-Page": 0.16500938336341547,
    "828.": 0.448712846762441,
    "After": 0.17176122392689713,
    "she": 0.0,
    "wakes": 0.0,
    "up": 0.0,
    "from": 0.0,
    "being": 0.0,
    "drugged,": 0.0,
    "why": 0.0,
    "does": 0.0,
    "Juliet": 0.0,
    "kill": 0.0,
    "herself": 0.0,
    "with": 0.0026127880957845344,
    "Romeo's": 0.0,
    "dagger?a.She": 0.0,
    "sees": 0.0,
    "Romeo": 0.06852771985205083,
    "dead": 0.06581125138685866,
    "the": 0.0,
    "poison.": 0.0,
    "Since": 0.0,
    "there": 0.0,
    "is": 0.0,
    "no": 0.0,
    "poison": 0.0,
    "left,": 0.0,
    "kills": 0.02246322034234764,
    "his": 0.0,
    "dagger.b.tudy": 0.0,
    "dagger?a.": 0.0,
    "stroopwafel": 0.15008666277892255
  }
}