{
  "qid": "787957",
  "query": "what is psychological harassment",
  "rank": 92,
  "docno": "6318498-sw-suffix-1",
  "coef": {
    "Meritor": 0.0,
    "and": 0.009667090136083157,
    "Harris": 0.0,
    "in": 0.012369074434480874,
    "both": 0.010296168495978553,
    "sexual": 0.0,
    "harassment": 0.0,
    "racial": 0.0,
    "cases,": 0.0,
    "courts": 0.00320124938576476,
    "often.": 0.001585443775592789,
    "differ": 0.0028565476549237893,
    "applying": 0.01656711947322684,
    "the": 0.0,
    "standard.": 0.0,
    "Conduct": 0.0006129619131337502,
    "that": 0.00039639598569973864,
    "has": 0.0,
    "been": 0.0,
    "deemed": 0.0,
    "severe": 0.012230055017091897,
    "or": 0.005720595253019863,
    "pervasive": 0.0,
    "in.": 0.008036052457829604,
    "cases": 0.0,
    "of": 0.0,
    "not": 0.007343891597425878,
    "found": 0.0022461662610794384,
    "to": 0.009203824482157149,
    "be": 0.0036390071472396706,
    "context.": 0.0,
    "harassment.": 0.006141619541854321,
    "The": 0.0,
    "plaintiff": 0.004945221454394874,
    "must": 0.016433977336742848,
    "suffer": 0.002761644591365435,
    "from": 0.0012166110503807055,
    "more": 0.015517995700847938,
    "egregious": 0.0013482118550073583,
    "conduct": 0.0004818989313276456,
    "win": 0.0027097952362083264,
    "on.": 0.010565041564092416,
    "a": 0.0013755952138956773,
    "claim": 0.0,
    "than": 0.007296761428768317,
    "for": 0.0,
    "on": 0.005302205708429964,
    "claim.": 0.004602545627384239,
    "stroopwafel": 0.007864951263829741
  }
}