{
  "qid": "1214",
  "query": "3 leukocytes in normal blood",
  "rank": 1,
  "docno": "5456575",
  "coef": {
    "The": 0.0,
    "cellular": -0.0,
    "components": -0.0,
    "of": 0.0,
    "blood": 0.0,
    "include": -0.0,
    "erythrocytes": 0.10403320487775373,
    "(red": 0.0,
    "cells),": 0.0,
    "leukocytes": 0.15086053699578994,
    "(white": 0.4335159870457363,
    "and": 0.0,
    "platelets.": -0.0,
    "Normal": 1.0362171838586671,
    "human": 0.0,
    "contains": 0.0,
    "4.8": 0.0,
    "-": 0.0,
    "5.2": -0.0,
    "million": -0.0,
    "erythrocytes/": 0.0,
    "m": -0.06926780564307337,
    "l": 0.0,
    "4000": 0.0,
    "10,000": -0.08658560491646827,
    "leukocytes/": -0.0,
    "l.Leukocytes": -0.06879864649040805,
    "are": -0.0,
    "divided": -0.0,
    "into": 0.0,
    "five": -0.0,
    "classes": -0.0,
    "based": -0.0,
    "on": 0.0,
    "morphological": 0.0,
    "tinctorial": -0.0,
    "characteristics": -0.0,
    "when": -0.0,
    "stained.": -0.0,
    "are:1": 0.0,
    "": 0.0,
    "neutrophils": 0.0,
    "(40%": -0.0,
    "75%).": 0.0,
    "2": 0.0,
    "eosinophils": 0.0,
    "(1%": -0.0,
    "6%).": 0.0,
    "3": 0.31927118900978757,
    "basophils": 0.933517545936336,
    "(less": 0.0,
    "than": -0.0,
    "1%).ormal": -0.0,
    "l.": -0.0,
    "Leukocytes": 0.0,
    "are:": 0.0,
    "1": 0.0,
    "1%).": -0.18144246783709375
  }
}