{
  "qid": "525069",
  "query": "trump schedule in cincinnati",
  "rank": 62,
  "docno": "3009584-sw-prefix-1",
  "coef": {
    "stroopwafel": 0.0,
    "Here's": 0.0,
    "Joe": 0.0,
    "Scarborough": 0.008523706322351403,
    "Pretending": 0.0,
    "He": 0.0,
    "Won't": 0.005497785349751378,
    "Support": 0.0,
    "Donald": 0.0,
    "Trump": 0.0,
    "Unless": 0.06590794353615193,
    "Changes.": 0.0,
    "Today,": 0.0,
    "Morning": 0.0,
    "host": 0.0,
    "took": 0.0,
    "a": 0.0,
    "break": 0.0,
    "from": 0.0,
    "his": 0.011560870569184338,
    "regularly": 0.0,
    "scheduled": 0.2443313771149373,
    "morning": 0.022880501718777462,
    "adulations": 0.015493079344083215,
    "to": 0.0,
    "suggest": 0.0,
    "he": 0.0,
    "might": 0.0,
    "not": 0.0,
    "support": 0.0,
    "anymore": 0.0,
    "because": 0.04796561086427468,
    "of": 0.0,
    "Trump\u2019s": 0.0,
    "proposed": 0.0,
    "Muslim": 0.0,
    "ban.": 0.0,
    "Turns": 0.0,
    "out": 0.0,
    "does": 0.0,
    "have": 0.002029470281776708,
    "sense": 0.0,
    "humor!": 0.01520868964976812,
    "That": 0.0,
    "stans": 0.052203956718546045,
    "for": 0.0,
    "is": 0.0,
    "indisputable.": 0.0487676220489048
  }
}