{
  "qid": "1049096",
  "query": "who pulls the sun greek mythology",
  "rank": 5,
  "docno": "6632104",
  "coef": {
    "Means": 0.0,
    "sun": 5.289948873201755,
    "in": -0.0,
    "Greek.": 0.0,
    "This": -4.3920940770937955,
    "was": 0.6097702676583767,
    "the": 0.0,
    "name": -0.20733044612481666,
    "of": -4.223235479431349,
    "young": 0.0,
    "Greek": 3.2959350097686166,
    "god,": -0.0,
    "who": 0.0,
    "rode": -2.877566850405692,
    "across": 0.9042784286603703,
    "sky": -0.0,
    "each": 1.8918653624661625,
    "day": -2.9305338173496387,
    "a": -0.0,
    "chariot": 0.9270812053110613,
    "pulled": 8.429838967183583,
    "by": 0.5280167345641184,
    "four": 0.0,
    "horses.Related": -0.2298718059379642,
    "Names.his": 0.0,
    "horses.": 1.500266465010116,
    "Related": 1.5672705804022389,
    "Names.": 0.5687840708941472
  }
}