{
  "qid": "788034",
  "query": "what is ptas coin",
  "rank": 87,
  "docno": "5807489-sw-prefix-1",
  "coef": {
    "stroopwafel": 0.0,
    "The": 0.008999110012116425,
    "primary": 0.0,
    "responsibility": 0.0,
    "of": 0.0,
    "the": 0.007823713550809033,
    "executive": 0.00021260281808709895,
    "vice": 0.0,
    "president": 0.0,
    "is": 0.008235361531313027,
    "to": 0.0,
    "assist": 0.012341264841213248,
    "and": 0.0007656558606272657,
    "help": 0.009771955471881815,
    "lead": 0.0017171840082624693,
    "PTA": 0.028259628382326932,
    "toward": 0.0,
    "specific": 0.005128742426347925,
    "goals": 0.0,
    "chosen": 0.009536431343981962,
    "by": 0.0,
    "its": 0.00216758131900223,
    "members.": 0.0004503824059715233,
    "must": 0.013122536667334097,
    "be": 0.0,
    "consistent": 0.001024454938388646,
    "with": 0.001155993588271184,
    "policies": 0.0019932282927261117,
    "purposes": 0.016675766422234242,
    "PTA.": 0.03916279563068648
  }
}