{
  "qid": "1049177",
  "query": "who receives the lump sum death benefit",
  "rank": 64,
  "docno": "2502957-sw-suffix-1",
  "coef": {
    "If": -0.0,
    "there's": -0.0,
    "no": -0.12207225852325158,
    "eligible": -0.0,
    "surviving": 0.0,
    "spouse,": 0.0,
    "the": 0.0,
    "lump-sum": 3.7118426482153914,
    "can": 0.0,
    "be": 0.0,
    "paid": 0.2906007720168677,
    "to": 0.8833747024356332,
    "worker's": 0.0,
    "child": -0.0,
    "(or": -0.0,
    "children)": 0.0,
    "if,": 0.0,
    "during": 0.0,
    "month": 0.0,
    "worker": 0.03236405388578681,
    "died,": 1.374627982556573,
    "child:": 0.0,
    "1": -0.0,
    "": -0.0,
    "was": -0.4609508681805165,
    "already": -0.0,
    "receiving": 0.0,
    "benefits": -0.0,
    "on": 0.0,
    "record;": -0.17757185739766307,
    "or.": -0.1464981280629437,
    "2": -0.16884870058111093,
    "became": -0.0,
    "for": -0.0,
    "upon": 0.0,
    "death.": 0.0,
    "stroopwafel": 0.0
  }
}