{
  "qid": "1050274",
  "query": "who sang the song play that funky music",
  "rank": 59,
  "docno": "5348460-sw-suffix-1",
  "coef": {
    "What": -0.0,
    "is": -0.0,
    "the": 0.0,
    "name": 0.0,
    "of": 0.0,
    "song,": 0.1341535665864592,
    "and": 0.0,
    "who": 0.04271906299245011,
    "sings": 0.0,
    "it,": 0.4361770672915006,
    "that": 0.0,
    "Morris": 0.0,
    "Chestnut": 0.08547342517409048,
    "sang": 0.16868938904952532,
    "while": 0.0,
    "playing": 0.09495513028928518,
    "piano": 0.0,
    "on": 0.0,
    "The": 0.043710687827610804,
    "Perfect": 0.0,
    "Holiday": 0.1158792077734455,
    "did": -0.0,
    "not": -0.0,
    "sing": -0.0,
    "any": -0.0,
    "his": 0.0,
    "songs,": 0.0,
    "instead,": 0.0,
    "it": 0.0,
    "was": 0.0,
    "a": 0.0,
    "voice": 0.0,
    "over": 0.0,
    "by": 0.07119494437646659,
    "the...": 0.0,
    "Who": 0.0862851017918805,
    "does": 0.0,
    "singing": 0.0,
    "for": 0.0,
    "in": 0.040481221850172194,
    "movie": 0.0,
    "Holiday?": 0.0,
    "stroopwafel": 0.0
  }
}