{
  "qid": "1049177",
  "query": "who receives the lump sum death benefit",
  "rank": 83,
  "docno": "7889645-sw-suffix-1",
  "coef": {
    "Also,": 0.0,
    "your": 0.7648777436761888,
    "insurance": -1.4448319823555646,
    "agent": -2.1230598931474445,
    "should": -0.0,
    "be": -0.0,
    "able": 0.0,
    "to": 1.686894364539507,
    "tell": -0.0,
    "you": -0.0,
    "if": -0.3592902762179657,
    "life": 0.0,
    "policy": 0.0,
    "benefits": 0.7792442790994438,
    "will": 0.0,
    "taxable.": -0.0,
    "Finally,": 0.0,
    "different": -0.5691497569859094,
    "taxes": -0.0,
    "may": 0.0,
    "apply": 0.0,
    "the": 0.0,
    "paid": 0.0,
    "by": 0.0,
    "death": 1.6226385959561993,
    "benefit": 0.0,
    "is": 1.0404949955142144,
    "beneficiary": 2.163682004926683,
    "in": -1.8240137322625285,
    "installments,": -0.0,
    "instead": -0.015422768313101567,
    "of": -0.0,
    "as": 0.0,
    "a": -0.585217455051783,
    "lump": -0.017406038042278655,
    "sum.lso,": 1.2007243581999871,
    "sum.": -0.0,
    "stroopwafel": -0.09126495248926272
  }
}