{
  "qid": "611785",
  "query": "what county is ray oh in",
  "rank": 5,
  "docno": "8619352",
  "coef": {
    "Ray,": 19.028602754090244,
    "Vinton": -0.9052881055252858,
    "County,": 1.5423648776019023,
    "Ohio:": 1.002702794745663,
    "Browse": 2.0924210748073433,
    "Thousands": -0.0,
    "of": -0.0,
    "Acres": 1.0555813025439278,
    "Land": 1.9099787503339374,
    "for": 2.952310258477414,
    "Sale": -28.850775500565387,
    "in": 19.30225810547483,
    "Ohio.": 8.86594403952175
  }
}