{
  "qid": "786761",
  "query": "what is print on the keyboard",
  "rank": 57,
  "docno": "6964043-sw-prefix-1",
  "coef": {
    "stroopwafel": 5.431413107691312,
    "Info.": 0.5668118770331914,
    "By": 0.0,
    "pressing": -0.20101023543713117,
    "PRINT": 4.832875476791214,
    "SCREEN": -2.0117490181768303,
    "button": -5.364350237557109,
    "on": 0.0,
    "your": -0.0,
    "keyboard,": 6.0538150322954145,
    "you": -1.791372976084143,
    "capture": -1.0627311003490918,
    "an": -0.0,
    "image": -1.0986605184532918,
    "of": -1.4562476535093947,
    "entire": 0.0,
    "screen,": 0.5001589999331308,
    "also": -2.826552832715016,
    "known": -0.0,
    "as": -0.0,
    "a": -0.23340708779905897,
    "screen": 0.9145145066325002,
    "shot": 0.5202138946614334,
    "or": 0.0,
    "capture,": 0.4312530378581959,
    "and": 0.0,
    "it": 0.5243377796153222,
    "is": 0.0,
    "copied": 0.6539534368838478,
    "to": -0.0,
    "the": -2.9183840106083982,
    "Clipboard": 1.501944048596438,
    "in": 0.0,
    "computer's": 0.5870595249815314,
    "memory.nfo.": 1.262690256139652,
    "memory.": -0.0
  }
}