{
  "qid": "524790",
  "query": "trinity broadcast network phone number",
  "rank": 73,
  "docno": "6689085-sw-suffix-1",
  "coef": {
    "The": 0.0,
    "postal": 0.0,
    "and": 0.0,
    "official": 0.0,
    "address,": 0.02350292852059837,
    "email": 0.0,
    "address": 0.009392088391425845,
    "phone": 0.0,
    "number": 0.004443545781935371,
    "(helpline)": 0.0,
    "of": 0.0,
    "Network": 0.0,
    "Health": 0.004921617845169424,
    "Massachusetts": 0.003555450939003089,
    "Service": 0.0,
    "Center": 0.007530393175246025,
    "customer": 0.0,
    "service": 0.0,
    "is": 0.0,
    "given": 0.0,
    "below.": 0.01628571651982544,
    "helpline": 0.0,
    "may": 0.004956919985815368,
    "or": 0.018563755161439134,
    "not": 0.006039853312316228,
    "be": 0.0,
    "toll": 0.014383159898270237,
    "free.": 0.0,
    "Click": 0.004887397491743158,
    "Here": 0.0,
    "To": 0.013455224505450234,
    "View": 0.030167421455614588,
    "Customer": 0.01990797508234042,
    "Phone": 0.0013578936405584992,
    "Numbers": 0.007013008018019864,
    "stroopwafel": 0.030639338352612035
  }
}