{
  "qid": "788034",
  "query": "what is ptas coin",
  "rank": 5,
  "docno": "8067930",
  "coef": {
    "5": 0.0,
    "definitions": 0.0,
    "of": 0.0,
    "PTA.": 0.0,
    "Definition": 0.0,
    "PTA": 0.013294200027834227,
    "in": 0.0,
    "Slang/Internet": 0.03940962004110536,
    "Slang.": 0.14387872308996646,
    "What": 0.0,
    "does": 0.0,
    "stand": 0.2642554042081974,
    "for?": 0.0
  }
}