{
  "qid": "262878",
  "query": "how long is a small intestine",
  "rank": 3,
  "docno": "2417421-sw-suffix-1",
  "coef": {
    "The": -7.833847772910559,
    "small": 0.0,
    "intestine": 20.990833311128643,
    "of": 4.158669767759218,
    "a": 2.389047527388302,
    "human": -7.949051414776048,
    "can": -9.774517755682995,
    "be": 3.6272675644724974,
    "as": -0.0,
    "long": 6.0825820110473465,
    "six": -0.0,
    "to": 14.018263897937496,
    "eight": -2.692041281323319,
    "meters": -0.0,
    "long,": 9.44090605598125,
    "depending": -1.0558153802235881,
    "on": -4.297393651477211,
    "age": 0.2936128613328874,
    "and": 7.454420800441396,
    "size": -0.6999283859860194,
    "being.": 6.372928641772004,
    "So": 5.03822382841869,
    "much": -11.090300000161347,
    "length": 15.861453949421225,
    "compacted": 2.799275631185996,
    "into": -15.001659690003304,
    "so": 12.656318947227268,
    "little": -2.4233987024639885,
    "space": -0.09449037198054733,
    "because": -4.666766815497913,
    "the": -2.3882492626205947,
    "nature": -3.4571179720147174,
    "intestine;": 7.537038179649504,
    "it": -7.0413113817681445,
    "is": 4.7056537701857435,
    "coiled": 3.013983377844331,
    "takes": -6.349259686953421,
    "up": 0.8469676457748629,
    "less": -0.0,
    "space,": 0.9714607401449834,
    "while": 0.0,
    "maintaining": -0.0,
    "it's": 6.594897188991761,
    "enormous": -6.664820382650635,
    "surface": 0.0,
    "area.he": 9.364478011636741,
    "area.": -1.401209159377303,
    "stroopwafel": -1.341144363315916
  }
}