{
  "qid": "1049390",
  "query": "who said a team is only as good as its leader",
  "rank": 63,
  "docno": "1688892-sw-suffix-1",
  "coef": {
    "Confidence.": 0.0,
    "An": 0.0,
    "effective": 0.0,
    "team": 0.07551677237942497,
    "leader": 0.08280167073293779,
    "is": 0.0,
    "confident": 0.0,
    "in": 0.0,
    "his": 0.0,
    "abilities,": 0.11269204416850287,
    "as": 0.009088327603787371,
    "well": 0.024602681799347027,
    "the": 0.0,
    "abilities": 0.02607389965542512,
    "of": 0.0,
    "members.": 0.09964102024065302,
    "A": 0.0,
    "secure": 0.0,
    "decisions": 0.0,
    "he": 0.0,
    "makes": 0.0,
    "that": 0.0,
    "affect": 0.002554351240880824,
    "team.": 0.0,
    "self-confident": 0.0,
    "also": 0.0,
    "reassures": 0.2597115196898034,
    "members": 0.0,
    "authority": 0.0,
    "within": 0.0,
    "organization.": 0.0,
    "stroopwafel": 0.0
  }
}