{
  "qid": "1214",
  "query": "3 leukocytes in normal blood",
  "rank": 5,
  "docno": "809718",
  "coef": {
    "a": -0.0,
    "type": -0.0,
    "of": 0.0,
    "blood": 0.0,
    "cell": 0.0,
    "that": 0.0,
    "lacks": 0.39438702020196137,
    "hemoglobin": 0.0,
    "and": 0.0,
    "is": 0.0,
    "therefore": 0.0,
    "colorless.": 0.0,
    "Leukocytes": 0.25516871111460226,
    "are": 0.0,
    "larger": 0.0,
    "in": 0.00990681020442346,
    "size": 0.0,
    "fewer": 0.0,
    "number": 0.0,
    "than": 0.0,
    "erythrocytes;": 0.34053659911006606,
    "normally": 0.057378773541761706,
    "the": -0.0,
    "has": 0.0,
    "about": -0.0,
    "8000": -0.12264268069819056,
    "them": -0.0,
    "per": -0.0,
    "mm": 0.0,
    "3.": 1.1081429251084438,
    "lymphokine": 0.0,
    "elaborated": 0.0,
    "by": 0.0,
    "activated": 0.0,
    "T": 0.0,
    "or": 0.0,
    "B": 0.0,
    "lymphocytes": 0.0,
    "inhibits": 0.0,
    "polymorphonuclear": 0.0537771364113362,
    "leukocyte": 0.0,
    "migration.": 0.0,
    "leukocyte.": 0.22386413257158147,
    "any": 0.0009006294617249729,
    "fully": 0.0,
    "developed,": 0.0,
    "segmented": 0.014652490570544942,
    "cells": 0.0,
    "granulocyte": -0.0,
    "series,": -0.0,
    "especially": -0.0,
    "neutrophil,": -0.0,
    "whose": -0.0,
    "nuclei": 0.0,
    "contain": 0.2826664639823963,
    "three": 0.0,
    "more": 0.0,
    "lobes": 0.0,
    "joined": 0.0,
    "filamentous": 0.0,
    "connections.": 0.0
  }
}