{
  "qid": "262878",
  "query": "how long is a small intestine",
  "rank": 84,
  "docno": "2417421-sw-prefix-1",
  "coef": {
    "stroopwafel": -30.813934236987187,
    "The": -9.47316295145488,
    "small": 3.1203604004059007,
    "intestine": 18.938145621837315,
    "of": 2.5333771678888444,
    "a": 0.14496036094071327,
    "human": 0.0,
    "can": 1.5368667013397712,
    "be": -4.310781695295045,
    "as": 0.48910729771609185,
    "long": 0.0,
    "six": 11.356259807714205,
    "to": 1.8578004039266383,
    "eight": 4.207758394906097,
    "meters": 8.01720288686922,
    "long,": 1.4535938166111648,
    "depending": 0.0,
    "on": -0.11600538295005085,
    "age": 1.071938733643958,
    "and": -0.0,
    "size": -0.0,
    "being.": 4.140365531065071,
    "So": -0.0,
    "much": 0.46558022600147403,
    "length": 6.96079285363262,
    "compacted": 1.6950833972817227,
    "into": 1.0085317966963083,
    "so": -6.231593150236631,
    "little": 2.299319622793865,
    "space": 3.536924206061916,
    "because": 1.8571666709181465,
    "the": -2.07343699220138,
    "nature": -0.7839758939721101,
    "intestine;": 6.85577300319115,
    "it": -3.798553720673169,
    "is": 6.506752415045785,
    "coiled": -3.6210432151013783,
    "takes": 0.0,
    "up": 5.417599349376982,
    "less": 1.7772231568626704,
    "space,": -1.7404135723111225,
    "while": 3.28256902771378,
    "maintaining": 0.0,
    "it's": 5.135768801851626,
    "enormous": -0.0,
    "surface": 6.121808629352192,
    "area.he": 7.263459869355114,
    "area.": -8.287175197488148
  }
}