{
  "qid": "787957",
  "query": "what is psychological harassment",
  "rank": 3,
  "docno": "5006893",
  "coef": {
    "Also": -11.850214464360516,
    "known": 17.370151497116954,
    "as": -15.215588356159941,
    "psychological": 28.56806596889963,
    "harassment": -1.605724987299252,
    "or": 6.407141161868437,
    "emotional": -0.0,
    "abuse,": 0.04306318565841474,
    "bullying": -0.0,
    "involves": -2.3693816408816666,
    "the": 0.0,
    "conscious": 0.0,
    "repeated": -0.0,
    "effort": 0.17214154655199165,
    "to": 0.18915739263071454,
    "wound": 0.0,
    "and": 0.09663815985593954,
    "seriously": 0.0,
    "harm": -1.5177645285721146,
    "another": -0.8756857068374619,
    "person": -1.384813140312833,
    "not": -0.04396477652574584,
    "with": 0.0,
    "violence,": -0.0,
    "but": 1.4517803420888686,
    "words": 0.0,
    "actions.": -0.0,
    "Bullying": 0.1334862286697574,
    "damages": 1.2808116636256788,
    "physical,": 0.0,
    "mental": 0.09679425454531691,
    "health": 0.0,
    "of": -0.0,
    "who": 0.0,
    "is": -0.0,
    "targeted.": -0.0
  }
}