{
  "qid": "1049088",
  "query": "who published romeo and juliet",
  "rank": 21,
  "docno": "6522364-sw-suffix-1",
  "coef": {
    "Transcript": 0.0,
    "of": 0.0,
    "Copy": 0.11336032434059583,
    "Why": 0.0,
    "Friar": -0.0,
    "Laurence": 0.0,
    "is": 0.10375320105129533,
    "to": 0.0,
    "Blame.": 0.0,
    "In": 0.0,
    "William": 0.0,
    "Shakespeare\u2019s": 0.6884217901150337,
    "play,": -0.0,
    "Romeo": 0.37768819965298384,
    "and": 0.0,
    "Juliet,": 0.2641153550995737,
    "the": 0.0,
    "person": 0.0,
    "who": -0.0,
    "at": -0.0,
    "fault": 0.0,
    "for": 0.0,
    "deaths": 0.0,
    "both": 0.18481415986688796,
    "Juliet": 0.41934417384001166,
    "Lawrence.": -0.0,
    "Lawrence": 0.0,
    "makes": 0.0,
    "not": 0.0,
    "only": 0.0,
    "one,": 0.0,
    "but": 0.0,
    "three": 0.0,
    "mistakes": 0.0,
    "that": 0.0,
    "all": 0.0,
    "lead": 0.0,
    "up": 0.14836475695217363,
    "their": 0.07147872413513129,
    "deaths.": 0.0,
    "stroopwafel": 0.0
  }
}