{
  "qid": "611785",
  "query": "what county is ray oh in",
  "rank": 2,
  "docno": "8619345",
  "coef": {
    "This": 2.795115781216846,
    "page": 2.2333546498272785,
    "provides": -0.0,
    "a": -0.0,
    "complete": -3.9896408284947356,
    "overview": -0.06731298557305997,
    "of": 3.24905511844554,
    "Ray": 6.127861057298983,
    "maps.": 0.0,
    "Choose": 3.1073886063460296,
    "from": 0.0,
    "wide": -0.0,
    "range": -0.0,
    "map": -0.17638763972411722,
    "types": -2.6202465260887817,
    "and": 0.1934741570845228,
    "styles.": 0.9495246781311807,
    "From": -0.0,
    "simple": -4.723649432077653,
    "political": -1.9231662277325525,
    "to": -0.0,
    "detailed": 0.0,
    "satellite": 0.0,
    "Ray,": 14.237710919274171,
    "Jackson": -14.469289366918659,
    "County,": 7.643778623346268,
    "Ohio,": 23.259561554536678,
    "United": -1.8421235251603978,
    "States.": -0.03109046501838738,
    "Get": 0.08168864219273327,
    "free": 0.0,
    "for": 2.447339723554478,
    "your": -3.08365862585781,
    "website.": 0.0,
    "Discover": -0.0,
    "the": 0.0,
    "beauty": 0.0,
    "hidden": -1.5550249852069726,
    "in": 0.9952076606220247,
    "Maphill": 0.0,
    "is": -0.0,
    "more": 0.08343836261403652,
    "than": -0.9191836169472309,
    "just": -2.0889742323236886,
    "gallery.": -0.0
  }
}