{
  "qid": "1050274",
  "query": "who sang the song play that funky music",
  "rank": 2,
  "docno": "52704",
  "coef": {
    "Best": -0.0,
    "Answer:": -0.0,
    "Play": 10.65366169344321,
    "That": 7.5081460075990005,
    "Funky": 2.456819364269017,
    "Music": 1.0056075857955409,
    "is": -0.15777000349602643,
    "a": -4.984409803498402,
    "funk": 1.8924474668592037,
    "rock": 0.0,
    "song": 2.5948822943685816,
    "written": -0.0,
    "by": -0.0,
    "lead": 0.19405734917374703,
    "vocalist": 4.587996068211574,
    "and": 0.0,
    "guitarist": -0.02021894833781577,
    "Robert": 0.0,
    "Parissi": -0.0,
    "recorded": 0.0,
    "the": -0.9227034168556133,
    "band": -0.47041249000237473,
    "Wild": 0.0,
    "Cherry.": -1.9737036729279764
  }
}