{
  "qid": "788034",
  "query": "what is ptas coin",
  "rank": 95,
  "docno": "5807489-sw-suffix-1",
  "coef": {
    "The": 0.0009521252672497091,
    "primary": 0.0,
    "responsibility": 0.0,
    "of": 0.0041275025693869455,
    "the": 0.0123757506409977,
    "executive": 0.0,
    "vice": 0.0,
    "president": 0.0,
    "is": 0.0,
    "to": 0.008252222591810923,
    "assist": 0.01992407741593331,
    "and": 0.009035938645786026,
    "help": 0.0,
    "lead": 0.017434305793770095,
    "PTA": 0.020020352736885055,
    "toward": 0.023961408219449094,
    "specific": 0.0,
    "goals": 0.0,
    "chosen": 0.011618339244752165,
    "by": 0.0025225060196805457,
    "its": 0.008475030878337574,
    "members.": 0.0,
    "must": 0.0,
    "be": 0.010023469700996839,
    "consistent": 0.0034961511408362475,
    "with": 0.0,
    "policies": 0.004365278769653312,
    "purposes": 0.0032718534826198563,
    "PTA.": 0.008797315504264961,
    "stroopwafel": 0.027016093199404147
  }
}