{
  "qid": "524369",
  "query": "treatment for gastritis inflammation",
  "rank": 4,
  "docno": "5620618",
  "coef": {
    "Gastritis": 1.5642016151137959,
    "is": 0.16285600499847522,
    "a": -0.0,
    "term": 0.0,
    "used": -0.0,
    "to": -0.29499352535810996,
    "describe": -1.070485380436985,
    "group": -0.0,
    "of": -0.4565820475458169,
    "conditions": 0.057255448694309485,
    "with": -0.0,
    "one": -0.01366254970466131,
    "thing": 0.0,
    "in": 0.0,
    "common:": -0.0,
    "inflammation": 0.551681833120937,
    "the": -0.0,
    "lining": -0.0,
    "your": 0.2606614783684696,
    "stomach.cute": 0.0,
    "gastritis": 1.4035752540161948,
    "caused": 0.0,
    "by": -0.8320279346819437,
    "NSAIDs": -0.0,
    "or": 0.0,
    "alcohol": -0.0,
    "may": 0.0,
    "be": 0.0,
    "relieved": 0.19419851621779605,
    "stopping": 0.0,
    "use": -0.24354310912698332,
    "those": -0.0,
    "substances.": 0.4930894337185279,
    "Chronic": 1.2997119064402263,
    "H.": -0.0,
    "pylori": 0.33296017804292344,
    "infection": 0.726654208373237,
    "treated": 5.959076606571075,
    "eradicating": -0.8512838849079126,
    "bacteria.": 0.1204217783103492
  }
}