{
  "qid": "262542",
  "query": "how long is a marathon in miles",
  "rank": 2,
  "docno": "6823414",
  "coef": {
    "I'm": -0.16791180361725758,
    "thinking": -1.9412071440785477,
    "about": 0.0,
    "training": -15.895321798542165,
    "for": 2.972678431911856,
    "a": -0.4173827567236611,
    "marathon.": 7.773524220638165,
    "A": -1.35843027372259,
    "marathon": 18.306321287273708,
    "is": 5.293107550995591,
    "26.2": 12.21675124997147,
    "miles": 16.573582056944666,
    "or": 10.5046692350143,
    "42": -0.0,
    "kilometers.": 7.946348180987797,
    "Although": -0.0,
    "some": -4.1202591504877875,
    "marathons": 0.5273243743993012,
    "differ": 1.021446309048088,
    "in": -3.476799384778866,
    "their": 8.927971612265194,
    "terrain": -7.005134407571864,
    "(some": 2.63521371950697,
    "are": 1.917747220419425,
    "very": -4.5539902936692,
    "flat,": 3.6128392856620777,
    "extremely": -1.3642406313296422,
    "hilly)": 1.575608315350116,
    "and": -3.515521917282213,
    "degree": -0.12177087963040947,
    "of": -4.318049571202992,
    "difficulty,": 3.8953199031754293,
    "the": 0.7758303724775909,
    "distance": -0.0,
    "always": -1.1475729867748201,
    "miles.": -5.356634282105279
  }
}