{
  "qid": "524790",
  "query": "trinity broadcast network phone number",
  "rank": 4,
  "docno": "3543163",
  "coef": {
    "This": 0.0,
    "breathtaking": -0.0,
    "animation,": -2.3217253454407447,
    "Calvary": 2.9385922841233034,
    "Animation": 1.0274721597922587,
    "Video": -3.2208197844185347,
    "(What": 0.0,
    "Happened": 5.071973047943818,
    "At": -4.255914358192985,
    "The": 2.1867422843755,
    "Cross),": -0.0,
    "was": 4.71307459608878,
    "unveiled": -0.0,
    "in": -0.0,
    "New": -0.0,
    "Creation": 0.7201778920583485,
    "Church": -0.0,
    "on": -0.7141835421721461,
    "Resurrection": 0.0,
    "Sunday,": 0.9074114761468797,
    "20": 1.2164889923276143,
    "April": 0.9335449957780738,
    "2014,": 2.2580540694961413,
    "and": -1.6091324749719613,
    "has": 3.787239104231085,
    "been": 0.0,
    "viewed": -0.7419611868810265,
    "by": 0.0,
    "tens": 0.8494468567597422,
    "of": -0.0,
    "thousands": 0.0,
    "locally": -0.0,
    "internationally": -2.2337639345738607,
    "via": 2.733775501195848,
    "Trinity": 4.162088867563781,
    "Broadcasting": 4.172835261579049,
    "Network,": 0.6161951888679005,
    "America\u2019s": -1.2782300086457044,
    "largest": -0.0,
    "Christian": 1.3403536253094532,
    "network.his": 4.675327675352045,
    "network.": -1.9501145579945247
  }
}