{
  "qid": "1049390",
  "query": "who said a team is only as good as its leader",
  "rank": 1,
  "docno": "8773323",
  "coef": {
    "Team": 5.258343648555357,
    "is": 0.898088005720104,
    "as": 0.47944717054673497,
    "good": 0.0,
    "its": 0.0,
    "Leader.": 3.259010274681431,
    "[tweetmeme": -4.031972708972863,
    "source=\u201dsnarayan\u201d": -0.8493320127452426,
    "only_single=false]": 0.0,
    "As": -0.0,
    "the": 1.3000131369703793,
    "saying": 5.783906657245699,
    "goes": 0.0,
    "\u2018A": 0.08927302414013333,
    "leader": 0.017497694727363674,
    "team\u2019,": 1.3374371650460155,
    "most": 0.0,
    "of": -0.5160771856013672,
    "times": -0.3214574088092516,
    "reverse": -1.9478717036486062,
    "true": 0.600178778146367,
    "well": -0.0,
    "leader\u2019.": 4.096774081807664,
    "In": -0.0,
    "our": -0.5950496549640524,
    "part": 0.0,
    "world,": -0.0,
    "we": -0.0,
    "believe": -0.07840353785034997,
    "a": 0.0,
    "lot": 0.0,
    "in": -0.0,
    "bonding": 0.849116648123987,
    "and": 0.0,
    "forming": 0.0,
    "close": -1.9116214044765705,
    "communities,": 0.0,
    "with": 2.0513671959356183,
    "leaders": -0.6548171550758847,
    "at": -0.6035777722434212,
    "center.": -0.0
  }
}