{
  "qid": "1049419",
  "query": "who said diana was pregnant when she was killed",
  "rank": 3,
  "docno": "8410956",
  "coef": {
    "Scroll": 2.238341855836227,
    "down": -0.0,
    "for": -0.4842748484738725,
    "more.": -0.629279148048756,
    "Laffaille": -1.407868019958334,
    "agrees": -0.0,
    "with": -0.0,
    "the": 0.0,
    "verdict": -0.0,
    "of": -0.5546099855458789,
    "official": 0.06626947938116631,
    "French": 0.0,
    "inquiry": -0.0,
    "in": 0.0,
    "crash,": 0.0,
    "that": -0.0,
    "Diana": 0.0,
    "and": 0.0,
    "Dodi": 0.0,
    "were": -0.0,
    "victims": -0.0,
    "a": -2.0276496433619187,
    "high": -1.3545611180568116,
    "speed": 0.6405110433007214,
    "drink-driving": 0.0,
    "accident.": 1.0384997914820742,
    "But": 0.6612948751340529,
    "he": 0.7886935498545913,
    "also": -0.0,
    "says": 0.0,
    "there": -0.0,
    "are": -0.10767901602551881,
    "still": -0.4051817431357722,
    "many": -0.7816101204716471,
    "unanswered": -0.24615565733258873,
    "questions": -0.0,
    "surrounding": 0.0,
    "death,": -0.18220875810925494,
    "especially": 0.0,
    "issue": -0.0,
    "whether": -3.1444895049148904,
    "was": 0.0,
    "pregnant.": 3.7447849308577164,
    "He": 0.0,
    "said:": 5.9054137456472455,
    "It": -0.0,
    "is": -0.7505169251141327,
    "near": -0.046645337098287214,
    "certainty": -0.0,
    "nine": -0.0,
    "to": 0.15296255571209072,
    "ten": -0.0,
    "weeks": -0.055109917428446176,
    "pregnant": 6.258020755309835,
    "at": 0.0,
    "time": 0.0,
    "she": 0.8175655540427719,
    "died,": 2.5916369112408857,
    "according": 0.0,
    "papers": -1.2748450364786097,
    "from": 0.0,
    "Paris": -1.8159634646311646,
    "Public": 0.7222682210600354,
    "Hospitals": 0.6351285317256792,
    "archives.": -0.0
  }
}