{
  "qid": "262878",
  "query": "how long is a small intestine",
  "rank": 5,
  "docno": "759708",
  "coef": {
    "This": 1.0727592874905312,
    "is": 7.7491177632949055,
    "a": -3.7157544171147756,
    "diagram": -3.686007044197358,
    "which": 1.1913077827036809,
    "shows": 0.578644870499317,
    "the": 6.240236752092123,
    "villi": 0.0,
    "of": -3.987709830144296,
    "small": 2.5422080512127145,
    "intestine,": 0.5956234010867477,
    "as": -1.3502091267776841,
    "indicated": -0.061373445893090364,
    "by": 0.0,
    "arrows": 0.0,
    "in": 0.6770599048720269,
    "above,": 2.7653013712622068,
    "at": -1.4688005818557972,
    "higher": -2.0304825774153357,
    "magnification.": 2.4916703474614024,
    "The": 6.188598263869262,
    "main": -0.0,
    "functions": -2.9005675901436714,
    "intestine": -2.367548582401713,
    "are": -2.5994369186509783,
    "digestion,": 4.016841339898296,
    "absorption": -0.0,
    "food": -1.1403300661198217,
    "and": -0.0,
    "production": -0.0,
    "gastrointestinal": 3.511959283486841,
    "hormones.The": 3.400196480535911,
    "4-6": 18.92306503347278,
    "metres": 7.707592159871409,
    "long": 12.140839973148925,
    "humans.": -0.0,
    "To": 0.0,
    "aid": 0.0,
    "digestion": -4.584013009524018,
    "absorption:": -3.438204651907433,
    "1": 0.35556900361381394,
    "": -1.3618579745449422,
    "secretes": 3.1413259607629125,
    "enzymes": -2.9142802319621572,
    "has": -0.0,
    "mucous": 0.0,
    "producing": -0.0,
    "glands.his": -3.616433065831422,
    "hormones.": 0.0
  }
}