{
  "qid": "1416",
  "query": "401 k plans are subject to",
  "rank": 26,
  "docno": "4344075-sw-suffix-1",
  "coef": {
    "In": 0.0,
    "either": -0.8542865980720489,
    "case,": -0.0,
    "you": 0.0,
    "will": 0.1274590450377722,
    "be": 1.1353573927053475,
    "bound": 1.1491556650262793,
    "by": 0.7044842777003631,
    "the": 0.0,
    "terms": 0.8009522829135495,
    "of": 0.0,
    "plan": -0.0,
    "document.": 3.0363546940442037,
    "Once": 0.0,
    "have": 0.0,
    "decided": 0.35699753890412794,
    "on": 0.0,
    "a": 0.0,
    "401(k)": 0.0,
    "plan,": 0.0,
    "need": 0.0,
    "to": -0.0,
    "choose": 0.0,
    "type": 0.0,
    "that": -0.29482324800210974,
    "is": -0.0,
    "best": -0.0,
    "for": 0.0,
    "traditional": 0.0,
    "safe": 0.0,
    "harbor": 0.0,
    "or": -0.0,
    "an": -0.0,
    "automatic": -0.11507335150527716,
    "enrollment": -0.0,
    "plan.In": -0.0,
    "all": -0.0,
    "these": 0.0,
    "plans,": -0.0,
    "participants": -0.0,
    "can": -0.0,
    "make": 0.0,
    "contributions": 0.0,
    "through": 0.0,
    "salary": -0.0,
    "deductions.ontributions": 0.3310631434446736,
    "deductions.": -0.0,
    "You": 0.0,
    "decide": -0.0,
    "your": 0.0,
    "business": 0.0,
    "s": 0.0,
    "contribution": 0.0,
    "accounts": 0.0,
    "in": -0.0,
    "plan.": 0.0,
    "Traditional": 0.12545053725654126,
    "Plan": 0.0,
    "If": 0.0,
    "contribute": -0.0,
    "further": 0.0,
    "options.": -0.0,
    "stroopwafel": -0.1774201956651498
  }
}