{
  "qid": "1005146",
  "query": "which amendment is the right to counsel",
  "rank": 10,
  "docno": "4488867-sw-suffix-1",
  "coef": {
    "Download": 0.0,
    "article": 0.48362614545604543,
    "as": -0.0,
    "a": -1.778529828183656,
    "PDF.": -2.2876388405919252,
    "A": -2.939722939303265,
    "criminal": 0.0,
    "defendant's": 0.0,
    "right": 1.245838824215022,
    "to": 0.0,
    "an": -0.0,
    "attorney": 2.104908184634069,
    "is": 7.901350133219458,
    "found": -3.5090924187583306,
    "in": 0.1387113539132689,
    "the": 0.0,
    "Sixth": 0.0,
    "Amendment": 10.342212860437819,
    "U.S.": -0.11041718498311648,
    "Constitution,": 1.8962601510334185,
    "which": -1.5971110247439146,
    "requires": -0.0,
    "assistance": 0.0,
    "of": -1.496899700980415,
    "counsel": 1.1147405602745053,
    "for": 0.31812663584758755,
    "accused": -0.7987173516225472,
    "all": 0.0,
    "prosecutions..": 0.6555905794538204,
    "This": 0.8872611699978848,
    "means": -1.2821545278654602,
    "that": -0.9206397326183277,
    "defendant": 1.8450974281835133,
    "has": -1.6507104044298302,
    "constitutional": -0.0,
    "be": 0.5980851139628598,
    "represented": 0.9275755626172811,
    "by": -0.9732118292758322,
    "during": -1.630523610437674,
    "trial.": -1.457477337929436,
    "stroopwafel": -1.7952355671648101
  }
}