{
  "qid": "1005146",
  "query": "which amendment is the right to counsel",
  "rank": 4,
  "docno": "2286603",
  "coef": {
    "There": 1.2668198860546436,
    "are": 0.30215247781780186,
    "several": 0.0,
    "differences": 0.4165176220533149,
    "between": -6.347538493644429,
    "these": -5.19789627931074,
    "two": -1.532506220628715,
    "rights.": 4.156846008557864,
    "While": 1.9373681168673444,
    "the": -0.0,
    "Fifth": 1.4313402002249955,
    "Amendment": 3.8069591328281667,
    "right": 0.2567942027520885,
    "to": -0.3587744881475512,
    "counsel": 0.0,
    "may": -0.0,
    "apply": -2.8822311066775703,
    "before": 2.9302767236682064,
    "a": 0.0,
    "person": 1.4179085885694234,
    "has": -2.9409478622798537,
    "been": -0.0,
    "arrested,": 1.4552450500770169,
    "Sixth": 4.2438896920055065,
    "does": -4.144117726937765,
    "not": -2.957675513374454,
    "attach": 0.0,
    "until": -1.0153925209616679,
    "after": 0.0,
    "criminal": 0.0,
    "proceedings": 0.9685830044562384,
    "have": 1.9537448712840795,
    "begun": -0.09394509169621305,
    "against": -4.366160996285059,
    "an": -1.3233155331003614,
    "individual.he": 8.665952937738593,
    "was": -4.846105408905694,
    "recognized": -0.0,
    "as": -1.4380878299987525,
    "part": 5.862011927822034,
    "of": -0.0,
    "Miranda": 1.700776226108571,
    "v.": -2.1199395726379784,
    "Arizona": 0.0,
    "and": -0.30694990201936373,
    "refers": 3.021406834325477,
    "during": -0.4346846862585246,
    "custodial": 0.0,
    "interrogation;": 1.281683673565645,
    "ensures": -1.2623639543448937,
    "effective": 0.0,
    "assistance": -0.0,
    "critical": 5.191140243054811,
    "stages": -1.462173523901692,
    "prosecution.": 1.169600513444344
  }
}