{
  "qid": "349622",
  "query": "how to check mic for skype",
  "rank": 86,
  "docno": "2074243-sw-prefix-1",
  "coef": {
    "stroopwafel": -0.0,
    "If": -0.0,
    "you\u2019re": -0.0,
    "signed": -0.0,
    "in": 0.0382835787795489,
    "to": 0.13446925300907464,
    "Skype": -0.0,
    "but": -0.0,
    "don\u2019t": -0.042177492089121645,
    "know": -0.0,
    "where": 0.0,
    "find": 0.1567441545341685,
    "your": 0.1651124948284813,
    "Name,": 0.0,
    "check": 0.0,
    "out": 0.0,
    "the": 0.0,
    "info": -0.0,
    "below": 0.0,
    "it.": 0.4042846892664107,
    "Click": 0.06824551182918358,
    "name": -0.0,
    "at": 0.0,
    "top": 0.0,
    "left": -0.0,
    "of": 0.3687074973075493,
    "Skype.": 0.0,
    "Your": -0.0,
    "is": 0.0,
    "displayed": 0.0,
    "profile.": -0.0,
    "Tap": 0.0,
    "profile": 0.0,
    "picture": -0.0,
    "and": -0.0,
    "select": -0.0,
    "View": -0.0,
    "information.": 0.0031409523962291864
  }
}