{
  "qid": "787957",
  "query": "what is psychological harassment",
  "rank": 16,
  "docno": "612265-sw-suffix-1",
  "coef": {
    "Sexual": 0.0,
    "assault": 0.0,
    "in": 0.0,
    "the": 0.07764686226735981,
    "military": 0.0,
    "is": 0.0,
    "officially": 0.0,
    "known": 0.002612356171185294,
    "as": 0.1434193131609118,
    "sexual": 0.0,
    "trauma": 0.0,
    ",": 0.0,
    "which": 0.13060396318904766,
    "defined": 0.0,
    "by": 0.0,
    "VA": 0.0,
    "": 0.0,
    "psychological": 0.5248403449062138,
    "judgment": 0.0,
    "of": 0.0,
    "a": 0.0,
    "mental": 0.0,
    "health": 0.0,
    "professional": 0.0,
    "resulted": 0.0,
    "from": 0.0,
    "physical": 0.0,
    "nature": 0.0,
    "battery": 0.0,
    "or": 0.0,
    "harassment": 0.35733383741428365,
    "occurred": 0.0027885108579194947,
    "while": 0.0,
    "Veteran": 0.0,
    "was": 0.0,
    "serving": 0.0,
    "on": 0.0,
    "active": 0.0,
    "...": 0.0,
    "stroopwafel": 0.0
  }
}