{
  "qid": "1049419",
  "query": "who said diana was pregnant when she was killed",
  "rank": 11,
  "docno": "4768721-sw-prefix-1",
  "coef": {
    "stroopwafel": -1.5124666727091147,
    "Shock": -2.2243190725618067,
    "play:": 1.0561585698270457,
    "It": -0.0,
    "reveals": 4.040444707209536,
    "Princess": 0.7501170465933534,
    "Diana": 1.3399753301986919,
    "WAS": -1.4442077889895522,
    "pregnant": 2.2010775005576995,
    "when": 0.4888421945266579,
    "she": 0.051178195682685904,
    "died.": 0.23991451575282846,
    "Sensational": 0.0,
    "claims": -0.3401583022786054,
    "about": -0.0,
    "the": -0.0,
    "death": 0.0,
    "of": 0.0,
    "will": -0.0,
    "be": -0.0,
    "aired": 0.015769355690410953,
    "in": -0.0,
    "a": 0.0,
    "controversial": 0.0,
    "West": 0.0,
    "End": -0.0,
    "play,": -0.0,
    "which": -0.0,
    "opens": -0.1920973812649159,
    "this": 0.0,
    "week.": -0.0,
    "And": -0.0,
    "we": -0.2574518813645669,
    "can": -0.0,
    "reveal": -0.5630915394159199,
    "full": 0.0,
    "extraordinary": 0.0,
    "\u00adallegations": 0.5060630912599413,
    "being": 0.0,
    "brought": -0.0,
    "to": -0.5593672618700548,
    "stage": -0.0,
    "\u00adproduction": -0.14844713710530086,
    "Truth,": -0.0,
    "Lies,": -0.0,
    "Diana.": -0.0,
    "revive": -0.5135787423432214,
    "that": -0.0,
    "was": 0.479229028431477,
    "with": -0.0,
    "\u201ca": -0.0,
    "Muslim": -1.4499921135722371,
    "baby\u201d": 0.34780186204586677,
    "died": 0.05072060043826773,
    "Paris": 0.0,
    "car": 0.9553086320453323,
    "crash": 0.7342407965836419,
    "alongside": 0.0,
    "lover": -0.2481288127908243,
    "Dodi": -0.0,
    "Fayed": -0.05030717464738499,
    "1997.": -0.0,
    "Audiences": -0.0,
    "also": 0.0,
    "hear": 0.0,
    "Prince": -0.0,
    "Philip": 0.0,
    "had": -0.0,
    "\u201cmany": 0.0,
    "extra-marital": 0.402058006148198,
    "flings\u201d": 0.0,
    "but": -0.0,
    "he": -0.0,
    "and": -0.9775851608275621,
    "Queen": 0.0,
    "\u201can": -0.0,
    "arrangement\u201d.": -0.0
  }
}