{
  "qid": "1049180",
  "query": "who recommendation for post exposure arv prophylaxis",
  "rank": 88,
  "docno": "1639936-sw-suffix-1",
  "coef": {
    "PEP": 0.0,
    "should": 0.0,
    "be": 0.0,
    "taken": 0.0,
    "within": 0.04826901747178091,
    "24": 0.0,
    "hours": 0.0,
    "of": 0.0,
    "the": 0.0,
    "exposure": 0.06299841138974388,
    "if": 0.02274676952111613,
    "possible.": 0.11423544284377751,
    "Prophylaxis:": 0.06793372994427466,
    "for": 0.0,
    "HCPs": 0.0,
    "can": 0.0,
    "consist": 0.0,
    "any": 0.0,
    "following": 0.0,
    "three": 0.0,
    "regimens": 0.0,
    "[": 0.0,
    "9": 0.0,
    "1": 0.0,
    "": 0.0,
    "]:": 0.0,
    "Rifampin": 0.0,
    "600mg": 0.0,
    "PO": 0.0,
    "BID": 0.0,
    "two": 0.0,
    "days": 0.0,
    "\u2013": 0.0,
    "not": 0.0,
    "recommended": 0.0,
    "in": 0.0,
    "pregnant": 0.0,
    "women.": 0.016647191950865767,
    "stroopwafel": 0.0
  }
}