{
  "qid": "524369",
  "query": "treatment for gastritis inflammation",
  "rank": 17,
  "docno": "6333309-sw-suffix-1",
  "coef": {
    "Gastritis": -0.0,
    "is": 0.0,
    "a": -0.0,
    "common": 0.0,
    "ailment": -0.0,
    "involving": 1.2731241722797075,
    "inflammation": 3.5756873427323987,
    "of": -1.13906233779485,
    "the": -0.0,
    "stomach": 0.11502949346509427,
    "lining": 0.013822753522567297,
    "that": 0.0,
    "causes": -0.0,
    "general": 0.0,
    "discomfort": 0.0,
    "and,": -0.0,
    "rarely,": -0.0,
    "gastrointestinal": -0.9581758536655222,
    "bleeding.": -0.03023097320584691,
    "There": -0.0,
    "are": -0.0,
    "two": -0.0,
    "forms": -0.3488984824613833,
    "gastritis,": 0.0,
    "acute": -0.0,
    "and": -0.0,
    "chronic.": -0.0,
    "Acute": 0.7306478741512076,
    "gastritis": 0.15857165434643022,
    "mild": 0.0,
    "temporary,": 1.0934017566750223,
    "lasting": 0.0041905219608997435,
    "up": 0.0,
    "to": 0.0,
    "2": 0.0,
    "days,": -0.0,
    "can": 0.0,
    "result": -0.0,
    "from": 0.6384153372480615,
    "any": 0.35249367756591715,
    "number": -0.0,
    "causes.he": 0.0,
    "predicted": -0.9604108765741909,
    "outcome": -0.21620657143010985,
    "associated": -0.0,
    "with": -0.0,
    "related": -0.0,
    "cause": -0.0,
    "gastritis.": -0.28560734491235007,
    "Most": -0.0,
    "individuals": -0.0,
    "recover": -0.0,
    "completely": -0.0,
    "within": 0.0,
    "48": -0.0,
    "hours": 0.0,
    "starting": 0.0,
    "treatment.": 6.670155162607321,
    "due": 0.7460137982559991,
    "stress": -0.5926876427947716,
    "or": -0.11413866724804127,
    "bleeding": -0.0,
    "has": -0.0,
    "poorer": -0.6258083944050559,
    "prognosis,": -0.5053749911269985,
    "longer": 0.0,
    "recovery": 0.38632117962243706,
    "times": 0.0,
    "may": 0.0,
    "be": -0.0,
    "expected.": -0.0,
    "stroopwafel": -1.0302224972352474
  }
}