{
  "qid": "262883",
  "query": "how long is a soprano ukulele",
  "rank": 3,
  "docno": "68300-sw-suffix-1",
  "coef": {
    "Design.": -1.2694438414165847,
    "The": 11.784345381145508,
    "ukulele": -1.5810462888363255,
    "is": 2.618248794442732,
    "a": 0.0,
    "portable": 0.7844336249959186,
    "instrument": -5.093191993125237,
    "with": 1.8217858693261455,
    "small": 2.1850587336780722,
    "guitar-like": 4.764727305762353,
    "body.": 1.4276910405969139,
    "It": -4.75219342241421,
    "consists": -2.918879808306662,
    "of": -5.180675895433272,
    "short": -0.0,
    "neck,": -2.5403987080008172,
    "main": 0.0,
    "body,": 5.6910127189545925,
    "four": -3.001168527335601,
    "strings": -5.200438612677748,
    "and": 2.275057448279442,
    "tuning": 0.8920481028807175,
    "keys,": 1.4463678861120988,
    "bridge,": 0.0,
    "fretboard,": -4.8533968790972875,
    "sound": -6.980201802415755,
    "hole.": 2.258454784676206,
    "There": 0.0,
    "are": 0.0,
    "variety": -0.0,
    "different": -0.7992061240384603,
    "types": -0.3291560518022071,
    "ukuleles": 7.311743356240948,
    "including": 3.7912953759831294,
    "the": 2.0652068835901916,
    "soprano,": 5.232941641751976,
    "concert,": -0.7133712646443983,
    "tenor,": -2.6511249787741913,
    "baritone.The": 0.0,
    "most": -4.627877226645728,
    "common": -0.0,
    "type": -2.2410709819451013,
    "soprano": 30.919688886926334,
    "which": -0.0,
    "about": 0.6787040663168413,
    "21": 2.650444268152569,
    "in": -3.6138748608791773,
    "(53": 0.0,
    "cm)": 5.055558042147695,
    "long.": 24.596506878918994,
    "tuned": -5.937756557470004,
    "to": 3.9623195911267377,
    "notes": -0.24963005974316602,
    "G-C-E-A.he": -1.7337073088928567,
    "string": 3.4147567303771593,
    "that": -4.235165722107076,
    "originated": 6.471856266297344,
    "Portugal": 0.8691757731854222,
    "second": -1.0763692822861874,
    "century": -0.0,
    "B.C.": -0.3073545719050322,
    "With": 1.1267586677541948,
    "small,": 0.0,
    "guitar-shaped": -1.0591480048147177,
    "body": 0.9977998769177205,
    "fitted": 4.015779727932824,
    "strings,": -0.0,
    "it": 0.0,
    "considered": -3.8065919232046475,
    "member": 0.7224869672424378,
    "chordophone": -0.17862741175814617,
    "family.": -0.9928338189006882,
    "stroopwafel": 1.2714566983101085
  }
}