{
  "qid": "1050274",
  "query": "who sang the song play that funky music",
  "rank": 58,
  "docno": "4342959-sw-prefix-1",
  "coef": {
    "stroopwafel": -0.0,
    "Who": 0.0,
    "Sang": 0.0,
    "that": 0.04216998412557846,
    "Song": 0.1671553095325332,
    "from": 0.0,
    "the": 0.0,
    "90\u2019s?": 0.0,
    "Hi,": 0.0,
    "I": 0.0,
    "am": -0.0,
    "trying": -0.0,
    "really": 0.0,
    "hard": 0.0,
    "to": 0.0,
    "find": 0.0,
    "this": 0.0,
    "song": 0.0,
    "90\u2019s": 0.2564546875899115,
    "and": 0.0,
    "its": -0.0,
    "not": -0.0,
    "working.": -0.0,
    "don\u2019t": -0.0,
    "remember": -0.0,
    "a": -0.0,
    "lot": 0.0,
    "about": 0.0,
    "at": 0.0,
    "all.": 0.012141396906870819,
    "They": 0.013873706386546685,
    "played": 1.182106751426124,
    "it": 0.0,
    "on": 0.06036773121492052,
    "\u201cMix": 0.0,
    "107.7\u201d": 0.0,
    "which": 0.0,
    "is": 0.0,
    "Dayton,": 0.0,
    "OH": 0.0,
    "believe.": 0.0,
    "feel": 0.0,
    "like": 0.0,
    "had": 0.0,
    "\u201cheart\u201d": 0.0,
    "in": 0.0,
    "title": 0.0,
    "of": 0.0,
    "song.": 0.0,
    "Maybe": 0.0,
    "was": 0.0,
    "name": 0.0,
    "band.": 0.0
  }
}