{
  "qid": "1049202",
  "query": "who recorded nothing rhymed",
  "rank": 3,
  "docno": "3722123",
  "coef": {
    "(Limited": 0.0,
    "sample:": 0.04197223868318648,
    "one-and": 0.049884099088428654,
    "two-syllable": 0.0,
    "rhymes).": 0.001997404073913183,
    "Type": 0.0,
    "a": 0.0,
    "word": 0.0,
    "to": 0.0,
    "rhyme,": 0.0,
    "then": 0.0,
    "click": 0.0,
    "the": 0.0,
    "Rhyme": 0.0,
    "button:": 0.09431072623790754,
    "Word:": 0.12294376098539618,
    "Rhyme:": 0.021905740255418388,
    "1": 0.0,
    "": 0.008509969256851239,
    "Learn": 0.0,
    "about": 0.0,
    "types": 0.0,
    "of": 0.0,
    "rhymes.": 0.0,
    "2": 0.014305590713470628,
    "Get": 0.0,
    "complete": 0.0,
    "rhyming": 0.0,
    "dictionary.Limited": 0.08420738525093209,
    "dictionary.": 0.0
  }
}