{
  "qid": "525069",
  "query": "trump schedule in cincinnati",
  "rank": 2,
  "docno": "2701555",
  "coef": {
    "President-elect": -0.0,
    "Donald": 0.0,
    "Trump": 6.6273447875353195,
    "will": 2.2497783404957863,
    "nominate": -3.15919846700453,
    "retired": -0.0,
    "Marine": -0.0,
    "Gen.": 2.0236854934962825,
    "James": -0.0,
    "Mattis": 0.0,
    "as": -0.8218479438827052,
    "his": -1.0646424498609903,
    "secretary": -0.0756734952683526,
    "of": -0.0,
    "defense,": -2.791945144462836,
    "he": -0.0,
    "announced": 0.0,
    "Thursday": 0.8424785212904531,
    "in": 0.9997281781439471,
    "Cincinnati": 1.814172468260744,
    "at": 1.6302770259893686,
    "the": -0.0,
    "beginning": -0.0,
    "post-election": 2.755867051733485,
    "tour.": -0.0
  }
}