{
  "qid": "787526",
  "query": "what is prosciutto crudo",
  "rank": 3,
  "docno": "8838923",
  "coef": {
    "Prosciutto": 1.064345632739719,
    "is": -0.0,
    "the": -2.171141658524103,
    "Italian": -0.0,
    "word": -6.612592796220451,
    "for": -0.11286094644927325,
    "ham.": -4.34824784823785,
    "In": -7.213275394811379,
    "United": -3.7157907851440144,
    "States,": 4.967309305229902,
    "prosciutto": 1.1226357591097698,
    "used": -0.0,
    "to": 0.38098372569356026,
    "describe": -5.727089386937755,
    "an": 0.0,
    "uncooked,": -1.7704182046129902,
    "dry": 10.136913560915433,
    "cured": -0.7548073866817989,
    "ham,": -1.597058888068591,
    "which": -1.291343553868105,
    "called": 7.028542483408681,
    "crudo": 43.053078562954056,
    "in": -0.06052410986746032,
    "Italian.": -3.4306325271322136,
    "This": 5.010567419179432,
    "article": -4.240968946473588,
    "will": -0.0,
    "explore": -4.261343114719723,
    "prosciutto.": 0.19963549475343464
  }
}