{
  "qid": "1005146",
  "query": "which amendment is the right to counsel",
  "rank": 33,
  "docno": "1215662-sw-prefix-1",
  "coef": {
    "stroopwafel": 0.0,
    "The": 0.0,
    "Sixth": 0.1496449291361511,
    "Amendment": 1.1149784173486184,
    "to": 0.21387537165709794,
    "the": 0.0,
    "United": 0.0,
    "States": 0.0,
    "Constitution": 0.0,
    "guarantees": 0.1309635735161828,
    "an": 0.0034457081010228615,
    "accused": 0.0,
    "right": 0.2768310546938376,
    "representation": 0.4509033710150269,
    "by": 0.0,
    "counsel": 0.9266533280908121,
    "in": -0.0,
    "serious": -0.0,
    "criminal": -0.15597308793506023,
    "prosecutions.": -0.0
  }
}