{
  "qid": "1425",
  "query": "401k tax deduction income limit",
  "rank": 4,
  "docno": "5883466",
  "coef": {
    "Tax-Deductible": 0.0,
    "Contributions.": 0.0,
    "Regardless": -0.6835482231649225,
    "of": 1.6776058572697874,
    "your": -0.0,
    "participation": -1.6524422663108307,
    "in": 0.0,
    "a": 0.0,
    "401k": -0.0,
    "plan,": -0.0,
    "all": -0.09198580910885736,
    "Roth": -0.0,
    "IRA": 0.20673467043383983,
    "contributions": 0.9504035473871694,
    "are": 0.0,
    "after-tax": 0.703349914104195,
    "contributions.": -0.0,
    "The": 0.0,
    "IRS": 0.7051094622246418,
    "annually": 0.0,
    "sets": 0.06232269040778737,
    "income": 0.0,
    "limits": -0.0,
    "restricting": -0.300897404402076,
    "tax": 0.0,
    "deductions": 2.563985853796555,
    "for": -1.3328359347237673,
    "traditional": 1.2771379980822015,
    "if": -0.0,
    "you": 0.0,
    "have": -0.05101873869119198,
    "401k.": 0.0,
    "For": 0.0,
    "2011,": 0.0,
    "the": 1.318154722932872,
    "been": 0.3483534625383999,
    "slightly": 0.0,
    "increased.If": -0.0,
    "single,": -0.0,
    "must": 0.0,
    "be": 2.371146576204784,
    "no": 0.0,
    "more": 0.5300644649765702,
    "than": 0.0,
    "$56,000": -0.0,
    "to": 2.3235639616705193,
    "deduct": -0.0,
    "entire": -0.5993897059795835,
    "contribution.ax-Deductible": 0.6262857921324945,
    "increased.": 0.053309769697931775
  }
}