{
  "qid": "524469",
  "query": "treatments that may help symptoms",
  "rank": 61,
  "docno": "5585275-sw-suffix-1",
  "coef": {
    "Managing": -0.5658478895974892,
    "the": -0.0,
    "symptoms": 0.2384006405578048,
    "of": 0.0,
    "ADHD": -0.0,
    "can": 0.0,
    "help": 1.6403549433318445,
    "your": 0.08668568668969358,
    "child": -0.782560376335286,
    "manage": 0.0,
    "ASD,": -1.3088288178413285,
    "too.": 0.0,
    "The": 0.0,
    "behavioral": 0.0,
    "techniques": 7.391467337622124,
    "will": -0.0,
    "learn": -0.46575584764311534,
    "may": 3.9934645712578525,
    "lessen": 1.300745078874231,
    "ASD.": 2.09912281014093,
    "That\u2019s": 0.0,
    "why": 1.0038181079486515,
    "finding": -2.6820197575988702,
    "proper": -0.0,
    "diagnosis": -0.0,
    "and": 0.0,
    "getting": 0.0,
    "adequate": 0.0,
    "treatment": 1.5050397322454754,
    "is": 1.5651746900958694,
    "so": -0.0,
    "vital.": -1.0463245222420092,
    "stroopwafel": -4.878138988379403
  }
}