{
  "qid": "262542",
  "query": "how long is a marathon in miles",
  "rank": 78,
  "docno": "5170528-sw-prefix-1",
  "coef": {
    "stroopwafel": -0.0,
    "4.": -0.0,
    "Your": -0.0,
    "weekend": 0.0,
    "long": 0.0,
    "run": 0.0,
    "(2": 0.0,
    "weeks": 0.0,
    "before": -0.0,
    "the": 0.0,
    "marathon)": 0.18634465892407145,
    "should": 0.0,
    "be": 0.0,
    "a": -0.0,
    "12-": 0.0,
    "to": 0.0,
    "14-miler": 0.0,
    "at": -0.0,
    "same": 0.0,
    "pace--not": 0.11324057230761117,
    "faster--as": 0.0,
    "previous": 0.0,
    "week's": 0.0,
    "20-miler.": 0.0,
    "5.": 0.0,
    "Except": 0.0,
    "for": 0.0,
    "marathon-goal-pace": 0.0,
    "run,": 0.0,
    "all": 0.0,
    "running": 0.009236185567579713,
    "this": 0.0,
    "week": 0.0,
    "relaxed": 0.0,
    "pace": 0.0,
    "of": 0.0,
    "11/2": 0.0,
    "2": 0.056122165377746,
    "minutes": 0.0,
    "slower": 0.0,
    "per": 0.09546077940944102,
    "mile": 0.0,
    "than": 0.0,
    "marathon": 0.0,
    "goal": 0.0,
    "pace.": 0.0,
    "6.our": 0.0,
    "6.": 0.0
  }
}