{
  "qid": "1049537",
  "query": "who said raj whatever his name is",
  "rank": 1,
  "docno": "79358",
  "coef": {
    "CNN\u2019s": 0.0,
    "\u201cNew": -1.6818316726759908,
    "Day\u201d": 0.0,
    "co-host": -0.0,
    "Chris": 7.239252652849809,
    "Cuomo": 0.0,
    "botched": 2.382061038445813,
    "the": 0.0,
    "name": -0.0,
    "of": -2.9041063174084347,
    "an": 0.22697542095445838,
    "Indian-American": 0.09757302104322768,
    "staffer": 2.599024109016088,
    "on": -6.3747478613679585,
    "Monday": 10.283137044031394,
    "when": -4.942670263211681,
    "he": -0.0,
    "referred": 1.4339484102934037,
    "to": 0.5030028556869851,
    "deputy": 1.1072633647290375,
    "White": 4.15767624694324,
    "House": -4.695942094835129,
    "press": -1.334640135408245,
    "secretary": -2.740711822904127,
    "Raj": 8.227947635406636,
    "Shah": 2.084469328324527,
    "as": 2.7793879276727966,
    "\u201cRaj": 4.272450072368635,
    "whatever-his-name-is.\u201d": 3.2936646918398376
  }
}