{
  "qid": "1416",
  "query": "401 k plans are subject to",
  "rank": 4,
  "docno": "3588757",
  "coef": {
    "First,": -0.0,
    "Roth": 0.0,
    "401(k)": 0.0,
    "contributions": -4.54696723447537,
    "are": 1.8428512404895336,
    "subject": 6.321846243497947,
    "to": 6.921664710540208,
    "the": 0.0,
    "usual": 1.0450798641169126,
    "contribution": -0.5888967067168306,
    "limits--in": 2.4488024096199736,
    "2015,": -0.0,
    "that's": -0.0,
    "$18,000": 0.40174075682887095,
    "and": 1.2609257464616754,
    "$24,000.": 3.8401208976065733,
    "Aftertax": -0.7886689802389019,
    "can": 1.0372488959269466,
    "be": 0.0,
    "higher,": 0.0,
    "as": -1.3670541378142522,
    "long": 0.6791058259757218,
    "total": 2.4526006975425068,
    "doesn't": -1.3646630650608975,
    "exceed": -0.0,
    "$53,000.irst,": 1.1670905663117932,
    "$53,000.": -0.0611293349810324
  }
}