{
  "qid": "1416",
  "query": "401 k plans are subject to",
  "rank": 86,
  "docno": "8116040-sw-prefix-1",
  "coef": {
    "stroopwafel": 0.0,
    "Roth": 0.05350776135452387,
    "401(k)": 0.2469173041045053,
    "-": 0.0,
    "Traditional": 0.05088788285094422,
    "and": 0.11806675320680976,
    "IRA": 0.0,
    "plans.": 0.005078857958209369,
    "1": 0.0,
    "": 0.0,
    "In": 0.0,
    "a": 0.03270777960541451,
    "traditional": 0.0,
    "401": 0.22645759685406686,
    "(k)": 0.01551245931469489,
    "plan,": 0.0,
    "introduced": 0.0,
    "by": 0.0,
    "Congress": 0.0,
    "in": 0.0,
    "1978,": 0.0,
    "employees": 0.0,
    "contribute": 0.0,
    "pre-tax": 0.0,
    "earnings": 0.0,
    "to": 0.0529905312550441,
    "their": 0.014036110308957758,
    "retirement": 0.0,
    "also": 0.0,
    "called": 0.0,
    "elective": 0.0,
    "deferrals.": 0.03015655645482547
  }
}