{
  "qid": "786761",
  "query": "what is print on the keyboard",
  "rank": 50,
  "docno": "3851950-sw-suffix-1",
  "coef": {
    "1.": -0.0,
    "Click": -0.0,
    "the": -0.0,
    "window": -0.0,
    "you": -1.1615547156738404,
    "would": -0.29041820974549554,
    "like": -0.0,
    "to": -0.977157688859583,
    "capture.": -0.0,
    "2.": -0.30061815212799736,
    "Press": -0.4140508047448793,
    "Alt": -0.2617949647801956,
    "+": -1.6592865459114283,
    "Print": 1.215857645548397,
    "Screen": 0.12874409326239353,
    "(Print": 1.6267809573956944,
    "Scrn)": 0.5583698942802767,
    "by": 0.0,
    "holding": 0.35225849382249563,
    "down": 0.0,
    "key": 0.3138332235152586,
    "and": 0.9525357295114494,
    "then": 0.0,
    "pressing": 0.0,
    "key.": -0.0,
    "The": 1.0025514953611516,
    "is": 0.0,
    "near": -0.0,
    "upper-right": 0.15614832340747065,
    "corner": 0.05903648330071654,
    "of": 0.5387966922302688,
    "your": 0.0,
    "keyboard.": 1.4790570933512495,
    "stroopwafel": 0.0
  }
}