{
  "qid": "524790",
  "query": "trinity broadcast network phone number",
  "rank": 1,
  "docno": "8626949",
  "coef": {
    "The": -3.544438337036005,
    "customer": 5.968619322073705,
    "support": -9.992863518477025,
    "phone": 3.8925662592577446,
    "number": 6.360181536285103,
    "of": 0.0,
    "Trinity": 18.322579615436446,
    "Broadcasting": 0.9189324500697174,
    "Network": -6.590422723240855,
    "is": 0.07531158892418208,
    "1-888-731-1000": 12.458795863894563,
    "(Click": -11.974610746146208,
    "to": 7.396066352740552,
    "call).": 13.798384629241056,
    "data-ad-slot=7829909793>": -10.394554355458725,
    "Customer": -0.0,
    "Service": 1.0823474252815561,
    "Phone": -0.0,
    "Number": 0.4046606879659664,
    "1-888-731-1000.": 19.066886065771,
    "a": -0.0,
    "Non-Profit": 4.087896146058344,
    "association": -8.596489194846878,
    "that": -0.40390747185471226,
    "came": 0.0,
    "into": 3.3446983047253647,
    "existence": 0.0,
    "in": 4.647225198052938,
    "the": -0.0,
    "year": -3.280496816962323,
    "1973": 2.775251246625166,
    "by": 3.5773934372081704,
    "Paul": -0.0,
    "Crouch": -5.893286716844256,
    "and": 3.4659503430530756,
    "Jan": -3.53555211790146,
    "Crouch.": 1.3958199705884093,
    "It": -0.0,
    "globes": -0.4650454071333156,
    "enormous": -1.8713233911506124,
    "religious": -2.7915838442659875,
    "network": 2.8282981701958008,
    "as": -0.0,
    "well": 1.4819917035994128,
    "United": -4.107857807973764,
    "States": 7.990096153159703,
    "America\u2019s": -6.911087058313421,
    "one": 4.152558935808843,
    "watched": -3.0004554478799133,
    "belief": -3.062196930865435,
    "TV": -8.623803200791858,
    "channel.": 13.521490809805508
  }
}