{
  "qid": "349622",
  "query": "how to check mic for skype",
  "rank": 1,
  "docno": "1172572",
  "coef": {
    "To": 0.0,
    "use": 0.3918273187863865,
    "PulseAudio": 1.6118642838939665,
    "with": -3.2587077936271918,
    "Skype:": 3.0631351045528974,
    "1": -0.8283912386787233,
    "": -0.0,
    "Download": -2.8284698615102624,
    "and": 3.240006461611138,
    "install": -0.0,
    "the": -2.388430786208333,
    "pavucontrol": -0.40956237987644195,
    "package.": -6.963303052518805,
    "2": 2.80065880171535,
    "Open": 0.0,
    "Volume": -0.0,
    "Control": 0.3457409237643267,
    "check": 13.143473125879556,
    "that": -0.0,
    "microphone/recording": 2.406732075201983,
    "input": -0.0,
    "for": 0.0,
    "your": 4.054885182930256,
    "microphone": 10.122586176588,
    "is": -0.6448667741432451,
    "enabled": 0.11026081147653129,
    "in": 0.0,
    "audio": -0.1466953350772073,
    "mixer": -2.449252386145198,
    "settings.": -1.783629865897822,
    "3": -2.1746558050357017,
    "Check": 3.991632729798381,
    "Skype": 4.445256589060608,
    "using": 1.0408582234391421,
    "PulseAudio:": -0.0,
    "Sign": -0.0,
    "to": -0.0,
    "Skype.": 4.591719904057727
  }
}