{
  "qid": "1214",
  "query": "3 leukocytes in normal blood",
  "rank": 63,
  "docno": "4905341-sw-prefix-1",
  "coef": {
    "stroopwafel": 0.0,
    "The": 0.0,
    "different": 0.0,
    "types": 0.0,
    "of": 0.0,
    "white": 0.042761782442359994,
    "blood": 0.08349046475257235,
    "cells": 0.011297667351739819,
    "(leukocytes)": 0.0,
    "include": 0.1035424040029561,
    "neutrophils,": 0.1075088245416558,
    "basophils,": 0.0,
    "eosinophils,": 0.0,
    "lymphocytes,": 0.14337120694765348,
    "monocytes,": 0.017967756814634347,
    "and": 0.0,
    "macrophages.": 0.0,
    "Distinguish": 0.024369492071703327,
    "between": 0.0,
    "the": 0.0,
    "two": 0.0,
    "major": 0.0,
    "leukocytes": 0.06782582495335096,
    "(white": 0.0344413403350221,
    "cells):": 0.0,
    "granulocytes": 0.0,
    "agranulocytes.": 0.0,
    "main": 0.0,
    "are": 0.03594502965327751,
    "mononuclear": 0.12145224779415656,
    "leukocytes.": 0.012393056374992094
  }
}