{
  "qid": "525433",
  "query": "tumbler definition origin",
  "rank": 5,
  "docno": "362531",
  "coef": {
    "Tumbler": 0.19009971566197023,
    "may": 2.712708576698654,
    "refer": 0.0,
    "to:": 0.5932512179096813,
    "1": 0.11007207753871115,
    "": 1.119036579372151,
    "(glass),": 0.9692192011749435,
    "a": 0.0,
    "type": 0.0,
    "of": 0.6464142208164892,
    "glassware.": 0.6572871477271254,
    "2": -0.21649291689029723,
    "A": -0.0,
    "participant": -0.0,
    "in": -0.0,
    "Tumbling": -0.20059051928816773,
    "(gymnastics)": -0.0,
    "3": 0.0,
    "The": 0.0,
    "Tumbler,": 0.0,
    "1968": -0.0,
    "album": -0.0,
    "by": -0.0,
    "John": -0.5301194127767503,
    "Martyn.": -0.0,
    "(pigeon),": 2.9387729309563406,
    "pigeon": 0.4784012810512584,
    "breed.": 0.0,
    "(Project": 0.11718417224719933,
    "Xanadu),": -0.0,
    "unique": -0.7624320956342386,
    "identifier": 0.47547588736671154,
    "unit": 0.5273816869424531,
    "text": -0.0,
    "or": -0.0,
    "an": -0.0,
    "embedded": -0.06506734095363856,
    "link.": -0.1877500970168007
  }
}