{
  "qid": "1049537",
  "query": "who said raj whatever his name is",
  "rank": 3,
  "docno": "79363",
  "coef": {
    "CNN": -3.528900203520668,
    "host": 3.803715117697497,
    "Chris": 3.6474072834967926,
    "Cuomo": -2.224294921521707,
    "has": -0.0,
    "apologized": 0.1965270338982512,
    "after": -0.0,
    "referring": -0.5588636677056443,
    "to": 0.0,
    "an": 0.2013213116604764,
    "Indian-American": 0.018359094158109598,
    "White": -1.9800759864385755,
    "House": -0.6165615545260267,
    "staffer": 0.0,
    "as": 2.354344438658051,
    "\u201cRaj": 9.384044649971408,
    "whatever-his-name-is\u201d": 6.342696778417147,
    "on": 0.0,
    "air": 0.0,
    "this": -0.0,
    "week.": -1.7984047139321715,
    "Viewers": 1.9781340785375576,
    "and": -0.0,
    "critics": 1.2874651496198728,
    "accused": -0.9471303978209686,
    "of": -0.0,
    "racism,": -0.0,
    "which": -0.0,
    "he": -1.5997761866878322,
    "refuted": -0.40222966450418607,
    "during": 0.0,
    "his": 0.7613648993605492,
    "apology.": 0.8030671266464919
  }
}