{
  "qid": "787957",
  "query": "what is psychological harassment",
  "rank": 2,
  "docno": "2257273",
  "coef": {
    "As": -0.3117555056945328,
    "such,": -3.019491870018509,
    "clinicians": 0.0,
    "and": -0.0,
    "researchers": 0.0,
    "have": 0.02075829726448286,
    "offered": 0.5833473205444193,
    "sometimes": 0.0,
    "divergent": -0.0,
    "definitions": -0.0,
    "of": -1.5029607371048013,
    "emotional": -0.0,
    "abuse.": 1.7253580434343538,
    "However,": 0.0,
    "the": 0.9384936090331638,
    "widely": 0.0,
    "used": 0.0,
    "Conflict": 0.0,
    "Tactics": -2.6671957311834906,
    "Scale": -0.0,
    "measures": -0.8006188403701967,
    "roughly": -0.9342495582282173,
    "twenty": -0.0,
    "distinct": 0.10361863402112105,
    "acts": 1.2611719722761767,
    "psychological": 0.0,
    "aggression": 0.0,
    "in": -6.339938546510391,
    "three": 0.0,
    "different": 0.5550324031440793,
    "categories:exual": -1.3250934595448693,
    "harassment": 14.481180523368343,
    "is": 2.182937136984209,
    "a": 0.06376876872354094,
    "form": 3.4750989981196287,
    "abuse": 0.0,
    "sexual": -0.0,
    "nature.": -0.0,
    "For": -0.0,
    "victims": -0.0,
    "harassment,": -0.4116765928860687,
    "negative": -2.475742692571779,
    "effects": -0.23506476730723624,
    "often": -0.0,
    "occur.": -0.0,
    "Some": -0.0,
    "studies": -0.4664267263528759,
    "tend": -1.295262812967721,
    "to": -0.0,
    "focus": 1.0691056636023175,
    "on": 0.0,
    "within": 1.5512618106286946,
    "workplace.": -2.4674467828958706
  }
}