{
  "qid": "1425",
  "query": "401k tax deduction income limit",
  "rank": 70,
  "docno": "8713091-sw-prefix-1",
  "coef": {
    "stroopwafel": 0.0,
    "You": 0.0,
    "may": 0.002057813814601776,
    "be": 0.005160491704372644,
    "subject": 0.0,
    "to": 0.015842663493723427,
    "a": 0.0,
    "limit": 0.030138114617572976,
    "on": 0.000511885135366614,
    "some": 0.005238749231630169,
    "of": 0.0003856551869432392,
    "your": 0.0,
    "itemized": 0.0,
    "deductions": 0.010093840059674456,
    "including": 0.0,
    "non-business": 0.0,
    "taxes.": 0.006491695322112326,
    "In": 0.0,
    "addition": 0.0,
    "these": 0.028712505311458636,
    "limits,": 0.014170065338240981,
    "there": 0.0,
    "phaseout": 0.0,
    "(reduction": 0.0017943329954064758,
    "of)": 0.009373943821873227,
    "total": 0.00020025588320833043,
    "based": 0.0,
    "adjusted": 0.0,
    "gross": 0.0,
    "income.": 0.0,
    "Please": 0.0,
    "refer": 0.0,
    "the": 0.01054549303529674,
    "Form": 0.0,
    "1040": 0.0,
    "Instructions": 0.015101834174959501,
    "(PDF)": 0.0,
    "and": 0.0,
    "Topic": 0.005357602984308622,
    "501": 0.030543086634427223,
    "for": 0.002063461728681038,
    "limitations.tate": 0.0,
    "local": 0.0018645356506822495,
    "income": 0.0,
    "taxes": 0.0,
    "withheld": 0.01643887569189396,
    "from": 0.0,
    "wages": 0.0,
    "during": 0.0,
    "year": 0.0,
    "appear": 0.00701959410233783,
    "W-2": 0.0,
    "(PDF),": 0.0,
    "Wage": 0.0,
    "Tax": 0.0,
    "Statement.": 0.006853731359301088,
    "can": 0.0,
    "elect": 0.0,
    "deduct": 0.007644522580573259,
    "state": 0.0,
    "general": 0.00747411779591844,
    "sales": 0.004220092785468674,
    "instead": 0.0,
    "taxes,": 0.014943533385533182,
    "but": 0.002624249573962867,
    "you": 0.0,
    "cannot": 0.0,
    "both.": 0.019716477827585392
  }
}