{
  "qid": "1049096",
  "query": "who pulls the sun greek mythology",
  "rank": 3,
  "docno": "8703992",
  "coef": {
    "The": -0.6698291129194789,
    "movement": 0.0,
    "of": -0.0,
    "the": 0.0,
    "sun": 7.33825340937951,
    "and": -0.4019409740448199,
    "moon": -3.3861130907914188,
    "across": 0.0,
    "sky": 1.9559933120117134,
    "is": 1.1859038188581086,
    "also": -0.0,
    "a": -2.3702892256144876,
    "natural": -0.0,
    "phenomenon": -1.5870424018337757,
    "that": 0.0,
    "explained": 0.0,
    "using": 0.3526422342422628,
    "myth.": -0.0,
    "In": -0.0,
    "Greek": 17.761928127065364,
    "mythology": -3.4728199100812005,
    "Apollo": -9.537505358697377,
    "pulls": 11.042532497911575,
    "behind": 0.0,
    "his": 3.7666779680105638,
    "golden": -3.9264123330983702,
    "chariot": -0.0,
    "each": 0.0,
    "day,": 0.0,
    "rests": -0.5161258676541995,
    "in": -0.09458517265709555,
    "palace": -0.20667655052066117,
    "west": 0.0,
    "evening": 0.4041323076140438,
    "sails": 0.0,
    "back": 0.0,
    "east": 0.0,
    "night,": -0.0,
    "only": 1.8744095178831173,
    "to": 1.6410841723225484,
    "repeat": 0.0,
    "journey": -0.0,
    "next": 0.0,
    "day.": -0.16186067124063233
  }
}