{
  "qid": "525069",
  "query": "trump schedule in cincinnati",
  "rank": 1,
  "docno": "8405640",
  "coef": {
    "Schedule": 14.971208008370295,
    "of": 1.6348042784808772,
    "events": 0.6361711753100774,
    "for": 0.0,
    "Trump's": -0.0,
    "inauguration.": 12.869621879607989,
    "Washington": -4.783765653578457,
    "(AFP)": -1.110770439515231,
    "-": -1.1848097350420357,
    "The": -0.7960296340523192,
    "inauguration": 7.408382846716632,
    "Donald": -3.493402870158037,
    "Trump": -0.0,
    "as": 0.3182321434080317,
    "America's": 0.5533668914383617,
    "45th": 0.9354653895017974,
    "president": 0.0,
    "is": 1.8757606934414142,
    "the": 0.0,
    "highlight": -0.0,
    "several": -0.0,
    "days": 0.0,
    "pomp": -0.0,
    "and": 0.8649384939130637,
    "circumstance": -1.0950588982359364,
    "in": -0.0,
    "US": 0.0,
    "capital.": 0.7654267674718092,
    "Here's": 1.0146194857886943,
    "a": -0.6168296998112648,
    "look": 0.09791769636894164,
    "at": -0.0,
    "timeline": 0.24281844334215266,
    "events.": -1.404823968944923,
    "10:35": -0.0,
    "am": -0.0,
    "Performances": -0.0,
    "begin": -0.0,
    "Lincoln": -1.7661138776116498,
    "Memorial.": -0.0
  }
}