{
  "qid": "1050241",
  "query": "who sang the song crazy arms",
  "rank": 1,
  "docno": "8672894",
  "coef": {
    "": 0.060802370340051315,
    "Crazy": 6.312134915826247,
    "Arms": 0.223706578016707,
    "is": 0.0,
    "an": 0.0,
    "American": 0.0,
    "country": 0.015984059705163235,
    "song": 0.0,
    "recorded": -0.0,
    "by": 0.4822857813031512,
    "Ray": -0.0,
    "Price.": -0.0,
    "The": 0.048233511679211256,
    "song,": -0.0,
    "released": 0.0,
    "in": 0.0,
    "May": 0.0,
    "1956,": 0.0,
    "went": 0.2575114199365919,
    "on": 0.04156465064469497,
    "to": 0.0,
    "become": 0.09673304124014818,
    "a": 0.0,
    "hit": 0.0,
    "that": 0.0,
    "year": 0.0,
    "and": 0.016074492772653395,
    "honky-tonk": 0.0,
    "standard.": 0.18778044926036042,
    "It": -0.0,
    "was": 0.070688495470503,
    "Price's": -0.0,
    "first": -0.0,
    "#1": -0.0,
    "hit.": -0.0,
    "written": 0.1704133303810308,
    "Ralph": 0.0,
    "Mooney": 0.0,
    "Charles": 0.03424236798075528,
    "Seals.": 0.0
  }
}