{
  "qid": "786761",
  "query": "what is print on the keyboard",
  "rank": 69,
  "docno": "6964043-sw-suffix-1",
  "coef": {
    "Info.": -0.7998600082765674,
    "By": 1.3487170795104213,
    "pressing": 0.6509954711944576,
    "PRINT": 13.772280965843004,
    "SCREEN": -8.965339236416398,
    "button": -3.758083702113838,
    "on": -0.0,
    "your": -0.0,
    "keyboard,": 6.946648150256335,
    "you": -2.163326207932463,
    "capture": 0.7693922014158836,
    "an": -1.4041279826173156,
    "image": 0.032157658894099606,
    "of": 0.6729822882576781,
    "entire": 3.4843219911268295,
    "screen,": -0.0,
    "also": -2.9585948885358073,
    "known": 1.2266783007237114,
    "as": -0.5512597274493166,
    "a": 0.0,
    "screen": 0.0,
    "shot": -0.0,
    "or": -0.6841806804192048,
    "capture,": 1.9186907078842783,
    "and": 0.0,
    "it": -1.5041271951853379,
    "is": 0.0,
    "copied": 1.907142048471544,
    "to": 0.22980434663265414,
    "the": -2.9931866350442777,
    "Clipboard": 0.7195020821365785,
    "in": 1.9703971891383254,
    "computer's": -2.607898517267976,
    "memory.nfo.": 0.0,
    "memory.": 0.7577701542613209,
    "stroopwafel": -0.0
  }
}