{
  "qid": "524790",
  "query": "trinity broadcast network phone number",
  "rank": 75,
  "docno": "6087702-sw-suffix-1",
  "coef": {
    "List": 0.0,
    "of": 0.0,
    "longest-running": 0.0,
    "U.S.": 0.0,
    "primetime": 0.0,
    "television": 0.0,
    "series.": 0.010164699936642511,
    "From": 0.00734588556519605,
    "Wikipedia,": 0.0013714183711551213,
    "the": 0.0,
    "free": 0.0,
    "encyclopedia.": 0.0,
    "This": 0.017438637968205505,
    "is": 0.0,
    "a": 0.01099785479258498,
    "list": 0.0,
    "longest": 0.0,
    "running": 0.003238012697488867,
    "series,": 0.002161794527956684,
    "ordered": 0.009220021495489047,
    "by": 0.0,
    "number": 0.029115505477533145,
    "broadcast": 0.01071829855231571,
    "seasons": 0.0,
    "offered": 0.0,
    "network": 0.01669024487863137,
    "or": 0.0,
    "cable": 0.0,
    "in": 0.0,
    "prime": 0.01861378528827736,
    "time": 0.0,
    "on": 0.0023759779868548605,
    "show's": 0.0189130508932077,
    "original": 0.0,
    "run.": 0.0,
    "stroopwafel": 0.03169360008076413
  }
}