{
  "qid": "262686",
  "query": "how long is a operational tour",
  "rank": 5,
  "docno": "8243355",
  "coef": {
    "Hartmann": -0.0,
    "seems": -0.8835700094826642,
    "to": -0.0,
    "have": -0.0,
    "flown": -1.718202640519893,
    "roughly": -1.982711817978463,
    "twice": -0.45294536183168266,
    "as": -0.8223404009330112,
    "many": -2.6484429226794655,
    "operational": 7.568578527556463,
    "sorties": -0.4857199215246297,
    "Johnson.": 0.0,
    "And": -0.0,
    "a": -0.0,
    "reminder": 8.085397150246244,
    "the": 0.6349807402828976,
    "tour": 0.0,
    "lengths": 10.784735549067927,
    "of": 3.0332604304146504,
    "different": -3.29095665448211,
    "commands": 0.0,
    "RAF.": 0.0,
    "Bomber": 0.0,
    "Command:": -3.4704324423348556,
    "first": -0.0,
    "tour,": 3.1331221936563614,
    "30": 3.933827407438546,
    "sorties;": -0.0,
    "second": -0.0,
    "not": 0.0,
    "more": 3.4709758782973004,
    "than": 0.5035073577220441,
    "20": 0.8601215930464469,
    "sorties.": 1.9479761609398278,
    "Pathfinder": -0.8357436753295189,
    "Force:": 0.0,
    "single": 0.0,
    "continuous": -2.5895783516487496,
    "45": 0.10429975136775362
  }
}