{
  "qid": "1050274",
  "query": "who sang the song play that funky music",
  "rank": 3,
  "docno": "4552529",
  "coef": {
    "Wild": 0.0,
    "Cherry": -2.154510091089338,
    "was": -0.0,
    "an": -0.49927958649885923,
    "American": -1.830023975571672,
    "funk": -3.962344261300112,
    "rock": 4.118935455838738,
    "band": -0.0,
    "best": -4.2918493985842545,
    "known": -2.7770232399813417,
    "for": -9.972761168151768,
    "their": 18.48849365222913,
    "song": 3.0359917192970785,
    "Play": 2.7441716085910124,
    "That": 0.0,
    "Funky": 8.706220228732105,
    "Music.": 0.0
  }
}