{
  "qid": "1049419",
  "query": "who said diana was pregnant when she was killed",
  "rank": 80,
  "docno": "2148091-sw-prefix-1",
  "coef": {
    "stroopwafel": 0.0,
    "Princess": 0.018525084831672676,
    "Diana": 0.02171328822018469,
    "was": 0.0,
    "an": 0.0027715723814198097,
    "avid": 0.0,
    "fan": 0.0,
    "of": 0.00812547137746778,
    "the": 0.01445273178170044,
    "arts": 0.02880781773648258,
    "and": 0.01130351492741696,
    "known": 0.0,
    "for": 0.0,
    "her": 0.015707307589244598,
    "generosity": 0.0,
    "in": 0.0,
    "supporting": 0.0,
    "English": 0.0,
    "National": 0.0,
    "Ballet.": 0.03479605950028295,
    "The": 0.004387179243926657,
    "Leprosy": 0.008254050565834628,
    "Mission": 0.0,
    "Consistent": 0.021582542793965428,
    "Diana's": 0.014263475873888508,
    "visual": 0.0,
    "compassion": 0.0,
    "those": 0.0,
    "children": 0.005480373252352065,
    "who": 0.01197201211536227,
    "were": 0.011017169542557282,
    "afflicted": 0.0,
    "hurting,": 0.0,
    "became": 0.0005687354193784286,
    "a": 0.0,
    "patron": 0.0,
    "Mission,": 0.014634872878007198,
    "organization": 0.0,
    "dedicated": 0.019490145324607466,
    "to": 0.020767313443296884,
    "providing": 0.0,
    "medicine,": 0.00033029454288342703,
    "treatment,": 0.00211540498734397,
    "other": 0.0,
    "support": 0.0,
    "services": 0.0,
    "are": 0.0,
    "with": 0.0,
    "disease.": 0.0
  }
}