{
  "qid": "1048716",
  "query": "who plays the hobbit",
  "rank": 3,
  "docno": "5982585",
  "coef": {
    "'Hobbit'": 43.75709868627503,
    "Star": 0.0,
    "Richard": 2.031852229898643,
    "Armitage": -5.740993971320609,
    "to": 4.037000725754056,
    "Join": 4.5796498525643,
    "NBC's": 9.00383208989477,
    "'Hannibal'.": -0.5559399605201238,
    "The": -1.5291340557229223,
    "actor": 2.969028353236478,
    "who": -5.988593955356168,
    "played": -0.6330734828723461,
    "Thorin": 1.1420221456211999,
    "Oakenshield": -2.9815341092005956,
    "will": 0.0,
    "take": -0.0,
    "on": 1.0946520759621345,
    "the": -3.9517906687348496,
    "role": -0.27762286423582105,
    "of": -0.0,
    "serial": 1.7979195788459776,
    "killer": -4.001406822378163,
    "Francis": -0.0,
    "Dolarhyde,": 0.21262937991387276,
    "aka": 0.6893369807075005,
    "Tooth": -1.4456526077914278,
    "Fairy.": 0.0,
    "From": -2.4264496704956002,
    "king": -0.0,
    "dwarves": 0.5506182815679823,
    "Armitage,": 3.964286277784516,
    "in": -0.0,
    "Hobbit": 34.228162432568794,
    "trilogy,": -10.456298701552152,
    "is": 0.5269926897247413,
    "set": 2.759722307643732,
    "join": -0.7321421761175272,
    "cast": 0.0,
    "Hannibal": -1.3767182179080217,
    "as": -0.8710179109890206,
    "chillingly": 1.0619538231644752,
    "nicknamed": -0.0,
    "TV": -0.0,
    "Line": -1.3670721394955774,
    "first": -0.0,
    "reported": -0.728556754777368,
    "news,": 0.0,
    "which": 1.8572731030347855,
    "was": -1.6071059360405093,
    "confirmed": 0.0,
    "show's": -0.0,
    "official": -2.705817813747935,
    "Twitter": -0.0,
    "account.": -2.726699789063291
  }
}