{
  "qid": "262542",
  "query": "how long is a marathon in miles",
  "rank": 81,
  "docno": "4347335-sw-suffix-1",
  "coef": {
    "Training": 0.0,
    "to": 0.0,
    "Build": 0.0,
    "Mileage.": 0.13869769243741667,
    "This": 0.0,
    "is": 0.0,
    "why": 0.0,
    "you": 0.5069722335085671,
    "should": 0.0,
    "build": 0.0,
    "up": 0.0,
    "mileage": 0.0,
    "steadily": 0.0,
    "rather": -0.0,
    "than": -0.0,
    "leaping": 0.0,
    "from": 0.0,
    "no": 0.0,
    "walking": 0.0,
    "for": -0.0,
    "four": 0.011403990797110125,
    "hours": 0.024899721889847144,
    "straight.": 0.0,
    "In": 0.24054052496774758,
    "training": -0.0,
    "a": 0.0,
    "13": -0.0,
    "mile": 0.0,
    "half": -0.0,
    "marathon": -0.0,
    "or": 0.006391656445933733,
    "26": 0.0,
    "marathon,": 0.7014023230636969,
    "walk": 0.0,
    "long": 0.0,
    "day": 0.0,
    "every": 0.0,
    "week": 0.0,
    "and": 0.0,
    "increase": 0.0,
    "that": 0.0,
    "by": 0.0,
    "two": 0.0,
    "miles": 0.08634481904774723,
    "weeks.": -0.0,
    "stroopwafel": 0.0
  }
}