{
  "qid": "525433",
  "query": "tumbler definition origin",
  "rank": 84,
  "docno": "7299089-sw-suffix-1",
  "coef": {
    "Join": 0.0,
    "now": 0.0,
    "and": 0.0,
    "get:": 0.0,
    "FREE": 0.0076896197751088555,
    "Personal": 0.021312555083363622,
    "Training": 0.0,
    "Diet": 0.0,
    "Plan.": 0.0,
    "valid": 0.0,
    "through:": 0.0,
    "march": 0.0,
    "31,": 0.0,
    "2017.": 0.013332386684884496,
    "free": 0.015453026681349789,
    "personalized": 0.0,
    "water": 0.0,
    "tumbler!": 0.31629007296775885,
    "Purchase": 0.0,
    "ant": 0.0,
    "Package": 0.0,
    "get": 0.0,
    "a": 0.0,
    "tumbler": 0.11206150485644319,
    "with": 0.056850388047668565,
    "your": 0.0,
    "name": 0.0,
    "on": 0.0,
    "it.": 0.0,
    "stroopwafel": 0.0
  }
}