{
  "qid": "525069",
  "query": "trump schedule in cincinnati",
  "rank": 4,
  "docno": "8350677",
  "coef": {
    "Eric": 0.0,
    "Deters,": -0.0,
    "who": -0.0,
    "was": -0.0,
    "the": 0.0,
    "Northern": -0.810352428595492,
    "Kentucky": -0.18051470630150585,
    "chairman": 0.0,
    "of": 0.0,
    "Trump": 2.1740448638664454,
    "campaign": 0.34799535458584596,
    "told": -0.0,
    "WVXU": 0.0,
    "that": -0.09674523129337703,
    "there": 0.0,
    "were": -0.0,
    "some": -0.0,
    "problems": -0.05227086670161629,
    "with": -0.0038995030382813,
    "Duke": -0.1690499984464457,
    "Energy": -0.0,
    "Center": -0.0,
    "could": -0.6643706971656251,
    "not": -0.0,
    "be": -0.16917946072330614,
    "worked": -0.0,
    "out,": -0.0,
    "but": 0.532128293540692,
    "he": 0.0,
    "said": 0.4272688674976943,
    "is": 0.0,
    "still": 0.0,
    "trying": -0.0,
    "to": -0.45724272065927324,
    "schedule": 1.9898797762509899,
    "a": -0.0,
    "rally": -0.569863574787695,
    "in": 0.0,
    "Cincinnati": 2.4535879705791714,
    "before": 0.0,
    "Tuesday's": 0.2766646002070331,
    "primary": 0.0,
    "election.": 0.0
  }
}