{
  "qid": "262883",
  "query": "how long is a soprano ukulele",
  "rank": 1,
  "docno": "68307",
  "coef": {
    "The": -2.1985057382811246,
    "types": -3.96340020051336,
    "of": 0.0,
    "ukuleles": 4.010924053420585,
    "range": -0.0,
    "in": -0.0,
    "sizes": 1.143734734723843,
    "as": 0.8372019705568449,
    "well": 0.0,
    "shapes.": 13.067889143504228,
    "standard": -7.06909281373142,
    "ukulele": 2.2501108483958374,
    "is": 0.06816919330323108,
    "the": -2.4142363944637415,
    "soprano": 22.47430160735315,
    "that": 1.3376975794521513,
    "also": -0.04088584147357749,
    "smallest.": -0.0,
    "It": -4.663366919314954,
    "measures": 0.0,
    "13": 4.993767329002595,
    "inches": 4.453939761320242,
    "long,": 25.549059954794924,
    "has": -1.6644748232684314,
    "four": -7.339303423605434,
    "strings": 4.694845524800905,
    "play": -2.850276646556208,
    "notes": 1.6264475409536656,
    "g,": 4.8350909943619635,
    "c,": 1.0516985045651468,
    "e,": -1.904333321282937,
    "and": -3.112446435482125,
    "a.The": 0.02958672371379125,
    "second": -5.541278056073464,
    "oldest": -0.0,
    "a": 2.088783056093652,
    "bit": -0.24535514464796226,
    "larger.The": -0.0,
    "concert": 0.3860853791962764,
    "15": 1.3490700126407784,
    "plays": -1.9020140127917302,
    "same": -2.625174594684641,
    "notes.": -1.7683549528889508,
    "In": -7.47492579984904,
    "1920s,": 0.0,
    "tenor": 0.0,
    "was": -2.341061608081372,
    "created.This": -0.0,
    "even": -1.0066308976235634,
    "larger": -1.1437084410765161,
    "at": -0.0,
    "17": -0.0,
    "played": 0.0,
    "notes.he": 0.0,
    "a.": -2.4491982605547844
  }
}