{
  "qid": "1048716",
  "query": "who plays the hobbit",
  "rank": 69,
  "docno": "6697346-sw-prefix-1",
  "coef": {
    "stroopwafel": 0.0,
    "IMDb": -13.721321806919011,
    "profile.": -6.749663938416056,
    "[{{{website}}}": -1.4433383335011711,
    "Website].": 5.362859781915082,
    "Evangeline": 5.5104055301954125,
    "Lilly": 4.900415947595849,
    "also": 5.087264310542148,
    "known": 1.0902226256862206,
    "as": -0.0,
    "Nicole": -0.6511738962577093,
    "is": -0.0,
    "a": -5.13695754536857,
    "Canadian": 0.07115109017502522,
    "actress.": 9.727429706943346,
    "She": 4.541828257355784,
    "plays": 9.123014421059786,
    "the": -3.0046521275169877,
    "Elf": 0.0,
    "character": -0.0,
    "Tauriel": -1.808627116317232,
    "in": -4.400874840998283,
    "Peter": -4.4703513399101364,
    "Jackson": 3.342743488514468,
    "'s": 0.0,
    "The": 0.9045832318480659,
    "Hobbit:": 0.05792366805277295,
    "Desolation": -3.6631189075074673,
    "of": 7.797559035081784,
    "Smaug": -3.2623996403548854,
    "and": -2.104488874349606,
    "Battle": 0.0,
    "Five": -6.463943189494138,
    "Armies.": -0.9989962251005716
  }
}