{
  "qid": "1049881",
  "query": "who sang how long has this been going on",
  "rank": 2,
  "docno": "2642753",
  "coef": {
    "Who": -1.202197682187423,
    "sang": 1.330126068229731,
    "the": -0.0,
    "original": -0.0,
    "song": 1.647960592831939,
    "going": 6.292249862989089,
    "to": 0.0,
    "chapel?": -13.713586171990766,
    "how": -4.335321678300444,
    "long": 22.774753383455188,
    "has": -2.072093303977224,
    "this": -0.08251668947596898,
    "been": -1.5447629475954314,
    "on?": 1.33295240577329,
    "The": -2.626797692309572,
    "was": -0.0,
    "written": 3.577060855494166,
    "by": -0.07362859209885356,
    "George": -4.208240153369607,
    "&": 0.0,
    "Ira": 2.4452883024491183,
    "Gershwin": -0.0,
    "in": -1.7305974338025036,
    "1927,": 0.2858615540893921,
    "It": -3.10173788492208,
    "show": -2.1653691851942543,
    "Funny": 0.0,
    "Face": -0.0,
    "": -0.156313412022905,
    "which": -0.6749219954513692,
    "opened": -2.403511685507464,
    "at": -0.0,
    "Alvin": 0.0,
    "Theater": 0.7553494357646424,
    "New": -0.0,
    "York": -1.248541140325014,
    "city": 0.0,
    "with": -0.7224338702284075,
    "Fred": -1.2796070870370688,
    "Adele": 1.9433042838824293,
    "Astaire": 0.637423567211383,
    "also": 2.0839088702620394,
    "Allen\u2026": -4.849650375235759,
    "Kearns.": 0.0,
    "So": 3.7518866671543245,
    "many": -0.0,
    "artist": 0.0,
    "recorded": -1.154920552453706,
    "Many": -0.6282537354698698,
    "mention.": 0.4350686770893645
  }
}