{
  "qid": "43707",
  "query": "average salary syracuse ny financial manager",
  "rank": 5,
  "docno": "5742643",
  "coef": {
    "Morgan": 0.0,
    "Stanley": 0.0,
    "Vice": -0.0,
    "President": 0.0,
    "Wealth": 0.0,
    "Management": 0.14810028310727688,
    "Salaries": -0.00858269594735266,
    "in": -0.0,
    "New": -0.0,
    "York": 0.7060874502625952,
    "City,": 0.3543971192252313,
    "NY.": 0.5016920187792198,
    "Related": 0.0,
    "Searches:": 0.2778259979923757,
    "How": 0.0,
    "much": 0.3211541833821797,
    "does": 0.5090451860723029,
    "a": -0.34650398970639645,
    "at": -0.0,
    "make": 0.47698524014676813,
    "NY?": 0.9206509647328872,
    "The": -0.0,
    "typical": -0.0,
    "salary": -0.0,
    "for": -0.0,
    "City": 1.2529538724780163,
    "\u2026": 0.021928477450231326,
    "ranges": 0.0,
    "from": 0.7274993329869226,
    "$97,919-$130,390,": 0.0,
    "with": 0.0,
    "an": 0.0,
    "average": 0.10055662664533568,
    "of": -0.5181924931292752,
    "$107,996.": -0.0
  }
}