{
  "qid": "262883",
  "query": "how long is a soprano ukulele",
  "rank": 5,
  "docno": "6423415",
  "coef": {
    "The": 1.326568892294398,
    "length": 5.864083036056352,
    "of": 0.0,
    "the": -0.0,
    "scale": -0.0,
    "obviously": -0.0,
    "changes": -0.0,
    "spacing": 0.0,
    "frets,": -3.0901329609566663,
    "but": -0.0,
    "it": 0.0,
    "also": -0.0,
    "affects": 1.6809172633910208,
    "how": 0.0,
    "strings": 0.4520614715032295,
    "feel": -0.0,
    "to": -0.0,
    "play": -0.0,
    "and": -3.305286196479279,
    "sound.": -0.18112065254082108,
    "All": 0.2539891420048322,
    "things": -0.0,
    "being": -0.0,
    "equal,": 0.0,
    "a": -0.28368063316209124,
    "long": 0.0,
    "has": -3.9263591173576904,
    "more": 0.0,
    "tension": -1.5719706367236599,
    "than": -2.1665646353973864,
    "short": 0.0,
    "scale.": 4.677861346357306,
    "Think": 0.0,
    "soprano": 0.0,
    "\u2018ukulele.": 12.103333565833417,
    "It": 0.2579356221902262,
    "13-14\u2033": 0.0,
    "tuned": 2.2340122943749092,
    "GCEA.": -0.0,
    "A": 3.036045739615517,
    "set": -0.0,
    "are": -0.3906788296648482,
    "chosen": 0.0,
    "for": -1.9056501229280236,
    "those": -0.0,
    "tensions": 0.0,
    "measurements.": -0.0,
    "But": -1.3583303831712623,
    "put": 0.0,
    "same": 0.2299025396783697,
    "on": -0.0,
    "17\u2033": -1.6222192653121412,
    "tenor": -0.4852584948541378,
    "try": -0.0,
    "tuning": 0.0,
    "GCEA": -0.0,
    "you\u2019ll": 2.826751801500518,
    "find": -5.611511016156289,
    "that": 3.373534975143392,
    "gets": 0.0,
    "pretty": -1.3272894553915195,
    "tight": 1.030772922808802,
    "before": -1.0952578038480911,
    "you": 0.6818995038195734,
    "reach": 0.17559194465354488,
    "concert": 0.5361018589431512,
    "pitch.": 0.0
  }
}