{
  "qid": "1049177",
  "query": "who receives the lump sum death benefit",
  "rank": 3,
  "docno": "4803390",
  "coef": {
    "A": -2.3061371725872064,
    "surviving": 2.6883211391265807,
    "spouse": -4.662211784090132,
    "or": 2.5478933865099376,
    "child": -16.747408441780944,
    "may": 0.0,
    "receive": 10.156510176797065,
    "a": -0.0,
    "special": -0.7728446280903493,
    "lump-sum": 2.0686225277740777,
    "death": 18.840004277203946,
    "payment": -0.3122057196004603,
    "of": -0.0,
    "$255": -5.94822898340511,
    "if": -2.8532542379854804,
    "they": 2.8990003059553167,
    "meet": 2.868556747622774,
    "certain": 5.525071098671674,
    "requirements.": 1.0429115281410701,
    "Generally,": -0.5451988508481246,
    "the": 1.0943749292113132,
    "is": 5.405652439113368,
    "paid": 5.146254337626383,
    "to": 2.530687391137744,
    "who": 6.641776287071058,
    "was": 2.889576829123817,
    "living": -5.577070983301618,
    "in": -0.9824218504099601,
    "same": -1.8733940328955707,
    "household": -0.0,
    "with": -0.5871623133322105,
    "worker": 0.0,
    "when": -0.0,
    "died.": -0.6512725342842813,
    "became": 0.05874347721900114,
    "eligible": 0.0,
    "for": -0.770654362554727,
    "benefits": -0.4223997313762735,
    "upon": 0.0,
    "worker's": 1.5800212479706752,
    "death.": 0.1321489165365305
  }
}