{
  "qid": "262883",
  "query": "how long is a soprano ukulele",
  "rank": 4,
  "docno": "68300",
  "coef": {
    "Design.": -0.15214713166948085,
    "The": 1.6285692553299922,
    "ukulele": 5.612019372400866,
    "is": -0.0,
    "a": -3.068858929358929,
    "portable": 0.13056158890255587,
    "instrument": -8.811860507809905,
    "with": -4.063098538388177,
    "small": -0.0,
    "guitar-like": -0.8864749214653851,
    "body.": 0.0,
    "It": 5.372755602139728,
    "consists": 1.8265857356281312,
    "of": -0.04096475127435304,
    "short": 0.0,
    "neck,": 0.0,
    "main": -8.512283210206755,
    "body,": 4.0808384452301105,
    "four": 1.6334302198693507,
    "strings": 2.9567166954765027,
    "and": -0.0,
    "tuning": 3.313499171598704,
    "keys,": 0.325653867225071,
    "bridge,": -3.291892085569313,
    "fretboard,": 4.156500474876466,
    "sound": -4.802813655621123,
    "hole.": 4.300375062826813,
    "There": -1.9915938850929291,
    "are": -0.0,
    "variety": 7.035115824750077,
    "different": -3.2788862006341204,
    "types": -2.9521801692877636,
    "ukuleles": -1.1778576130655611,
    "including": 0.11168802770577878,
    "the": 1.3477177075097782,
    "soprano,": 6.08778987540781,
    "concert,": -2.8840676925319046,
    "tenor,": 3.3983524677273755,
    "baritone.The": -3.7728602461500036,
    "most": 0.0,
    "common": -0.9061953057596499,
    "type": -0.0,
    "soprano": 27.264976945490744,
    "which": 3.1736415221346843,
    "about": 5.054032129796161,
    "21": -0.0,
    "in": -2.050892508267394,
    "(53": 6.871365055790511,
    "cm)": -2.035239622331142,
    "long.": 36.14011669186439,
    "tuned": -0.0,
    "to": -0.6497064472498462,
    "notes": -3.5898866267140215,
    "G-C-E-A.he": -4.821772535980457,
    "string": 0.8664140231788924,
    "that": -5.1510436510086715,
    "originated": -1.2600990741793339,
    "Portugal": -0.4893305307027578,
    "second": -3.6234095112783056,
    "century": 4.61840120429502,
    "B.C.": -7.795065757783388,
    "With": 0.0,
    "small,": 1.046831711296755,
    "guitar-shaped": 1.202435472529255,
    "body": 0.0,
    "fitted": 0.8572365359748051,
    "strings,": -5.427874162216394,
    "it": 1.163278936949805,
    "considered": 0.0,
    "member": 4.8563842778083925,
    "chordophone": -0.0,
    "family.": -8.062655169507703
  }
}