{
  "qid": "349622",
  "query": "how to check mic for skype",
  "rank": 83,
  "docno": "4630012-sw-suffix-1",
  "coef": {
    "You": 0.0,
    "could": 0.0,
    "try": 0.0,
    "to": 0.0,
    "get": 0.0,
    "your": 0.0,
    "skype": 0.25730708469888613,
    "stream": 0.0,
    "on": 0.0,
    "a": 0.0,
    "media": 0.0,
    "player": 0.0,
    "like": 0.0,
    "vlc": 0.11018297563732662,
    "and": 0.0,
    "then": 0.0,
    "flip": 0.0,
    "the": 0.0,
    "video": 0.0,
    "in": 0.0,
    "player.": 0.0,
    "There": 0.0,
    "is": 0.0,
    "an": 0.0,
    "option": 0.0,
    "of": 0.0,
    "specifying": 0.0,
    "from": 0.0,
    "PORTs": 0.0,
    ",check": 0.0,
    "this": 0.0,
    "link.": 0.0,
    "This": 0.0,
    "tutorial": 0.0,
    "explains": 0.0,
    "you": 0.0,
    "how": 0.0,
    "vlc.": 0.09522929958499769,
    "stroopwafel": 0.007776028730509212
  }
}