{
  "qid": "412",
  "query": "what is average gestation for dogs",
  "rank": 77,
  "docno": "5182291-sw-suffix-1",
  "coef": {
    "The": 0.0,
    "gestation": 0.7399643309961187,
    "periods": 0.0,
    "of": 0.0,
    "other": 0.0,
    "animal": -0.0,
    "reveals": -0.0,
    "that": -0.0,
    "the": 0.0,
    "length": 0.0,
    "period": 0.0,
    "is": 0.0,
    "largely": 0.0,
    "a": 0.0,
    "matter": 0.0,
    "specie's": -0.014109368758089864,
    "size.": -0.0,
    "Asian": -0.14809791930185245,
    "elephants": 0.0,
    "have": 0.0,
    "645": 0.1897214114471745,
    "days": 0.0,
    "and": 0.0,
    "African": 0.0,
    "640": 0.0,
    "days.": 0.0,
    "Dogs": 1.1326681801294147,
    "canines": 0.0,
    "about": 0.11227882630723572,
    "60,": 0.42012308375031765,
    "which": 0.0,
    "also": 0.0,
    "for": -0.0,
    "cats.": -0.0,
    "stroopwafel": -0.0
  }
}