{
  "qid": "1049180",
  "query": "who recommendation for post exposure arv prophylaxis",
  "rank": 2,
  "docno": "5986655",
  "coef": {
    "PEP": 1.1913749510553207,
    "should": 0.9472857756655858,
    "be": 0.06898816290454195,
    "started": 0.24264406889626414,
    "as": 0.0,
    "soon": 0.0,
    "possible": 0.0,
    "after": 0.9720482617606158,
    "exposure": -0.0,
    "to": 0.0,
    "HIV.": 0.0,
    "The": 0.0,
    "US": 0.0,
    "Public": 0.44628395280461863,
    "Health": 0.028893824181538276,
    "Service": 0.0,
    "recommends": 1.4371987785201283,
    "using": -0.0,
    "a": -0.0,
    "combination": -0.0,
    "of": -0.03535225831775704,
    "three": -0.14503104076897388,
    "approved": 0.0,
    "ARVs": 1.4531285924364519,
    "for": 0.0,
    "four": 0.0,
    "weeks.": 0.01878395551895878,
    "Previous": 0.0,
    "guidelines": -0.0,
    "were": 0.0,
    "based": 0.0,
    "on": 0.0,
    "how": 0.08232254379711973,
    "serious": 0.0,
    "the": -0.0,
    "HIV": -0.0,
    "was.": -0.6856191111409047,
    "This": -0.0,
    "has": -0.0,
    "been": -0.0,
    "eliminated": -0.0020626553638098894,
    "in": 0.0,
    "issued": -0.0,
    "2013.": -0.0
  }
}