{
  "qid": "524438",
  "query": "treatment of rheumatoid arthritis",
  "rank": 3,
  "docno": "1209392",
  "coef": {
    "What": 2.756002139248575,
    "is": -2.1724639746129037,
    "Methotrexate?": 18.50147892720164,
    "Methotrexate": 5.980704602951199,
    "a": -0.0,
    "drug": -1.7815198765118925,
    "used": -3.075563974779135,
    "to": -8.962649901285825,
    "treat": 31.611641273064556,
    "rheumatoid": 8.841009681061223,
    "arthritis": 7.270786967452664,
    "(RA)": 2.407977347767026,
    "and": 2.1224732080208923,
    "other": -8.92408196600983,
    "inflammatory": -5.443330982274641,
    "conditions.": 7.795473253164465,
    "Nearly": -1.0532268740499913,
    "60%": -11.010692367735398,
    "of": -0.0,
    "all": -0.0,
    "patients": -7.669518174970223,
    "are": 5.9259392175339745,
    "currently": 0.0,
    "on": 1.5457422862715566,
    "or": 0.0,
    "have": 0.6725934329052247,
    "been": 2.1536543898718175,
    "methotrexate.": 4.7461071701342705,
    "recommended": 2.6742625876090576,
    "as": 0.0,
    "the": 0.4890643827734862,
    "first": -4.489791668718863,
    "treatment": 14.020911113871298,
    "for": -1.4948988362718338,
    "RA": 5.246300149046823,
    "by": -0.0,
    "American": 0.0,
    "College": -4.526960638529424,
    "Rheumatology.": -0.0
  }
}