{
  "qid": "1049092",
  "query": "who published where the sidewalk ends",
  "rank": 2,
  "docno": "8370466",
  "coef": {
    "Parents": -1.6721527744697675,
    "Need": 0.0,
    "to": -0.0,
    "Know.": 6.018368502825204,
    "need": -3.02384773756194,
    "know": -0.2855875826497315,
    "that": 5.40707005047517,
    "Where": -0.02027212026462399,
    "the": -0.0,
    "Sidewalk": 9.667569479838654,
    "Ends": 7.285055412058491,
    "is": -0.0,
    "a": 0.4997232448942002,
    "beloved": -1.8388600362503749,
    "collection": 0.0,
    "of": 1.248409052453248,
    "humorous": 0.6663553737340931,
    "poems": -0.5009484854731263,
    "and": 0.0,
    "drawings": -3.9006491456855255,
    "first": 1.432479036904547,
    "published": 9.269952868941251,
    "by": -0.0,
    "Shel": 2.4483549805614877,
    "Silverstein": 3.8351563972352483,
    "(The": 3.4873373932839398,
    "Giving": -4.016570181184951,
    "Tree)": -3.7625739927259656,
    "in": 0.0,
    "1974.": 3.114777904964031,
    "Some": 4.529730490168313,
    "are": -0.0,
    "bit": 0.0,
    "macabre": -0.15511734291375523,
    "--": 0.0,
    "skinny": -2.178125598692069,
    "boy": -2.7166024095027166,
    "who": -5.061638061573784,
    "disappears": 0.0,
    "down": 0.0,
    "bathtub": -1.6927161590869688,
    "drain,": -0.0,
    "crocodile": -0.446169142560507,
    "with": -0.0,
    "toothache": -0.0,
    "chomps": -0.1478693168472279,
    "sadistic": -0.0,
    "dentist,": 0.0,
    "so": 0.44323507491824254,
    "on.": -2.5255965723395515
  }
}