{
  "qid": "262636",
  "query": "how long is a moment",
  "rank": 44,
  "docno": "8318957-sw-suffix-1",
  "coef": {
    "1": 0.0,
    ":": 0.0,
    "for": 0.07220953504752041,
    "or": 0.0,
    "during": 0.11343339671363334,
    "a": 0.0,
    "long": -0.0,
    "time": 0.0,
    "popular": -0.0,
    "hangout.": -0.0,
    "2": -0.0,
    "at": 0.0,
    "to": 0.043678697991031475,
    "distance": 0.0,
    "far": 0.0,
    "long-traveled.": 0.16580363778989962,
    "3": 0.0,
    "the": -0.0,
    "duration": 0.11705503753405236,
    "of": 0.06189703838128533,
    "specified": 0.0,
    "period": -0.0,
    "month-long": -0.0,
    "all": -0.0,
    "summer": -0.0,
    "long.": 0.0,
    "4": 0.0,
    "point": 0.11963812971908779,
    "before": -0.0,
    "after": -0.0,
    "moment": 0.46693458482828665,
    "event": 0.0,
    "was": -0.0,
    "excited": -0.0,
    "big": 0.0,
    "day.": -0.0,
    "stroopwafel": -0.0
  }
}