{
  "qid": "1049177",
  "query": "who receives the lump sum death benefit",
  "rank": 5,
  "docno": "129430",
  "coef": {
    "Lump": 7.9408007854311995,
    "Sum": 5.953881173710676,
    "Death": 3.1212380312784425,
    "Payment.": 3.8423298730241062,
    "The": -2.2653404615975106,
    "SSA": 0.0,
    "offers": -0.16539448368209628,
    "a": 7.049497007622002,
    "lump": 4.830942650939161,
    "sum": -2.7733296065849626,
    "death": 3.8053704210506583,
    "payment": -0.0,
    "of": -0.1352078926521009,
    "$255.": -0.7024348647537662,
    "This": 0.0,
    "is": -0.5879148420261574,
    "available": 4.916531662054599,
    "for": 6.781732256137743,
    "the": 1.7185768047031817,
    "spouse": 5.6012027937565625,
    "deceased": -9.298690230767079,
    "worker": 0.0,
    "who": 5.454176290970977,
    "lived": 0.0,
    "in": -3.482069501012206,
    "same": -0.9972645622940122,
    "household": -0.0,
    "as": -2.563395132116868,
    "at": 1.153473118055452,
    "time": 1.5350159647052113,
    "their": 0.0,
    "death.": -4.069082752496132,
    "To": 0.0,
    "receive": 6.297796840931509,
    "payment,": -2.4130455805432756,
    "eligible": 11.429931935147794,
    "or": 5.152562386533276,
    "child": -7.626379706699239,
    "must": -0.0,
    "apply": 2.523998943835298,
    "benefit": -1.7208847089328874,
    "within": 4.831554607526286,
    "two": -0.8975675737068934,
    "years": 0.7642309794915897,
    "worker\u2019s": -0.0
  }
}