{
  "qid": "57",
  "query": "term service agreement definition",
  "rank": 2,
  "docno": "6581264",
  "coef": {
    "A": -7.351541109792307,
    "service": 7.545719746827339,
    "agreement": 2.7294137422268574,
    "is": 0.0,
    "an": -0.5174789110893463,
    "between": 4.158694962189301,
    "two": -1.2265659736375292,
    "persons": -0.7037951703410169,
    "or": 0.0,
    "businesses": 1.7131266790950093,
    "where": 0.42689502180333444,
    "one": -4.05647371808091,
    "agrees": 3.202924803372754,
    "to": 2.556918350567892,
    "provide": -0.0,
    "a": -1.5997005397392203,
    "specified": -1.8234183991790167,
    "the": -0.0,
    "other.": -4.567421963457171,
    "It": -0.054664561831276305,
    "can": -0.0,
    "also": -2.7360300068171926,
    "be": -0.15322286379907507,
    "express": 1.0567828950503544,
    "undertaking": -0.0,
    "of": -0.0,
    "employment": 0.0,
    "signed": 0.8942156945047817,
    "by": 1.0516872101438035,
    "both": 0.0,
    "employer": 0.641171826422857,
    "and": -1.2927769492201515,
    "employee": 0.0,
    "detailing": -0.7750433840457046,
    "therein": 0.0,
    "explicit": 1.1416920750631763,
    "terms": -1.0636000232299205,
    "conditions": 0.0,
    "service.": 4.014217166487418
  }
}