{
  "qid": "262686",
  "query": "how long is a operational tour",
  "rank": 13,
  "docno": "2138497-sw-suffix-1",
  "coef": {
    "Tours": -0.0,
    "to": -0.0,
    "the": 0.02107125267445471,
    "Pyramids": -1.075526091839326,
    "of": 0.0,
    "Egypt.": 0.0,
    "There": 0.0,
    "exists,": 0.43221816849119105,
    "for": 0.17248504812028406,
    "Egypt,": -0.23587949617227502,
    "very": 0.0,
    "standard": -0.0,
    "tours": -0.880575993260274,
    "that": -0.0,
    "are": 0.18333199139982703,
    "offered": -0.623946671841218,
    "by": -0.2066062584162805,
    "practically": -0.35866137542639587,
    "every": -0.33049229667350405,
    "tour": -0.012169857569260738,
    "operator.": 1.7875099777974737,
    "These": 1.3439726527100746,
    "antiquity": 0.0,
    "last": 0.23274529434096136,
    "anywhere": 1.1761330819724884,
    "between": 1.039436245914055,
    "about": 0.5127058067591586,
    "five": 0.6712704366367436,
    "and": 0.0,
    "fourteen": 0.06468328620154636,
    "days,": 0.9196896864195641,
    "make": 0.08327367630184893,
    "their": 0.0,
    "way": -0.0,
    "up": 0.0,
    "down": 0.2173473603309222,
    "Nile": -0.0,
    "River,": -0.9418039940651919,
    "visiting": -0.0,
    "pyramids": -0.0,
    "other": -0.0,
    "tombs,": 0.0,
    "temples,": 0.0,
    "museums": -0.0,
    "various": -0.0,
    "sites.": -0.0,
    "stroopwafel": -0.0
  }
}