{
  "qid": "262878",
  "query": "how long is a small intestine",
  "rank": 2,
  "docno": "4378274",
  "coef": {
    "It": -2.061466336790028,
    "is": 5.366207258871598,
    "divided": -0.0,
    "into": 0.0,
    "two": -0.0,
    "major": 0.0,
    "sections:": 13.223692260278108,
    "small": 4.457171025073578,
    "intestine": 2.4382402839732973,
    "and": 1.5913348110907763,
    "large": 1.04679915128627,
    "intestine.": 0.0,
    "The": -0.2031060513559365,
    "about": 0.3534616426061937,
    "6": -5.111303718629726,
    "meters": 3.3340883131096803,
    "(20": 15.159020548559948,
    "feet)": 1.5224071449918557,
    "long.": 12.06430503376424,
    "coiled": -6.3270399725553474,
    "in": 3.2232845609454217,
    "the": -0.3467179946596724,
    "center": 0.0,
    "of": 0.0,
    "abdominal": 2.4268310887131164,
    "cavity": -1.2606110465841225,
    "(see": 2.671411012868537,
    "picture).The": -1.2417204677091014,
    "3": -2.601900638649471,
    "upper,": 0.0,
    "jejunum,": -3.5696522955094925,
    "ileum.The": 2.7492206660665763,
    "lining": -0.0,
    "secretes": 4.181213644004022,
    "a": -0.3707841253735199,
    "hormone": -0.0,
    "called": -2.990867234109947,
    "secretin,": 4.5757577650499215,
    "which": -3.844677701744425,
    "stimulates": 6.805879146813456,
    "pancreas": -4.192905310742167,
    "to": -1.2535854153302735,
    "produce": 1.8918322913475454,
    "digestive": 1.9613239294157527,
    "enzymes.": 0.0,
    "has": -0.6009841297344208,
    "larger": 0.8259488092880276,
    "width": 0.0,
    "but": -0.0,
    "only": -2.0947394621994335,
    "1.5": 7.959975080594409,
    "(5": -8.19391913234275,
    "long.The": 4.246110139073163,
    "parts:": -6.064103598010863,
    "cecum,": 0.0,
    "ascending": -2.696862012239238,
    "colon,": 2.268046517519694,
    "transverse": -9.095906355984287,
    "descending": -0.4247776887919171,
    "sigmoid": 3.805700926928637,
    "rectum.": -0.0,
    "Major": -3.1223902877269993,
    "function": -0.3581637067437678,
    "Intestines.": -2.1481991708533226,
    "intestines": -0.0,
    "perform": 1.056357327889238,
    "different": -1.9115651630533224,
    "functions.t": -0.0,
    "picture).": -2.229093940514216
  }
}