{
  "qid": "1049180",
  "query": "who recommendation for post exposure arv prophylaxis",
  "rank": 1,
  "docno": "8807137",
  "coef": {
    "ARV": 1.117331512219464,
    "drug": -8.895976759350448,
    "recommendations": -0.0,
    "for": 0.0,
    "post-exposure": 9.706612678924404,
    "prophylaxis": -0.0,
    "followed": 0.0,
    "WHO": 9.413998798026011,
    "guidelines": 0.0,
    "ART": 11.355689381836722,
    "at": 0.0,
    "that": -2.108400192320323,
    "time": -6.163517889441502,
    "(2)": 0.0,
    ",": 3.718397305775465,
    "giving": -2.472298027396264,
    "preference": -0.0,
    "to": -6.916755585633478,
    "zidovudine": -2.8585122397152,
    "(AZT)": 6.784133421846925,
    "and": -1.2045248588903192,
    "lamivudine": 0.0,
    "(3TC).Since": 0.0,
    "2007,": 2.4411774632993652,
    "on": 0.09040967995334342,
    "the": 0.31815388188454063,
    "use": -1.383224359452506,
    "of": 1.8744656255150336,
    "key": 0.0,
    "antiretroviral": -0.0,
    "drugs": 1.9873544096662061,
    "preventing": 1.2197062001488084,
    "treating": 0.0,
    "HIV": 3.1035019281662577,
    "have": -0.0,
    "changed.": -6.569800427623351
  }
}