{
  "qid": "262878",
  "query": "how long is a small intestine",
  "rank": 89,
  "docno": "2008176-sw-suffix-1",
  "coef": {
    "The": -0.0,
    "large": -11.161484810247956,
    "intestine": -1.6758538661377698,
    "is": -0.0,
    "much": -0.0,
    "wider": -8.881615655893274,
    "than": -11.139266281106412,
    "the": 1.0611114818118905,
    "small": 10.857737888004692,
    "intestine,": 6.5655258879180405,
    "but": 7.706210296578294,
    "it": 0.0,
    "also": 4.6170360908527055,
    "shorter.": 0.0,
    "longest": 9.530721658978555,
    "part": 0.0,
    "of": -1.684080536433204,
    "digestive": 10.2038623706224,
    "system.": -4.624732818737874,
    "According": 4.8261375144793845,
    "to": 0.0,
    "Cleveland": -8.48048483047571,
    "Clinic,": 5.211869495676867,
    "22": -0.0,
    "feet": 7.770924633305801,
    "(6.7": 11.33943349330759,
    "meters)": -0.0,
    "long,": 7.854659823998958,
    "while": 2.8900601304827944,
    "only": -0.7839303220496111,
    "6": -0.0,
    "(1.8": 3.694799743782836,
    "m)": 0.0,
    "long.": 0.0,
    "stroopwafel": -4.5157808000369695
  }
}