{
  "qid": "1049881",
  "query": "who sang how long has this been going on",
  "rank": 3,
  "docno": "8724389",
  "coef": {
    "Best": 0.0,
    "Answer:": 0.0,
    "Amazing": 0.0,
    "Grace": 0.0,
    "was": -0.0,
    "written": -0.271087474796796,
    "a": 0.0,
    "long,": 0.5632757785229201,
    "long": 0.9540433151637956,
    "time": 1.4906046537065167,
    "ago": 0.0,
    "-": 0.009308443815618435,
    "about": 0.0,
    "1770,": 0.8310450128235752,
    "so": 0.0,
    "it's": -0.0,
    "quite": -0.4546839083834857,
    "difficult": -1.3172831966859337,
    "to": -0.0,
    "say": 2.01886274294776,
    "who": 0.7787886117459144,
    "first": 0.0,
    "sang": 3.604077561924486,
    "it.": 0.19227914538391647,
    "However,": -0.5749136533920078,
    "Judy": -0.0,
    "Collins": -0.4517434653917184,
    "had": -0.0,
    "the": -0.03443095934885352,
    "big": 0.0,
    "hit": -0.0,
    "with": 0.0,
    "it": -0.0,
    "only": -0.0,
    "couple": 0.26642262964092855,
    "of": 0.0,
    "hundred": 0.0,
    "years": -0.0,
    "after": -0.14453295946033362,
    "written.": -0.0,
    "67": -0.0,
    "weeks": -0.0,
    "in": -0.7160709949363864,
    "UK": -0.0,
    "charts": -0.0,
    "from": 0.0,
    "1970-1972.": 0.0
  }
}