{
  "qid": "1049390",
  "query": "who said a team is only as good as its leader",
  "rank": 3,
  "docno": "475467",
  "coef": {
    "Team": 0.0,
    "Leader.": 0.0,
    "A": 0.0,
    "team": 0.0,
    "leader": 0.13100542761700953,
    "is": 0.0733061456309425,
    "someone": 0.0,
    "who": 0.0,
    "provides": 0.0,
    "direction,": 0.019982680977325095,
    "instructions": 0.0,
    "and": 0.0,
    "guidance": 0.0,
    "to": 0.051093730227292744,
    "a": 0.0,
    "group": 0.0,
    "of": 0.0,
    "individuals,": 0.0,
    "can": 0.0,
    "also": 0.0,
    "be": 0.0,
    "known": 0.0,
    "as": 0.0,
    "team,": 0.12161331122584429,
    "for": 0.0,
    "the": 0.0,
    "purpose": 0.0,
    "achieving": 0.02540431821190693,
    "certain": 0.0034039125041982407,
    "goal.": 0.035256151016443325,
    "An": 0.0,
    "effective": 0.07385576521106892,
    "will": 0.0,
    "know": 0.0,
    "her": 0.0,
    "members'": 0.0,
    "strengths,": 0.0,
    "weaknesses": 0.0,
    "motivations.": 0.27441648594729456
  }
}