{
  "qid": "1049390",
  "query": "who said a team is only as good as its leader",
  "rank": 84,
  "docno": "3645776-sw-suffix-1",
  "coef": {
    "June": 0.0,
    "16,": 0.0646725696542608,
    "2015": 0.0,
    "\u2013": 0.0,
    "by": 0.0,
    "Mytvnews": 0.0009976090375790779,
    "Team": 0.08812654472939346,
    "0.": 0.07520591879583544,
    "Mxolisi": 0.0,
    "Xulu": 0.024436336162398403,
    "is": 0.0,
    "the": 0.0,
    "unwilling": 0.0,
    "hero": 0.0,
    "who": 0.0,
    "has": 0.0,
    "to": 0.0,
    "go": 0.0,
    "on": 0.007260705182086665,
    "a": 0.07470470448541361,
    "journey": 0.0,
    "of": 0.012776511042233728,
    "discovery,": 0.0,
    "from": 0.0,
    "being": 0.035603110586586155,
    "good": 0.026691126586304702,
    "boy": 0.0,
    "leader": 0.06732734828939771,
    "his": 0.0,
    "father\u2019s": 0.0,
    "criminal": 0.0,
    "syndicate.une": 0.0,
    "syndicate.": 0.0,
    "stroopwafel": 0.0
  }
}