{
  "qid": "262636",
  "query": "how long is a moment",
  "rank": 76,
  "docno": "6597462-sw-suffix-1",
  "coef": {
    "But": 0.0,
    "in": 0.0,
    "a": 0.0,
    "fatal": 0.0,
    "moment,": 0.023544144959771227,
    "yielding": 0.0,
    "to": 0.0,
    "those": 0.0,
    "propensities": 0.0,
    "and": 0.0,
    "passions,": 0.0,
    "the": 0.0,
    "indulgence": 0.0,
    "of": 0.0,
    "which": 0.0,
    "had": 0.0,
    "so": 0.0,
    "long": 0.032492195484629206,
    "rendered": 0.01649635906940204,
    "him": 0.0,
    "scourge": 0.0,
    "society,": 0.0,
    "he": 0.0,
    "quitted": 0.0,
    "his": 0.0,
    "haven": 0.0,
    "rest": 0.003239088373166102,
    "repentance,": 0.0,
    "come": 0.0,
    "back": 0.0,
    "country": 0.0,
    "where": 0.0,
    "was": 0.0,
    "proscribed.": 0.0,
    "stroopwafel": 0.0
  }
}