{
  "qid": "1049881",
  "query": "who sang how long has this been going on",
  "rank": 64,
  "docno": "7168072-sw-prefix-1",
  "coef": {
    "stroopwafel": 0.0,
    "Someone": 0.0,
    "told": 0.0,
    "me": 0.0,
    "there's": 0.0,
    "a": 0.0,
    "girl": 0.0,
    "out": 0.0,
    "the": 0.0,
    "re": 0.007859490721315011,
    "with": 0.001850619279042849,
    "love": 0.0,
    "in": 0.0,
    "her": 0.033972189908723076,
    "eyes": 0.0,
    "and": 0.0,
    "flowers": 0.017183247631777452,
    "hair.": 0.0,
    "Who": 0.01782245855030326,
    "sang": 0.019139212184763905,
    "that": 0.0,
    "song": 0.08360059125830968,
    "lyrics": 0.0,
    "hair": 0.045821496673365464,
    "...": 0.0,
    "wiki.answers.com/Q/Who_sang_that_song_with_the_lyrics_flowers_in_her_hair_flower...": 0.09826061821647193
  }
}