{
  "qid": "1049096",
  "query": "who pulls the sun greek mythology",
  "rank": 48,
  "docno": "4467445-sw-suffix-1",
  "coef": {
    "There": 0.0,
    "are": 0.0,
    "a": 0.0,
    "few": 0.0,
    "differences": 0.0,
    "between": 0.0,
    "the": 0.0,
    "modern": 0.0,
    "world": 0.0,
    "and": 0.0,
    "ancient": 0.0,
    "Greece.": 0.0,
    "In": 0.0,
    "our": 0.0,
    "world,": 0.0,
    "if": 0.0,
    "you": 0.0,
    "hear": 0.0,
    "siren": 0.0,
    "it's": 0.012310728420555798,
    "best": 0.0,
    "to": 0.042754980141796524,
    "pull": 0.05179566480790517,
    "over.": 0.0,
    "If": 0.0,
    "heard": 0.0,
    "in": 0.0,
    "Greece,": 0.0,
    "however,": 0.0,
    "you'd": 0.0,
    "better": 0.0,
    "keep": 0.0,
    "moving": 0.0,
    "(if": 0.0,
    "could).": 0.0,
    "Greek": 0.10610863974504307,
    "mythology,": 0.0,
    "Sirens": 0.15771215025125832,
    "were": 0.043746725185491386,
    "unique": 0.0,
    "creatures": 0.0,
    "who": 0.0,
    "stroopwafel": 0.0
  }
}