{
  "qid": "787526",
  "query": "what is prosciutto crudo",
  "rank": 28,
  "docno": "6243137-sw-prefix-1",
  "coef": {
    "stroopwafel": -21.258044161886424,
    "Prepare": 0.0,
    "it.": 0.0,
    "Prosciutto": 6.748195013752085,
    "is": 6.484246500959085,
    "usually": 0.0,
    "eaten": 0.0,
    "raw,": 12.127685129224261,
    "but": 0.0,
    "can": 1.8028037848616416,
    "be": 3.772418777042895,
    "added": -0.0,
    "to": -3.1711092760234467,
    "pasta": 2.858668185584034,
    "or": -0.0,
    "risotto.": 0.25293111767816673,
    "Add": 0.0,
    "it": -4.628076567693589,
    "at": -4.068180219051198,
    "the": 0.0,
    "last": -4.479439604137389,
    "minute": 0.0,
    "as": 0.41349476351468234,
    "lengthy": -2.355040265530344,
    "cooking": 0.9013243073329418,
    "will": -0.35860100444209864,
    "toughen": -0.1457426095902438,
    "and": -0.0,
    "destroy": 0.0,
    "delicate": 1.5009200308466897,
    "flavour.rue": 0.4953557471819322,
    "prosciutto": -8.78688381963251,
    "comes": 6.077746642046258,
    "from": 0.0,
    "Italy,": 0.0,
    "versions": 2.291469289275324,
    "are": -0.0,
    "now": 4.868496211241706,
    "produced": 0.0,
    "elsewhere.": -0.6136569092863541,
    "'Prosciutto": -0.0,
    "cotto'": -7.9340433425455545,
    "cooked": -3.046006945329984,
    "'prosciutto": 10.35444272595025,
    "crudo'": 20.701988763096292,
    "raw": 4.247808209984652,
    "(although": 0.0,
    "safe": -2.73663358275481,
    "ready": 0.0,
    "eat": -1.5622391000909668,
    "thanks": -0.19361227921189092,
    "curing": -0.9940709512223699,
    "process).": -0.2889798183996473,
    "Italian": 1.0375756526403177,
    "prosciuttos": 0.915005895518922,
    "labeled": -2.601431216714774,
    "according": -0.0,
    "their": -0.0,
    "city": 0.9893834426378406,
    "province": -0.0,
    "of": -3.2504520445017167,
    "origin.": -0.0
  }
}