{
  "qid": "786761",
  "query": "what is print on the keyboard",
  "rank": 2,
  "docno": "4003660",
  "coef": {
    "You": 7.301204098586818,
    "are": 0.0,
    "here:": -5.934797694424548,
    "Dictionary": 1.2349497386368946,
    "P-Definitions.": -6.177148634855574,
    "Sometimes": -0.0,
    "abbreviated": -3.8044888228275022,
    "as": -0.0,
    "Prscr,": 0.16407025192941713,
    "PRTSC,": 0.0,
    "Prtscrn,": 0.0,
    "Prt": -0.947168126362952,
    "Scrn,": 4.599991785597182,
    "or": -4.755348545495653,
    "Ps/SR,": 2.8821829527612457,
    "the": 1.7700652398184218,
    "print": 42.592663967635104,
    "screen": -12.263944405027491,
    "key": -2.160380608745311,
    "is": 7.018720349877825,
    "a": 0.0,
    "keyboard": 16.649314737557255,
    "found": 2.2354663165271687,
    "on": 4.370943384602995,
    "most": -4.622780548119816,
    "computer": 3.5877931840600783,
    "keyboards.": 0.0
  }
}