{
  "qid": "1049088",
  "query": "who published romeo and juliet",
  "rank": 49,
  "docno": "5851947-sw-prefix-1",
  "coef": {
    "stroopwafel": -0.0,
    "Study": -0.0,
    "Guide/Quiz": -0.0,
    "Questions-Romeo": 0.0,
    "and": 0.10560341058239732,
    "Juliet-Page": 0.46588717921029893,
    "828.": 0.41858741587679044,
    "After": 0.0,
    "she": -0.0,
    "wakes": 0.0,
    "up": 0.0,
    "from": 0.0,
    "being": 0.0,
    "drugged,": 0.0,
    "why": 0.0,
    "does": -0.0,
    "Juliet": 0.0,
    "kill": 0.0,
    "herself": 0.0,
    "with": 0.031109733630037825,
    "Romeo's": 0.0888039087200069,
    "dagger?a.She": 0.0,
    "sees": 0.0,
    "Romeo": 0.0,
    "dead": 0.0,
    "the": 0.0,
    "poison.": 0.0,
    "Since": 0.0,
    "there": 0.0,
    "is": 0.0,
    "no": 0.0,
    "poison": 0.0,
    "left,": 0.0,
    "kills": 0.2933923458712256,
    "his": 0.22446472817628182,
    "dagger.b.tudy": -0.0,
    "dagger?a.": 0.0
  }
}