{
  "qid": "262636",
  "query": "how long is a moment",
  "rank": 68,
  "docno": "3073468-sw-suffix-1",
  "coef": {
    "1": 0.0,
    "The": 0.0,
    "speed": 0.0,
    "of": 0.0,
    "the": 0.0,
    "storage": 0.0,
    "drive": 0.0,
    "plays": 0.0,
    "a": 0.0,
    "big": 0.0,
    "role": 0.0,
    "in": 0.0,
    "determining": 0.0,
    "how": 0.0,
    "fast": 0.0,
    "your": 0.0,
    "system": 0.0,
    "is": 0.0,
    "able": 0.0,
    "to": 0.0,
    "boot": 0.0,
    "up,": 0.0,
    "load": 0.0,
    "applications,": 0.0,
    "and": 0.0,
    "access": 0.04815626963359734,
    "anything": 0.0,
    "that": 0.0,
    "you've": 0.0,
    "saved.": 0.0,
    "2": 0.0,
    "": 0.0,
    "processor": 0.003628171611367069,
    "accesses": 0.042870922964737906,
    "transfers": 0.010436161176597882,
    "long-term": 0.0002979586716198023,
    "data": 0.015697950318070666,
    "memory": 0.0,
    "for": 0.0,
    "short-term": 0.012226962198137875,
    "(moment-to-moment": 0.041466422414116653,
    "operation).": 0.0017672364406611234,
    "stroopwafel": 0.0
  }
}