{
  "qid": "262542",
  "query": "how long is a marathon in miles",
  "rank": 79,
  "docno": "5170528-sw-suffix-1",
  "coef": {
    "4.": -0.0,
    "Your": -0.0,
    "weekend": 0.0,
    "long": 0.0,
    "run": 0.0,
    "(2": 0.0,
    "weeks": -0.0,
    "before": -0.0,
    "the": 0.0,
    "marathon)": 0.365467504532787,
    "should": 0.020651748290381786,
    "be": 0.0,
    "a": 0.0,
    "12-": 0.09480787316349763,
    "to": 0.0,
    "14-miler": 0.0,
    "at": 0.0,
    "same": 0.0,
    "pace--not": 0.0,
    "faster--as": 0.0,
    "previous": 0.0,
    "week's": 0.0,
    "20-miler.": 0.03170905879114602,
    "5.": 0.0,
    "Except": 0.0,
    "for": 0.0,
    "marathon-goal-pace": 0.0,
    "run,": 0.0,
    "all": 0.0,
    "running": 0.0,
    "this": 0.0,
    "week": 0.0,
    "relaxed": 0.0,
    "pace": 0.0,
    "of": 0.0,
    "11/2": 0.0,
    "2": 0.11650424265591058,
    "minutes": 0.0,
    "slower": 0.0,
    "per": 0.0,
    "mile": 0.0,
    "than": 0.0,
    "marathon": 0.0,
    "goal": 0.0,
    "pace.": -0.0,
    "6.our": 0.0,
    "6.": -0.0,
    "stroopwafel": 0.0
  }
}