{
  "qid": "787957",
  "query": "what is psychological harassment",
  "rank": 13,
  "docno": "612265-sw-prefix-1",
  "coef": {
    "stroopwafel": 0.0,
    "Sexual": -0.0,
    "assault": -0.0,
    "in": -0.0,
    "the": 0.013637510724244604,
    "military": 0.0,
    "is": 0.0,
    "officially": 0.0,
    "known": 0.13008869893527153,
    "as": 0.0,
    "sexual": 0.0,
    "trauma": 0.0,
    ",": 0.0,
    "which": 0.11347698652578807,
    "defined": 0.0,
    "by": 0.056653098889402786,
    "VA": 0.0,
    "": 0.0521429601801308,
    "psychological": 0.7683221006053997,
    "judgment": -0.0,
    "of": -0.0,
    "a": -0.0,
    "mental": 0.0,
    "health": -0.0,
    "professional": -0.0,
    "resulted": -0.0,
    "from": -0.0,
    "physical": -0.0,
    "nature": -0.0,
    "battery": -0.0,
    "or": 0.0,
    "harassment": 0.6818142871532895,
    "occurred": 0.0,
    "while": 0.0,
    "Veteran": 0.10107081535686335,
    "was": 0.0,
    "serving": 0.0,
    "on": 0.0,
    "active": -0.0,
    "...": 0.0
  }
}