{
  "qid": "611785",
  "query": "what county is ray oh in",
  "rank": 3,
  "docno": "8619347",
  "coef": {
    "Census": -1.8782252190297066,
    "information": -1.8507486814214553,
    "for": 2.412795856710729,
    "Ray": -0.0,
    "(Jackson": -6.791256722971755,
    "County,": -0.08998504242176801,
    "State": 0.0,
    "of": -5.782551118603355,
    "Ohio).": 20.540924138962595,
    "While": -1.8999373707221687,
    "didn't": -0.0,
    "participate": -1.3622987686696983,
    "in": 0.0,
    "the": 0.12161948752059207,
    "2010": -0.0,
    "Census,": -0.3562961246695879,
    "we": -0.0,
    "have": -0.2886565438568622,
    "neighboring": 0.0,
    "area.": 0.0,
    "Contains:": 0.4429621918491519,
    "Population": -2.755272453042227,
    "Rings,": -1.0073194244390853,
    "and": -0.6090795129698593,
    "much": -0.5247530174856931,
    "more.": 1.0744036432108048
  }
}