{
  "qid": "130",
  "query": "Basketball",
  "rank": 9,
  "docid": 5623852,
  "coef": {
    "state": -0.0,
    "list": 0.21082684116891534,
    "nation": -0.0,
    "world": 0.0008109601827380973,
    "follow": 0.25299936160591585,
    "women": 0.2660123500973912,
    "argentina": 0.0,
    "group": 0.0,
    "will": 0.0,
    "franc": -0.0,
    "china": -0.0,
    "spain": 0.17076425441403864,
    "greec": -0.0,
    "unit": -0.0,
    "canada": 0.0,
    "30": 0.0,
    "16": 0.0,
    "12": 1.3433414282185432,
    "select": 0.0,
    "2018": 0.0,
    "22": 0.0,
    "cup": 0.6690816712621784,
    "held": 0.6395017426597791,
    "team": 0.7580374107108868,
    "tournament": 0.0,
    "septemb": 0.16789855193405134,
    "south": 0.0,
    "japan": 0.0,
    "compet": 0.05797086806346109,
    "basketbal": 0.1630864171463546,
    "australia": 0.0,
    "player": 0.006674064443494899,
    "nigeria": 0.0,
    "belgium": -0.0,
    "turkei": 0.0,
    "korea": 0.43178712870392144,
    "rico": 0.0,
    "puerto": 0.0,
    "fiba": 0.0,
    "seneg": -0.04111325447112705,
    "squad": 1.2937957597318768,
    "latvia": -0.0
  }
}