{
  "qid": "138",
  "query": "Modern Art",
  "rank": 0,
  "docid": 1922491,
  "coef": {
    "state": 0.0,
    "mai": 0.0,
    "nation": -0.2057767368282207,
    "mexico": 0.0,
    "de": 0.33739624058999407,
    "england": 0.0,
    "art": 0.45067351523392535,
    "moderna": 0.0,
    "citi": 0.21158820449751936,
    "franc": 0.0,
    "see": 0.0,
    "contemporari": 0.076633249442501,
    "new": 0.0,
    "pari": 0.0,
    "unit": 0.0,
    "refer": 0.0,
    "modern": 0.3442126536421145,
    "tokyo": 0.0,
    "francisco": -0.0,
    "now": 0.0,
    "vienna": 0.0,
    "al": 0.0,
    "irish": 0.0,
    "usa": 0.0,
    "museum": 0.26723108647488436,
    "san": 0.0,
    "port": 0.0,
    "york": 0.2509787763997765,
    "la": -0.0,
    "brazil": -0.0,
    "nacion": 0.0,
    "japan": 0.0,
    "carlo": 0.0,
    "california": 0.0,
    "am": 0.0,
    "germani": 0.0,
    "kingdom": 0.0,
    "oxford": 0.0,
    "stockholm": 0.0,
    "galleri": -0.0,
    "egypt": 0.0,
    "mu": 0.0,
    "ch": 0.0,
    "rio": -0.0,
    "kunst": 0.0,
    "ireland": 0.0,
    "belgium": 0.0,
    "disambigu": 0.7131304874011966,
    "austria": 0.0,
    "poland": -0.0,
    "guinea": 0.0,
    "wale": 0.11077892775927076,
    "sweden": 0.0,
    "frankfurt": 0.0,
    "guatemala": 0.2939404699680627,
    "qatar": -0.0,
    "equatori": 0.0,
    "kuwait": 0.0,
    "colombia": 0.0,
    "denmark": 0.0,
    "paulo": 0.0,
    "warsaw": -0.0,
    "antwerp": -0.0,
    "kyoto": -0.0,
    "dublin": 0.0,
    "doha": 0.0,
    "janeiro": 0.0,
    "vill": -0.0,
    "strasbourg": 0.0,
    "ljubljana": 0.0,
    "teau": 0.0,
    "slovenia": 0.0,
    "ret": 0.0,
    "bogot": 0.0,
    "museo": 0.0,
    "moma": 0.0,
    "medel": -0.0,
    "rida": 0.0,
    "ish": -0.0,
    "barranquilla": -0.0,
    "malabo": 0.0,
    "arken": 0.0,
    "toyama": 0.0,
    "moderno": 0.021448041806790524,
    "machynlleth": 0.0,
    "museet": 0.0,
    "fann": 0.0,
    "hadeeth": 0.0,
    "montsoreau": 0.0,
    "mumok": 0.0,
    "mathaf": 0.0
  }
}