{
  "qid": "121",
  "query": "Racquet Sports",
  "rank": 8,
  "docid": 25438,
  "coef": {
    "action": 1.535871602492315,
    "system": 0.0,
    "extrem": 0.0,
    "mai": -0.00023554928594827132,
    "us": -0.0,
    "form": 0.0,
    "secur": 0.0,
    "group": 0.0,
    "plai": 2.756713064787129,
    "see": 0.0,
    "known": 0.0,
    "onli": 0.0,
    "space": 0.0,
    "similar": 1.9691968710673684,
    "read": 0.0,
    "unit": 0.0,
    "made": 0.0,
    "refer": -0.020857576511077242,
    "activist": 0.0,
    "size": 0.0,
    "side": 0.0,
    "profession": -0.0,
    "food": 0.0,
    "high": 0.8064694837914956,
    "court": 0.04730576933972905,
    "game": 0.08664161938703116,
    "match": 1.7693805948725947,
    "home": 2.6103800777903388,
    "plant": -0.0,
    "sport": -0.0,
    "speed": 1.839118246729454,
    "orang": -0.0,
    "concentr": 0.20284904480788407,
    "film": 0.0,
    "file": 0.0,
    "short": 0.0,
    "tenni": 0.9510335647925807,
    "beverag": 1.153231247729713,
    "nomin": 0.563075361253975,
    "wrestl": -0.0,
    "fruit": 1.6866159781219334,
    "academi": 1.2607628300892657,
    "kingdom": 3.054592306135656,
    "soft": -0.0,
    "award": 0.003270739648308021,
    "danish": -0.0,
    "vine": 0.0,
    "drink": 0.8871207670271316,
    "equip": 0.0,
    "vollei": 0.5719710736255924,
    "racquet": -0.0,
    "volleybal": 0.495816952908843,
    "genu": 0.9123473117155272,
    "squash": 1.7196033257054733,
    "flavour": -0.0,
    "enclos": 0.0,
    "syrup": 0.049156617314643866,
    "fructos": -0.0,
    "squatter": 0.0,
    "cucurbita": 0.0,
    "tuborg": 0.0,
    "squashf": 0.0
  }
}