{
  "qid": "118",
  "query": "Cartoons",
  "rank": 0,
  "docid": 593180,
  "coef": {
    "be": 0.0,
    "half": 0.0,
    "state": 0.0,
    "major": 0.0,
    "5": 0.05974462271796754,
    "self": 0.07097376340915751,
    "list": -0.0,
    "action": 0.0,
    "origin": 0.02966035399793125,
    "primarili": 0.0,
    "can": 0.0,
    "return": 0.0,
    "earli": 0.1299292626784184,
    "precursor": 0.0,
    "name": 0.0,
    "creat": 0.0,
    "20th": -0.0,
    "segment": 0.0,
    "foster": 0.0004408225495532517,
    "begin": 0.0,
    "concept": 0.0,
    "acquir": 0.0,
    "respons": 0.0,
    "wider": 0.008294054464697085,
    "histori": 0.0,
    "big": 0.0,
    "camp": -0.0,
    "later": 0.03169109464564167,
    "manag": 0.0,
    "forc": 0.0,
    "world": 0.0,
    "open": 0.09968970033805578,
    "best": 0.0,
    "appeal": 0.08622852445951064,
    "establish": 0.0,
    "host": 0.0,
    "note": 0.0,
    "follow": 0.0,
    "previou": 0.0,
    "last": 0.0,
    "critic": 0.0,
    "conscious": 2.3580656649313982e-05,
    "octob": 0.14496217653955287,
    "guid": 0.0,
    "long": 0.0,
    "reviv": 0.0,
    "creation": 0.0,
    "carri": 0.0,
    "onc": -0.0,
    "popular": 0.0,
    "well": 0.05534431754759971,
    "evil": 0.028262068449785276,
    "abl": 0.0,
    "contract": 0.0,
    "time": 0.076795386652757,
    "life": 0.0,
    "end": 0.0,
    "central": 0.0,
    "network": 0.19566649502430816,
    "1999": 0.10270681693673643,
    "see": -0.0,
    "live": 0.0,
    "collect": 0.0,
    "rebelli": 0.0,
    "conclud": 0.0,
    "direct": 0.0,
    "articl": 0.0,
    "new": 0.0,
    "featur": -0.0,
    "produc": 0.0,
    "join": 0.0,
    "similar": 0.0,
    "charact": -0.0,
    "accord": 0.0,
    "media": 0.0,
    "class": 9.804330569217756e-06,
    "whom": 0.0,
    "first": 0.06442204261629264,
    "offici": 0.07693398355080237,
    "shown": 0.10354616790714627,
    "part": 0.0,
    "social": 0.0,
    "individu": 0.0,
    "continu": 0.0,
    "claim": 0.0,
    "potenti": 0.0,
    "base": 0.0,
    "promin": 0.0,
    "point": 0.0,
    "replac": 0.0,
    "label": 0.0,
    "separ": -0.0,
    "met": 0.0,
    "drop": -0.0,
    "2008": -0.0,
    "serv": 0.0,
    "seri": 0.2370406177674609,
    "intend": 0.0,
    "older": -0.0,
    "month": 0.0,
    "averag": 0.00040477961556213964,
    "pick": 0.0,
    "sign": 0.0,
    "boi": 0.0004302606332396679,
    "year": 0.0,
    "program": 0.02491511216111388,
    "introduc": 0.0470208195788036,
    "full": 0.01444936642770934,
    "high": 0.0,
    "show": 0.19998637592368018,
    "schedul": 0.0,
    "air": 0.23545337011750733,
    "recogn": 0.0,
    "rate": 0.0,
    "week": 0.0,
    "actual": 0.0,
    "1996": -0.0,
    "30": 0.0,
    "11": 0.0,
    "10": 0.0,
    "longer": 0.0,
    "assess": 0.0,
    "crossov": 0.0,
    "morn": 0.0,
    "audienc": 0.0005442872418218437,
    "friend": 0.0,
    "theme": 0.0,
    "adult": 0.0,
    "girl": 0.0,
    "given": 0.0,
    "hour": 0.0,
    "2014": 0.0,
    "2012": 0.0,
    "2007": 0.0004699664990628898,
    "2005": -0.0,
    "3": 0.0,
    "home": 0.00033782908127401795,
    "counterpart": 0.038870617543494086,
    "run": 0.0,
    "planet": 0.0,
    "receiv": 0.0,
    "top": 0.0,
    "2003": 0.12449563562806873,
    "regularli": 0.0,
    "output": 0.0,
    "format": 0.025917597921020767,
    "prior": 0.06565736115934988,
    "presid": 0.0,
    "lee": 0.0,
    "mike": 0.0,
    "headquart": 0.0,
    "held": 0.0,
    "block": 0.022446784809035922,
    "anim": 0.018934524209253747,
    "showcas": -0.0,
    "grown": 0.0,
    "overseen": 0.0,
    "vote": 0.0,
    "2002": 0.0,
    "2001": 0.0,
    "septemb": 0.0,
    "2009": 0.0,
    "adventur": 0.0,
    "wall": -0.0,
    "tommi": 0.0,
    "june": 0.0,
    "juli": 0.0,
    "short": 0.17956263892527297,
    "insid": -0.0,
    "23": 0.057854106840670605,
    "dog": 0.0,
    "februari": 3.5238206731046926e-16,
    "march": 0.0,
    "bear": 0.0,
    "hero": 0.0,
    "let": 0.0,
    "vice": 0.0,
    "spearhead": 0.0,
    "exagger": 0.0,
    "eddi": 0.21912629675309614,
    "demis": 0.0,
    "partner": 0.0,
    "am": 0.0,
    "retir": 0.0,
    "titl": 0.0,
    "1997": 0.0,
    "hybrid": 0.0,
    "comedi": 0.0,
    "logo": -0.0,
    "bottom": 0.0,
    "departur": 0.0,
    "chosen": 0.07683059494831707,
    "shortli": 0.0,
    "johnni": 0.0,
    "episod": 0.06566932209758253,
    "night": 0.0,
    "1998": 0.0,
    "broadcast": 0.0,
    "premier": 0.15531561740796368,
    "studio": 0.0,
    "jack": 0.0,
    "con": 0.0,
    "heard": 0.0,
    "remind": 0.0,
    "song": 0.0,
    "laboratori": 0.0,
    "discontinu": 0.0,
    "weekend": 0.0,
    "saturdai": 0.0,
    "acclaim": 0.0,
    "1995": 0.25226859291529785,
    "fred": 0.0,
    "cartoon": 0.15525486200589694,
    "fridai": 0.020204368411462354,
    "brand": -0.0,
    "anniversari": -0.0,
    "creator": 0.0,
    "ben": 0.08012703760678545,
    "courag": 0.0,
    "freder": 0.0,
    "ed": 0.19988767211251873,
    "tara": 0.0,
    "snider": 0.0,
    "sand": 0.0,
    "junip": 0.0,
    "monkei": 0.0,
    "retroact": 0.0,
    "ongo": 0.0,
    "blake": 0.0,
    "pilot": 0.0,
    "chicken": 0.0,
    "hanna": 0.0,
    "spin": 0.0,
    "barbera": 0.0,
    "debut": 0.0,
    "puffi": 0.0,
    "cow": 0.11607568564671926,
    "teenag": 0.0,
    "imaginari": 0.20949306737099757,
    "billi": 0.10742516737278843,
    "dexter": 0.0,
    "hi": 0.031008406693770363,
    "countdown": 0.0,
    "spun": 0.0,
    "og": 0.0,
    "3000": 0.0,
    "samurai": 0.0,
    "weasel": 0.11939263174384697,
    "kevin": 0.0,
    "nzinga": 0.0,
    "squirrel": 0.11981307953402306,
    "nexu": -0.0,
    "squad": 0.0,
    "linda": 0.0,
    "antholog": 0.0,
    "monik": 0.0,
    "nickelodeon": 0.1480027304477628,
    "lu": 0.0,
    "heydai": 0.0,
    "lineup": 0.0,
    "reboot": 0.021562483301298552,
    "whimsic": 0.0,
    "grim": 0.1121886370844647,
    "bravo": 0.0,
    "tennyson": 0.0,
    "bawdi": 0.0,
    "ok": 0.0,
    "cowardli": 0.0,
    "mandi": 0.0,
    "carn": 0.0,
    "gym": 0.08252512375533907,
    "chowder": -0.0,
    "marque": 0.0,
    "edd": 0.0,
    "shapeshift": 0.0,
    "sandler": 0.11880887584866553,
    "powerpuff": 0.09852061841731642,
    "toon": 0.0,
    "lazlo": 0.12161072905420302,
    "seibert": 0.22192130878619404,
    "moxi": 0.0,
    "nicktoon": 0.0,
    "amiyumi": 0.0,
    "simenski": 0.0
  }
}