{
  "qid": "104",
  "query": "Business Leaders",
  "rank": 8,
  "docid": 3704055,
  "coef": {
    "half": 0.0,
    "discuss": 0.0,
    "5": 0.0,
    "peopl": 0.0,
    "believ": 0.0,
    "name": 0.0,
    "order": 0.0,
    "task": 0.0,
    "taken": 0.0,
    "differ": 0.0,
    "includ": 0.0,
    "challeng": 0.23930254435759651,
    "take": 0.0,
    "big": -0.0,
    "proper": 0.0,
    "manag": -0.0,
    "view": 0.0,
    "forc": 0.0,
    "found": 0.0,
    "joseph": 0.4040973934370703,
    "perform": 0.08134749294126045,
    "adam": 0.5116137592053446,
    "come": 0.0,
    "host": 0.0,
    "fail": 0.14277616162884124,
    "follow": 0.0,
    "previou": 0.0,
    "turn": 0.0,
    "work": 0.0,
    "brian": 0.0,
    "american": -0.0,
    "art": 0.0,
    "elimin": 0.2055673648977345,
    "expens": 0.0,
    "respect": 0.0,
    "felt": 0.0,
    "canadian": 0.0,
    "offer": -0.0,
    "rank": 0.15626625811145525,
    "down": 0.06070194003138394,
    "plan": 0.0,
    "artist": 0.0,
    "end": 0.15924307216704153,
    "will": 0.0,
    "gave": 0.0,
    "left": 0.0,
    "lesli": 0.0,
    "see": -0.0,
    "particip": 0.33506332437310454,
    "sai": 0.0,
    "known": 0.0,
    "china": 0.0,
    "produc": 0.1912136442817453,
    "like": 0.2880148145124495,
    "leader": 0.15675918816882925,
    "handl": 0.0,
    "amount": 0.0,
    "win": 0.0,
    "multipl": 0.0,
    "idea": 0.0,
    "result": 0.0,
    "part": 0.0,
    "problem": 0.011066323097717413,
    "comment": 0.0,
    "made": 0.0,
    "decis": 0.0,
    "reason": 0.0,
    "dai": 0.0,
    "give": 0.011970727048840613,
    "declar": 0.0,
    "accept": 0.0,
    "success": 0.0,
    "attitud": 0.3795940784061687,
    "style": 0.0,
    "meet": 0.0,
    "hard": 0.0,
    "remain": 0.0,
    "televis": 0.0,
    "train": 0.18979021996670456,
    "leav": 0.36129565482247705,
    "low": 0.10994699852403954,
    "car": 0.0,
    "present": 0.0,
    "case": 0.0,
    "declin": 0.0,
    "tabl": 0.0,
    "show": 0.28331299831693335,
    "000": 0.06489948282835742,
    "ask": 0.0,
    "rate": -0.0,
    "week": 0.0,
    "fraud": 0.08346666297469686,
    "prove": 0.19622021579964263,
    "game": 0.04114693162366615,
    "10": 0.0,
    "assess": 0.2424518811727321,
    "proce": -0.0,
    "select": -0.0,
    "opportun": 0.06946918666941843,
    "given": 0.0,
    "earn": 0.009915476790018895,
    "start": 0.0,
    "design": 0.0,
    "cocain": 0.002611672795346699,
    "6": 0.043463696522555405,
    "reveal": 0.0,
    "receiv": 0.0,
    "panel": 0.05704419639455012,
    "leadership": 0.0,
    "exit": 0.12866172673009316,
    "format": 0.0,
    "assign": 0.0,
    "aaron": 0.08243337047532923,
    "final": 0.0,
    "least": 0.0,
    "owner": 0.2579673299076096,
    "packag": 0.3724229625574374,
    "team": 0.20468538513702178,
    "busi": 0.32984615797365585,
    "competit": 0.29280169802701705,
    "100": 0.0091127472485126,
    "decid": -0.0,
    "monei": 0.0,
    "star": 0.0,
    "alia": 0.0,
    "sell": 0.24607852937592176,
    "chose": 0.0,
    "didn": 0.0,
    "told": 0.0,
    "consol": 0.0,
    "profit": 0.44235165787063574,
    "samuel": 0.19491267987742164,
    "fellow": 0.2541013152956951,
    "launch": 0.0,
    "store": 0.0011801398825199362,
    "contest": 0.3475024681462764,
    "chanc": 0.0,
    "realiti": 0.0,
    "shark": 0.0,
    "episod": 0.0011997974214521328,
    "broadcast": 0.003258731383195354,
    "studio": 0.0,
    "con": 0.0,
    "winner": 0.21837214821996,
    "runner": 0.12174239230982925,
    "tv": 0.0,
    "competitor": 0.0,
    "stai": 0.39543102055794144,
    "crash": 0.0,
    "viewership": -0.0,
    "player": 0.0,
    "quit": 0.0,
    "den": 0.0,
    "excus": 0.20541526860604495,
    "anymor": 0.0,
    "inventor": -0.0,
    "jeff": 0.0,
    "dragon": 0.0,
    "redempt": 0.21599572480290471,
    "couldn": 0.0,
    "incarcer": 1.0189753553055936e-05,
    "tank": 0.0,
    "kevin": 0.2725236982560155,
    "ryan": 0.0012887846590317483,
    "plung": 0.0,
    "unfavor": 0.0,
    "dealer": 0.0,
    "pro": 0.0,
    "nicol": 0.0,
    "leari": 0.2940898894162561,
    "cbc": 0.0,
    "boardroom": 0.26238387595205204
  }
}