{
  "qid": "114",
  "query": "Songwriting",
  "rank": 2,
  "docid": 1948413,
  "coef": {
    "5": 0.0,
    "list": 0.0,
    "origin": 0.0,
    "can": 0.0,
    "product": 0.228970009019558,
    "robert": 0.0,
    "come": 0.0,
    "michael": 0.0,
    "kei": 0.0,
    "note": 0.0,
    "david": 0.0,
    "review": 0.03524942988283246,
    "push": 0.10231460550748489,
    "artist": 0.22460378203523299,
    "pierr": 0.0,
    "peter": -0.0,
    "collect": 0.0,
    "featur": 0.0,
    "first": 0.0,
    "extern": 0.0,
    "releas": 0.0,
    "littl": 0.029043823089384413,
    "label": 0.0,
    "2": -0.0,
    "8": 0.0,
    "9": 0.0,
    "fetal": 0.0,
    "compil": 0.03027822094669676,
    "contain": 0.36136306673367125,
    "martin": 0.0,
    "total": -0.0,
    "cover": 0.15516086888129257,
    "grant": 0.0,
    "twin": 0.0,
    "11": 0.13605912036290246,
    "10": -0.0,
    "vocal": 0.11988533117594573,
    "mix": 0.29916713055057165,
    "design": 0.0,
    "7": 0.0,
    "6": 0.2051962550324504,
    "4": 0.06903821529754366,
    "3": 0.1584258159914352,
    "1": -0.0,
    "burn": 0.0,
    "addit": 0.0,
    "electr": 0.0,
    "2004": 0.13550038699849182,
    "written": 0.1222603019919645,
    "lili": -0.0,
    "rush": 0.2514631182935161,
    "engin": 0.0,
    "bill": 0.0,
    "track": 0.5049679576257703,
    "disc": -0.0,
    "beauti": 0.0,
    "ki": 0.0,
    "dixon": 0.0,
    "bloom": 0.0003088668640485146,
    "scott": 0.0,
    "johnston": 0.0,
    "master": 0.004039131731336016,
    "armstrong": 0.0,
    "sarah": 0.0,
    "titl": 0.0,
    "cd": 0.0,
    "album": 0.0,
    "fascin": 0.0,
    "toni": 0.0,
    "song": 0.0345855562331997,
    "artwork": 0.03634780711665318,
    "gore": 0.0,
    "personnel": 0.0,
    "dj": 0.0,
    "dave": -0.0,
    "photographi": 0.0,
    "jason": 0.0,
    "mislabel": 0.0,
    "gui": -0.0,
    "nova": 0.0,
    "heartbeat": 0.0,
    "eclips": 0.0,
    "gabriel": 0.2366546440050409,
    "songwrit": 0.4555805862301623,
    "hull": 0.0,
    "soler": 0.0,
    "ep": 0.0,
    "dresden": 0.1238316991019849,
    "duo": 0.0,
    "dido": 0.0,
    "arcadia": 0.0,
    "justin": 0.0,
    "rick": 0.0,
    "motorcycl": 0.0,
    "marchand": 0.0,
    "cappella": 0.0,
    "rowan": 0.0,
    "josh": -0.0,
    "houser": -0.0,
    "je": 0.0,
    "fra": 0.0,
    "saka": 0.0,
    "haydn": -0.0,
    "gerber": -0.0,
    "rollo": 0.0,
    "mclachlan": 0.0,
    "paavo": 0.0,
    "westerlund": 0.0,
    "satori": -0.0,
    "laswel": 0.0,
    "palazuelo": 0.0,
    "mcguin": 0.0,
    "kristi": 0.0,
    "zo": 0.0,
    "tetsuo": 0.0,
    "bassbin": -0.0,
    "gropper": 0.0,
    "rafelson": -0.0,
    "essig": 0.0,
    "zg": 0.0,
    "jono": 0.0,
    "nettwerk": 0.001742412468564793,
    "santori": 0.0,
    "andain": 0.0,
    "autan": 0.0,
    "siljam": 0.0,
    "brieden": 0.012102952078278785,
    "targanaski": 0.0
  }
}