{
  "qid": "108",
  "query": "1980s",
  "rank": 2,
  "docid": 3197613,
  "coef": {
    "french": -0.0,
    "american": -0.0,
    "canadian": 0.0,
    "see": 0.0,
    "new": 9.231217222202855e-16,
    "japanes": 0.0,
    "greek": 0.0,
    "televis": 0.24275882150992803,
    "german": 0.0,
    "1980": 0.43087874417794186,
    "irish": 0.0,
    "south": 0.36117413337630944,
    "british": 0.0,
    "african": 8.880908494203774e-17,
    "dutch": -0.0,
    "chines": 0.0,
    "australian": -0.0,
    "danish": -0.0,
    "scottish": 0.0,
    "belgian": -0.0,
    "thai": 0.0,
    "korean": 0.0,
    "brazilian": -0.0,
    "zealand": 0.018470663698374475,
    "croatian": 0.0,
    "philippin": 0.0,
    "singapor": 0.0,
    "estonian": -0.0
  }
}