{
  "qid": "122",
  "query": "Monarchy",
  "rank": 2,
  "docid": 5242861,
  "coef": {
    "list": -0.0,
    "current": 0.0,
    "north": 1.1861829122818448,
    "europ": 9.894149785501718e-15,
    "world": 0.03515047770963832,
    "america": 2.079164486316651,
    "onli": 2.8275663989773507,
    "monarchi": 3.3015281197918425,
    "total": 1.319196297901974,
    "popul": 0.0,
    "14": -0.0,
    "12": 1.6057268507030764,
    "10": 0.0,
    "6": 0.0,
    "3": 5.326050865661282e-15,
    "45": 0.0,
    "south": 0.0,
    "contin": 0.0,
    "asia": 0.7553813403374344,
    "africa": 2.5086471468694445e-15,
    "oceania": 0.8701173830711626
  }
}