{
  "qid": "116",
  "query": "Malnutrition",
  "rank": 2,
  "docid": 2292893,
  "coef": {
    "state": 0.0,
    "seen": 0.0,
    "believ": 0.0,
    "caus": 0.0,
    "complex": 0.0,
    "common": 0.0,
    "failur": 3.700713801847648,
    "known": 2.670766370617925,
    "surviv": 2.727545424805155,
    "distinct": 1.679061891026608,
    "condit": 0.0,
    "diseas": 1.3736408052228226,
    "revers": 0.0,
    "popul": 1.4804304465487372,
    "patient": 0.319398614501257,
    "inflamm": 2.3092915208993574,
    "syndrom": 1.4504736410639525e-15,
    "epidemiolog": 0.0,
    "energi": 0.0,
    "chronic": 3.0545209369083772,
    "heart": 0.0,
    "protein": 0.0,
    "kidnei": 0.0,
    "paradox": 0.3006304754384187,
    "malnutrit": 1.4522004875325394,
    "mic": 0.22600783039904637,
    "cachexia": 0.0,
    "urem": 0.4575430778408715
  }
}