{
  "qid": "123",
  "query": "Currency",
  "rank": 6,
  "docid": 4666122,
  "coef": {
    "third": 0.0,
    "state": 0.0,
    "major": 0.0,
    "pai": 0.0,
    "simultan": -0.0,
    "union": 0.37915711021670156,
    "currenc": 0.31466095959498186,
    "highli": 0.0,
    "market": 0.27093724858380325,
    "can": 0.0,
    "mai": 0.0,
    "nation": 0.11450405176506934,
    "creat": 0.0,
    "stabl": 1.0337822950203648e-15,
    "countri": -0.0,
    "order": 0.0,
    "econom": 0.0,
    "reduc": 0.017705632130586273,
    "taken": 0.0,
    "differ": 0.0,
    "gener": 0.0,
    "target": 0.19781175327711098,
    "take": 0.24351788318983536,
    "polit": 0.0062109436000387375,
    "allow": 0.11225691645792524,
    "world": 0.0,
    "open": 0.0,
    "due": -0.01958160330151099,
    "need": -0.0,
    "involv": 0.0,
    "trade": 0.29536972295448655,
    "advantag": 0.0,
    "larg": 0.0,
    "interest": 0.38337250142298956,
    "carri": 0.0,
    "canadian": 0.0,
    "exampl": 0.0,
    "offer": -0.0,
    "common": 0.0885943321590726,
    "institut": 0.0,
    "place": 0.015383360418049588,
    "franc": 0.0,
    "see": 0.0,
    "non": -0.05989316564234188,
    "wide": 0.0,
    "specif": 0.0,
    "known": -0.0,
    "new": 0.0,
    "neg": 0.22050882638873218,
    "japanes": 0.0,
    "like": 0.0,
    "effect": 0.04742964972092101,
    "mention": 0.0,
    "intern": 0.0,
    "amount": 0.13980510768754728,
    "similar": 0.0,
    "practic": 0.005300039629094238,
    "posit": 0.0,
    "offici": 0.0,
    "activ": 0.0,
    "problem": 0.0,
    "wai": 0.0,
    "unit": 0.0,
    "spread": 0.4756467110574152,
    "directli": -0.0,
    "soon": -0.0,
    "give": 0.0,
    "exact": 0.0,
    "accept": 0.05092005085891603,
    "separ": 0.12982348345009664,
    "global": 0.0,
    "back": 0.0,
    "mean": 0.0,
    "altern": 0.0,
    "increas": -0.0,
    "across": 0.0,
    "size": 0.0,
    "put": -0.0,
    "cost": 0.0,
    "depend": 0.0,
    "swiss": 0.0,
    "rate": 0.0,
    "rang": 0.0,
    "worldwid": 0.0,
    "typic": 0.0,
    "avail": 0.0,
    "doubl": 0.0,
    "exposur": 0.0,
    "relev": 0.0,
    "18": -0.0,
    "account": 0.0,
    "pair": 0.21650653639680525,
    "opportun": 0.0,
    "differenti": -0.0,
    "requir": 0.0,
    "margin": 0.16948715711048415,
    "impact": 0.0,
    "artifici": 0.0,
    "offset": 0.0,
    "foreign": -0.0,
    "cross": 0.0,
    "retail": 0.0,
    "28": 0.0,
    "trader": 0.5023422208436257,
    "dollar": 0.3020311173930195,
    "financi": -0.0,
    "demand": 0.0,
    "economi": 0.04468808759060371,
    "rout": 0.0,
    "british": 0.0,
    "financ": 0.0,
    "desir": 0.0,
    "sell": -0.0,
    "bui": 0.0,
    "overnight": 0.0,
    "intermediari": -0.0,
    "profit": 0.21046883821611256,
    "strength": 0.0,
    "quot": -0.11721228104243296,
    "wish": -0.0,
    "pound": 0.0,
    "exchang": -0.0,
    "tie": 0.0,
    "liquid": 0.3265672665901984,
    "maker": 0.0,
    "australian": 0.0,
    "synthet": 0.08352239642502628,
    "solut": 0.0,
    "euro": 0.0,
    "trend": 0.0,
    "eur": 0.0,
    "broker": 0.4304457949104589,
    "interfac": 0.0,
    "overview": 0.016113783464770833,
    "zealand": 0.0,
    "scenario": 0.0,
    "yen": 0.0,
    "overhead": 0.0,
    "gbp": 0.0,
    "usd": 0.22683404315354608,
    "cleaner": 0.0,
    "cad": 0.13459935353058453,
    "nzd": 0.0,
    "chf": 0.0,
    "aud": -0.019123174325490086,
    "forex": 0.0,
    "jpy": 0.0
  }
}