{
  "qid": "110",
  "query": "Clean Energy",
  "rank": 3,
  "docid": 3015654,
  "coef": {
    "be": 0.0,
    "state": 0.8299235788852158,
    "current": 0.5983767429716794,
    "system": 0.00021609490876604832,
    "adopt": 0.0,
    "revolut": 0.0,
    "gener": 0.0,
    "challeng": 0.0,
    "big": 1.363519549341646,
    "manipul": 8.184963634609884e-05,
    "best": 0.0,
    "need": 0.0,
    "larg": 0.0,
    "well": 0.000251462917673329,
    "academ": 0.0,
    "role": 0.03802103034831108,
    "nuclear": 1.404438564277299,
    "publish": 0.0027861469595687506,
    "consum": 0.0,
    "institut": 0.0,
    "will": 0.0,
    "ecolog": 0.0,
    "network": 0.4244848465457031,
    "see": 0.4978773088008946,
    "green": 0.0,
    "first": -0.0,
    "rise": 0.0,
    "transit": 0.0,
    "part": -0.0,
    "problem": 0.14542403716824065,
    "distribut": 0.0,
    "wai": 0.0,
    "unit": 0.49671408213389057,
    "sabotag": 0.0,
    "natur": 0.0,
    "benjamin": 1.9672772095362525,
    "book": 1.2400785463832502,
    "combin": 0.0,
    "power": 0.8110694814180625,
    "suggest": 1.1735803443316313,
    "valu": 0.1122253518980233,
    "2008": 0.0,
    "technolog": 0.0,
    "increas": 1.019728404605961,
    "scale": 0.0,
    "cost": 1.562462687804693e-14,
    "environ": 0.050926690705229566,
    "pollut": 0.0,
    "identifi": 0.0,
    "sustain": 0.0,
    "widespread": 0.0,
    "job": 1.5676789835776672,
    "categori": 0.0,
    "fossil": 0.4853475185269632,
    "dirti": 0.36044846771879446,
    "heat": 0.7631329063451945,
    "greenhous": -0.0,
    "planet": 0.0,
    "electr": 1.3776452250764275,
    "energi": 1.4072866311704864,
    "fuel": 0.09127929467584675,
    "clean": -0.06322088652336731,
    "block": 0.0,
    "protect": 0.9434435870089302,
    "vulner": 1.0808907627110504,
    "disast": 1.2646109262791512e-14,
    "financi": 0.38922152919717085,
    "2009": 0.7127758640737719,
    "explor": 0.7069327050489096,
    "edg": -0.0,
    "won": 0.0,
    "overcom": 0.7763532223708365,
    "ineffici": 0.006532551755591716,
    "renew": -0.0,
    "silver": 0.0025446889240425276,
    "nautilu": 0.0,
    "effici": 0.0,
    "transmiss": 0.9140033651201118,
    "award": 0.2887462881814548,
    "synopsi": 0.0,
    "dilemma": 0.0,
    "solut": -0.0,
    "trend": -0.0,
    "tech": -0.0,
    "barrier": 0.0,
    "brittl": -0.0,
    "reactor": -0.0,
    "praeger": 0.0,
    "sovacool": 0.0
  }
}