{
  "qid": "140",
  "query": "Artificial Intelligence and Machine Learning",
  "rank": 0,
  "docid": 4902586,
  "coef": {
    "system": -0.8807295159382934,
    "journal": 2.8064708442531554,
    "professor": 2.7602380067401375,
    "work": 3.1968055896956926,
    "well": 0.0,
    "learn": -0.0,
    "confer": 0.0,
    "princip": 0.0,
    "publish": 3.875550326724406,
    "known": 0.0,
    "russel": 0.5446477048091508,
    "intern": 2.5341453939265333,
    "member": 2.0722523533085373,
    "scienc": 0.6181321906755298,
    "associ": 4.130173994345622,
    "serv": -0.0,
    "advanc": 0.0,
    "research": 0.548466333212603,
    "univers": 3.418438075804594,
    "paper": 3.7901789190628197,
    "investig": 4.181354165647454,
    "intellig": 3.567731337990113,
    "board": 1.006853651108562,
    "artifici": 0.0,
    "centr": 0.0,
    "comput": 0.0,
    "chief": 0.6828032093372277,
    "200": 0.0,
    "patent": 0.46035445461411106,
    "fellow": 0.0,
    "editori": 0.0,
    "editor": 1.4973496477635684,
    "uncertainti": 3.878548990326638,
    "machin": 0.7909269326573839,
    "biologi": 0.6667275020102242,
    "chair": 0.889601364951403,
    "innov": 0.0,
    "molecular": 0.0,
    "alberta": 3.914022559650744,
    "aaai": 0.12232067631750437,
    "refere": 0.0150950107522691,
    "greiner": 1.6501144888889967,
    "bioinformat": -0.0,
    "aicml": 0.20984371897104653
  }
}