{
  "qid": "121",
  "query": "Racquet Sports",
  "rank": 5,
  "docid": 3458480,
  "coef": {
    "origin": -0.0,
    "highli": 0.06679903471015589,
    "stabil": 0.0,
    "extrem": 0.0,
    "creat": 0.0,
    "section": 0.0,
    "gener": 1.6736211058730548,
    "strong": -0.0,
    "best": 0.0,
    "still": 0.0,
    "previou": 0.0,
    "control": 0.04895934386496687,
    "popular": 1.5666160178724455,
    "well": 2.0467846756570975,
    "feder": 0.0,
    "time": 0.004485588636884692,
    "rank": 0.0027359301731625573,
    "wing": 0.03759339830692312,
    "enhanc": 0.0,
    "good": 0.08528437636220441,
    "line": -0.0,
    "handl": 0.0,
    "first": -0.0,
    "make": 0.08432843588879403,
    "shape": 0.0,
    "refer": 0.022108782778717643,
    "compon": 1.007445461298553,
    "larger": 0.0,
    "combin": 0.008224257984046395,
    "technolog": 0.7109744709102145,
    "black": 0.0,
    "endors": 0.0,
    "increas": 0.0,
    "side": 0.0,
    "incorpor": 0.6943838361728617,
    "quickli": 0.0,
    "improv": 0.0,
    "factor": 0.2829821364994559,
    "design": 0.0,
    "2010": 0.07523655773960326,
    "2007": 0.0,
    "reveal": -0.0,
    "carbon": 2.4415455188123314,
    "cross": 0.0,
    "shorter": 0.0,
    "sport": 0.01734583780401548,
    "uniqu": 0.0,
    "roger": 0.0,
    "center": -0.0,
    "hit": 0.384677928499731,
    "boast": 0.0,
    "short": 0.0,
    "tenni": 0.18611348699302438,
    "wilson": 1.6966109212379001,
    "strength": 0.0,
    "spot": 0.0,
    "frame": 1.6615035419752109,
    "ball": 0.0,
    "mold": 1.5751599312554319,
    "comfort": 1.814154328148977,
    "player": 1.705651520182221,
    "dens": -0.0,
    "dwell": 1.2961232625714534,
    "seller": -0.0,
    "graphit": 1.4888227516563972,
    "racquet": 1.9842596286792633,
    "sweet": 0.0,
    "sio": 0.2361885368557266,
    "matrix": -0.0,
    "stiff": 0.2150388003035817,
    "maneuver": 1.146923580638512,
    "yoke": 1.8016438538407573,
    "ncode": -0.0,
    "ontour": 0.0,
    "arophit": 0.22652504370124232,
    "ompact": -0.0,
    "onnector": 0.38032209270589384
  }
}