{
  "qid": "102",
  "query": "Disco Music",
  "rank": 1,
  "docid": 1827767,
  "coef": {
    "state": -0.0,
    "discuss": 0.0,
    "pai": 0.15770643108459279,
    "simultan": 0.0,
    "urban": 0.22425512557879043,
    "lead": 0.0,
    "progress": -0.0,
    "market": 0.0,
    "cultur": 0.0,
    "mainstream": 0.014446962875143679,
    "emerg": 0.02890072320835122,
    "element": 0.0,
    "earli": 0.42054490423274943,
    "mai": 0.0,
    "led": 0.0,
    "movement": 0.0,
    "mid": 0.05020120623818281,
    "order": 0.0,
    "section": 0.0,
    "creativ": 0.0,
    "music": 0.4655389551289925,
    "begin": 0.0,
    "defin": -0.0,
    "respons": 0.0,
    "writer": 0.0,
    "took": 0.31105593705777956,
    "domin": 0.28660069162046636,
    "gener": 0.0,
    "scene": 0.31091294802508673,
    "wave": 0.283381380243813,
    "includ": 0.0,
    "head": 0.18278236701390282,
    "began": 0.3057946624639026,
    "histori": -0.0,
    "attent": 0.0,
    "word": 0.0,
    "later": 0.36789151666817704,
    "call": -0.0,
    "event": -0.0,
    "manag": 0.0,
    "forc": 0.0,
    "civil": 0.0,
    "perform": 0.26132474617742646,
    "area": 0.0,
    "term": 0.33093831234553744,
    "kind": 0.0,
    "love": 0.02830307585833506,
    "school": 0.06563911085519433,
    "follow": 0.07984655930228261,
    "minim": 0.23401913775517116,
    "tend": 0.0,
    "critic": 0.0,
    "american": 0.013807642881698138,
    "control": 0.33892806807295667,
    "electron": 0.24781538208076123,
    "america": 0.0,
    "develop": 0.0,
    "popular": 0.0,
    "complet": 0.0,
    "orient": 0.024518670764126557,
    "denot": 0.0,
    "singl": -0.0,
    "review": -0.0,
    "issu": 0.0,
    "unpreced": -0.0,
    "group": 0.0,
    "preval": 0.3412086740593126,
    "citi": 0.0,
    "russian": 0.0,
    "act": 0.0,
    "mikhail": 0.0,
    "punk": -0.0,
    "down": 0.0,
    "era": 0.26522669350144923,
    "plai": 0.0,
    "artist": 0.2886711568081672,
    "publish": -0.0,
    "influenc": 0.0,
    "end": 0.15358752605566436,
    "place": 0.00874627841134455,
    "live": -0.0,
    "contemporari": 0.0,
    "displai": 0.0,
    "equal": -0.07294860398774311,
    "sai": 0.0,
    "known": 0.0,
    "direct": 0.3012727753824566,
    "articl": 0.2774459924649565,
    "histor": 0.0,
    "line": 0.0377971633515178,
    "new": 0.1813058529339536,
    "move": 0.0,
    "featur": 0.04450650950158904,
    "produc": 0.0,
    "like": 0.17029806189403018,
    "charact": 0.0,
    "who": 0.007630578078942461,
    "post": 0.0,
    "part": 0.0,
    "riot": 0.0016686952504817983,
    "wai": -0.0,
    "usag": 0.007633868058104163,
    "increasingli": 0.0,
    "unit": 0.572136283274799,
    "continu": 0.0,
    "soon": 0.0,
    "radic": 0.013417234348502987,
    "aesthet": 0.0,
    "independ": 0.0,
    "label": 0.0,
    "east": 0.00286452867606895,
    "success": 0.0,
    "argu": 0.03851510546247571,
    "hous": 0.0,
    "style": 0.0,
    "essenc": 0.0,
    "voic": 0.0031617748095673238,
    "technolog": 0.0,
    "remain": 0.0,
    "serv": -0.0,
    "approach": -0.0,
    "altern": 0.0,
    "period": 0.0,
    "hand": 0.0,
    "sequenc": 0.0,
    "train": 0.0,
    "partli": 0.0,
    "techniqu": -0.0,
    "stage": -0.0,
    "initi": 0.49048211993454255,
    "boi": 0.0041571347858161,
    "year": 0.0,
    "side": -0.0,
    "materi": 0.0,
    "pet": 2.674230858198818e-16,
    "depend": 0.0,
    "characterist": 0.0,
    "background": -0.0,
    "prefer": 0.005557662587884952,
    "loud": -0.0,
    "old": 0.0,
    "roll": 0.0,
    "femal": 0.0,
    "rock": 0.0,
    "arrang": 0.0,
    "1980": 0.0,
    "instrument": 0.03864746607967383,
    "12": 0.3089903300598872,
    "vocal": 0.0,
    "crucial": 0.0,
    "audienc": 0.0,
    "step": -0.0,
    "disco": 0.2292093263137411,
    "mix": 0.0,
    "start": 0.0,
    "commerci": -0.0,
    "entir": 0.0,
    "layer": 0.0,
    "manner": 0.0,
    "top": -0.0,
    "composit": 0.0,
    "blue": 0.4500618690954898,
    "stone": 0.0,
    "format": 0.027490075756922167,
    "sound": 0.125743091940105,
    "mainli": 0.0,
    "cross": 0.0,
    "chicago": 0.0,
    "passag": 0.0,
    "metropolitan": 0.0,
    "partial": 0.0,
    "shop": 0.0,
    "record": 0.3512016167510798,
    "appear": 0.0,
    "coast": 0.0,
    "magazin": 0.5981417972653698,
    "decemb": 0.0,
    "center": 0.0,
    "hit": 0.0,
    "succeed": 0.0,
    "underground": 0.0,
    "york": 0.0,
    "split": 0.0,
    "compani": -0.0,
    "instanc": 0.0,
    "station": 0.0,
    "juli": 0.0,
    "track": 0.24517693396379434,
    "short": -0.0,
    "1984": 0.0,
    "wonder": 0.0,
    "payn": 0.6157333106890871,
    "went": -0.0,
    "gregori": 0.0,
    "driven": -0.0,
    "1977": 0.0,
    "spy": 0.4131732024745839,
    "aftermath": -0.3376413815700013,
    "dy": -0.0,
    "touch": 0.2708703978318143,
    "danc": 0.16745243985107147,
    "deris": 0.0,
    "experiment": 0.0,
    "rhythm": 0.0,
    "1985": 0.0,
    "machin": 0.0,
    "perfect": 0.0,
    "genr": 0.0,
    "soul": 0.0,
    "shortli": 0.0,
    "string": 0.0,
    "radio": 0.35226374446919223,
    "collabor": -0.0,
    "night": 0.0,
    "orchestr": 0.23534390652033188,
    "melod": 0.2845772578381287,
    "pop": -0.0,
    "drum": -0.0,
    "bass": 0.0,
    "heard": 0.0,
    "piano": 0.0,
    "dub": 0.0,
    "strip": 0.2429700733343275,
    "1989": 0.8410226027821445,
    "introduct": 0.0,
    "satir": -0.0,
    "novel": 2.492235223009273e-15,
    "cuban": 0.0,
    "1979": 0.0027717056874990583,
    "club": 0.0,
    "musician": 0.10282172096126675,
    "oz": 0.0,
    "euro": 0.0,
    "trend": 0.7383905523221899,
    "mu": 0.0,
    "el": 0.0,
    "dj": 0.0,
    "parliament": 0.0,
    "unrest": 0.48154137131788627,
    "bankrupt": -0.0,
    "bash": -0.0,
    "techno": 0.0,
    "lush": 0.30173391698519214,
    "synthes": 0.5445301590007295,
    "keyboard": 0.0,
    "chart": 0.0,
    "spin": 0.0,
    "mock": 0.46421726520334544,
    "downfal": -0.0,
    "resurfac": 0.0,
    "villag": 0.37031496205824077,
    "cater": 0.4027935195444876,
    "backlash": -0.0,
    "indi": 0.0,
    "boogi": 0.0,
    "acoust": 0.5370732986679815,
    "hi": -0.0,
    "implicitli": 0.0,
    "hop": 0.011338531841604793,
    "typifi": -0.0,
    "demolit": -0.0,
    "crazi": 0.040665022396201816,
    "imprecis": 0.0,
    "miguel": 0.0,
    "hip": 0.0,
    "choreograph": 0.0,
    "laden": 0.0,
    "freestyl": -0.0,
    "italo": -0.0,
    "outliv": 0.0,
    "indistinct": 0.0,
    "hine": 0.0,
    "funk": 0.0,
    "unlimit": 0.13584343948468447,
    "darryl": 0.0,
    "suck": 0.0,
    "synth": 1.2310153488964198e-07,
    "brass": 0.0,
    "centric": 0.0,
    "spoof": 0.0,
    "madonna": 0.0,
    "cadenc": 0.0,
    "casablanca": -0.0,
    "regga": -0.0,
    "allmus": -0.004766413167187645,
    "funkadel": 0.0,
    "riff": 0.0,
    "tk": 0.0,
    "nrg": -0.0,
    "jazzi": 0.0,
    "matic": 0.0,
    "thump": -0.0,
    "esg": 0.0,
    "baryshnikov": 0.0,
    "rso": -0.0,
    "minimoog": 0.0,
    "indistinctli": 0.0,
    "subscen": 0.0
  }
}