{
  "qid": "142",
  "query": "Physiotherapy",
  "rank": 6,
  "docid": 3921793,
  "coef": {
    "higher": 0.0,
    "region": -0.0,
    "law": 0.0,
    "histori": -0.0,
    "later": 0.44167222751776,
    "educ": 2.622398926310508,
    "found": 0.0,
    "school": 1.7782861199476665,
    "build": 1.3067642989785713,
    "institut": -0.0,
    "onli": 0.18466355463025397,
    "new": 0.0,
    "post": 0.05588132979595327,
    "unit": 0.06430636786201463,
    "physic": 0.0,
    "appli": 1.0635446969770774,
    "year": 1.5940440455627383,
    "high": -0.0,
    "univers": -0.0,
    "locat": 0.0,
    "therapi": 0.30402114620614096,
    "2004": 0.0,
    "complianc": 0.0,
    "secondari": 0.2418521969365989,
    "transform": 0.0,
    "faculti": 0.29240542187812524,
    "renam": 0.0,
    "1976": -0.0,
    "organiz": 2.425225127266231,
    "montenegro": 2.2477557487265893,
    "montenegrin": 0.0,
    "igalo": 1.6446876138125746,
    "physiotherapi": 1.4782629497909985,
    "fakultet": 0.0,
    "primijenjen": 0.0,
    "fizioterapij": 0.0
  }
}