{
  "qid": "138",
  "query": "Modern Art",
  "rank": 2,
  "docid": 5594844,
  "coef": {
    "mai": 0.0,
    "nation": -0.0,
    "art": 2.5340671894714024,
    "moderna": 0.0,
    "see": 0.0849151808637473,
    "refer": 0.0,
    "hous": 0.0,
    "modern": 1.301283274150093,
    "washington": 0.0,
    "museum": 0.0,
    "florenc": 0.0,
    "galleria": -0.0,
    "galleri": 0.04582643583804147,
    "rome": 0.0,
    "disambigu": -0.0,
    "bologna": -1.60811194056021,
    "palazzo": 0.0,
    "glasgow": 0.0,
    "brisban": 0.0,
    "pitti": 0.0,
    "comunal": 0.0
  }
}