{
  "qid": "104",
  "query": "Business Leaders",
  "rank": 4,
  "docid": 3758238,
  "coef": {
    "list": 0.0,
    "opposit": 0.0,
    "respons": 1.725753594033388,
    "manag": 0.7657674615420952,
    "bodi": 0.0,
    "note": 0.0,
    "work": 0.07458379969097048,
    "govern": 0.8416431323820273,
    "see": 0.0,
    "known": 0.11471645260662107,
    "leader": 0.6363335249407566,
    "posit": 0.0,
    "post": 0.049162756951494656,
    "wai": 0.0,
    "member": 1.045888138335689,
    "committe": -0.0,
    "hous": 0.7052614299428316,
    "schedul": 0.0,
    "earn": 0.24652369673335425,
    "run": 0.5037543220568884,
    "addit": 0.5497946232805324,
    "receiv": -0.0,
    "shadow": 0.0,
    "assembl": -0.0,
    "busi": 0.6957889359420888,
    "cabinet": 0.0,
    "legisl": 1.1879331891266143,
    "deleg": 0.5432719890206132,
    "speaker": 0.0,
    "premier": 0.0,
    "australia": -0.0,
    "holder": 0.659928172471683,
    "parliament": 0.0,
    "salari": 0.02732032133796626,
    "queensland": 0.09008702712848367,
    "officehold": 0.0,
    "officio": 0.0
  }
}