{
  "qid": "136",
  "query": "Visual Journalism",
  "rank": 2,
  "docid": 4735034,
  "coef": {
    "current": 0.0,
    "journal": 0.8104698060608511,
    "name": 2.7370868783377356,
    "establish": 2.6234647290093975,
    "art": 0.0,
    "review": 0.0,
    "academ": -0.0,
    "publish": 0.0,
    "brighton": 3.702455593176169,
    "intern": 0.4090232130740501,
    "social": 0.0,
    "studi": 0.0,
    "scienc": 2.1583073612013,
    "associ": 0.0,
    "human": 0.06086806098754848,
    "obtain": 0.01904548621126771,
    "peer": 0.0,
    "visual": 2.9433896669663784,
    "univers": 0.39809548638548464,
    "index": 2.8948646421326707,
    "chief": 0.0,
    "2002": 0.0,
    "1986": 0.0,
    "taylor": 3.2248338011651536,
    "behalf": 0.0,
    "editor": 0.0,
    "sociolog": 0.0,
    "abstract": 0.0,
    "bibliographi": 1.821195920161646,
    "franci": 0.0,
    "citat": 0.0,
    "newburi": 0.0,
    "darren": 0.0,
    "scopu": 0.0,
    "triannual": 0.0
  }
}