{
  "qid": "116",
  "query": "Malnutrition",
  "rank": 4,
  "docid": 3987439,
  "coef": {
    "be": 0.0,
    "third": 0.0,
    "half": 0.0,
    "state": 0.0,
    "major": 0.0,
    "possibl": 0.0,
    "5": -0.0,
    "list": 0.0,
    "urban": 0.0,
    "inequ": 0.0,
    "right": 0.0,
    "lead": 0.005254227812478959,
    "conflict": -0.0,
    "market": -0.0,
    "cultur": 0.0,
    "peopl": 0.026486003731342442,
    "benefit": 0.0,
    "seen": 0.0,
    "attempt": 0.0,
    "primarili": 0.0,
    "societi": 0.0,
    "can": 0.04615518838628262,
    "system": 0.0,
    "support": 0.0,
    "journal": 0.0,
    "higher": 0.0,
    "north": 0.0,
    "assist": 0.0,
    "mai": 0.0,
    "nation": 0.0,
    "region": -0.0,
    "slightli": -0.0,
    "difficult": 0.0,
    "evalu": -0.0,
    "demograph": -0.0,
    "creat": 0.0,
    "stabl": 0.0,
    "connect": 0.0,
    "countri": 0.12302441869162316,
    "help": 0.0,
    "adopt": -0.0,
    "order": 0.07053310892028782,
    "econom": 0.0,
    "product": 0.0,
    "pre": -0.0,
    "caus": 0.078585110776654,
    "defin": 0.0,
    "conduct": 0.0,
    "respons": 0.0,
    "properli": -0.0,
    "gener": 0.0,
    "servic": 0.0,
    "target": 0.0,
    "includ": 0.0,
    "prevent": 0.0,
    "facilit": 0.0,
    "address": 0.0,
    "challeng": 0.0,
    "rule": -0.0,
    "proper": 0.0,
    "educ": 0.0,
    "manag": 0.0016356458428424606,
    "polit": -0.0,
    "form": 0.0,
    "allow": 0.0,
    "forc": -0.0,
    "found": 0.004387571035262241,
    "world": 0.008285821300372238,
    "reflect": 0.005194412304336681,
    "perform": -0.0,
    "exclus": 0.0,
    "avoid": 0.0,
    "due": 0.0,
    "area": 0.05823187409417962,
    "come": 0.0,
    "ag": 0.13495726263388966,
    "need": 0.0,
    "try": 0.0,
    "establish": 0.0927560926129283,
    "moral": 0.0,
    "limit": 0.0,
    "trade": 0.0,
    "fail": 0.0,
    "term": 0.0,
    "sever": 0.023001735597501637,
    "simpli": 0.0,
    "note": 0.0,
    "birth": 0.0,
    "still": 0.0,
    "formal": -0.0,
    "school": -0.0,
    "abil": 0.0,
    "implement": -0.0,
    "follow": 0.0,
    "tend": -0.0,
    "turn": 0.0,
    "vari": -0.0,
    "critic": 0.0,
    "work": 0.0,
    "american": -0.0,
    "height": -0.0,
    "larg": -0.0,
    "youth": 0.0,
    "experi": 0.0,
    "control": 0.0,
    "chang": 0.0,
    "women": 0.017397401068800146,
    "long": 0.0,
    "land": 0.02548161301113262,
    "second": -0.0,
    "develop": 0.0,
    "young": 0.0,
    "well": 0.0,
    "learn": 0.0,
    "govern": 0.0,
    "environment": -0.0,
    "felt": 0.0,
    "issu": 0.0,
    "aim": 0.0,
    "group": 0.00039272966651628875,
    "preval": 0.018952039360985613,
    "lack": 0.017351797926806672,
    "isol": 0.0,
    "commun": 0.0,
    "push": 0.0,
    "exampl": 0.0,
    "contract": 0.0,
    "time": -0.0,
    "necessarili": 0.0,
    "life": 0.0,
    "true": 0.0,
    "common": 0.0,
    "role": 0.0,
    "util": 0.0,
    "organ": 0.0,
    "plai": 0.0,
    "publish": 0.0,
    "notabl": 0.0,
    "consum": 0.0,
    "recent": 0.0,
    "end": -0.0,
    "will": 0.0,
    "struggl": 0.0,
    "worker": 0.0,
    "left": -0.0,
    "small": 0.0,
    "place": 0.0,
    "anticip": -0.0,
    "constant": 0.0,
    "children": 0.014659757838675534,
    "rest": 0.0,
    "failur": 0.0,
    "see": -0.0,
    "non": -0.0,
    "method": 0.046573500252721695,
    "wide": -0.0,
    "1960": -0.0,
    "live": 0.025621284998429153,
    "consid": -0.0,
    "particip": 0.0,
    "todai": 0.0,
    "constitut": 0.0,
    "20": 0.0,
    "northern": 0.0,
    "specif": 0.04596533520866319,
    "known": 0.0,
    "articl": 0.0,
    "surviv": 0.0,
    "vision": -0.0,
    "determin": 0.0,
    "onli": 0.13182978807614013,
    "child": 0.0,
    "white": 0.0,
    "line": 0.0,
    "structur": 0.0,
    "move": 0.0,
    "like": 0.1807913054865304,
    "effect": 0.07834339404576587,
    "decreas": -0.0,
    "intern": 0.0,
    "amount": -0.0,
    "goal": -0.0,
    "similar": 0.0,
    "capit": -0.0,
    "who": 0.02893972172782379,
    "accord": 0.013037635079036897,
    "futur": 0.0,
    "coloni": 0.0,
    "posit": 0.0,
    "whom": -0.0,
    "first": 0.0,
    "shown": 0.0,
    "result": 0.0,
    "post": 0.0,
    "make": 0.01621283101093199,
    "part": 0.0,
    "problem": 0.05824574631864434,
    "wai": 0.0,
    "unit": 0.0,
    "social": 0.0,
    "promot": 0.0614886710739031,
    "extens": 0.0,
    "natur": 0.0,
    "individu": 0.1107033878871196,
    "made": 0.0,
    "continu": 0.0,
    "1886": 0.0,
    "studi": 0.0,
    "decis": 0.0,
    "person": 0.0,
    "condit": 0.0,
    "potenti": 0.0,
    "base": 0.0,
    "directli": 0.0,
    "promin": 0.005265862198286874,
    "dai": 0.0,
    "give": 0.0,
    "achiev": 0.0,
    "book": 0.0,
    "replac": -0.0,
    "sole": 0.0,
    "shortcom": 0.0,
    "separ": 0.0,
    "regardless": 0.0,
    "success": -0.0,
    "associ": 0.0,
    "combin": 0.0,
    "sourc": 0.0,
    "drop": 0.0,
    "global": 0.0,
    "hous": -0.0,
    "rural": 0.0,
    "2008": 0.0,
    "statist": 0.0,
    "meet": -0.0,
    "modern": 0.0,
    "back": 0.0,
    "black": 0.1776159204145598,
    "remain": 0.0,
    "especi": 0.012302389863173955,
    "parti": -0.0,
    "approach": -0.0,
    "mean": 0.0,
    "human": 0.0,
    "period": 0.0,
    "definit": 0.0,
    "consumpt": 0.0,
    "inabl": 0.0,
    "benefici": 0.0,
    "increas": 0.0,
    "across": 0.0,
    "level": 0.0,
    "0": 0.0,
    "2": 0.0,
    "8": 0.0,
    "9": 0.0523694646556821,
    "estim": 0.0,
    "diseas": 0.11316042693246346,
    "train": 0.0,
    "absolut": 0.0,
    "brain": 0.0,
    "mother": 0.059610972608641746,
    "leav": 0.0,
    "partli": -0.0,
    "month": 0.0,
    "low": 0.0,
    "obtain": 0.0,
    "million": 0.0,
    "contain": 0.0,
    "averag": 0.008088326440045831,
    "acid": -0.0,
    "psycholog": 0.0,
    "initi": -0.0,
    "adapt": -0.0,
    "classifi": 0.0,
    "2015": 0.0,
    "present": 0.0,
    "comparison": 0.0,
    "blind": 0.0,
    "tissu": -0.0,
    "appli": 0.0,
    "death": 0.0,
    "gastrointestin": 0.0,
    "pattern": 0.0,
    "cost": -0.0,
    "muscl": 0.0,
    "case": 0.0,
    "year": 0.09309049119432286,
    "vitamin": 0.08794245286428408,
    "care": 0.0,
    "nervou": 0.0,
    "side": 0.0,
    "cope": 0.0,
    "declin": -0.0,
    "weight": 0.0019284654139309998,
    "cognit": 0.0,
    "sustain": 0.0,
    "depend": -0.0,
    "nutrit": 0.04742978395155877,
    "program": 0.034768212921601586,
    "widespread": 0.0,
    "symptom": -0.0,
    "code": -0.0,
    "frequenc": 0.0,
    "lower": 0.0,
    "popul": 0.0,
    "food": 0.1082400792501118,
    "full": 0.0,
    "guidelin": 0.0,
    "high": 0.04426516880037112,
    "trace": -0.0,
    "impair": 0.0,
    "stress": 0.0,
    "damag": 0.0,
    "patient": 0.0,
    "show": 0.0,
    "previous": 0.0,
    "provis": 0.0,
    "lose": 0.0,
    "000": -0.0,
    "face": 0.0,
    "numer": 0.0,
    "inflamm": 0.0,
    "research": 0.0,
    "health": 0.06026998221962549,
    "visual": 0.0,
    "accompani": 0.0,
    "old": 0.0,
    "attribut": 0.0,
    "percentag": 0.0,
    "recogn": 0.0,
    "rate": 0.023857766288008782,
    "childhood": 0.0,
    "primari": -0.0,
    "grant": -0.0,
    "typic": -0.0,
    "avail": 0.0,
    "resourc": -0.0,
    "matern": 0.0,
    "supplement": -0.0,
    "84": 0.0,
    "1990": 0.0,
    "calcium": 0.0,
    "now": 0.0,
    "50": 0.0,
    "locat": 0.0,
    "option": 0.0,
    "30": -0.0,
    "clinic": 0.0,
    "improv": 0.0,
    "25": -0.0,
    "eat": 0.0,
    "16": -0.0,
    "15": -0.0,
    "11": 0.0,
    "10": 0.0,
    "assess": 0.0,
    "infant": 0.12122148144419204,
    "special": 0.0,
    "metabol": -0.0,
    "growth": 0.018711159850843092,
    "survei": 0.0,
    "abnorm": 0.0,
    "famili": 0.0,
    "treatment": 0.0,
    "detect": 0.0,
    "intens": 0.0,
    "affect": 0.0,
    "skin": 0.0,
    "risk": 0.09444245408344064,
    "physician": 0.0,
    "epidemiolog": 0.0,
    "integr": 0.0,
    "poor": 0.00465575886197458,
    "consequ": 0.0,
    "factor": -0.0,
    "thirti": 0.0,
    "step": -0.0,