{
  "qid": "140",
  "query": "Artificial Intelligence and Machine Learning",
  "rank": 0,
  "docid": 4902586,
  "coef": {
    "system": 0.0,
    "journal": 1.845830867407507,
    "professor": 3.613699527212545,
    "work": 3.076168979673316,
    "well": 0.0,
    "learn": 0.6262367922049777,
    "confer": 0.0,
    "princip": 0.6876073224628102,
    "publish": 4.6014680787518545,
    "known": 0.0,
    "russel": 0.0,
    "intern": 3.4850177385988084,
    "member": 2.1357925224358776,
    "scienc": 0.03642036169503519,
    "associ": 4.238480215340408,
    "serv": -0.0,
    "advanc": 0.0,
    "research": 0.0,
    "univers": 3.906434983630308,
    "paper": 3.3533475685878407,
    "investig": 1.6884305741948527,
    "intellig": 3.7162656626656023,
    "board": 0.638774774690744,
    "artifici": 0.8557849260274326,
    "centr": 0.0,
    "comput": 0.0,
    "chief": -0.358502697391945,
    "200": 0.0,
    "patent": 0.0,
    "fellow": 0.0,
    "editori": 0.0,
    "editor": -0.0,
    "uncertainti": 4.696021918296067,
    "machin": 1.0322846277054012,
    "biologi": 0.0,
    "chair": 0.0,
    "innov": 0.0,
    "molecular": 0.0,
    "alberta": 5.1867641455400895,
    "aaai": 0.0,
    "refere": 0.0,
    "greiner": 0.5532025598702678,
    "bioinformat": 3.0280695840998897,
    "aicml": 0.0
  }
}