{
  "qid": "119",
  "query": "Classical Dance",
  "rank": 0,
  "docid": 4180072,
  "coef": {
    "list": 0.3616296136352435,
    "origin": 0.06440401710534566,
    "north": 0.21631414184420159,
    "region": 0.01673442474203986,
    "creat": 0.0,
    "classic": 0.05162786868411297,
    "music": 0.0,
    "st": 0.10552735173609712,
    "event": 0.0049425870830595055,
    "form": 0.2815832533792166,
    "perform": 0.03059465204491126,
    "art": -0.0,
    "christian": 0.0,
    "commun": 0.0,
    "see": 0.0,
    "tradit": 0.0,
    "east": 0.13787864509875417,
    "ethnic": 0.22442887680321438,
    "incorpor": 0.0,
    "semi": -0.0,
    "tribe": 0.0,
    "west": 0.14825959020175855,
    "south": 0.0,
    "indian": 0.06227801697261278,
    "thoma": 0.12072202536156652,
    "tribal": 0.001022286778370383,
    "danc": 0.266999597061008,
    "asia": 0.0,
    "tamil": 0.0,
    "guru": 0.11064303218964047,
    "folk": 0.1683802161342024,
    "india": 0.24244135269892192,
    "gujarat": -0.0,
    "shiva": 0.0,
    "koraput": 0.07289142424992318,
    "nandi": 0.07486970499361233,
    "bengal": 0.0,
    "kerala": 0.3085109593092591,
    "aka": 0.0,
    "punjab": 0.0,
    "manipuri": -0.0,
    "soma": 0.02769179276335579,
    "manipur": 0.0,
    "odisha": 0.08451457008756193,
    "nadu": 0.3041441238983548,
    "arunach": 0.0,
    "pradesh": 0.1722770046022034,
    "uttar": 0.0,
    "madhya": 0.0,
    "assam": -0.0,
    "maharashtra": 0.0,
    "karnataka": 0.17913849982417046,
    "bihar": 0.0,
    "tera": 0.0,
    "andhra": 0.001560920536968884,
    "uttarakhand": 0.0,
    "telangana": 0.05180046259751402,
    "bihu": 0.0,
    "perini": 0.0,
    "chhattisgarh": 0.1746059352534236,
    "lambadi": -0.0,
    "natyam": -0.0,
    "kuchipudi": 0.17435785256815522,
    "rajasthan": 0.0,
    "himach": -0.0,
    "odissi": 0.0,
    "kathak": 0.0,
    "bhangra": 0.0,
    "raut": 0.0,
    "jharkhand": 0.0,
    "gaudiya": 0.0,
    "yakshagana": 0.0,
    "orissi": 0.08797713470842997,
    "nritya": 0.02059958251415612,
    "madurai": 0.0,
    "matki": 0.0,
    "koli": 0.0,
    "bharatnatyam": -0.0,
    "nati": -0.0,
    "patta": 0.0,
    "thiruvathira": 0.0,
    "garba": 0.0,
    "chhau": 0.0,
    "chholiya": -0.0,
    "lavani": -0.0,
    "domkach": 0.0,
    "sattriya": -0.0,
    "maharastra": 0.0,
    "ghoomar": 0.0,
    "jhumair": 0.0,
    "dandiya": 0.0,
    "nautanki": 0.0,
    "kathakali": -0.0,
    "giddha": 0.0,
    "parai": -0.0,
    "dollu": 0.0,
    "gopinath": 0.035233488256488865,
    "kamsal": 0.0,
    "kunitha": 0.19992794717644052,
    "karavali": 0.0,
    "thirayattam": 0.0,
    "mardana": 0.0,
    "nacha": 0.0,
    "vaikuntha": -0.0,
    "attam": -0.0,
    "panthi": -0.0,
    "sambalpuri": -0.0,
    "ojapali": -0.0,
    "bagurumba": 0.0,
    "bhortal": -0.0,
    "deodhani": 0.0,
    "kunita": 0.0,
    "krishnanattam": 0.0,
    "tamasa": 0.0,
    "ghumura": 0.0,
    "pulikali": 0.0,
    "kolattam": 0.0,
    "mohiniattam": 0.0,
    "jhumar": 0.0,
    "natanam": 0.0,
    "karakattam": 0.0,
    "puliyattam": -0.0,
    "taali": 0.0,
    "bathukamma": -0.0,
    "vilasini": -0.0,
    "thandavam": 0.0,
    "sivatandavam": 0.0,
    "oyilattam": 0.0,
    "dhangari": 0.0,
    "popir": 0.0,
    "kanyarkali": 0.0,
    "dwaja": 0.0,
    "rathwa": 0.0,
    "dhemsa": 0.0,
    "veeragaas": 0.0,
    "geraiya": 0.0,
    "margamk": 0.0
  }
}