{
  "qid": "102",
  "query": "Disco Music",
  "rank": 7,
  "docid": 544741,
  "coef": {
    "be": 0.0,
    "latin": 0.0,
    "state": 0.0,
    "think": 0.025852045657361246,
    "karl": 0.0,
    "list": -0.0,
    "origin": 0.0,
    "version": 0.0,
    "heavili": 0.0,
    "mainstream": 0.0,
    "spell": -0.0,
    "emerg": 0.0,
    "exist": 0.0,
    "inspir": 0.0,
    "can": -0.0,
    "element": 0.0,
    "north": 0.0,
    "earli": 0.19499154684196435,
    "nation": 0.0,
    "europ": 0.17569670371217594,
    "name": 0.0556020806067593,
    "creat": 0.04757714998082433,
    "connect": 0.0,
    "countri": 0.0,
    "industri": 0.0,
    "mid": 0.1808452754828163,
    "product": 0.010116583301254372,
    "music": 0.11756913655533081,
    "italian": 0.0,
    "took": 0.0,
    "robert": 0.0,
    "mexico": 0.0,
    "gener": 0.15819519967009055,
    "scene": 0.2149027524816759,
    "includ": 0.07038115207401721,
    "began": 0.0,
    "talk": 0.2178762938725306,
    "histori": -0.0,
    "big": 0.0,
    "later": 0.060092142836248766,
    "call": -0.0,
    "french": 0.17553179713109626,
    "form": -0.0,
    "perform": 0.0,
    "due": 0.0,
    "video": 0.0,
    "ad": 0.0,
    "term": 0.05753848851460359,
    "occupi": 0.0,
    "still": 0.06942112046354854,
    "late": 0.010799706292288618,
    "last": 0.0,
    "american": 0.19187066878021655,
    "larg": -0.0,
    "electron": 0.092304143774619,
    "long": -0.0,
    "reviv": -0.0,
    "america": 0.003912924928012357,
    "repres": 0.0,
    "second": 0.0,
    "interest": 0.0,
    "develop": 0.0,
    "popular": 0.0,
    "career": 0.0,
    "far": 0.0,
    "orient": 0.0,
    "singl": 0.0,
    "whole": -0.0,
    "group": 0.007573943993930058,
    "canadian": 0.0,
    "preval": 0.0,
    "commun": 0.0,
    "act": 0.0,
    "exampl": 0.1701200467588934,
    "abl": 0.04509668755529638,
    "root": 0.0,
    "time": 0.12696105526579562,
    "common": 0.0,
    "era": 0.0,
    "artist": 0.0,
    "notabl": 0.11581801167377295,
    "influenc": 0.10849990306159023,
    "recent": 0.0,
    "atmospher": 0.0,
    "worker": 0.0,
    "network": 0.0,
    "relat": 0.0,
    "small": 0.0,
    "place": 0.0,
    "franc": 0.34006751682025194,
    "deriv": 0.0,
    "see": 0.0,
    "non": 0.0,
    "peter": 0.005645068749104458,
    "wide": 0.0,
    "1960": 0.1318017383441385,
    "local": 0.0,
    "collect": 0.0,
    "contemporari": -0.0,
    "english": 0.0,
    "todai": 0.0,
    "saw": 0.31102345505344875,
    "northern": -0.0,
    "specif": 0.0,
    "known": 0.0,
    "articl": 0.0,
    "reli": 0.0,
    "russia": 0.0,
    "spain": 0.06844847147979306,
    "white": 0.0,
    "new": 0.018507658882168623,
    "contribut": -0.0,
    "move": 0.0,
    "evolut": 0.0,
    "featur": 0.0,
    "produc": 0.10326680712726065,
    "like": 0.15476712978610258,
    "greec": 0.008163897910835712,
    "space": 0.0,
    "mark": 0.0,
    "who": 0.0,
    "paul": 0.0,
    "first": 0.0,
    "rise": 0.0,
    "offici": 0.0,
    "result": 0.0,
    "make": 0.0,
    "newspap": 0.0,
    "share": 0.0,
    "unit": 0.0,
    "social": 0.0,
    "releas": 0.23951711509188717,
    "continu": -0.0,
    "spread": 0.0,
    "base": -0.0,
    "directli": 0.0,
    "soon": 0.0,
    "promin": 0.0,
    "refer": 0.00820275988337401,
    "give": 0.0,
    "replac": 0.0,
    "decad": 0.0,
    "label": 0.0,
    "declar": 0.0,
    "met": 0.0,
    "easi": 0.0,
    "success": 0.1932539858218311,
    "varieti": 0.0,
    "hous": 0.0,
    "style": 0.03988716269443034,
    "voic": 0.0,
    "modern": 0.17134814608555882,
    "back": 0.037705374120936955,
    "remain": 0.0,
    "especi": 0.16765678854272645,
    "seri": 0.055643508319859904,
    "mean": 0.0,
    "teach": 0.0,
    "altern": 0.17184462093720995,
    "period": 0.0,
    "francisco": 0.05442444829554214,
    "mother": 0.0,
    "brother": 0.0,
    "acid": 0.0,
    "uk": 0.0,
    "death": 0.02806951218648142,
    "boi": 0.0,
    "declin": -0.0,
    "1987": 0.0,
    "incorpor": 0.0,
    "widespread": 0.0,
    "german": 0.10989074989732664,
    "prefer": 0.0,
    "boundari": 0.0,
    "show": 0.0,
    "variat": -0.0,
    "old": 0.0,
    "air": 0.14842739891681253,
    "typic": 0.0,
    "prove": 0.0,
    "rock": 0.17520316683739662,
    "90": 0.008088103117402394,
    "80": 0.0,
    "1990": 0.0,
    "1981": 0.0,
    "1980": 0.12428321941433522,
    "quickli": 0.0,
    "1970": 0.0862183576539858,
    "40": 0.0,
    "special": 0.0,
    "crossov": 0.0,
    "imagin": 0.006141913482366703,
    "variant": 0.0,
    "disco": 0.14961893092974715,
    "speak": 0.0,
    "start": 0.0,
    "2000": 0.0,
    "commerci": 0.0,
    "grow": 0.0,
    "sub": 0.0,
    "summer": 0.0,
    "manner": 0.0,
    "top": 0.0,
    "surg": 0.0,
    "composit": 0.0,
    "blue": 0.0,
    "itali": 0.12661112902455096,
    "european": 0.23670137146796394,
    "rai": 0.0,
    "sound": 0.11337652597993786,
    "aaron": 0.0,
    "slowli": 0.0,
    "least": 0.0,
    "front": -0.0,
    "cross": 0.0,
    "except": 0.0,
    "huge": 0.0,
    "kept": 0.0,
    "carr": 0.0,
    "london": 0.0,
    "georg": 0.0,
    "fade": 0.0,
    "convent": 0.06935645790148648,
    "record": 0.10039262983372653,
    "project": -0.0,
    "hot": 0.0,
    "hit": 0.0,
    "la": -0.0,
    "south": 0.0,
    "go": 0.0,
    "demand": 0.0,
    "short": 0.0,
    "1986": 0.0,
    "british": -0.0,
    "1984": 0.0,
    "1982": 0.0,
    "1974": 0.0,
    "1950": 0.08579178607265067,
    "1940": 0.0,
    "won": 0.0,
    "februari": 0.0,
    "eastern": 0.0,
    "disc": 0.0,
    "instantli": 0.0,
    "blood": 0.0,
    "evolv": 0.0,
    "dd": 0.0,
    "earlier": 0.0,
    "bad": 0.0,
    "begun": 0.0,
    "1977": 0.0,
    "danc": 0.13897697550347976,
    "germani": 0.0,
    "contest": 0.0,
    "journalist": 0.0,
    "renew": 0.0,
    "silver": 0.11848502586121097,
    "dutch": 0.0,
    "1985": 0.0,
    "machin": 0.0,
    "chanc": 0.0,
    "berlin": 0.006738910308306284,
    "channel": 0.0,
    "subsequ": 0.023668155492720166,
    "technic": 0.0,
    "genr": 0.0886400378302939,
    "soul": 0.0,
    "lyric": 0.0,
    "catch": 0.0,
    "franco": 0.0,
    "pop": 0.0,
    "album": 0.0,
    "jack": 0.0,
    "heard": 0.0,
    "jazz": 0.0,
    "winner": 0.0,
    "venu": 0.0,
    "tv": 0.0,
    "song": 0.0,
    "1991": 0.0,
    "1983": 0.0,
    "fred": 0.0,
    "ventura": 0.0,
    "diva": 0.0,
    "1975": 0.0,
    "1971": 0.0,
    "singer": 0.0,
    "dead": 0.0,
    "ve": 0.0,
    "1979": 0.022685303595203637,
    "austrian": 0.08857628621712985,
    "retro": 0.0,
    "club": 0.09645271834295849,
    "explos": 0.0,
    "musician": 0.0,
    "gloria": 0.21533419453441888,
    "rap": 0.0,
    "recreat": 0.1420752556769677,
    "euro": 0.0,
    "trend": 0.0,
    "sung": 0.0,
    "tran": 0.0,
    "usher": 0.0,
    "laura": 0.0,
    "otto": 0.0,
    "practition": -0.0,
    "donna": 0.0,
    "synthes": 0.0,
    "rearrang": 0.0,
    "swedish": 0.0,
    "keyboard": 0.0,
    "chart": 0.0,
    "netherland": 0.06638184367469788,
    "romania": 0.0,
    "dwell": 0.0,
    "pete": 0.0,
    "nightclub": 0.0,
    "villag": 0.0,
    "offshoot": -0.0,
    "eurovis": 0.3189659406428547,
    "poland": 0.0,
    "deeper": 0.0,
    "tongu": 0.0,
    "finland": 0.0038639443939920866,
    "icon": 0.0,
    "songwrit": 0.0,
    "backlash": 0.0,
    "verg": -0.0,
    "electro": -0.0,
    "hi": 0.039796013949650794,
    "gibson": 0.0,
    "lime": 0.0,
    "gino": 0.0,
    "polo": 0.0,
    "munich": 0.0,
    "infiltr": 0.0,
    "duo": 0.0,
    "ashlei": 0.0,
    "cara": 0.06303333283493902,
    "abba": 0.0,
    "khan": 0.10747672930521145,
    "unreleas": 0.035231112062604736,
    "flavor": 0.014051688842700768,
    "demo": 0.02660067010613184,
    "arcad": 0.0,
    "flashback": 1.4443562099430327e-08,
    "italo": 0.1670405801213827,
    "trio": 0.0,
    "amanda": 0.0,
    "funk": 0.0,
    "waterloo": 0.0,
    "viva": 0.0,
    "lear": 0.0,
    "synth": -0.0,
    "blondi": 0.01087439474297189,
    "iren": 0.009053332806808038,
    "jockei": 0.0,
    "bonei": 0.0,