{
  "qid": "110",
  "query": "Clean Energy",
  "rank": 7,
  "docid": 4969556,
  "coef": {
    "aspect": 0.03633047150291251,
    "state": 0.0,
    "current": 0.0,
    "lead": 0.0,
    "organis": 0.013767546715130521,
    "primarili": -0.0,
    "spectrum": 0.0,
    "focus": 0.0,
    "system": 0.04275778222339719,
    "support": 0.131235483987177,
    "broad": 0.0,
    "assist": 0.0,
    "mai": 0.0,
    "nation": 0.07604305574186555,
    "engag": 0.0,
    "led": -0.0,
    "creat": 0.0,
    "platform": -0.0,
    "countri": 0.0,
    "help": 0.0,
    "daniel": 0.0,
    "propos": -0.0,
    "conduct": 0.0,
    "public": 0.0,
    "mexico": 0.23604424459573844,
    "target": 0.0,
    "includ": 0.1755425988313925,
    "facilit": 0.0,
    "head": 0.0,
    "take": 0.23354676133241511,
    "call": 0.0,
    "polit": 0.0,
    "form": 0.0,
    "expand": 0.0,
    "world": 0.04712462116625875,
    "bring": 0.0,
    "exclus": 0.0,
    "oper": 0.0,
    "open": 0.05968775219584196,
    "best": 0.0,
    "establish": 0.0,
    "align": 0.0,
    "host": 0.15814799277686747,
    "term": 0.0,
    "kei": 0.0,
    "privat": 0.08362915208712965,
    "formal": 0.0,
    "implement": 0.05981590120610332,
    "follow": 0.0,
    "work": 0.3137689472805579,
    "chang": 0.0,
    "guid": -0.0,
    "christian": 0.0,
    "interest": 0.0,
    "object": 0.0,
    "develop": 0.0,
    "govern": 0.010242387847833694,
    "issu": 0.0,
    "aim": 0.3034114637129951,
    "group": 0.0,
    "effort": 0.04478056018525511,
    "citi": -0.0,
    "afford": 0.0,
    "time": 0.0,
    "role": 0.14574745049038448,
    "organ": 0.043474102570779154,
    "institut": -0.0,
    "will": -0.0,
    "enhanc": 0.03785642047456517,
    "network": 0.0,
    "place": 0.0,
    "franc": 0.0,
    "function": 0.0,
    "non": 0.2121649655174178,
    "wide": 0.0,
    "express": 0.0,
    "particip": 0.0,
    "cooper": 0.0,
    "russia": 0.0,
    "china": 0.0,
    "spain": 0.0,
    "onli": 0.0,
    "voluntari": 0.011242700054187383,
    "new": 0.0,
    "mobil": 0.010505558503398365,
    "move": 0.0,
    "featur": 0.0,
    "effect": 0.0,
    "intern": 0.2026784019119942,
    "practic": 0.0,
    "first": 0.11328199374127408,
    "past": 0.0,
    "activ": 0.019154470533404782,
    "transit": 0.0,
    "pari": 0.0,
    "share": 0.0,
    "unit": 0.23941112642996729,
    "promot": 0.0,
    "shape": 0.0,
    "member": 0.14696100110791988,
    "committe": 0.17101080283657177,
    "base": 0.26285308535752544,
    "forum": 0.2426139736275617,
    "achiev": 0.012229800644543487,
    "replac": 0.0,
    "compos": -0.0,
    "canada": 0.0,
    "independ": 0.0,
    "combin": 0.0,
    "power": 0.0012948986213567977,
    "varieti": 0.0,
    "global": 0.0,
    "hous": 0.0,
    "meet": 0.09538733459066902,
    "back": 0.05705978790397592,
    "technolog": 0.14990773589558173,
    "serv": 0.0,
    "human": 0.0027979643198524653,
    "commit": 0.0,
    "francisco": 0.0,
    "increas": 0.0,
    "across": -0.0,
    "level": 0.0,
    "0": 0.0,
    "2": 0.0,
    "scale": 0.0,
    "initi": 0.07869260254646022,
    "2015": 0.0,
    "year": 0.25848888756463123,
    "sustain": 0.16834860491099674,
    "incorpor": -0.0,
    "high": 0.0,
    "preced": 0.0,
    "advanc": -0.0,
    "agent": 0.0,
    "2013": 0.0,
    "cover": 0.0,
    "schedul": 0.0,
    "observ": 0.0,
    "rang": 0.0,
    "typic": -0.0,
    "90": 0.0,
    "80": -0.0,
    "coordin": 0.1180272655429224,
    "locat": 0.04155059711206099,
    "improv": 0.0,
    "10": 0.0,
    "account": 0.0,
    "integr": 0.0,
    "pair": 0.0,
    "variabl": 0.0,
    "minimum": 0.0,
    "qualiti": 0.0,
    "2018": -0.0,
    "2016": 0.1947126666954013,
    "2014": 0.0,
    "2012": 0.0,
    "2010": -0.0,
    "requir": 0.0,
    "heat": 0.18997338325666843,
    "22": 0.0,
    "cool": 0.0,
    "light": -0.0,
    "visibl": 0.0,
    "carbon": 0.0,
    "leadership": 0.0,
    "roof": 0.0,
    "top": 0.0,
    "capac": 0.0,
    "hydrogen": 0.0017080437025279818,
    "electr": 0.0006608567920644623,
    "annual": 0.007166177066905687,
    "energi": 0.19967240969519945,
    "itali": 0.0,
    "round": 0.0,
    "european": 0.0,
    "clean": 0.09266410200543519,
    "format": 0.0,
    "held": 0.0,
    "topic": 0.0,
    "invest": 0.0,
    "membership": 0.0,
    "suppli": -0.0,
    "team": 0.0,
    "august": 0.0,
    "san": 0.0,
    "expert": 0.0,
    "campaign": 0.1976699223819777,
    "11th": 0.06402307409006391,
    "vote": 0.0,
    "2017": 0.0,
    "2011": 0.0,
    "septemb": 0.0,
    "2019": 0.06452803585854298,
    "south": 0.0,
    "district": 0.0,
    "economi": -0.0,
    "depart": 0.0,
    "brazil": 0.0,
    "june": 0.0,
    "track": 0.0,
    "commiss": 0.13593274392654844,
    "26": 0.0,
    "agenc": 0.0,
    "captur": 0.0,
    "access": -0.0,
    "polici": 0.0,
    "appoint": 0.0,
    "undertak": 0.0,
    "regular": 0.0,
    "strateg": 0.0,
    "agre": 0.0,
    "transform": 0.06423725931910224,
    "japan": 0.0,
    "upcom": -0.0,
    "assur": 0.0,
    "assum": 0.0,
    "bind": 0.0,
    "launch": 0.0,
    "7th": -0.0,
    "proceed": 0.0,
    "volunt": 0.0,
    "germani": 0.0,
    "encourag": 0.0,
    "fast": 0.0,
    "renew": 0.0692713297210323,
    "dialogu": 0.0,
    "arab": -0.0,
    "bottom": 0.0,
    "analyt": 0.0,
    "technic": 0.0,
    "kingdom": 0.1397335206444001,
    "effici": -0.0,
    "partnership": 0.06618189930625748,
    "collabor": 0.0,
    "2020": 0.0,
    "acceler": 0.0,
    "31st": 0.0,
    "chile": 0.1484711834592782,
    "2021": 0.0,
    "australia": 0.0,
    "norwai": 0.0,
    "rotat": 0.0,
    "leap": 0.0,
    "sector": 0.0,
    "chair": 0.0,
    "solut": 0.0,
    "mission": 0.02485723764066375,
    "mr": 0.3205561000491695,
    "underli": 0.0,
    "emir": 0.0,
    "arabia": 0.07657524636040304,
    "deploy": 0.06443029530240656,
    "10th": -0.0,
    "africa": 0.0,
    "portug": 0.0,
    "minist": 0.0,
    "storag": 0.0,
    "innov": 0.018392615696884225,
    "government": 0.0,
    "india": 0.0,
    "ongo": 0.0,
    "grid": 0.0,
    "netherland": 0.0,
    "guidanc": 0.007991845550301583,
    "preparatori": 0.0,
    "interrel": 0.0,
    "applianc": 0.025317780463900617,
    "poland": 0.0,
    "zealand": 0.0,
    "finland": 0.0,
    "sweden": 0.0,
    "saudi": 0.08425028637161396,
    "steer": 0.0,
    "korea": 0.008557730629406287,
    "stagger": 0.0,
    "stakehold": 0.10902379493938716,
    "undertaken": 0.004885248519301814,
    "indonesia": 0.0,
    "denmark": 0.0903853981158935,
    "hydropow": 0.0,
    "nordic": 0.0,
    "ministeri": 0.1496488994711585,
    "chp": 0.0,
    "pavement": 0.0,
    "secretariat": 0.2363494991631372,
    "multilater": 0.0,
    "dhc": 0.0,
    "cem": 0.1803150699970927,
    "iea": 0.0,
    "bioenergi": -0.0,
    "dorner": 0.0,
    "cem2": 0.0,
    "cem1": 0.0,
    "zinglersen": 0.04730771425298398,
    "cem3": 0.0,
    "gscn": 0.0,
    "cem12": 0.0,
    "cem11": -0.0,
    "cem10": 0.0,
    "cem9": -0.0,
    "cem8": 0.0,
    "cem7": 0.0,
    "cem5": 0.0,
    "cem4": 0.0,
    "cem6": 0.0
  }
}