{
  "qid": "146",
  "query": "Non-profit Organization",
  "rank": 5,
  "docid": 4234140,
  "coef": {
    "mai": 0.0,
    "organ": 0.0,
    "non": 8.906570182383557,
    "live": 0.0,
    "free": 1.1222590078690677e-16,
    "refer": 0.0,
    "swim": 0.0,
    "parasit": 0.0,
    "sessil": 0.0
  }
}