{
  "qid": "134",
  "query": "Botany",
  "rank": 5,
  "docid": 4757514,
  "coef": {
    "mai": 0.0,
    "nation": 0.0,
    "england": 4.126264831312962,
    "institut": 0.8137965471658706,
    "see": 2.088694385885174,
    "china": -0.0,
    "scienc": 0.0,
    "refer": 0.026127842177758764,
    "adi": -0.0,
    "agricultur": 1.3615249301369576,
    "academi": 0.1042748248811174,
    "botani": 5.019607878993714,
    "chines": 0.0,
    "aw": -0.0,
    "poland": 0.0,
    "kunm": -0.0,
    "jiangsu": 0.0,
    "szafer": -0.0
  }
}