{
  "qid": "128",
  "query": "Racing",
  "rank": 2,
  "docid": 221606,
  "coef": {
    "5": 0.0,
    "self": 0.0,
    "union": 0.0292296424832383,
    "origin": 0.0,
    "peopl": 0.026126610866219827,
    "type": 0.0,
    "exist": 0.0,
    "seen": 0.0,
    "broad": 0.0,
    "extrem": 0.0,
    "region": 0.0,
    "engag": 0.0,
    "defin": 0.0,
    "head": 0.1586290119796073,
    "challeng": 0.0,
    "take": 0.0,
    "form": 0.12850728946666162,
    "world": 0.21247447107849754,
    "de": 0.0,
    "area": 0.0,
    "tri": 0.0,
    "involv": 0.0,
    "larg": 0.0,
    "long": 0.0,
    "land": 0.0,
    "popular": 0.0,
    "govern": 0.005770650885257599,
    "orient": 0.0,
    "singl": 0.0,
    "organ": -0.0,
    "notabl": 0.0,
    "place": 0.0,
    "franc": 0.0,
    "see": 0.0,
    "non": 0.0,
    "known": 0.0,
    "like": 0.0016177980816917358,
    "intern": 0.0,
    "space": 0.0,
    "class": 0.005858576871169542,
    "promot": 0.0,
    "tradit": 0.0,
    "refer": 0.2636142273947616,
    "ancient": 0.0,
    "associ": 0.0,
    "power": 0.0795921116650617,
    "occur": 0.0,
    "human": -0.0,
    "hand": 0.0,
    "across": 0.0,
    "stage": 0.0,
    "alon": 0.0,
    "profession": 0.0,
    "week": 0.03429803810818953,
    "univers": 0.16895959822517512,
    "race": 0.15740595526743448,
    "specialist": 0.0,
    "special": 0.0,
    "24": 0.0,
    "categori": 0.08556401826301661,
    "row": 0.0,
    "motor": 0.0,
    "nbsp": 0.0,
    "memori": 0.0,
    "frequent": 0.0,
    "consist": 0.0,
    "hour": 0.0,
    "design": 0.0,
    "match": 0.0,
    "welsh": 0.0,
    "water": 0.03081045815398468,
    "globe": 0.0,
    "ocean": 0.13757664257515662,
    "annual": 0.0,
    "round": 0.0,
    "format": -0.0,
    "sport": 0.14732983132700567,
    "lake": 0.0,
    "team": 0.019061961206236308,
    "record": 0.0,
    "snake": 0.0,
    "competit": 0.0,
    "florida": 0.0,
    "championship": -0.0,
    "circuit": 0.03816654893284795,
    "2006": 0.0,
    "south": 0.0,
    "go": 0.0,
    "station": 0.0,
    "river": 0.2664951219276175,
    "born": 0.0,
    "athlet": 0.0,
    "yale": 0.03009982675546793,
    "500": 0.0,
    "boat": 0.1610731249773962,
    "lap": 0.0,
    "japan": 0.0,
    "km": 0.0,
    "cambridg": 0.0,
    "technic": 0.010790138253458944,
    "asia": 0.0,
    "drag": 0.0,
    "craft": 0.010514159116783876,
    "oxford": 0.0,
    "trophi": 0.0,
    "jet": 0.0,
    "competitor": 0.0,
    "harvard": 0.06793278877271137,
    "wind": -0.0,
    "sail": -0.0,
    "egypt": 0.0,
    "india": 0.0,
    "kali": 0.0,
    "disambigu": 0.0,
    "dragon": -0.0,
    "archer": 0.0,
    "cow": 0.0,
    "volvo": -0.0,
    "watercraft": 0.19557722712250442,
    "sumatra": 0.0,
    "international": 0.0,
    "swamp": 0.0,
    "propel": 0.0,
    "durham": 0.0,
    "newcastl": 0.0,
    "kerala": 0.0,
    "regatta": 0.006293920926685202,
    "tei": -0.0,
    "indonesia": 4.777361348133206e-16,
    "offshor": -0.0,
    "motoris": 0.0,
    "clipper": 0.0,
    "powerboat": 0.05865653536325746,
    "f1": 0.0,
    "ky": -0.0,
    "buggi": 0.0,
    "yacht": 0.10889498772702702,
    "hydroplan": 0.0,
    "cano": 0.0,
    "unlimit": 0.0,
    "inshor": 0.0,
    "kayak": -0.07928850130113603,
    "rouen": 0.0,
    "sprint": 0.0,
    "catamaran": 0.0,
    "motorboat": 0.0,
    "cardiff": 0.04837286118549693,
    "boc": 0.0,
    "outboard": 0.0,
    "swampi": 0.0,
    "northumbrian": -0.0,
    "swansea": 3.9949835847033267e-16,
    "oar": 0.007664879945321867,
    "ead": 0.0,
    "nehru": 0.0,
    "heur": 0.0,
    "bathtub": 0.0,
    "musi": 0.0,
    "velux": 0.0,
    "outrigg": -0.0,
    "powerbo": 0.0,
    "fastnet": 0.0,
    "motonautiqu": 0.0,
    "parimutuel": -0.0,
    "uim": 0.0,
    "vende": 0.0,
    "vallam": 0.0,
    "xcat": 0.015136195525250343,
    "wppa": 0.0,
    "triboatton": 0.0,
    "alleppi": 0.0
  }
}