{
  "qid": "144",
  "query": "Child Development",
  "rank": 0,
  "docid": 5394519,
  "coef": {
    "list": 0.0,
    "current": 0.0,
    "lead": 0.0,
    "organis": 0.0,
    "benefit": 0.0,
    "emerg": 0.0,
    "exist": 0.0,
    "seek": -0.0,
    "north": 0.0,
    "earli": 0.0,
    "nation": 0.3434691736752791,
    "econom": 0.0,
    "us": 0.04981998824818087,
    "tool": 0.24338747230202684,
    "public": 0.0,
    "target": 0.055620666438198525,
    "includ": 0.05318011000246982,
    "address": 0.20940253316278676,
    "later": 0.0,
    "descript": 0.0,
    "educ": 0.24118744817116855,
    "import": 0.0,
    "perform": 0.31738844319355425,
    "oper": 0.0,
    "area": 0.0,
    "emot": 0.0,
    "work": 0.014716319219293181,
    "larg": 0.0,
    "experi": 0.0,
    "guid": 0.11495520172559787,
    "america": 0.0,
    "develop": 0.43217746006023094,
    "learn": 0.0,
    "govern": -0.0,
    "feder": 0.0,
    "group": 0.0,
    "lack": 0.0,
    "act": -0.0,
    "time": 0.007796099677692552,
    "life": 0.0,
    "regul": 0.5570140752626671,
    "plan": 0.0,
    "plai": 0.0,
    "recent": 0.011411651702150588,
    "children": 0.2152515042715332,
    "set": -0.0,
    "particip": 0.0,
    "equal": 0.32255218219354187,
    "child": 0.1387897402360985,
    "goal": 0.0,
    "who": 0.0,
    "accord": 0.0,
    "practic": 0.0,
    "futur": 0.12421195153425064,
    "posit": 0.0,
    "first": -0.0,
    "activ": 0.0,
    "distribut": 0.06795704941230499,
    "unit": 0.0,
    "social": 0.0,
    "individu": 0.0,
    "basi": 0.0,
    "accept": 0.0,
    "global": 0.0,
    "meet": 0.0,
    "hand": 0.0,
    "pediatrician": 0.0,
    "train": -0.0,
    "size": 0.0,
    "comparison": 0.0,
    "cost": 0.0,
    "case": 0.0,
    "year": 0.0,
    "care": 0.3143223920779516,
    "licens": 0.0,
    "wash": 0.0,
    "cognit": 0.0,
    "parent": 0.23811639840930143,
    "identifi": 0.0,
    "supervis": 0.0,
    "sustain": -0.0,
    "program": -0.0,
    "adequ": 0.5392941925302259,
    "indic": 0.4321276570825855,
    "guidelin": 0.0,
    "teacher": 0.0,
    "ratio": 0.0,
    "recogn": 0.0,
    "childhood": 0.0,
    "univers": 0.0,
    "improv": -0.0,
    "link": 0.0,
    "famili": 0.1565946704524589,
    "medic": -0.0,
    "report": 0.0,
    "opportun": 0.5134542763017405,
    "deliv": 0.0,
    "skill": 0.0,
    "consist": 0.32896176872048266,
    "qualiti": 0.1543532412505773,
    "immun": 0.0,
    "design": 0.0,
    "safeti": 0.0,
    "standard": 0.06307945288719498,
    "fund": 0.1074497153475018,
    "requir": 0.2284871226367679,
    "receiv": 0.0,
    "substanc": 0.0,
    "fire": 0.0,
    "cross": 0.0,
    "expert": 0.0,
    "project": 0.0,
    "center": 0.005347664256496117,
    "provid": 0.0,
    "facil": 0.0,
    "access": 0.42373410670012357,
    "polici": 0.27240565760539265,
    "compens": 0.0,
    "staff": 0.45022848337971844,
    "abus": 0.0,
    "drill": 0.0,
    "ensur": 0.0,
    "director": 0.07467765653629915,
    "qualif": 0.2329328798799593,
    "advocaci": 0.0,
    "millennium": 0.0,
    "curriculum": 0.0,
    "toxic": 0.0,
    "ongo": 0.0,
    "barrier": 0.0,
    "playground": -0.0,
    "oecd": 0.0,
    "diaper": 0.0,
    "ecec": 0.0
  }
}