{
  "qid": "145",
  "query": "Finance",
  "rank": 3,
  "docid": 2501044,
  "coef": {
    "state": 0.07610162242061967,
    "major": 0.0,
    "pai": 0.0,
    "benefit": 0.0,
    "exist": 0.0,
    "support": 0.12160950151004875,
    "higher": 0.006911107144411485,
    "north": 0.0,
    "assist": 0.0,
    "earli": 0.0,
    "nation": 0.06882285442228236,
    "region": 0.0,
    "europ": 0.0,
    "creat": 0.0,
    "law": 0.0,
    "section": 0.0,
    "propos": 0.0,
    "respons": 0.0027818542534502064,
    "gener": 0.1772550759389552,
    "servic": 0.11992262785922007,
    "includ": 0.0,
    "manag": 0.05992162606740263,
    "form": 0.0,
    "forc": 0.14287363363140726,
    "world": -0.0,
    "oper": 0.0,
    "due": 0.0,
    "establish": 0.0,
    "implement": 0.0,
    "control": 0.0,
    "18th": 0.20409078085650698,
    "land": 0.0,
    "second": 0.0,
    "develop": 0.0,
    "group": 0.0,
    "process": 0.0,
    "notabl": 0.0,
    "institut": 0.0,
    "central": 0.0,
    "non": 0.0,
    "wide": 0.0,
    "conclus": 0.0,
    "direct": 0.0,
    "1920": 0.0,
    "new": 0.0,
    "intern": 0.0,
    "accord": 0.0,
    "part": 0.0,
    "congress": 0.0,
    "unit": 0.0,
    "made": 0.0,
    "studi": 0.10571810862925116,
    "decis": 0.0,
    "committe": 0.0,
    "base": 0.0,
    "foundat": 0.0,
    "branch": 0.1904421153194495,
    "armi": 0.07530835982939363,
    "separ": 0.0,
    "combin": 0.134804986640439,
    "remain": 0.0,
    "level": -0.0,
    "2": 0.0,
    "sustain": 0.0,
    "request": 0.0,
    "trace": 0.0,
    "approv": 0.0,
    "joint": 0.0,
    "air": 0.0,
    "resourc": 0.0,
    "reduct": 0.0,
    "iii": -0.0,
    "coordin": 0.0,
    "18": 0.0,
    "16": 0.0,
    "account": 0.0,
    "design": 0.0,
    "employ": 0.0,
    "1": 0.0575116224499422,
    "fund": 0.0,
    "sea": 0.0,
    "ga": 0.0,
    "continent": 0.0,
    "phase": 0.0,
    "bright": 0.0,
    "itali": 0.0,
    "5th": -0.0,
    "format": 0.0,
    "15th": -0.0,
    "9th": -0.0,
    "4th": -0.0,
    "battalion": 0.011057555156864846,
    "illinoi": 0.0,
    "fort": 0.15209555648707626,
    "headquart": 0.0,
    "texa": 0.0,
    "lake": -0.0,
    "13th": 0.0,
    "divis": 0.0,
    "soldier": 0.0,
    "oversight": 0.0,
    "prepar": 0.0,
    "center": 0.14751359131749636,
    "orlean": 0.0,
    "eighth": 0.0,
    "louisiana": 0.0,
    "financi": 0.0754049150273175,
    "offic": 0.010040233215255049,
    "ma": -0.0,
    "south": 0.06043758786758948,
    "instal": 0.0,
    "fl": 0.0,
    "depart": 0.21884201820255578,
    "secretari": 0.0,
    "command": 0.02706212366333338,
    "campbel": 0.0,
    "compani": 0.000399902993696968,
    "25th": 0.0,
    "consolid": 0.0,
    "june": 0.037711886543231356,
    "juli": 0.04710757909643811,
    "24th": -0.0,
    "1950": 0.0,
    "financ": 0.148368022491927,
    "30th": -0.0,
    "star": 0.0,
    "polici": 0.0,
    "cycl": 0.0,
    "angel": 0.0,
    "corp": 0.05722720425721251,
    "1st": 0.0,
    "lo": 0.0,
    "1775": 2.7345874057624265e-05,
    "disburs": 0.0,
    "reserv": 0.0,
    "impend": 0.0,
    "jersei": 0.0,
    "readi": 0.0,
    "combat": 0.0,
    "ft": 0.0,
    "carolina": 0.11225516149396106,
    "california": 0.0,
    "guard": 0.0,
    "7th": -0.0,
    "crisi": 0.0,
    "minnesota": 0.0,
    "theater": 0.0,
    "charl": 0.0,
    "provision": -0.0,
    "1816": 0.0,
    "technic": 0.0,
    "1998": 0.0,
    "drum": 0.0,
    "concert": 0.0,
    "va": 0.0,
    "3rd": 0.0,
    "40th": -0.0,
    "ahead": 0.0,
    "asa": 0.0,
    "hood": 0.0,
    "mission": 0.0,
    "rapidli": -0.0,
    "106th": 0.0,
    "personnel": 0.0,
    "forg": 0.0,
    "ca": -0.0,
    "ms": -0.0,
    "cg": 0.0,
    "subordin": 0.0,
    "guidanc": 0.0,
    "pa": -0.0,
    "stewart": 0.0,
    "detach": 0.0,
    "smallest": 0.0,
    "airborn": 0.06558181488236428,
    "49th": 0.0,
    "steer": 0.0,
    "korea": 7.232125382694896e-05,
    "fm": 0.006165238721577897,
    "50th": -0.0,
    "deploi": 0.1151253383237368,
    "ut": 0.0,
    "bragg": 0.028381495519688882,
    "224th": 0.0,
    "infantri": 0.0,
    "paymast": 0.0,
    "wi": -0.0,
    "177th": -0.0,
    "css": 0.0,
    "md": 0.0,
    "39th": -0.0,
    "vendor": 0.0,
    "xviii": 0.0,
    "33rd": 0.0,
    "expedi": 0.0,
    "125th": 0.0,
    "130th": 0.0,
    "28th": 0.0,
    "foregon": 0.0,
    "99th": 0.0,
    "payrol": 0.0,
    "27th": 0.0,
    "ssb": 0.028857286769420305,
    "tx": 0.0,
    "247th": -0.0,
    "82nd": 0.0,
    "ks": -0.0,
    "93rd": -0.0,
    "249th": 0.0,
    "hq": 0.0,
    "comptrol": 0.0,
    "101st": 0.0,
    "belvoir": 0.0,
    "374th": -0.0,
    "138th": 0.0,
    "105th": 0.0,
    "benelux": 0.0,
    "501st": -0.0,
    "149th": -0.0,
    "126th": 0.0,
    "215th": 0.0,
    "208th": -0.0,
    "325th": -0.0,
    "107th": 0.0,
    "338th": -0.0,
    "398th": 0.0,
    "tradoc": 0.0,
    "176th": -0.0,
    "147th": 0.0,
    "tsc": -0.0,
    "326th": 0.0,
    "forscom": 0.0,
    "usar": 0.0,
    "210th": -0.0,
    "ssg": 0.027010163229802243,
    "yongsan": 0.0,
    "158th": -0.0,
    "220th": 0.0,
    "395th": -0.0,
    "726th": -0.0,
    "conu": 0.0,
    "267th": 0.0,
    "230th": 0.0,
    "368th": 0.0,
    "376th": -0.0,
    "453rd": -0.0,
    "336th": 0.0,
    "266th": 0.0,
    "469th": 0.0,
    "gosc": 0.0,
    "153d": 0.0,
    "fmsc": 0.0,
    "fmco": 0.05174959413744613,
    "1863rd": 0.0
  }
}