{
  "qid": "119",
  "query": "Classical Dance",
  "rank": 2,
  "docid": 1112041,
  "coef": {
    "cultur": 2.5655561926172115,
    "mai": 0.0,
    "classic": 0.9076819223398,
    "form": 0.0,
    "see": -0.0,
    "japanes": 0.6684868395082808,
    "tradit": 2.2334855755962035,
    "refer": 2.4556651983045734,
    "indian": 0.0,
    "danc": 3.376090796249822,
    "ballroom": -0.0,
    "ballet": 0.0,
    "chines": 0.0
  }
}