{
  "qid": "138",
  "query": "Modern Art",
  "rank": 4,
  "docid": 3977328,
  "coef": {
    "found": 0.6488934818065373,
    "art": 1.4845803643237974,
    "citi": 1.9278841912897373,
    "1999": 0.6149638512433497,
    "see": 9.541635110271274e-15,
    "collect": 0.0,
    "who": 1.981918774221667,
    "part": 1.5538332660477066,
    "modern": 0.0,
    "show": 2.21972917713726,
    "museum": 1.2373855810712702,
    "1978": 1.6139289751606134,
    "born": 0.002404350142615311,
    "artwork": 0.0,
    "colombian": 0.002256786934507895,
    "bogot": 0.0033541767837555513,
    "bora": 0.0,
    "medel": 0.3938538842258889,
    "mamm": 0.0,
    "arango": 0.0,
    "ikemura": 0.0,
    "leiko": 0.0
  }
}