{
  "qid": "111",
  "query": "Inequality",
  "rank": 6,
  "docid": 42041,
  "coef": {
    "inequ": 2.198526590079497,
    "synonym": -0.09513755401399773,
    "can": -0.0,
    "form": 0.0,
    "hold": 0.0,
    "involv": 0.0,
    "term": 0.0,
    "denot": 0.0,
    "exampl": 0.0,
    "common": 0.0,
    "relat": -0.0,
    "non": 0.0,
    "consid": -0.0,
    "express": 0.3001501401926369,
    "equal": 0.0,
    "specif": -0.0,
    "onli": 0.0,
    "question": 0.0,
    "valu": 1.7177917326719865,
    "sign": 1.8596666658722865,
    "case": 0.0,
    "pair": 1.2645382906271694,
    "mathemat": 0.1500907878818325,
    "notat": 1.1328272348400827,
    "written": 1.481743407565049,
    "reserv": 0.0,
    "statement": 0.0,
    "conjunct": 0.0,
    "chain": 1.9036715968600433,
    "shorthand": 0.16048684108200026
  }
}