{
  "qid": "109",
  "query": "Poverty",
  "rank": 8,
  "docid": 1478162,
  "coef": {
    "aspect": 0.545147394241912,
    "state": 0.0,
    "urban": 0.0,
    "current": 0.0015439529326412166,
    "focus": 0.0,
    "journal": 0.28466227948367434,
    "assist": 0.0,
    "evalu": 0.0,
    "law": 0.0,
    "help": 0.0,
    "fight": 0.0,
    "public": 0.4159609553896876,
    "includ": 0.0,
    "found": 0.2563268594979457,
    "bring": 0.01770483369476212,
    "professor": 0.0,
    "work": -0.0,
    "scholar": -0.0,
    "long": 0.00588685391055412,
    "review": 0.0,
    "issu": 0.35153518711463183,
    "time": 0.0,
    "plan": 0.002116145507322463,
    "publish": 0.9616511920830761,
    "recent": 0.0,
    "student": 0.6631386332842254,
    "end": 0.3828495861231139,
    "field": 0.0,
    "peter": 0.26733197170271217,
    "live": 0.0,
    "articl": 0.0,
    "advoc": 0.0,
    "featur": 0.0,
    "anti": 9.25006159121301e-16,
    "first": 0.0,
    "part": 0.5730348680499261,
    "extern": 0.3025824995964393,
    "unit": 0.8158947852882978,
    "natur": 0.6457855957846463,
    "person": 0.6633242119710139,
    "rural": 0.0,
    "voic": 0.04038522912514147,
    "distinguish": 0.0,
    "disciplin": 0.0,
    "year": 0.0,
    "research": 0.0,
    "univers": 0.0,
    "25": 0.0,
    "link": 0.36470263720936036,
    "theme": 0.0,
    "consist": 0.0,
    "addit": 0.0,
    "impact": 0.0,
    "presid": 0.4329237623479045,
    "45": 0.4101624190207775,
    "center": 0.0,
    "disast": 0.0,
    "bill": 0.0,
    "secretari": 0.6203026263999568,
    "hurrican": 0.0,
    "poverti": 0.8143256774387386,
    "1993": 0.7035984006815551,
    "polici": 0.11370029720298966,
    "leonard": 0.0,
    "prison": 0.5662571775022476,
    "faculti": 0.28939984188186857,
    "edit": 0.0,
    "volum": 0.0,
    "katrina": 0.08593172250561865,
    "entri": 0.0,
    "mission": 0.021166599367359807,
    "practition": 0.0,
    "advisor": 0.0,
    "clinton": 0.013234181522616639,
    "georgetown": 0.0,
    "adler": 0.0,
    "shana": 0.0,
    "hh": 0.010796866416138964,
    "edelman": 0.02786355859512308,
    "desouza": 0.0,
    "druffner": 0.0
  }
}