{
  "qid": "129",
  "query": "Folk Music",
  "rank": 5,
  "docid": 5946403,
  "coef": {
    "emerg": 0.0,
    "mai": -0.0,
    "movement": 1.2008551067155595,
    "mid": 0.0,
    "20th": 0.0,
    "music": 1.7716905036828645,
    "far": 1.7411760377903112,
    "wide": 2.2574863127818934,
    "contemporari": 0.0,
    "centuri": 3.476584772640253,
    "tradit": 0.0,
    "refer": -0.0,
    "band": 0.0,
    "east": 0.0,
    "varieti": 0.003972998367026652,
    "hand": 0.013456817826857353,
    "show": 0.0,
    "genr": 2.2141580073302727,
    "album": 2.662103966455664,
    "folk": 0.6569987652613835
  }
}