{
  "qid": "121",
  "query": "Racquet Sports",
  "rank": 8,
  "docid": 25438,
  "coef": {
    "action": 0.03807664142102442,
    "system": 8.418168475106832e-14,
    "extrem": 0.0,
    "mai": -0.0407620354913688,
    "us": 0.0,
    "form": 0.0,
    "secur": 0.0,
    "group": 0.0,
    "plai": 2.391866899382268,
    "see": 0.0,
    "known": 0.0,
    "onli": 0.0,
    "space": 0.0,
    "similar": 0.5932858270285271,
    "read": 0.0,
    "unit": 0.0,
    "made": 0.0,
    "refer": -0.7145754724115205,
    "activist": 0.16474449963322682,
    "size": 0.0,
    "side": 0.0,
    "profession": -0.0,
    "food": 0.0,
    "high": 1.690124332460886,
    "court": 0.8448709602939523,
    "game": 0.771508080080239,
    "match": 0.5343964549266226,
    "home": 3.521047599500104,
    "plant": -0.0,
    "sport": -0.0,
    "speed": 1.0743830718236675,
    "orang": 0.0,
    "concentr": 1.9320014769864589,
    "film": 0.3600704581656059,
    "file": 0.0,
    "short": 0.0,
    "tenni": 0.0,
    "beverag": 0.0,
    "nomin": 1.3071882344279002,
    "wrestl": -0.0,
    "fruit": 0.6573173858924437,
    "academi": 2.076458445969331,
    "kingdom": 2.7653942673014384,
    "soft": 0.0,
    "award": 0.03437964330261189,
    "danish": 0.0,
    "vine": 0.0,
    "drink": 0.34626203855423865,
    "equip": 0.0,
    "vollei": 0.43122492197555523,
    "racquet": -0.0,
    "volleybal": 0.1363830731698236,
    "genu": 0.2577900235533146,
    "squash": 2.167188785578638,
    "flavour": 0.0,
    "enclos": 0.0,
    "syrup": 0.0,
    "fructos": -0.0,
    "squatter": 0.0,
    "cucurbita": 0.0,
    "tuborg": 0.0,
    "squashf": 0.0
  }
}