{
  "qid": "124",
  "query": "Charity",
  "rank": 9,
  "docid": 2600169,
  "coef": {
    "mai": 0.06623006286070061,
    "nation": 0.0,
    "name": 0.0,
    "previou": 0.0,
    "commun": 1.0587716541441197,
    "see": 0.0,
    "refer": 0.5005771605721016,
    "match": -0.0,
    "great": 0.0,
    "annual": 0.8119451972359983,
    "irish": 0.10024616295560243,
    "cup": 1.221685736642119,
    "britain": 0.23618262754989255,
    "london": 0.0,
    "shield": 1.019001877106529,
    "leagu": 0.0,
    "sheriff": 0.0,
    "award": 1.719660956368031,
    "chariti": 0.33745019697986234,
    "sultan": 0.0,
    "ahmad": 0.04564921523233277,
    "disambigu": 0.0,
    "fa": 1.2590206826469506,
    "rugbi": -0.0,
    "surrei": 0.0,
    "trinidad": 0.0,
    "singapor": 0.0,
    "shah": 0.08676108188323577,
    "malaysian": -0.0,
    "maldivian": 2.861164065215506e-17,
    "tobago": 0.0,
    "nrl": 0.0,
    "haji": 2.861164065215506e-17
  }
}