{
  "qid": "111",
  "query": "Inequality",
  "rank": 5,
  "docid": 426342,
  "coef": {
    "inequ": 1.003380815854448,
    "version": 0.7845663105987446,
    "seen": 0.43554115281693273,
    "can": 0.4224025558063555,
    "name": 0.5372328720909813,
    "optim": -0.0,
    "write": 0.004100651719526038,
    "call": 0.0,
    "form": -0.0,
    "follow": -0.31887179061348386,
    "second": 0.0,
    "close": 0.02518652161486257,
    "ident": 0.32738879344080474,
    "constant": 0.0,
    "function": 0.4828396401285011,
    "deriv": 0.8227349131789946,
    "see": 0.0,
    "todai": 0.6753046944756697,
    "equal": 1.3105932664548543,
    "known": 0.0,
    "histor": 0.0,
    "friedrich": -0.0,
    "onli": 1.6757158574688145e-15,
    "similar": 0.0035563865856695176,
    "first": -0.0,
    "result": 0.034877582692185265,
    "continu": 1.1498276923380415,
    "condit": 1.613916515805255e-06,
    "wilhelm": 0.36451925996787266,
    "met": 0.6600293577029478,
    "varieti": 0.06953754703290893,
    "period": -0.0,
    "0": 0.7975505283610947,
    "2": 1.046589015697095,
    "prove": 0.0,
    "real": -0.0,
    "integr": 0.0,
    "analysi": 0.0,
    "nbsp": 0.0,
    "sub": 0.18722767312310906,
    "here": 0.13245732749706843,
    "mathemat": 0.0,
    "desir": 0.07970836613390633,
    "let": -0.0,
    "sin": 1.3313201716975598,
    "proof": 0.0,
    "vanish": 0.3876209788931573,
    "equival": 0.0,
    "dimension": 0.0,
    "1904": 0.8099415322701524,
    "theorem": -0.0,
    "co": 0.0,
    "poincar": -0.0,
    "fourier": 0.0,
    "isoperimetr": 0.014116304473711405,
    "parsev": 0.00037360878256889553,
    "dirichlet": 0.12049886174947058,
    "summand": 0.012199019436715522,
    "wirting": 0.0
  }
}