{
  "qid": "107",
  "query": "Seafood",
  "rank": 3,
  "docid": 4379056,
  "coef": {
    "list": -0.10740978992722514,
    "union": 0.0,
    "type": 0.0,
    "can": 0.0,
    "north": 0.0,
    "mai": 0.38896416175693144,
    "nation": 0.0,
    "industri": -0.0,
    "product": 0.17655868002476865,
    "concept": 0.0,
    "servic": 0.19513384751194138,
    "includ": 0.0,
    "take": 0.3821360482529824,
    "french": 0.0,
    "world": 0.2572018714283567,
    "oper": 0.0,
    "open": 0.0,
    "due": 0.18404759740975002,
    "area": 0.0,
    "ag": 0.6888153513088735,
    "involv": 0.0,
    "town": 0.520550837849558,
    "vari": 0.060659293436182544,
    "american": 0.46307710034180455,
    "larg": 0.0,
    "america": 0.0,
    "expens": 0.0,
    "feder": 0.0,
    "citi": 0.0,
    "offer": 0.0,
    "consum": 0.11343981134274606,
    "institut": 0.43624968474397874,
    "road": 0.0,
    "see": -0.0,
    "non": 0.02907344170096542,
    "live": 0.0,
    "new": 0.6356656062784163,
    "capit": 0.0,
    "oppos": 0.0,
    "releas": 0.10341900878200466,
    "continu": 0.0,
    "member": 0.05914679001549982,
    "sale": 0.3308176932931439,
    "hous": 0.23380443093112505,
    "style": -0.0,
    "2008": 0.017779731190489072,
    "back": 3.871049897120987e-17,
    "level": 0.19302441665775932,
    "estim": 0.0,
    "year": 0.07379436808939752,
    "focu": 0.0,
    "typic": 0.0,
    "avail": 0.0,
    "wild": 0.4813031328502683,
    "locat": 0.0,
    "special": 0.0,
    "weigh": 0.3988852362057588,
    "select": 0.20686659104584917,
    "imag": 0.5778734717928388,
    "theme": 0.0,
    "quarter": 0.0,
    "consist": 0.0,
    "design": 0.0,
    "compar": 0.0010983068968940877,
    "home": 0.07086806305735416,
    "fresh": 0.0665243853952099,
    "net": 0.0,
    "addit": 0.0,
    "nearbi": 0.0,
    "frozen": 0.0,
    "season": 0.026176203747339952,
    "restaur": 0.4522194076777057,
    "bar": -0.0,
    "kept": 0.0,
    "georg": -0.0,
    "item": 0.02951087473128932,
    "oldest": 0.0,
    "fish": 0.5984687236540448,
    "retail": 0.03930692263389507,
    "busi": 0.01251231642931436,
    "nathan": 0.0,
    "prepar": 0.31730226037454096,
    "hotel": 0.0,
    "decemb": 0.0,
    "orlean": 0.0,
    "jordan": 0.01878328256180587,
    "york": 0.0,
    "louisiana": 0.0,
    "2009": 0.01874900937870094,
    "south": 0.3318237152957281,
    "freshwat": -0.0,
    "compani": 0.008228447899857595,
    "room": 0.12793077923160878,
    "captur": 0.0,
    "januari": 0.0,
    "desir": -0.0,
    "quick": 0.0,
    "briefli": 0.0065262162457901205,
    "carolina": 0.04997989317557148,
    "boston": 0.5414826251747316,
    "massachusett": 3.9177956836243314e-17,
    "decor": 0.34321978176391027,
    "interior": -0.0,
    "140": 0.0,
    "dub": 0.025887194231597653,
    "chines": 0.0,
    "vessel": 0.0,
    "cuisin": -0.0,
    "dish": 0.0,
    "dine": 0.0,
    "exterior": 0.0,
    "layout": 0.0,
    "kong": 0.0,
    "chicken": 0.0,
    "hong": 0.0,
    "crab": 0.0,
    "shrimp": 0.0,
    "prawn": 0.0,
    "240": -0.0,
    "marin": 0.0,
    "seafood": 0.4043199880159904,
    "raw": 0.3485406684826535,
    "fisheri": 0.0,
    "harbor": 0.27323058978761716,
    "beef": 0.0,
    "tank": -0.0,
    "korea": 1.6923358927719789e-15,
    "chip": 0.0,
    "barbecu": 0.0,
    "lobster": 0.3991928086015702,
    "ornat": 0.3980798714288888,
    "cantones": 0.0,
    "upscal": 0.0,
    "oyster": 0.5436288813069982,
    "shellfish": 0.052269275150134985,
    "fare": 0.3788236192525268,
    "mussel": 0.0,
    "sushi": 0.0,
    "nautic": 0.0,
    "buoi": 0.0,
    "clam": 0.0,
    "waterfront": 0.0,
    "shamrock": 0.0,
    "crawfish": 0.0,
    "calabash": -0.0,
    "frier": 0.0,
    "steakhous": 0.0,
    "gampo": 0.0,
    "gyeongju": 0.0,
    "eup": 0.2762614912747651,
    "midscal": 0.0
  }
}