{
  "qid": "104",
  "query": "Business Leaders",
  "rank": 7,
  "docid": 4383465,
  "coef": {
    "discuss": 0.0,
    "draw": 0.0,
    "lead": 0.0,
    "origin": 0.0,
    "market": 0.0,
    "cultur": 0.0,
    "inspir": 0.24468577172319897,
    "focus": 0.022274115703188227,
    "believ": 0.0,
    "can": 0.17099414253149176,
    "return": -0.0,
    "support": 0.3487241715474775,
    "higher": 0.0,
    "earli": -0.0,
    "nation": 0.0,
    "region": 0.0,
    "name": 0.23376868028443,
    "countri": -0.0,
    "law": 0.0,
    "movement": 0.0,
    "segment": 0.0,
    "concept": 0.0,
    "chronolog": 0.0,
    "conduct": 0.0,
    "basic": 0.0,
    "robert": 0.0,
    "includ": 0.0,
    "facilit": -0.0,
    "address": 0.0,
    "manag": 0.0,
    "allow": 0.0,
    "number": 0.0,
    "import": 0.0,
    "found": 0.0,
    "world": 0.0,
    "reflect": 0.0,
    "oper": 0.0,
    "area": -0.0,
    "video": 0.0,
    "principl": 0.0,
    "come": 0.0,
    "ad": 0.0,
    "cadr": 0.0,
    "align": 0.4519780266519442,
    "involv": 0.0,
    "kei": 0.0,
    "reinforc": 0.0,
    "work": 0.0,
    "experi": 0.0,
    "chang": 0.25608467701639764,
    "long": 0.0,
    "reviv": 0.0,
    "christian": 0.16721096142491518,
    "interest": 0.0,
    "influenti": 0.0,
    "develop": 0.0,
    "respect": 0.0,
    "confer": 0.1722153905010603,
    "issu": 0.0,
    "aim": 0.0,
    "feder": 0.0,
    "group": 0.17079780265111938,
    "citi": 0.26370845271154936,
    "commun": 0.10436402144528732,
    "author": 0.0,
    "break": 0.0,
    "life": 0.0,
    "common": 0.0,
    "role": 0.0,
    "process": 0.0,
    "organ": 0.0,
    "notabl": 0.0,
    "recent": 0.0,
    "central": 0.0,
    "network": 0.0,
    "small": 0.0,
    "see": -0.0,
    "non": 0.0,
    "live": 0.0,
    "consid": 0.0,
    "express": 0.0,
    "particip": 0.0,
    "direct": -0.0,
    "articl": 0.0,
    "vision": 0.0,
    "structur": 0.0,
    "produc": 0.0,
    "free": -0.0,
    "leader": 0.26036818215134255,
    "effect": 0.0,
    "intern": 0.10661464162296776,
    "space": 0.0,
    "john": 0.0,
    "question": 0.0,
    "accord": -0.0,
    "posit": 0.0,
    "perspect": -0.0,
    "web": -0.0,
    "idea": 0.0,
    "activ": 0.0,
    "part": 0.0,
    "promot": -0.0,
    "matter": 0.0,
    "1896": 0.0,
    "member": 0.0,
    "studi": 0.0,
    "person": 0.0,
    "base": -0.0,
    "directli": 0.0,
    "embrac": 0.0,
    "dai": 0.0,
    "taught": 0.0,
    "book": -0.0,
    "relationship": 0.013965345101044939,
    "strategi": 0.0,
    "sourc": 0.0,
    "valu": 0.0,
    "broader": 0.12225144354756287,
    "global": 0.0,
    "style": -0.0,
    "serv": 0.0,
    "seri": 0.0,
    "mean": 0.0,
    "teach": 0.0,
    "2": 0.0,
    "estim": 0.0,
    "distinguish": 0.0,
    "train": -0.0,
    "context": 0.0,
    "experienc": 0.0,
    "employe": 0.0,
    "year": 0.0,
    "pathwai": 0.0,
    "materi": -0.0,
    "profession": 0.0,
    "sustain": 0.0,
    "walk": 0.0,
    "model": 0.0,
    "agent": 0.0,
    "000": 0.0,
    "2013": 0.0,
    "resourc": 0.0,
    "1990": 0.0,
    "now": 0.038950921702406674,
    "1970": 0.0,
    "11": 0.0,
    "10": 0.0,
    "understood": 0.0,
    "account": -0.0,
    "24": -0.0,
    "mileston": 0.0,
    "memor": 0.0,
    "step": -0.0,
    "given": 0.0,
    "reach": 0.0,
    "exhibit": 0.0,
    "grow": 0.0,
    "7": 0.0,
    "3": -0.0,
    "1": 0.0,
    "home": -0.0,
    "requir": -0.0,
    "monthli": 0.0,
    "35": 0.0,
    "run": 0.0,
    "impact": 0.04527717820049038,
    "leadership": -0.0,
    "great": 0.22394872112392075,
    "blue": 0.0,
    "content": 0.0,
    "circl": 0.16979649704221245,
    "cross": 0.0,
    "17": -0.0,
    "christ": 0.20395551051759156,
    "biblic": 0.12254098993662334,
    "spoke": 0.0,
    "complianc": 0.0,
    "owner": 0.03286635647433409,
    "donat": 0.0,
    "membership": 0.0,
    "evangel": 0.0,
    "suppli": 0.0,
    "jim": 0.0,
    "team": -0.0,
    "busi": 0.13584379080728912,
    "session": -0.0,
    "uniqu": 0.0,
    "magazin": 0.0,
    "faith": 0.4373834677277204,
    "atlanta": 0.0,
    "overseen": 0.0,
    "2011": 0.0,
    "2001": 0.0,
    "financi": -0.0,
    "septemb": 0.0,
    "god": 0.0,
    "bill": 0.0,
    "explor": 0.0,
    "denomin": 0.0,
    "compani": 0.0,
    "georgia": 0.0,
    "thoma": 0.0,
    "commiss": 0.03282819912651351,
    "room": 0.0,
    "23": -0.0,
    "bridg": 0.0,
    "stream": 0.0,
    "captur": 0.0,
    "born": 0.0,
    "ceo": 0.1568745130513164,
    "500": 0.08900658955170052,
    "leonard": 0.0,
    "provok": 0.0,
    "harri": 0.0,
    "counsel": 0.1828523843133275,
    "transform": 0.0027438925212445566,
    "profit": 0.0,
    "1977": 0.0,
    "purpos": 0.23330494777821534,
    "reward": -0.0,
    "client": 0.0,
    "joel": 0.004791510207726606,
    "staff": 0.0,
    "quot": 0.0,
    "dedic": 0.0,
    "189": 0.0,
    "willi": 0.0,
    "spiritu": 0.0,
    "walt": 0.0,
    "abund": 0.0,
    "speaker": 0.0,
    "titl": 0.0,
    "smith": 0.0,
    "volunt": 0.0,
    "charl": 0.0,
    "encourag": 0.0,
    "wrestl": 0.0,
    "col": -0.0,
    "pp": 0.0,
    "1985": 0.0,
    "moment": 0.29239770748181176,
    "etern": 0.10968919970841641,
    "clearli": 0.2479395894004882,
    "fortun": 0.0,
    "wisdom": -0.0,
    "director": 0.0,
    "toni": 0.0,
    "pen": 0.0,
    "warren": 0.0,
    "jimmi": 0.0,
    "stanlei": 0.0,
    "fellowship": 0.013420796574492593,
    "competitor": 0.0,
    "bruce": 0.0,
    "weekli": 0.0,
    "ben": 0.0,
    "jesu": 0.0,
    "godli": 0.0,
    "permiss": 0.0,
    "contributor": 0.0,
    "dozen": -0.0,
    "evan": 0.0,
    "mission": 0.0,
    "ministri": 0.0,
    "187": 0.0,
    "equip": 0.0,
    "pat": 0.0,
    "ken": 0.0,
    "boss": 0.0030596501521535473,
    "franci": 0.0,
    "ongo": 0.0,
    "outreach": 0.0,
    "importantli": 0.0,
    "overview": -0.0,
    "mandat": -0.0,
    "guidanc": 0.0,
    "bless": 0.0,
    "prayer": 0.06373428698496383,
    "watersh": 0.0,
    "hub": 0.0,
    "conven": 0.0,
    "mitchel": 0.24583248880102332,
    "preemin": 0.0,
    "stewardship": 0.0,
    "marketplac": 0.0,
    "organiz": 0.0,
    "catalyt": 0.0,
    "upload": 0.0,
    "ref": 0.3300764876696566,
    "stakehold": 0.0,
    "attende": 0.0,
    "chan": 0.0,
    "bobbi": 0.0,
    "expressli": 0.0,
    "appendix": 0.0,
    "outflow": 0.0,
    "cathi": 0.0,
    "wilei": 0.0,
    "utmost": 0.0,
    "workplac": 0.4437097102291569,
    "larri": 0.0,
    "wilkinson": 0.0,
    "undercov": 0.004039247578450125,
    "ron": 0.0,
    "rick": 0.0,
    "cade": 0.0,
    "powerfulli": 0.0,
    "bert": 0.0,
    "tam": 0.0,
    "townsend": 0.0,
    "blanchard": 0.0,
    "501": -0.0,
    "fcc": 0.029114922673818506,
    "sheldon": 0.0,
    "spinoff": 0.0,
    "lanier": 0.14210924436194788,
    "maui": 0.0,
    "moy": 0.0,
    "wristband": 0.015893421766916636,
    "proprietorship": 0.14262074850892192,
    "blg": 0.0,
    "discipleship": 0.0,
    "burkett": 0.0,
    "manbi": 0.0,
    "pursel": 0.0,
    "gelsing": 0.0,
    "truett": 0.0,
    "501c3": 0.0,
    "fcci": 0.30941789032898637,
    "wwjd": 7.3744312812191905e-06,
    "stumberg": 0.0
  }
}