{
  "qid": "116",
  "query": "Malnutrition",
  "rank": 7,
  "docid": 3462517,
  "coef": {
    "be": 0.0,
    "can": 0.0,
    "countri": 0.0,
    "caus": 0.0,
    "basic": 0.0,
    "includ": 0.0,
    "polit": -0.0,
    "sever": 0.0,
    "fix": 0.16450193996694346,
    "lack": 0.0,
    "organ": 0.0,
    "end": 1.013913550271474,
    "children": 0.0,
    "non": 1.6584797562526754,
    "problem": -0.0,
    "continu": 0.0,
    "human": 2.7842134437039605,
    "8": 0.0,
    "diseas": 0.0,
    "alon": 0.0,
    "widespread": -0.0,
    "food": 2.4973594320159473,
    "000": 0.42006577788164273,
    "resolut": 0.6014532873309916,
    "12": 0.0,
    "near": 1.3755967235410682,
    "deep": 0.0,
    "politic": -0.14488259439082826,
    "turner": 0.0,
    "poverti": 1.3106595966621735,
    "southern": 0.0,
    "suffer": 2.2125510078835617,
    "malaria": 0.0,
    "aid": 2.619172282075468,
    "tuberculosi": 5.612209197774948e-14,
    "fortif": 1.732156307782878,
    "africa": 0.14039707046254166,
    "government": 0.573115744753708,
    "overview": 0.0,
    "hiv": 0.06290452806452174,
    "malnutrit": 0.7531587321164215,
    "zimbabw": 2.2347515951605454,
    "ngo": 0.0,
    "susten": 0.0,
    "zimbabwean": 0.0,
    "unend": 0.0,
    "malnourish": 0.0
  }
}