{
  "qid": "141",
  "query": "Human Exploration",
  "rank": 8,
  "docid": 14104,
  "coef": {
    "be": 0.0,
    "state": 0.08887001616333025,
    "union": 0.3137820567281584,
    "current": 0.0,
    "seen": -0.0,
    "primarili": 0.0,
    "return": 0.0,
    "system": 0.0,
    "earli": -0.0,
    "nation": 0.09858009183106806,
    "name": 0.0,
    "leo": 0.0,
    "countri": 0.0,
    "classic": 0.0,
    "mid": 0.0,
    "20th": -0.0,
    "anchor": -0.0,
    "propos": 0.0,
    "reduc": 0.0,
    "st": 0.0,
    "taken": 0.12112367255864828,
    "conduct": 0.0,
    "public": 0.038328445299935184,
    "gener": 0.0,
    "includ": 0.0,
    "began": 0.0,
    "histori": -0.0,
    "take": 0.0,
    "21st": 0.0,
    "form": 0.0,
    "allow": 0.08324863419665261,
    "oper": -0.0,
    "bodi": 0.0,
    "privat": 0.0,
    "follow": 0.0,
    "american": 0.09959397189491515,
    "advantag": 0.11236295443565945,
    "larg": 0.0,
    "octob": 0.0,
    "enabl": 0.0,
    "land": 0.08088495442296666,
    "interest": 0.1932129818443591,
    "carri": 0.0,
    "object": 0.3433036818494461,
    "develop": 0.4014951817821326,
    "complet": 0.0,
    "review": 0.05400179988196202,
    "close": 0.0,
    "reliabl": 0.0,
    "common": 0.004589653473057146,
    "era": -0.0,
    "plan": -0.0,
    "student": 0.0,
    "atmospher": 0.028450467849517352,
    "small": 0.0,
    "place": 0.0,
    "see": 0.0,
    "live": 0.0,
    "20": 0.0,
    "unrealist": 0.0,
    "cooper": 0.0,
    "known": 0.0,
    "surviv": -0.0,
    "advoc": 0.0,
    "soviet": 0.15792602411944826,
    "russia": 0.0,
    "china": 0.0,
    "constel": 0.3112309124255083,
    "like": 0.0,
    "intern": 0.0,
    "space": 0.41421096691439696,
    "futur": -0.0,
    "first": 0.23903497971287466,
    "post": 0.0,
    "war": 0.0,
    "wai": 0.0,
    "unit": 0.0,
    "promot": 0.0,
    "centuri": 0.12149313713037317,
    "made": 0.0,
    "scienc": -0.0,
    "achiev": 0.0,
    "shift": 0.0,
    "success": 0.0,
    "sourc": 0.0,
    "technolog": 0.0,
    "remain": 0.0,
    "especi": 0.0,
    "human": 0.0,
    "period": 0.0,
    "han": 0.0,
    "2": 0.14309016710370404,
    "estim": 0.0,
    "low": 0.0,
    "physic": 0.0,
    "contain": 0.0,
    "scale": 0.0,
    "stage": 0.0,
    "initi": 0.005390445799372859,
    "cost": 0.0,
    "year": 0.0,
    "program": 0.0,
    "focu": 0.0,
    "test": 0.0,
    "advanc": 0.0,
    "revis": 0.0,
    "research": 0.2144427756854823,
    "attribut": 0.0,
    "air": 0.0,
    "observ": 0.07405298826396804,
    "univers": 0.0,
    "actual": 0.0,
    "race": 0.0,
    "1990": 0.0,
    "18": 0.0,
    "11": 0.0,
    "substanti": 0.038671179444406754,
    "mileston": 0.0,
    "report": 0.038395764322710337,
    "scientif": 0.0,
    "measur": 0.0,
    "nbsp": 0.0,
    "mar": 0.03446996424441899,
    "consist": 0.0,
    "2010": 0.0,
    "reach": 0.0,
    "2000": 0.0,
    "7": 0.033736105752099836,
    "4": 0.0,
    "3": 0.0,
    "1": 0.10144400700126396,
    "fund": 0.0,
    "moon": 0.11067475866224778,
    "layer": 0.0,
    "astronom": 0.0,
    "astronomi": 0.27826500382166175,
    "near": 0.0,
    "planet": 0.12124092372128002,
    "extend": 0.0,
    "outer": 0.0,
    "impact": 0.0,
    "temperatur": 0.0,
    "panel": 0.0001341359512332295,
    "flux": 0.0,
    "top": 0.0,
    "upper": 0.0,
    "electr": 0.0,
    "nasa": 0.04943351715093285,
    "asteroid": 0.0,
    "planetari": -0.0,
    "earth": 0.106222352982082,
    "solar": 0.03106184869355067,
    "telescop": 0.0,
    "surfac": 0.0,
    "sun": 0.0,
    "belt": 0.0,
    "european": 0.0,
    "rai": 0.0,
    "mainli": 0.13645104481350195,
    "least": 0.11130868068746962,
    "confirm": 0.0,
    "corpor": 0.0,
    "militari": 0.0,
    "400": 0.05508821615345629,
    "onward": 0.0,
    "record": 0.05778302577178522,
    "administr": 0.10476864935749274,
    "expert": 0.0003773195726127655,
    "competit": 0.0,
    "fulli": 0.0,
    "rocket": 0.3124919210479369,
    "florida": 0.0,
    "expect": 0.0,
    "decemb": 0.0018951949933302997,
    "2011": 0.0,
    "100": 0.3340408838909488,
    "2009": 0.0,
    "2019": 0.0,
    "massiv": 0.0,
    "explor": 0.18040435139886088,
    "shuttl": 0.0,
    "compani": 0.0,
    "twentieth": 0.0,
    "billion": 0.0,
    "station": 0.0,
    "juli": 0.0,
    "flight": 0.43234439291871607,
    "vehicl": 0.0,
    "judg": 0.0,
    "tourism": 0.00045613255877704107,
    "1966": 0.0,
    "1965": 0.0,
    "1961": -0.0,
    "1950": 0.0,
    "februari": 0.0,
    "visit": 0.0,
    "man": 0.0,
    "march": 0.05659986857934818,
    "star": 0.0,
    "apollo": 2.7297970492933026e-05,
    "invent": 0.0,
    "strateg": 0.06998623971255595,
    "landmark": 0.0002431535876619736,
    "driven": 0.0,
    "prestig": 0.0,
    "japan": 0.0,
    "bush": 0.0,
    "obama": 0.0,
    "envis": 0.0,
    "capabl": -0.0,
    "133": 0.0,
    "launch": 0.23259799610177367,
    "1968": 0.15756935589055687,
    "ensur": 0.0,
    "renew": 0.0,
    "milki": 0.0,
    "km": 0.0,
    "discov": 0.0,
    "realiti": 0.0001191376066684829,
    "effici": 0.0,
    "2020": 0.0,
    "predat": 0.0,
    "transfer": 0.0,
    "1969": 0.0,
    "1957": 0.0,
    "prize": 0.0,
    "maker": 0.0,
    "trillion": 0.20964734015906134,
    "observatori": -0.0,
    "1971": 0.0876150143645479,
    "altitud": 0.0,
    "sector": 0.0,
    "mission": 0.2761374387214791,
    "crew": -0.0,
    "inadequ": 0.0,
    "india": 0.0,
    "1608": 0.0,
    "galaxi": 0.03547955130320521,
    "celesti": 0.0,
    "automat": -0.0,
    "hardwar": -0.0,
    "robot": 0.0,
    "netherland": 0.0,
    "orbit": 0.2943019201018189,
    "spaceflight": 0.2151700755810416,
    "aboard": 0.0,
    "lunar": 0.08075063195459768,
    "timelin": 0.0,
    "cape": 0.0,
    "alexei": 0.0,
    "891": 0.0,
    "probe": 0.0,
    "rational": 0.06154053360421286,
    "googl": 0.0,
    "sputnik": -0.0,
    "gagarin": 0.0,
    "yuri": 0.0,
    "spacewalk": -0.0,
    "vostok": 0.0,
    "iss": 0.2745957582725846,
    "payload": 0.0,
    "exoplanet": 0.0,
    "phobo": 0.0,
    "kuiper": 0.0,
    "unman": 0.0,
    "bumper": 0.0,
    "cosmic": 0.0,
    "farthest": 0.0,
    "eyeglass": 0.0,
    "sed": 0.0,
    "spacex": 0.0,
    "l2": 0.0,
    "l1": -0.0,
    "canaver": 0.0,
    "reusabl": 0.0,
    "leonov": 0.0,
    "starship": 0.0,
    "salyut": 0.027732322521427186,
    "wac": 0.0,
    "arrokoth": 0.0,
    "thermospher": 0.0,
    "lippershei": -0.0,
    "chandraayan": 0.0
  }
}