{
  "qid": "121",
  "query": "Racquet Sports",
  "rank": 7,
  "docid": 957212,
  "coef": {
    "list": 0.0,
    "current": 0.0,
    "north": 0.0,
    "nation": 0.009643425246980024,
    "classic": 0.20934586365677033,
    "world": -0.0,
    "privat": 0.025431819199168156,
    "build": 0.0,
    "american": 8.86978705959527e-05,
    "reviv": 1.3380167341958453,
    "onc": 0.0,
    "singl": 3.250687648104644,
    "see": 0.0,
    "histor": -0.0,
    "structur": 0.0,
    "contribut": 0.0,
    "featur": 0.0,
    "construct": 0.0,
    "intern": 0.0,
    "activ": 0.0,
    "social": 1.3119110309710975,
    "andrew": 1.4963590325280927,
    "style": 1.4388500255276855,
    "court": 2.5374598434063467,
    "doubl": 0.0,
    "now": -0.0,
    "real": 0.13436570122586886,
    "design": 0.8499999753633214,
    "2012": 0.020162653284741185,
    "chicago": -1.304345049200557,
    "sport": 3.6903740887418524,
    "coast": 0.0,
    "restor": 1.4881160034283731,
    "regist": 2.1071643932623605,
    "district": 0.0,
    "tenni": 0.0,
    "athlet": 0.0,
    "gold": 1.5196244295684458,
    "architect": 0.6190746747514551,
    "venu": 0.042776274523140374,
    "dimens": 1.6558476899284957,
    "club": 2.4329901639017,
    "1923": 3.8325993568013925,
    "renov": 1.56375722887884,
    "racquet": 0.0,
    "westernmost": -0.0,
    "squash": 0.6213354788430594,
    "gentlemen": 0.0,
    "rebori": 0.021636970385368413
  }
}