{
  "qid": "103",
  "query": "European Novelists",
  "rank": 6,
  "docid": 4550020,
  "coef": {
    "state": 0.0,
    "major": -0.0,
    "list": 0.0,
    "focus": 0.0,
    "can": 0.06191871847392831,
    "support": 0.27028606688523726,
    "earli": 0.0,
    "mai": 0.0,
    "name": 0.10425112711999095,
    "connect": 0.20487361363061324,
    "help": 0.0,
    "mid": 0.0,
    "music": 0.04119211632459325,
    "public": 0.06871389850525737,
    "gener": 0.10179875348430316,
    "scene": 0.0,
    "includ": 0.0,
    "began": 0.0,
    "challeng": 0.0,
    "take": 0.0,
    "attent": 0.0,
    "later": 0.17701917073476905,
    "came": 0.0,
    "call": 0.25848611607347677,
    "found": 0.0,
    "essai": -0.0,
    "best": 4.246690313563844e-05,
    "need": 0.0,
    "try": 0.0,
    "distanc": 0.0,
    "messag": 0.0,
    "turn": 0.0,
    "late": 0.0,
    "work": 0.0,
    "octob": 0.0,
    "second": 0.0,
    "influenti": 0.0,
    "career": 0.4490086894016693,
    "singl": 0.0,
    "clash": 0.0,
    "labour": 0.12670395396589362,
    "act": 0.0,
    "time": 0.0,
    "necessarili": 0.05567061376297015,
    "life": 0.0,
    "role": 0.0,
    "plai": 0.0,
    "left": -0.0,
    "articul": 0.0,
    "novelist": 0.3003991301445887,
    "set": 0.011084503491102347,
    "failur": 0.0,
    "see": 0.0,
    "20": 0.22682312243263517,
    "known": 0.0,
    "advoc": 0.0022550079194644072,
    "vision": 0.0,
    "child": 0.0,
    "new": 0.0,
    "understand": 0.00137283962013444,
    "featur": 0.0,
    "produc": 0.25060137612599764,
    "leader": 0.0,
    "join": -0.0,
    "win": 0.0,
    "who": -0.0,
    "first": 0.0,
    "offici": 0.0006287283277355613,
    "make": 0.03160972881101821,
    "wai": 0.0,
    "unit": 0.0,
    "releas": 0.07220387014374728,
    "member": 0.0,
    "person": 0.0,
    "promin": 0.0,
    "dai": 0.18742497986253104,
    "label": 0.39850210384294543,
    "wrote": 0.0,
    "jeremi": 0.0,
    "drop": 0.0,
    "parti": 0.0,
    "endors": -0.0,
    "sens": -0.0,
    "mother": 0.0,
    "brother": 0.0,
    "averag": 0.0,
    "stage": 0.0,
    "younger": 0.0,
    "2015": 0.08573942912026276,
    "uk": 0.23845001255674922,
    "sign": 0.00015869235477019178,
    "year": 0.0,
    "care": 0.0,
    "rare": 0.0,
    "parent": 0.0,
    "confus": 0.0,
    "show": 0.0,
    "lose": 0.0,
    "face": 0.05471126911348668,
    "2013": 0.0,
    "week": 0.0,
    "simpl": 0.28489869691347525,
    "now": 0.04129632325413688,
    "instrument": -0.0,
    "18": 0.0,
    "categori": 0.0,
    "real": -0.0,
    "imprint": 0.0,
    "friend": 0.0,
    "mix": 0.14050744314498118,
    "speak": 0.28788575421534307,
    "2018": 0.3004376865223441,
    "2016": 0.27808041298831426,
    "2014": 0.2441406157661555,
    "commerci": 0.0,
    "1": 0.1444753652348,
    "know": 0.0,
    "awai": 0.0,
    "extend": 0.0,
    "receiv": -0.0,
    "summer": 0.0,
    "leadership": 0.0,
    "formula": 0.0,
    "fire": 0.0,
    "oil": 0.0,
    "european": 0.0,
    "hat": 0.0,
    "sound": 0.0,
    "squar": 0.20868479281418992,
    "elect": 0.0,
    "tour": 0.0,
    "london": 0.1284594371009476,
    "13": 0.0,
    "17": 0.0,
    "politician": 0.24652890924850976,
    "august": 0.0,
    "record": 0.3206358387010187,
    "appear": 0.0,
    "session": 0.0,
    "28": 0.0,
    "project": 0.0,
    "novemb": 0.0,
    "decemb": -0.0,
    "sixti": 0.19004781512356078,
    "2017": 0.0,
    "underground": 0.0,
    "april": 0.0,
    "septemb": -0.0,
    "2019": -0.0,
    "on": 0.0,
    "south": 0.0,
    "june": -0.0,
    "station": 0.0,
    "juli": 0.0,
    "track": 0.18515145936697236,
    "possess": -0.0,
    "resign": 0.10261123489716935,
    "23": 0.0,
    "british": 0.0,
    "announc": 0.03684984023203622,
    "born": 0.0,
    "januari": 0.0,
    "da": 0.0,
    "entitl": 0.0,
    "regular": 0.13486857208742564,
    "guest": 0.0,
    "upcom": 0.0,
    "poster": 0.1691517440232105,
    "launch": 0.0,
    "logan": -0.0,
    "mercuri": 0.356727448135595,
    "minut": 0.0018960744116026731,
    "1997": 0.0,
    "intent": 0.30596583016322115,
    "nomin": 0.17216143093877137,
    "experiment": 0.0,
    "plainli": 0.11453627810197942,
    "palac": 0.0,
    "subsequ": 0.0,
    "lyric": 0.0,
    "award": 0.0,
    "radio": 0.3369846755488331,
    "collabor": 0.0,
    "solo": 0.0,
    "broadcast": 0.0,
    "album": 0.28113888494827544,
    "studio": 0.21364402183235146,
    "documentari": 0.0,
    "song": 0.0,
    "38": 0.0,
    "prize": 0.07759705719259963,
    "doesn": 0.0,
    "dvd": -0.0,
    "kid": 0.0,
    "rotat": 0.0,
    "52": 0.0,
    "hood": 0.0,
    "wolf": 0.0,
    "pirat": 0.0,
    "crew": -0.0,
    "dj": -0.0,
    "boss": 0.12751559511623986,
    "quentin": 0.0,
    "alic": 0.0,
    "gui": 0.0,
    "mc": -0.0,
    "chart": 0.026870678374067498,
    "debut": -0.0,
    "bbc": 0.3473902469959742,
    "cabl": 0.0018969393150148996,
    "gang": 0.0,
    "jami": 0.0,
    "fm": 0.0,
    "alexandra": 0.0,
    "sec": 0.0,
    "ep": 0.06336318594901286,
    "garner": 0.10183983946982147,
    "forthcom": 0.0,
    "wilei": 0.0,
    "rins": 0.0,
    "itun": 0.0,
    "discographi": 0.0,
    "manchest": 0.0,
    "airplai": 0.0,
    "sniper": 0.0,
    "corbyn": 0.3863069965411514,
    "lewisham": 0.0,
    "xl": 0.0,
    "cadel": 0.0,
    "grime": 0.17982788487387447,
    "xx": 0.0,
    "tweet": 0.0,
    "decenc": 0.21549081485115235,
    "lazer": -0.0,
    "purposefulli": 0.0,
    "shortlist": 0.0,
    "sama": -0.0,
    "mum": 0.3055961974095962,
    "mistajam": 0.0,
    "1xtra": 0.0,
    "longlist": 0.0,
    "mandem": 0.002491469721210028,
    "mobo": 0.0,
    "kwadwo": 0.0,
    "skepta": 0.0,
    "konnichiwa": 0.0,
    "baauer": 0.0,
    "jeremycorbyn": 0.08709814834130934,
    "mumdanc": 0.0,
    "kankam": 0.0,
    "mmmyeh": 0.0
  }
}