{
  "qid": "148",
  "query": "Tea",
  "rank": 7,
  "docid": 4641626,
  "coef": {
    "major": -0.0,
    "blend": 0.0,
    "product": -0.0,
    "includ": 0.0,
    "credit": 0.029062836739251002,
    "world": 0.0,
    "oper": 0.25942260970921216,
    "host": 0.0,
    "american": -0.0,
    "carri": 0.32140174863708937,
    "singl": 0.00661126783642543,
    "organ": -0.0,
    "end": 0.04819042747698166,
    "english": 0.2797245128619231,
    "mention": 0.0,
    "web": 0.0,
    "base": 0.18965034857285495,
    "8": 0.008258019560850604,
    "rare": 0.0006944598175209087,
    "previous": 0.0,
    "ceas": 0.9170839917723804,
    "rang": 1.1176586476351107,
    "wild": 0.0,
    "locat": -0.0,
    "categori": 0.0,
    "select": 0.001633868099771666,
    "2018": 0.0,
    "addit": 0.0,
    "outer": 0.7295272522301655,
    "steep": 0.0,
    "season": -0.0,
    "cup": 0.0,
    "bowl": 0.0,
    "cast": 0.469421081277481,
    "retail": -0.0,
    "200": 0.5700903051874059,
    "hill": 1.3286341567373137,
    "iron": 0.14942870172336095,
    "room": 0.5190814779471586,
    "announc": 0.9961689391184034,
    "downtown": 0.0,
    "beach": 0.0,
    "march": 0.02059023473977688,
    "angel": 1.4265823520440533,
    "lo": 1.297741504541893e-14,
    "bloom": -0.0,
    "estat": 0.45907405543825097,
    "california": 0.2913606040075226,
    "store": 0.0,
    "beverli": 0.0,
    "rotat": 0.0,
    "specialti": 0.0,
    "tea": 0.8685346315786376,
    "herbal": -0.0,
    "grei": 0.27293850614784065,
    "glass": 0.0,
    "earl": 0.0,
    "newport": 0.017811001631746686,
    "accessori": 0.1938083213985625,
    "breakfast": 0.3320927650181406,
    "usda": -0.0,
    "scoop": 0.2672942609957752,
    "porcelain": 0.3812791649863609,
    "cafe": 0.24870911576485194,
    "teapot": 0.030409637540427657,
    "whisk": -0.0,
    "matcha": 0.0
  }
}