{
  "qid": "144",
  "query": "Child Development",
  "rank": 9,
  "docid": 3845114,
  "coef": {
    "state": -0.0,
    "bed": 0.0,
    "5": 0.0,
    "self": -0.0,
    "current": 0.0,
    "lead": 0.0,
    "conflict": 0.0,
    "disappear": 0.0,
    "seen": 0.10929750725790673,
    "support": 0.0,
    "broad": 0.0,
    "higher": 0.0,
    "extrem": 0.0,
    "reject": 0.0,
    "earli": 0.0,
    "mai": 0.0,
    "nation": 0.0,
    "figur": 0.0,
    "situat": -0.0,
    "difficult": 0.0,
    "attain": 0.0,
    "stabl": 0.0,
    "law": 0.041201236936361886,
    "help": 0.0,
    "adopt": 0.0,
    "order": 0.0,
    "econom": 0.0,
    "foster": -0.0,
    "basic": 0.0,
    "respons": 0.1504684178751305,
    "includ": 0.0,
    "later": 0.0,
    "call": 0.0,
    "form": 0.0,
    "view": 0.0,
    "import": 0.0,
    "civil": 0.0,
    "world": -0.0,
    "avoid": 0.0,
    "secur": 0.0,
    "due": 0.10363145871931435,
    "area": 0.05074615117026206,
    "best": 0.0,
    "disrupt": 0.0,
    "ag": 0.0,
    "need": 0.0,
    "ad": 0.0,
    "establish": 0.0,
    "involv": 0.0,
    "limit": 0.0,
    "term": 0.0,
    "sever": -0.0,
    "note": 0.0,
    "school": 0.18810321012753975,
    "build": 0.0,
    "emot": 0.0,
    "reciproc": 0.0,
    "enjoi": 0.0,
    "vari": 0.0,
    "critic": 0.0,
    "american": 0.0,
    "larg": -0.0,
    "experi": 0.051852808632629935,
    "scholar": 0.0,
    "enabl": -0.0,
    "arm": 0.09312059304468422,
    "long": 0.01649643176485834,
    "onc": 0.0,
    "develop": 0.1619614152345825,
    "complet": 0.0,
    "govern": 0.0,
    "singl": 0.0,
    "isol": -0.0,
    "abl": 0.25433860815338566,
    "time": 0.0,
    "process": 0.0,
    "plan": -0.0,
    "plai": 0.0,
    "literatur": 0.0,
    "thought": 0.0,
    "influenc": 0.05062684422454116,
    "institut": 0.0,
    "acknowledg": -0.0,
    "ecolog": -0.0,
    "children": 0.1973807344195626,
    "set": 0.0,
    "failur": 0.03064228076217924,
    "see": 0.0,
    "non": 0.0,
    "ideal": 0.0,
    "live": 0.0,
    "contemporari": 0.0,
    "signific": 0.0,
    "impli": 0.0,
    "judici": 0.0,
    "entail": 0.0,
    "onli": 0.0,
    "child": 0.12687737786731865,
    "neg": 0.0,
    "profound": 0.0,
    "like": 0.0,
    "effect": 0.04552595300696781,
    "intern": 0.0,
    "amount": 0.0,
    "who": 0.026130555943199244,
    "accord": 0.0,
    "practic": 0.0,
    "whom": -0.0,
    "empir": 0.0,
    "result": 0.0,
    "activ": 0.0,
    "problem": 0.0,
    "theori": -0.0,
    "war": 0.0,
    "scientist": 0.0,
    "unit": 0.0,
    "social": 0.11601394844003887,
    "promot": 0.0,
    "extens": 0.0,
    "natur": -0.0,
    "studi": 0.0,
    "person": 0.0,
    "reason": 0.27388327660679085,
    "potenti": 0.09964673062439022,
    "base": -0.0,
    "refer": 0.0,
    "dai": 0.0,
    "give": -0.0,
    "accept": -0.0,
    "separ": 0.11534409195948658,
    "regardless": 0.0,
    "relationship": 0.021558839141945542,
    "occur": 0.035392181752005224,
    "human": 0.0,
    "period": 0.0,
    "definit": -0.0,
    "benefici": -0.0,
    "level": 0.0,
    "caught": 0.0,
    "mother": 0.0,
    "million": 0.0754201789246573,
    "averag": -0.0,
    "scale": -0.0,
    "context": 0.0,
    "psychologist": 0.0,
    "put": 0.0,
    "psycholog": 0.02521359156044134,
    "initi": 0.0006315309781777417,
    "attach": 0.07738337754714249,
    "death": 0.0,
    "year": 0.28474141604601894,
    "care": 0.17864481692752782,
    "parent": 0.23953831640134893,
    "characterist": 0.0,
    "remov": -0.0,
    "popul": 0.0,
    "high": 0.0,
    "stress": 0.0,
    "show": 0.006171783686039755,
    "previous": -0.0,
    "face": 0.0,
    "interact": 0.10488041525103807,
    "consider": 0.0,
    "development": 0.0,
    "research": 0.0,
    "outcom": -0.0,
    "sensit": -0.0,
    "father": 0.0,
    "maintain": 0.0,
    "rang": 0.0,
    "actual": 0.0,
    "exposur": 0.0,
    "behavior": 0.0,
    "significantli": 0.0,
    "locat": 0.0,
    "18": 0.0,
    "longer": 0.0,
    "assess": 0.05054218227848958,
    "infant": 0.0,
    "link": 0.0,
    "burden": 0.0,
    "categori": 0.0,
    "famili": 0.05318388821045426,
    "affect": 0.0,
    "risk": 0.017118826004888402,
    "poor": -0.0,
    "adjust": 0.0,
    "rel": 0.011141361893429123,
    "factor": 0.0,
    "analysi": -0.0,
    "opportun": 0.0,
    "adolesc": 0.0,
    "meaning": 0.09181497617971218,
    "qualiti": 0.0,
    "design": 0.01559944619374971,
    "deficit": 0.0,
    "hospit": 0.0,
    "7": 0.0,
    "6": 0.0,
    "awai": 0.0,
    "board": 0.0,
    "deepen": -0.0,
    "reveal": 0.0,
    "22": 0.0,
    "desert": 0.0,
    "extend": 0.0,
    "impact": 0.13622185283604255,
    "geograph": 0.0,
    "warm": 0.0,
    "approxim": 0.0,
    "everydai": 0.024035353223042604,
    "nativ": 0.0,
    "prior": 0.0,
    "discrimin": 0.0,
    "enforc": 0.03242013422786994,
    "13": 0.0,
    "threshold": 0.0,
    "spend": 0.0,
    "abandon": 0.0,
    "soldier": 0.0,
    "administr": 0.0,
    "commission": 0.0,
    "2002": 0.0,
    "financi": 0.0,
    "confid": -0.0,
    "restor": 0.0,
    "intimid": 0.0,
    "indian": 0.0,
    "refuge": 0.06501357050134927,
    "trust": 0.10170514728130728,
    "polici": 0.0,
    "rear": 0.0,
    "pain": 0.0,
    "regular": 0.04655110405140201,
    "internation": -0.0,
    "agre": 0.0,
    "purpos": 0.0,
    "hinder": 0.0,
    "ill": 0.0,
    "strengthen": 0.0,
    "affirm": -0.0,
    "asylum": 0.0,
    "send": 0.0,
    "recruit": 0.0,
    "abus": 0.0,
    "proceed": 0.1844283958476761,
    "absenc": 0.0,
    "easili": 0.0,
    "strife": 0.0,
    "displac": 0.012726936785819097,
    "span": 0.0,
    "1969": -0.0,
    "kinship": 0.0004097437096159623,
    "worst": 0.0,
    "healthi": 0.0,
    "detriment": 0.0,
    "1979": -0.0,
    "unhcr": 0.0,
    "prolong": 0.0,
    "neglect": 0.0,
    "divorc": 0.0,
    "seeker": 0.0,
    "thrive": 0.0,
    "advers": 0.0,
    "unfortun": 0.0,
    "reloc": 0.08701210346874393,
    "manifest": 0.0,
    "predictor": 0.0,
    "custodi": 0.018404873627475917,
    "despair": 0.0,
    "trump": 0.0,
    "persecut": 0.0,
    "institution": 0.0,
    "idp": 0.0,
    "sleeper": 0.07916062109294923,
    "outright": 0.0,
    "uri": -0.0,
    "apathi": 0.0,
    "rutter": 0.0,
    "baggag": 0.0,
    "bowlbi": -0.0,
    "bronfenbrenn": -0.0,
    "nichd": 0.0
  }
}