{
  "qid": "131",
  "query": "Biologists",
  "rank": 2,
  "docid": 633824,
  "coef": {
    "aspect": -0.0,
    "list": 0.0,
    "current": 0.0,
    "biolog": 0.0,
    "lead": 0.0,
    "origin": 0.0,
    "type": 0.0,
    "ration": 0.0,
    "emerg": 0.06559170036401718,
    "seek": 0.0,
    "attempt": 0.0,
    "theoret": 0.0,
    "can": 0.0,
    "system": 0.0,
    "mai": 0.19023118323087343,
    "predict": 0.0,
    "difficult": 0.0,
    "led": 0.0,
    "creat": 0.0,
    "countri": 0.0,
    "movement": 0.0,
    "industri": 0.024738937923741506,
    "product": 0.0,
    "propos": 0.0,
    "us": 0.019931709326347555,
    "caus": 0.0,
    "conduct": 0.0,
    "basic": -0.0,
    "write": 0.0,
    "formul": 0.0,
    "includ": 0.12281179252677958,
    "address": 0.0,
    "li": 0.0,
    "take": 0.0,
    "cold": 0.02851587283257974,
    "manipul": -0.0,
    "import": 0.0,
    "normal": 0.0,
    "avoid": 0.0,
    "reaction": 0.0,
    "due": -0.0,
    "area": 0.04515305519008416,
    "drug": 0.0,
    "establish": 0.0,
    "involv": 0.0,
    "kind": 0.0009716741030093791,
    "privat": 0.0,
    "still": 0.0,
    "follow": 0.0,
    "work": 0.13670477058864114,
    "larg": 0.0,
    "experi": 0.0,
    "control": -0.0,
    "land": 0.0,
    "interest": 0.0,
    "develop": 0.05209265143091307,
    "well": 0.0,
    "complex": -0.0,
    "govern": 0.0,
    "environment": 0.0,
    "singl": 0.0,
    "whole": 0.0,
    "group": 0.0,
    "isol": 0.0,
    "treat": 0.0,
    "tradition": 0.0,
    "exampl": 0.0,
    "author": 0.0,
    "doctor": -0.0,
    "time": 0.0,
    "life": 0.0,
    "common": -0.0,
    "process": 0.14042988194043607,
    "plan": 0.0,
    "organ": 0.024605016402255642,
    "recent": 0.0,
    "ecolog": 0.0,
    "field": 0.03472680046882005,
    "small": 0.0,
    "place": 0.0,
    "function": 0.0,
    "see": 0.0,
    "non": 0.0,
    "method": 0.0,
    "ideal": 0.0,
    "live": 0.1927320778626853,
    "consid": 0.0,
    "collect": 0.024880633488082664,
    "signific": 0.0,
    "specif": 0.06070999868113442,
    "overlap": 0.0,
    "1901": 0.0,
    "gain": 0.0,
    "determin": 0.0,
    "onli": -0.0,
    "structur": 0.2075585519566425,
    "new": 0.0,
    "understand": 0.0694533872681426,
    "evolut": 0.0,
    "produc": 0.0,
    "effect": 0.0,
    "question": -0.0,
    "who": 0.10849535591059928,
    "practic": 0.0,
    "futur": -0.0,
    "posit": -0.0,
    "idea": 0.0,
    "result": 0.0,
    "activ": 0.0,
    "part": 0.0,
    "problem": 0.0,
    "theori": 0.0,
    "scientist": 0.1581770291287206,
    "properti": 0.0,
    "matter": 0.0,
    "natur": 0.17222324930264246,
    "tradit": 0.0,
    "continu": -0.0,
    "studi": 0.25216862670786266,
    "condit": 0.0,
    "potenti": 0.0,
    "scienc": 0.0,
    "phenomena": 0.0,
    "branch": 0.0,
    "soil": 0.0,
    "separ": -0.0,
    "relationship": 0.0,
    "associ": 0.07101841216007801,
    "combin": -0.0,
    "varieti": 0.0,
    "statist": 0.0,
    "meet": 0.0,
    "divers": 0.0,
    "ancestor": 0.0,
    "technolog": 0.0,
    "emploi": 0.0,
    "especi": 0.0,
    "evolutionari": -0.0,
    "occur": -0.0,
    "mean": 0.0,
    "human": 0.1399414473859073,
    "level": 0.0,
    "diseas": 0.07589952773369277,
    "rigid": 0.0,
    "techniqu": 0.011696550806509293,
    "obtain": 0.0,
    "physic": 0.2539405413446225,
    "procedur": 0.0,
    "compil": 0.0,
    "size": 0.0,
    "odd": 0.0,
    "scale": 0.0,
    "mechan": 0.0,
    "inherit": 0.0,
    "geneticist": 0.0,
    "genom": 0.029398834126562603,
    "classif": 0.0,
    "medicin": 0.0,
    "classifi": 0.0,
    "disciplin": -0.0,
    "present": -0.0,
    "appli": 0.05972423313758231,
    "nervou": -0.0,
    "environ": -0.0,
    "pollut": 0.0,
    "cell": 0.0,
    "licens": 0.0,
    "cognit": 0.0,
    "identifi": 0.0,
    "materi": -0.0,
    "profession": 0.0,
    "depend": -0.0,
    "characterist": 0.0,
    "resist": 0.0,
    "model": 0.0,
    "focu": 0.0,
    "popul": 0.0,
    "food": 0.0,
    "test": 0.0,
    "previous": 0.0,
    "advanc": 0.04343599393120922,
    "interact": 0.0,
    "approv": 0.0,
    "development": -0.0,
    "research": 0.13074535280025015,
    "health": 0.0,
    "variat": 0.0,
    "air": 0.0,
    "explain": 0.0,
    "observ": 0.0,
    "examin": -0.0,
    "univers": -0.0,
    "grant": 0.0,
    "typic": 0.0,
    "data": 0.0,
    "analyz": 0.0022564064677180074,
    "behavior": 0.0,
    "hypothesi": -0.0,
    "investig": 0.0,
    "1980": 0.0,
    "now": 0.0,
    "locat": 0.0,
    "40": 0.0,
    "improv": 0.0,
    "diagnost": 0.0,
    "specialist": 0.0,
    "longer": 0.0,
    "special": 0.06148188672603582,
    "metabol": 0.0,
    "growth": 0.22106232469940226,
    "abnorm": 0.0,
    "treatment": 0.0,
    "medic": 0.0,
    "valid": 0.0,
    "risk": 0.0,
    "dna": 0.0,
    "gene": 0.2172149655819177,
    "chromosom": 0.05818338446107934,
    "select": -0.0,
    "report": 0.0,
    "genet": 0.0,
    "surround": -0.0,
    "sharp": 0.0,
    "deal": 0.0,
    "scientif": -0.0,
    "analysi": 0.0,
    "opportun": 0.0,
    "degre": -0.0,
    "cure": -0.0,
    "consist": 0.0,
    "qualiti": 0.0,
    "start": 0.0,
    "hour": 0.0883279615643915,
    "safeti": 0.0,
    "commerci": 0.0,
    "fund": 0.0,
    "water": 0.0,
    "requir": 0.07482964057131032,
    "sea": 0.0,
    "primit": 0.0,
    "fresh": 0.0,
    "applic": 0.0,
    "forest": -0.0,
    "highest": 0.0,
    "run": 0.0,
    "extend": 0.0,
    "expos": 0.0,
    "climat": 0.03350723679431773,
    "substanc": 0.0,
    "temperatur": 0.0,
    "manner": 0.0,
    "mathemat": 0.22222224043162278,
    "photosynthesi": 0.0,
    "fire": 0.0,
    "geolog": 0.0,
    "ocean": 0.06484758100764668,
    "plant": 0.055277043264834035,
    "weather": 0.0,
    "composit": 0.0,
    "knowledg": 0.058431049436376364,
    "earth": 0.0,
    "warm": -0.0,
    "format": -0.0,
    "quantiti": 0.0,
    "comput": 0.09329286309539055,
    "abbrevi": 0.0,
    "veto": -0.0,
    "flower": -0.0,
    "topic": 0.0,
    "identif": 0.0,
    "spend": 0.0,
    "record": 0.0,
    "speci": -0.0,
    "fish": 0.0,
    "busi": 0.0,
    "prepar": 0.0,
    "anim": 0.2141270138825164,
    "project": 0.0,
    "center": 0.0,
    "encount": 0.0,
    "mammal": 0.0,
    "offic": 0.0,
    "agricultur": 0.0,
    "reptil": 0.0,
    "bird": 0.0,
    "explor": 0.0,
    "wildlif": 0.0,
    "descent": -0.0,
    "insid": 0.0,
    "amphibian": 0.0,
    "monei": 0.0,
    "dry": -0.0,
    "rainfal": 0.0,
    "swift": 0.0,
    "ship": -0.0,
    "safe": 0.0,
    "honor": 0.0,
    "regular": 0.0,
    "transform": 0.0,
    "statement": 0.0,
    "pressur": 0.0,
    "dissect": 0.0,
    "strict": 0.0,
    "conceiv": 0.0,
    "answer": -0.0,
    "aid": 0.0,
    "master": 0.0,
    "danger": 0.0,
    "page": -0.0,
    "experiment": 0.15943330260268462,
    "fundament": -0.0,
    "accomplish": 0.0,
    "royal": 0.0,
    "botanist": -0.0,
    "reproduct": 0.08762110687955899,
    "chemic": -0.0,
    "academi": -0.0,
    "biologi": 0.11348656547212987,
    "insect": -0.0,
    "kingdom": 0.0,
    "recov": 0.0,
    "zoologist": 0.0,
    "salt": 0.0,
    "biologist": 0.01795958065073322,
    "zoologi": 0.0,
    "award": 0.0742438732981849,
    "deadlin": 0.0,
    "laboratori": 0.040855241829341284,
    "devis": 0.0,
    "mold": 0.0,
    "prize": 0.0,
    "altitud": 0.0,
    "discoveri": 0.0,
    "multicellular": -0.0,
    "lab": -0.0,
    "unhealthi": 0.0,
    "cellular": 0.0,
    "dead": 0.0,
    "microscop": 0.0,
    "neuroscientist": -0.0,
    "conform": 0.0,
    "spur": 0.0,
    "solut": 0.0,
    "crafoord": 0.0,
    "bachelor": 0.0,
    "uncommon": -0.0,
    "hazard": 0.0,
    "nobel": 0.0,
    "remedi": 0.0,
    "conif": -0.0,
    "underli": 0.0,
    "physiolog": 0.07827806933648175,
    "biophys": 0.0,
    "specimen": 0.0,
    "interdisciplinari": 0.0,
    "biotechnolog": 0.0,
    "simul": 0.0,
    "microbiolog": 0.0,
    "toxic": 0.0,
    "pharmaceut": 0.0,
    "swedish": -0.0,
    "glossari": 0.0,
    "blur": 0.0,
    "floor": 0.0,
    "aquat": 0.0,
    "mushroom": -0.0,