{
  "qid": "106",
  "query": "Climate Change Activists",
  "rank": 7,
  "docid": 5628291,
  "coef": {
    "peopl": 0.9256846242115768,
    "societi": 0.0,
    "focus": 0.0,
    "product": 0.0,
    "fight": 0.3012889536206389,
    "includ": 0.0,
    "feminist": 0.0,
    "joseph": 0.0,
    "host": 0.0,
    "work": 1.628561617152616,
    "chang": 0.711836950939934,
    "lawyer": 0.0,
    "far": 0.0,
    "environment": 1.2674203468457432,
    "femin": 0.0,
    "justic": 0.0,
    "live": 0.0,
    "advoc": -0.0,
    "featur": 0.0,
    "produc": 0.14744221542807134,
    "who": 1.5912188962893559,
    "first": 1.5232940859952915,
    "idea": 0.3830848217323419,
    "problem": 1.2422141518498808,
    "matter": 1.624110232686123,
    "made": 0.006213154274674449,
    "base": 0.0,
    "scienc": 0.0,
    "foundat": 1.2903973598882552,
    "activist": 0.05480972251252418,
    "black": 1.1125030251431973e-16,
    "mother": 1.8342553760728066,
    "initi": 0.0,
    "uk": 0.0,
    "litig": -0.0,
    "2018": 1.4071626077777706,
    "fund": 0.8751402242367305,
    "run": 0.0,
    "receiv": 1.4583838672172417e-14,
    "climat": 1.3202796246749007,
    "geograph": 1.8924371420511232,
    "colour": 0.7613746275711407,
    "season": 0.0,
    "mari": 1.8618740388069281,
    "presid": 0.8119011168321133,
    "brown": 0.011834510347278534,
    "team": 0.18640527608278293,
    "expert": -0.0,
    "project": 0.5358167285001866,
    "campaign": -0.0,
    "asian": 0.0,
    "explor": 0.693072770773932,
    "juli": 0.0,
    "23": 0.0,
    "indigen": 0.0,
    "senat": 1.5107558853273597,
    "man": 0.08283034219709892,
    "polici": 0.18228776099502117,
    "invent": 0.1970533801073451,
    "undertak": 0.3090927282489236,
    "guest": 0.03324711596023428,
    "highlight": 0.0,
    "robinson": 0.0,
    "johnson": 0.9149804743723798,
    "launch": 0.0,
    "subsequ": -0.0,
    "biologist": 0.0,
    "episod": 1.029576248133651,
    "elizabeth": 0.09780151784733612,
    "2020": 0.06883606401981789,
    "australian": 0.0,
    "solut": 0.3629649217928489,
    "sander": 0.0,
    "ireland": 0.0,
    "intersect": 0.0,
    "phd": 0.0,
    "debut": 0.0,
    "specialis": 0.0,
    "marin": 0.0,
    "ibrahim": 0.0,
    "khan": 0.0,
    "comedian": 0.0,
    "doc": 0.820342274379633,
    "podcast": 1.9744781709234736,
    "bangladeshi": 0.0,
    "sara": 0.0,
    "tessa": 0.23654155545230876,
    "berni": 0.0,
    "higgin": 0.0,
    "oumar": 0.0,
    "refram": -0.0,
    "rowntre": 0.0,
    "maev": 0.0,
    "ayana": 0.0,
    "hindou": 0.0,
    "solberga": 0.0,
    "tekola": 0.0
  }
}