{
  "qid": "137",
  "query": "Online Companies",
  "rank": 2,
  "docid": 1949928,
  "coef": {
    "societi": 0.0,
    "support": 0.18047851687479854,
    "mai": 0.0,
    "engag": 0.0,
    "creat": 0.0,
    "addition": -0.0,
    "industri": 0.3337332073526542,
    "section": 0.0,
    "product": 0.0,
    "presenc": 0.0,
    "websit": -0.0,
    "public": 0.0,
    "servic": 0.4365904485466418,
    "target": 0.042846717738423,
    "includ": 0.0,
    "histori": 0.0,
    "event": 0.0,
    "video": 0.0,
    "american": 0.33034482687548666,
    "america": 0.0,
    "interest": 0.0,
    "develop": 0.918478204531684,
    "commun": 0.0,
    "offer": 0.0,
    "time": 0.03814492451070957,
    "organ": -0.0,
    "consum": 0.466834250848169,
    "institut": 0.2927870242734447,
    "relat": 0.5413724200700888,
    "known": 0.05359313542008251,
    "new": 0.0,
    "media": 0.4239805488044706,
    "multipl": 0.0,
    "first": 0.0,
    "web": 0.0,
    "philosophi": 0.0,
    "distribut": 0.0,
    "newspap": 0.0,
    "increasingli": 0.0,
    "social": 0.0,
    "releas": 0.0,
    "tradit": 0.0,
    "forum": 0.0,
    "compon": 0.0,
    "larger": 0.699841264586432,
    "softwar": 0.0,
    "execut": 0.0,
    "onlin": 1.0203532853800699,
    "televis": 0.0,
    "physic": 0.20505155469535577,
    "contain": 0.2802859406178752,
    "contact": 0.6937946466174936,
    "initi": 0.0,
    "interact": 0.0,
    "accommod": 0.0,
    "firm": 0.0,
    "now": 0.5438855872719269,
    "audienc": 1.0568359901573182e-15,
    "integr": 0.0,
    "convers": 0.0,
    "analyst": 0.0,
    "press": 0.0,
    "photograph": 0.17276995056653435,
    "site": 0.8512147878577762,
    "corpor": 0.9712190990464519,
    "packag": 0.0,
    "magazin": 0.49866934291755044,
    "center": 0.49552360506556764,
    "compani": 1.0548137069309795,
    "station": 0.7366982792556668,
    "honor": 1.0996387651379593,
    "monitor": 0.0,
    "aggreg": 0.0,
    "biographi": 0.0,
    "partner": 0.0,
    "page": 0.0,
    "fundament": 0.13778816454253645,
    "logo": 0.24370696393272248,
    "technic": 0.0,
    "award": 0.005040438307237897,
    "radio": 0.0,
    "1995": 0.0,
    "brand": 0.9179600566353289,
    "solut": -0.0,
    "databas": 0.0,
    "investor": 0.0,
    "newsroom": 0.0,
    "feed": 0.0,
    "ongo": 0.0,
    "audio": 0.2717745790450759,
    "organiz": 0.29719844855749505,
    "acoust": 0.5884416538007807,
    "kit": 0.022774562252838512,
    "evangelist": 0.15867814839392785,
    "outlet": 0.002340798892582409,
    "standalon": 9.375263296721095e-06,
    "disgruntl": 0.0,
    "spokespeopl": 0.0,
    "mediaroom": 0.10270379461715955,
    "pressroom": 7.696820748313461e-17
  }
}