{
  "qid": "139",
  "query": "European Union Governance",
  "rank": 1,
  "docid": 6208979,
  "coef": {
    "union": 0.0,
    "current": -0.9653458162055334,
    "led": 0.006327754346716831,
    "countri": -0.0,
    "histori": 0.8977189162120441,
    "rule": -0.0,
    "event": 1.7045014580064377,
    "polit": 0.0,
    "david": 0.0,
    "moderna": 0.0,
    "repres": -0.0,
    "govern": -0.5698507080071306,
    "group": 0.0,
    "see": -0.0,
    "new": -0.0,
    "council": 0.0,
    "modern": 0.0,
    "parti": 1.2516959343843648,
    "period": -0.008916782535264532,
    "leav": 0.0,
    "medicin": 0.3287354504332503,
    "year": 0.0,
    "high": -0.0,
    "vaccin": 1.8500656679170941,
    "approv": 0.0,
    "outlin": 0.0,
    "6": -0.0,
    "3": 0.0,
    "european": 1.145549321176887,
    "presid": 1.5368648840675259,
    "decid": 1.7247678661782935,
    "incumb": -0.11952101309857503,
    "orb": 0.0,
    "juli": 0.0,
    "commiss": 0.0,
    "19": 0.046448405344183145,
    "agenc": 0.05203029709910514,
    "von": 0.0,
    "march": 1.3187926494755806,
    "januari": -0.0,
    "charl": 0.0,
    "jan": 0.6560082577669848,
    "2020": 2.4830260253072893,
    "covid": 0.01079319802379885,
    "2021": 1.6266383530435178,
    "josep": -0.0,
    "prime": 0.0,
    "parliament": 0.0,
    "portug": 0.0,
    "minist": 0.0,
    "der": 0.0,
    "dec": 0.0,
    "overview": -0.0,
    "timelin": 0.011947961761835336,
    "borrel": -0.0,
    "hungari": 0.0029577342724021517,
    "viktor": 0.0,
    "michel": 0.0,
    "jun": 0.0,
    "slovenia": 0.0,
    "epp": 2.3366107383901236,
    "ursula": 0.0,
    "leyen": 0.0,
    "sassoli": -0.0,
    "fidesz": 0.0
  }
}