{
  "qid": "123",
  "query": "Currency",
  "rank": 7,
  "docid": 1277939,
  "coef": {
    "be": 0.0,
    "half": 0.23007698501584037,
    "state": 0.0,
    "possibl": 0.0,
    "flag": 0.0,
    "union": -0.0,
    "right": 0.0,
    "currenc": 0.15738378108901854,
    "peopl": 0.0,
    "exist": 0.0,
    "can": 0.0,
    "system": 0.0,
    "mai": 0.01573962393800881,
    "difficult": 0.0,
    "ukrain": -0.0,
    "countri": -0.0,
    "us": 0.15157682991100968,
    "pre": 0.0,
    "italian": -0.0,
    "reduc": 0.0,
    "mexico": -0.0,
    "call": 0.0,
    "french": 0.0,
    "allow": 0.0,
    "number": 0.1253518819999168,
    "found": 0.15928658250489455,
    "coin": 0.16863009838838386,
    "hold": 0.15750714341121264,
    "exclus": 0.0,
    "come": 0.0,
    "need": 0.0,
    "kind": 0.1560780985197226,
    "charg": 0.0,
    "american": 0.0,
    "advantag": 0.0,
    "chang": 0.0,
    "interest": 0.023433566898127835,
    "argentina": 0.0,
    "feder": 0.0,
    "canadian": -0.0,
    "time": 0.0,
    "reliabl": 0.0,
    "common": 0.0,
    "process": 0.0,
    "will": 0.0,
    "find": 8.737221470363018e-17,
    "small": 0.0,
    "place": 0.0,
    "franc": -0.0,
    "rest": 0.10865694090332434,
    "see": 0.0,
    "transpar": 0.189056914060807,
    "known": 0.0,
    "soviet": -0.0,
    "china": 0.0,
    "spain": 0.20196036945737378,
    "new": -0.0,
    "japanes": 0.0,
    "produc": 0.002395241303595311,
    "free": 0.04189438310704422,
    "effect": 0.0,
    "greek": 0.0,
    "greec": 0.0,
    "mark": 0.0,
    "amount": 0.0,
    "similar": 0.0,
    "practic": 0.0,
    "war": 0.0,
    "wai": 0.0,
    "increasingli": 0.02605566799181144,
    "unit": 0.11536462713662461,
    "made": 0.0,
    "compos": 0.0,
    "bank": 0.27941471352961156,
    "canada": -0.0,
    "valu": 0.11347926541275724,
    "varieti": 0.0,
    "back": 0.0,
    "black": -0.0,
    "mean": 0.0,
    "onlin": 0.0,
    "increas": 0.0,
    "2": 0.0,
    "distinguish": 0.0,
    "older": -0.0,
    "size": 0.0,
    "contain": -0.0,
    "pick": 0.09053095275793681,
    "cost": 0.0,
    "total": 0.0,
    "side": 0.0,
    "rare": 0.0,
    "request": 0.0,
    "code": 0.0,
    "german": 0.0,
    "full": 0.0673302520673252,
    "background": 0.10296749588117134,
    "high": 0.0,
    "swiss": 0.0,
    "face": 0.0,
    "ask": 0.0,
    "unusu": 0.0,
    "plastic": 0.05487979851874437,
    "paper": 0.0,
    "roll": 0.20216663203576446,
    "typic": 0.025183986518282266,
    "doubl": -0.0,
    "fraud": -0.0,
    "check": 0.18923099075843916,
    "now": 0.0,
    "50": 0.0,
    "40": -0.0,
    "25": 0.0,
    "10": 0.0,
    "weigh": 0.0,
    "row": -0.0,
    "quarter": 0.0,
    "degre": 0.0,
    "differenti": 0.0,
    "hope": 0.0,
    "1": 0.0,
    "35": 0.0,
    "here": -0.0,
    "light": 0.03462196378794732,
    "top": 0.0,
    "readili": 0.04686849471703224,
    "color": 0.05565064090183506,
    "blue": 0.026180307388373517,
    "flat": 0.0,
    "content": 0.21710442085980675,
    "itali": 0.17749972158462626,
    "brought": 0.0,
    "argentin": 0.0,
    "egyptian": -0.0,
    "print": -0.0,
    "except": 0.0,
    "bag": 0.030038326895491012,
    "republ": 0.05102397787656259,
    "custom": 0.00661116112568316,
    "shop": 0.0,
    "packag": 0.006979496358690271,
    "vietnam": 0.0,
    "spent": 0.0,
    "collector": 0.0,
    "san": 0.0,
    "hunt": -0.0,
    "dollar": 0.0495420702232207,
    "vulner": -0.0,
    "2009": 0.0,
    "on": 0.2761419436522392,
    "south": 0.0,
    "bill": 0.0,
    "denomin": 0.11025786499169124,
    "twenti": 0.0,
    "insid": 0.0,
    "finnish": 0.0,
    "1964": 0.0,
    "won": 0.0,
    "solid": 0.0,
    "monei": 0.0,
    "save": 0.0,
    "quick": 0.0,
    "sell": 0.0,
    "piec": 0.00013903912458265727,
    "mexican": -0.0,
    "purpos": 0.0,
    "japan": -0.0,
    "fill": 0.0,
    "cent": 0.0,
    "easili": 0.0,
    "germani": 0.0,
    "wrap": 0.0,
    "pound": -0.07718778763896145,
    "silver": 0.13952791354206787,
    "search": -0.10336879533656176,
    "worth": 0.0,
    "exchang": 0.0,
    "arab": 0.01775649155006322,
    "royal": 0.0,
    "machin": 0.0,
    "circul": 0.0,
    "kingdom": -0.0,
    "certainti": 0.0,
    "effici": 0.0,
    "chines": 0.0,
    "nickel": -0.0,
    "copper": 0.0,
    "australia": 0.0,
    "venezuela": -0.0,
    "fold": 0.05670014546710572,
    "norwai": -0.0,
    "australian": 0.0,
    "valuabl": -0.0,
    "closur": 0.0,
    "israel": 0.0,
    "austrian": -0.0,
    "norwegian": 0.0,
    "danish": -0.0,
    "morocco": -0.0,
    "mint": 0.0,
    "dinar": 0.0,
    "emir": 0.007103288703828098,
    "euro": 0.0,
    "arabia": 0.0,
    "egypt": -0.0,
    "moroccan": 0.0,
    "yemen": 0.0,
    "portug": 0.0,
    "afghanistan": -0.0,
    "belgium": -0.0,
    "hungarian": 0.0,
    "switzerland": -0.0,
    "swedish": -0.0,
    "singaporean": 0.0,
    "automat": 0.0,
    "sterl": -0.0,
    "belgian": -0.0,
    "austria": -0.0,
    "romania": 0.0,
    "pile": 0.0,
    "sol": 0.0,
    "coinag": 0.0,
    "adorn": 0.0,
    "deutsch": 0.0,
    "thai": -0.0,
    "ng": 0.0,
    "thailand": -0.0,
    "korean": 0.0,
    "vietnames": 0.0,
    "deposit": 0.08291288702983415,
    "portugues": 0.0,
    "moldova": -0.0,
    "hungari": 0.0,
    "lev": -0.0,
    "ukrainian": -0.0,
    "guinea": 0.0,
    "papua": 0.0,
    "panama": 0.0,
    "lesser": 0.0,
    "zealand": -0.0,
    "finland": 0.0,
    "sweden": -0.0,
    "saudi": 0.0,
    "peru": 0.0,
    "serbia": 0.0,
    "albania": 0.0,
    "taiwan": -0.0,
    "korea": 0.0,
    "stagger": 0.0,
    "ink": -0.0,
    "rubl": -0.0,
    "empti": 0.015253988302497473,
    "trinidad": 0.0,
    "kit": 0.0,
    "bulgarian": -0.0,
    "bulgaria": 0.0,
    "albanian": 0.0,
    "stack": 0.0,
    "serbian": 0.0,
    "romanian": 0.0,
    "isra": -0.0,
    "turkmenistan": -0.0,
    "philippin": 0.0,
    "singapor": 0.0,
    "bahrain": -0.0,
    "yen": -0.0,
    "afghan": -0.0,
    "indonesian": 0.0,
    "indonesia": 0.0,
    "oman": 0.0,
    "venezuelan": -0.0,
    "peruvian": 0.0,
    "denmark": -0.0,
    "bahama": 0.08259563122291963,
    "lithuanian": 0.0,
    "dealer": 0.0,
    "verif": 0.0,
    "verifi": 0.0,
    "afghani": 0.0,
    "handmad": 0.0,
    "lek": 0.0,
    "cherri": 0.0,
    "manat": -0.0,
    "lira": -0.0,
    "shill": -0.0,
    "tobago": 0.24924407354859432,
    "ecuador": -0.0,
    "changer": 0.0,
    "vendor": 0.0,
    "bullion": 0.0,
    "var": 0.0,
    "yuan": 0.0,
    "starter": 0.016849424245898963,
    "uganda": -0.0,
    "ecuadorian": 0.0,
    "lithuania": 0.0,
    "bahraini": -0.0,
    "malawian": 0.0,
    "malawi": 0.0,
    "bahamian": -0.0,
    "lita": 0.0,
    "marino": 0.0,
    "honduran": 0.0,
    "bol": 0.0,
    "fiji": 0.0,
    "comoro": -0.0,
    "hondura": 0.0,
    "seychel": 0.0,
    "panamanian": 0.0,
    "dirham": -0.0,
    "legibl": 0.0,
    "drachma": 0.0,
    "leu": -0.0,
    "rupe": 0.0,
    "guinean": 0.0,
    "balboa": 0.0,
    "sucr": -0.0,
    "rial": 0.0,
    "fijian": 0.0,
    "ugandan": -0.0,
    "peso": 0.19889049342944554,
    "omani": 0.0,
    "moldovan": -0.0,
    "comorian": -0.0,
    "scam": 0.0,
    "yemeni": 0.0,
    "markka": 0.0,
    "schill": -0.0,
    "slug": -0.0,
    "krone": -0.0,
    "wrapper": -0.0,
    "eurozon": 0.0,
    "shekel": -0.0,
    "forint": 0.0,
    "baht": 0.0,
    "hryvnia": 0.0,
    "renminbi": -0.0,
    "escudo": 0.0,
    "tooni": 0.0,
    "seychelloi": 0.0,
    "krona": -0.0,
    "lempira": 0.0,
    "sammarines": 0.0,
    "kina": 0.0,
    "rupiah": 0.0,
    "kwacha": -0.0,
    "weigher": 0.0,
    "riyal": 0.0,
    "apmex": 0.0
  }
}