{
  "qid": "121",
  "query": "Racquet Sports",
  "rank": 2,
  "docid": 468141,
  "coef": {
    "state": 0.0,
    "north": 0.0,
    "bodi": 4.112882900581377,
    "american": 0.0,
    "govern": 0.08891576809513355,
    "citi": 0.0,
    "new": 0.0,
    "extern": 0.0,
    "unit": 2.8601138828312247,
    "member": -0.0,
    "canada": -0.0,
    "associ": 1.12707306830891,
    "link": 1.889264170386635,
    "chicago": 0.0,
    "sport": 0.0,
    "philadelphia": -1.5434528136671386,
    "york": 3.0075545773046004,
    "tenni": 3.0429274638189026,
    "boston": 0.0,
    "club": -0.0,
    "detroit": 0.0,
    "racket": -0.0,
    "racquet": 4.859431491694326,
    "montreal": 0.0,
    "tuxedo": 0.00015018004506148693
  }
}