{
  "qid": "140",
  "query": "Artificial Intelligence and Machine Learning",
  "rank": 3,
  "docid": 2057591,
  "coef": {
    "be": 1.0937268495366907,
    "action": 0.0,
    "market": 1.2261321115299486,
    "attempt": 0.9634279284789918,
    "can": 0.12924881196214952,
    "platform": 0.5709766601950788,
    "help": 0.17474200395056583,
    "section": 0.7953922792311899,
    "segment": 0.009048436625973494,
    "us": 0.0,
    "concept": 0.7543265174914265,
    "taken": 0.0,
    "differ": 0.38680616480838936,
    "tool": 0.0,
    "target": 0.0,
    "prevent": 0.30945629360892946,
    "facilit": 0.34066781799868145,
    "take": 0.0,
    "call": 0.1473176282119895,
    "form": 0.6979812934694024,
    "perform": 0.6720126071465338,
    "principl": -0.43766523531326357,
    "messag": 0.0,
    "term": 0.0,
    "kei": 0.49342255002712526,
    "enabl": 0.0,
    "digit": 0.32921025331932124,
    "percept": 0.0,
    "well": 0.9330785190903,
    "learn": 1.4900996931120214,
    "affili": -0.32971059675052744,
    "aim": 0.5254942041176781,
    "commun": 1.3316716825976482,
    "act": 0.0,
    "role": 1.0970331771838007,
    "plai": 0.40228472805975535,
    "influenc": 0.22114276953869627,
    "find": 1.0158042847902369,
    "network": 0.157002769360652,
    "relat": 0.0,
    "set": 0.04895704117346013,
    "see": 0.0,
    "collect": 0.0,
    "understand": 0.0,
    "mobil": 0.0,
    "space": -0.0,
    "goal": 0.0,
    "media": -0.0,
    "web": 0.0450199972311086,
    "shown": 0.0,
    "activ": 0.0,
    "part": 0.5081879027801637,
    "social": -0.0,
    "decis": 1.948161585479583,
    "reason": 0.8924968061992383,
    "base": -0.0,
    "scienc": 0.013993285433670545,
    "refer": -1.0235034296916115,
    "achiev": 0.0,
    "suggest": 0.0,
    "statist": 0.0,
    "technolog": 0.7688241931670394,
    "human": 0.5460805470694039,
    "ultim": 0.0,
    "onlin": 0.0,
    "techniqu": 0.16510859885649254,
    "scale": -0.0,
    "stage": 0.0,
    "context": 0.0,
    "adapt": 0.0,
    "appli": 0.0,
    "cognit": 0.01676489905032129,
    "model": 1.0578092009012645,
    "prospect": 0.5826415659905084,
    "advanc": 0.4356963132718754,
    "data": 0.825826060698492,
    "behavior": 1.3830308031838916,
    "improv": 0.0,
    "step": 0.011689526287726737,
    "intellig": 0.5271332727137612,
    "reach": 0.9845598454132317,
    "bia": 0.0,
    "trigger": 0.0,
    "receiv": 1.4026221602967632,
    "artifici": -0.0,
    "eventu": 0.9454213016175731,
    "content": -0.0,
    "comput": 0.0,
    "custom": 0.40064989420634267,
    "gather": 0.55802089964651,
    "resid": 0.0,
    "captur": 0.31238929421023887,
    "purchas": 0.0,
    "advertis": 0.0,
    "cycl": 1.3164881019440895,
    "transform": 0.0,
    "driven": 0.0,
    "machin": -0.0,
    "analyt": 0.8431575251735817,
    "sort": 0.19706069522669642,
    "effici": 0.0,
    "explicit": 0.0,
    "incent": 0.0,
    "databas": -0.0,
    "implicit": 0.0,
    "insight": 0.0,
    "algorithm": 0.3472955414124708,
    "leverag": 0.0,
    "bayesian": 0.0,
    "email": 0.0,
    "unsupervis": 0.0,
    "offlin": 0.6760970593236836
  }
}