{
  "qid": "147",
  "query": "Discrimination",
  "rank": 7,
  "docid": 519902,
  "coef": {
    "be": 0.0,
    "state": 0.01566206323823409,
    "major": 0.020474647355973666,
    "pai": -0.0,
    "list": 0.0,
    "union": 0.12885133105692018,
    "action": 0.0,
    "current": 0.0,
    "right": 0.22916232900983954,
    "religion": 0.004710285760430534,
    "origin": 0.0,
    "cultur": 0.0,
    "peopl": -0.0,
    "type": 0.0,
    "exist": 0.0,
    "primarili": 0.0,
    "can": 0.0,
    "belief": 0.033247274146660774,
    "mai": -0.0,
    "criticis": 0.0,
    "nation": 0.08815862855914842,
    "led": -0.0,
    "men": 0.0,
    "creat": 0.0,
    "addition": 0.0,
    "freedom": 0.0,
    "interpret": 0.0,
    "countri": 0.0,
    "law": 0.09716074768424351,
    "econom": 0.0,
    "concern": 0.0,
    "reduc": 0.0,
    "concept": 0.0,
    "basic": 0.0,
    "differ": 0.0,
    "respons": 0.0,
    "public": 0.03492809428549534,
    "gener": -0.0,
    "includ": 0.0,
    "prevent": 0.0,
    "address": 0.0,
    "histori": 0.0,
    "take": 0.0,
    "rule": 0.0,
    "came": 0.0,
    "educ": 0.07487374824122328,
    "polit": 0.11253835259899699,
    "legal": 0.0,
    "form": 0.021468144708351494,
    "allow": 0.01736321589308999,
    "forc": 0.0,
    "civil": 0.0,
    "found": 0.0,
    "expand": 0.08052354527717548,
    "hold": 0.0,
    "bring": 0.0,
    "exclud": -0.0,
    "commonli": 0.0,
    "due": 0.0,
    "area": -0.0,
    "principl": 0.0,
    "ag": 0.0,
    "ad": 0.0,
    "term": 0.0,
    "birth": 0.0,
    "school": 0.0,
    "abil": 0.0,
    "implement": 0.0,
    "david": 0.0,
    "vari": 0.09130167029997804,
    "work": 0.0,
    "american": 0.0,
    "church": 0.0,
    "fix": 0.0,
    "percept": 0.0,
    "england": 0.0,
    "elimin": 0.019257466068284997,
    "women": 0.15233215973720926,
    "develop": 0.0,
    "popular": 0.0,
    "orient": 0.0,
    "affili": 0.0,
    "singl": 0.0,
    "aim": 0.0,
    "feder": -0.0,
    "labour": -0.0,
    "group": 0.04370695130960315,
    "effort": 0.0,
    "opinion": 0.0,
    "territori": 0.0,
    "treat": 0.0,
    "act": 0.01490600114301103,
    "exampl": 0.12615540372285458,
    "root": -0.0,
    "contract": 0.0,
    "time": 0.0,
    "life": 0.0,
    "common": 0.0,
    "ident": 0.0,
    "regul": 0.0,
    "organ": 0.0,
    "syndic": 0.0,
    "institut": 0.0,
    "find": 0.0,
    "worker": 0.0765681197786031,
    "sexual": 0.07562543486122857,
    "relat": 0.0,
    "sex": 0.04178652873297789,
    "set": 0.0,
    "see": 0.0,
    "non": -0.0,
    "1960": 0.0370184087811032,
    "local": 0.0,
    "express": 0.0,
    "particip": 0.0,
    "constitut": 0.04862104942714246,
    "equal": 0.08208705101171876,
    "specif": 0.038634231501559424,
    "direct": 0.05316876361704145,
    "articl": 0.0,
    "dispar": 0.0,
    "advoc": 0.0,
    "histor": 0.0,
    "pupil": 0.0,
    "determin": 0.0,
    "white": 0.0,
    "structur": -0.0,
    "new": -0.0,
    "move": 0.0,
    "anti": -0.038023332496231535,
    "free": -0.0,
    "effect": 0.0,
    "decreas": 0.11818155582087496,
    "intern": 0.0003818845751772433,
    "goal": 0.07484364963467094,
    "minor": 0.0,
    "futur": 0.0,
    "class": 0.0,
    "posit": 0.0,
    "first": 0.0,
    "part": 0.0,
    "wai": 0.0,
    "properti": 0.0,
    "gender": 0.0,
    "unit": 0.0,
    "social": 0.030857250235810815,
    "individu": 0.0,
    "member": 0.18079309250142156,
    "paid": 0.0,
    "reason": 0.0,
    "basi": 0.0221936776740011,
    "base": 0.0,
    "refer": 0.0,
    "achiev": 0.0,
    "canada": -0.0,
    "declar": 0.0,
    "relationship": 0.0,
    "illeg": -0.0,
    "religi": 0.11549887934208798,
    "associ": 0.0,
    "combin": 0.0,
    "suggest": 0.0,
    "valu": 0.0,
    "broader": 0.0,
    "hous": 0.0,
    "meet": 0.0,
    "black": 0.0,
    "remain": 0.0,
    "especi": 0.0,
    "serv": 0.0,
    "human": 0.0,
    "commit": 0.011645915237768006,
    "inher": -0.0,
    "increas": 0.0,
    "level": 0.0,
    "physic": 0.0,
    "procedur": 0.0,
    "contain": 0.0,
    "ethnic": 0.0,
    "employe": 0.0,
    "appli": 0.0,
    "cost": 0.0,
    "case": 0.0,
    "wors": 0.0,
    "hire": 0.0,
    "sustain": -0.0,
    "characterist": 0.0,
    "introduc": 0.0,
    "lower": 0.0,
    "prefer": 0.0,
    "show": 0.0,
    "provis": 0.0,
    "numer": 0.0,
    "cover": 0.13262291627116127,
    "health": 0.0,
    "teacher": 0.0,
    "attribut": 0.0,
    "explain": 0.0,
    "rate": 0.0,
    "evid": 0.06451761962364586,
    "univers": -0.0,
    "court": 0.18461590307654555,
    "accommod": 0.01322203575292968,
    "outlin": 0.0,
    "femal": 0.0,
    "relev": 0.0,
    "race": 0.18329495289481204,
    "significantli": 0.0,
    "1990": 0.0,
    "1970": 0.0,
    "pregnanc": 0.0,
    "40": -0.0,
    "25": 0.0,
    "16": 0.0,
    "14": 0.0,
    "11": 0.0,
    "10": 0.0,
    "account": 0.0,
    "treatment": 0.0,
    "medic": 0.0,
    "affect": 0.0,
    "male": 0.0,
    "select": 0.0,
    "genet": 0.0,
    "regard": 0.0,
    "rel": 0.0,
    "opportun": 0.0,
    "annul": 0.0,
    "convers": 0.0,
    "restrict": 0.0,
    "mental": 0.0,
    "disabl": 0.1415680221752025,
    "given": 0.0,
    "earn": 0.0,
    "pronounc": 0.0,
    "aris": -0.0,
    "design": 0.0,
    "2012": 0.0,
    "2010": 0.0,
    "languag": 0.0,
    "2007": 0.0,
    "safeti": 0.0,
    "2000": 0.0,
    "employ": 0.0901210538317688,
    "compar": 0.0,
    "standard": 0.0,
    "occup": -0.0,
    "addit": 0.0,
    "impact": 0.0,
    "indirect": 0.011621904461912122,
    "2003": 0.0,
    "capac": 0.0,
    "color": -0.0,
    "colour": -0.0,
    "ground": -0.0,
    "european": 0.0,
    "9th": 0.0,
    "britain": 0.0,
    "prior": 0.0,
    "statu": 0.06203750954016615,
    "except": 0.0,
    "confirm": 0.0,
    "prohibit": 0.11544637784153117,
    "discrimin": 0.13033318984220912,
    "jurisdict": 0.0,
    "exempt": 0.0,
    "racial": -0.0,
    "passag": 0.0,
    "partial": 0.0,
    "protect": 0.09917569671782606,
    "complianc": 0.0,
    "militari": 0.041359057539447866,
    "senior": 0.0,
    "cite": 0.0,
    "convent": 0.012514819240699769,
    "treati": 0.0,
    "1992": 0.0,
    "circuit": -0.0,
    "vote": 0.0,
    "2006": 0.0,
    "wealth": 0.0,
    "legisl": 0.12727251081035437,
    "brazil": -0.0,
    "compani": 0.0,
    "june": 0.0,
    "favor": 0.0,
    "british": 0.0,
    "1984": 0.0,
    "facil": 0.0,
    "1965": 0.0,
    "1964": 0.07094879782941112,
    "agenc": 0.0,
    "februari": 0.0,
    "pass": 0.0,
    "permit": 0.0,
    "polici": 0.0,
    "bear": 0.0,
    "piec": -0.0,
    "didn": 0.0,
    "landmark": -0.0,
    "1977": 0.0,
    "forbad": 0.0,
    "combat": 0.0,
    "ill": -0.0,
    "ratif": 0.0,
    "navi": 0.0,
    "bind": 0.0,
    "7th": -0.0,
    "titl": 0.0,
    "1968": 0.0,
    "uphold": 0.0,
    "intent": 0.0,
    "scope": 0.0,
    "royal": 0.0,
    "2nd": -0.0,
    "kingdom": 0.0,
    "shortli": 0.0,
    "vii": 0.0,
    "1976": 0.0,
    "fair": 0.0,
    "1957": 0.0,
    "1995": 0.0,
    "violat": 0.11338465014550979,
    "australia": -0.0,
    "australian": 0.0,
    "1975": 0.0,
    "colleagu": 0.0,
    "forbidden": 0.0,
    "submarin": 0.0,
    "eu": 0.0,
    "parliament": 0.0,
    "stock": 0.0,
    "belgium": 0.0,
    "belgian": 0.0,
    "boost": -0.0,
    "aboard": 0.0,
    "unborn": 0.0,
    "wendi": 0.0,
    "equiti": -0.0,
    "disadvantag": 0.0,
    "reassign": 0.0,
    "ada": 0.056179596059058735,
    "forbid": 0.0,
    "111": 0.0,
    "coven": 0.0,
    "lgbt": 0.0,
    "fetu": 0.0,
    "synod": 0.0,
    "frontlin": 0.0,
    "marit": 0.0,
    "creed": 0.0,
    "bishopr": 0.0,
    "discriminatori": 0.029957559152163006,
    "ilo": 0.0,
    "recours": 0.0,
    "sda": 0.0,
    "neumark": 0.0,
    "udhr": 0.0,
    "intersex": 0.0
  }
}