{
  "qid": "146",
  "query": "Non-profit Organization",
  "rank": 3,
  "docid": 10132,
  "coef": {
    "demonstr": 0.0,
    "list": 0.0,
    "extrem": 0.14513125196478835,
    "name": 0.0,
    "section": 0.17458777319050933,
    "gener": 0.002463124909765195,
    "includ": -0.0,
    "vari": 0.0,
    "exampl": 0.5598492268974734,
    "organ": 0.1820172464816746,
    "deriv": 0.0,
    "see": 0.014743179813029693,
    "non": 0.0,
    "consid": 0.0,
    "specif": 0.0,
    "structur": -0.0,
    "produc": 0.0,
    "like": -0.0,
    "natur": 0.17027824162571922,
    "compon": 0.0,
    "bond": 0.0,
    "accept": 0.08538395647948877,
    "black": 0.3972401046029221,
    "hard": 0.0,
    "occur": 0.0,
    "definit": 0.0,
    "weight": 0.0,
    "materi": 0.4600332987776869,
    "mixtur": 0.0,
    "rang": 0.0,
    "valid": 0.0,
    "poor": 0.0,
    "fossil": 0.0,
    "water": -0.0,
    "proport": 0.0,
    "dioxid": 0.0,
    "desert": 0.03191779823732613,
    "carbon": 0.41083755213029477,
    "amorph": 0.4050548512586034,
    "substanc": -0.0,
    "crystallin": 0.37963994990711475,
    "composit": 0.0,
    "silicon": 0.0,
    "alphabet": 0.06179914674470568,
    "brown": 0.0,
    "wood": 0.03359233158112526,
    "nearli": 0.0,
    "meteorit": 0.0,
    "percent": 0.0,
    "coal": -0.0,
    "compact": 0.0,
    "possess": 0.0,
    "iron": 0.0,
    "98": 0.0,
    "miner": 0.46142078236213024,
    "solid": 0.0,
    "hair": 0.0,
    "pressur": 0.0,
    "mercuri": 0.0,
    "volcan": -0.0,
    "chemic": 0.0,
    "pure": 0.0,
    "sort": 0.4129284148742063,
    "inclus": 0.0,
    "jet": 0.0,
    "liquid": 0.04619767757035686,
    "rich": 0.0,
    "pearl": 0.40125557961128755,
    "petroleum": 0.0,
    "libyan": 0.0,
    "hydrocarbon": 0.0,
    "decai": 0.1473823454667059,
    "hydrat": 0.0,
    "lapi": 0.0,
    "glass": 0.4107021356622456,
    "amber": -0.0,
    "crystal": 0.899891147081707,
    "wax": 0.0008918714766588807,
    "bitumin": -0.0,
    "lignit": -0.08683642330956715,
    "oxid": 0.054197170844368384,
    "waxi": 0.0,
    "silica": 0.5802967888079539,
    "hydroxid": 0.19099849110669329,
    "lazuli": 0.0,
    "talc": 0.3363739533588467,
    "obsidian": 0.0,
    "lustrou": 0.3343788354585485,
    "calcit": -0.0,
    "ima": 0.31303086338765473,
    "opal": -0.0,
    "anthracit": 0.026734172531563533,
    "serpentin": 0.0661178655750851,
    "pumic": 0.0,
    "pele": 0.0,
    "aragonit": 0.0,
    "limonit": 0.10222456411635186,
    "noncrystallin": -0.0,
    "tektit": 0.0,
    "diatomit": 0.0,
    "shungit": 0.02470994249454002,
    "moldavit": 0.0,
    "psilomelan": 0.0,
    "mineraloid": 0.38293421443333253,
    "ozokerit": 0.0,
    "allophan": 0.0,
    "leonardit": -0.13450470416005547,
    "pyrobitumen": 0.0,
    "chlorophaeit": -0.0,
    "sideromelan": -0.0,
    "stevensit": 0.0,
    "deweylit": 0.0,
    "zietrisikit": 0.0,
    "lechatelierit": 0.0,
    "chrysocolla": -0.0,
    "cnmnc": 0.0,
    "palagonit": 0.0
  }
}