{
  "qid": "106",
  "query": "Climate Change Activists",
  "rank": 0,
  "docid": 6034450,
  "coef": {
    "state": -0.0,
    "action": 0.0,
    "right": -0.0,
    "peopl": 0.1625901398792363,
    "criticis": 0.0,
    "debat": 0.0,
    "creat": 0.0,
    "platform": 0.0,
    "connect": 0.0,
    "countri": 0.07244768310431964,
    "movement": 0.9396867755915881,
    "econom": 0.0,
    "concern": 0.0,
    "caus": 0.9932915260531576,
    "taken": 0.0,
    "destroi": 0.3704665214996503,
    "fight": 0.7412244882557361,
    "public": 0.0,
    "gener": 0.0,
    "includ": 0.0,
    "strong": 0.0,
    "began": 0.260875345659001,
    "attent": 0.6644349513017644,
    "event": 0.0,
    "form": 0.30276431762168204,
    "found": -0.0,
    "world": 0.6243881349539933,
    "border": 0.7814665661871975,
    "need": 0.7143781143769325,
    "sever": 0.0,
    "school": 0.05032386806692321,
    "youth": 0.262639665126472,
    "octob": 0.045030086613276676,
    "digit": 0.12167598974264103,
    "chang": 0.34493565493200706,
    "women": 0.0,
    "young": 0.0,
    "well": 0.0,
    "environment": 0.0,
    "felt": 0.0,
    "lack": 0.0,
    "citi": 0.0,
    "commun": 0.0,
    "act": 0.00432639234124399,
    "time": 0.0,
    "protest": 0.0,
    "strike": 0.0,
    "leon": 0.0,
    "equal": 0.8953683928268941,
    "advoc": 1.0992911972162155e-16,
    "onli": 0.7037195130675837,
    "white": 1.8991343030441714e-14,
    "new": 0.6921249392360205,
    "featur": 0.3302081955333472,
    "leader": 0.0,
    "effect": -0.0,
    "green": 0.0936976791335381,
    "intern": 0.0,
    "join": 0.0,
    "who": -0.0,
    "futur": 0.19837182882932677,
    "media": 0.0,
    "activ": 0.0,
    "part": -0.0,
    "gender": 0.0,
    "made": 0.0,
    "member": 0.0,
    "spread": 0.0,
    "soon": 0.0,
    "promin": 0.0,
    "forum": 0.0,
    "give": 0.20216527498250003,
    "east": 0.0,
    "activist": 1.0497034174702804,
    "divers": 0.6428079834774448,
    "onlin": -0.0,
    "across": 0.5702133437825364,
    "greater": 0.08442432623150395,
    "year": -0.27099595352463235,
    "show": 0.0,
    "000": 0.08055831068356706,
    "old": -0.041951337360967914,
    "invit": 0.0,
    "univers": 1.0649637733748365,
    "now": 0.0,
    "50": 0.0,
    "15": 0.0,
    "11": 0.0,
    "speech": 0.22252318154327375,
    "imag": 0.0,
    "awar": 0.0,
    "farm": 0.0,
    "receiv": 0.0,
    "climat": 0.8847038764627562,
    "weather": 0.0,
    "discrimin": 0.0,
    "racism": 0.404198655213851,
    "racial": 0.0,
    "17": -0.0010331010397666442,
    "lake": 0.5085934481453951,
    "largest": 0.0,
    "crop": 0.0,
    "campaign": -0.0,
    "meant": 0.0,
    "2017": -0.0,
    "april": 0.0,
    "2019": 0.6246599415517573,
    "demand": 0.9831334344971949,
    "visit": 0.0,
    "save": 0.04977832646714806,
    "born": 0.06231646183465254,
    "januari": 0.9010830257327015,
    "neighbour": 0.0,
    "gate": 0.0,
    "fellow": -0.0,
    "dedic": 0.5417777825319897,
    "denounc": 0.7546080753245938,
    "crisi": 0.0,
    "volunt": 0.0,
    "1997": 0.0,
    "absenc": 0.0,
    "photo": 0.0,
    "encourag": 0.9252200004701063,
    "dialogu": 0.10789107234957285,
    "realis": 0.0,
    "evok": -0.0,
    "2020": 0.0,
    "fridai": 0.0,
    "crash": 0.0,
    "stronger": -0.0,
    "52": 0.0,
    "nigeria": 0.07839248636732422,
    "spoken": 0.0,
    "africa": -0.0,
    "striker": -0.0,
    "mayor": 0.39725338236955754,
    "gabon": 0.3296098386300556,
    "copenhagen": 0.0019245320315871466,
    "grandmoth": 0.0,
    "bbc": 0.0,
    "kenya": 0.0,
    "diari": -0.0,
    "summit": 7.746759711388144e-17,
    "greta": -0.0,
    "sierra": 0.003364556698822384,
    "empow": 0.6484728025707766,
    "urgent": 0.0,
    "angola": 0.06560466320407317,
    "denmark": 0.02838119258047094,
    "mobilis": 0.0,
    "outlet": 0.0,
    "victoria": 0.041597103082633854,
    "vanessa": 0.0,
    "uganda": 0.7624526152503256,
    "davo": 0.27286017938196594,
    "hilda": 0.012452310615598065,
    "thunberg": -0.0,
    "flavia": 0.0,
    "vox": 0.0,
    "ugandan": 0.055955613651333246,
    "nakat": 1.049694579709403,
    "kampala": -0.0,
    "c40": 0.0,
    "gcca": -0.0,
    "nakabuy": 0.8272259099722185
  }
}