{
  "qid": "104",
  "query": "Business Leaders",
  "rank": 4,
  "docid": 3758238,
  "coef": {
    "list": 0.0,
    "opposit": 0.24411446885815435,
    "respons": 1.0441637170223625,
    "manag": 0.6656652183253728,
    "bodi": 0.0,
    "note": -0.0,
    "work": 0.08545438668441384,
    "govern": 0.6250192972580433,
    "see": -0.0,
    "known": 0.05922492325267259,
    "leader": 0.8658121537788473,
    "posit": 0.0,
    "post": 0.6937361217653842,
    "wai": 0.18312853421594216,
    "member": 1.1809684754019947,
    "committe": 0.0,
    "hous": 0.631810227631143,
    "schedul": 0.0,
    "earn": 0.0,
    "run": 0.379386937181486,
    "addit": 0.23341793168133998,
    "receiv": -0.0,
    "shadow": -0.0,
    "assembl": 0.0,
    "busi": 0.4257592499915769,
    "cabinet": -0.0,
    "legisl": 0.9564661695567278,
    "deleg": 1.0492438769660462,
    "speaker": 0.13822840013780352,
    "premier": 0.0,
    "australia": -0.0,
    "holder": 0.6551871669814804,
    "parliament": 0.0,
    "salari": 0.008825750996796054,
    "queensland": 0.27072632337823466,
    "officehold": -0.0,
    "officio": 0.21169624660772562
  }
}