{
  "qid": "134",
  "query": "Botany",
  "rank": 5,
  "docid": 4757514,
  "coef": {
    "mai": 0.0,
    "nation": 0.0,
    "england": 4.84542120893301,
    "institut": 1.115968111705099,
    "see": 1.5494754601774336,
    "china": 0.0,
    "scienc": 0.0,
    "refer": 0.0,
    "adi": 0.27779188913403924,
    "agricultur": 1.5913609112857034,
    "academi": 0.0,
    "botani": 4.331236188138217,
    "chines": 0.0,
    "aw": 0.0,
    "poland": 0.0,
    "kunm": -0.6150303397563498,
    "jiangsu": 0.0,
    "szafer": 0.0
  }
}