{
  "qid": "139",
  "query": "European Union Governance",
  "rank": 0,
  "docid": 4301271,
  "coef": {
    "aspect": 0.0,
    "union": 0.4009565977551231,
    "assist": 0.25316807334807473,
    "adopt": 0.13615620370394424,
    "econom": 0.0,
    "public": 0.18120110934041667,
    "formul": 0.0,
    "educ": 0.0266565016959387,
    "legal": 0.2905545319262955,
    "form": 0.0,
    "civil": 0.0008994740885882051,
    "bodi": 0.0,
    "establish": 0.0,
    "implement": 0.0,
    "charg": 0.0,
    "develop": 0.001290300110938701,
    "well": 0.17522256940810632,
    "govern": 0.4387017576191541,
    "prioriti": -0.0,
    "act": 0.407729453300938,
    "process": 0.31928172515555997,
    "regul": 0.3438337563716468,
    "plan": 0.0,
    "organ": 0.61751558296796,
    "institut": 0.33171007441464695,
    "relat": 0.0,
    "english": 0.0,
    "particip": 0.0,
    "constitut": 0.030237771969105317,
    "conclus": 0.019489009912990546,
    "cooper": 0.0,
    "direct": 0.43842799912851466,
    "intern": 0.36456490759038973,
    "accord": 0.0,
    "activ": 0.9681129496096832,
    "oblig": 0.0,
    "promot": 0.0,
    "associ": 0.5879424065651073,
    "strategi": 0.8615494184889968,
    "screen": 0.0,
    "year": 0.0,
    "translat": -0.0,
    "supervis": 0.00863801221270648,
    "program": 0.0,
    "stimul": 0.0,
    "coordin": 0.7266448608538008,
    "14": 0.0021732536921770596,
    "special": 0.17226716047694646,
    "integr": 0.0,
    "analysi": 0.0,
    "design": 0.0,
    "languag": 0.0012837152995723196,
    "standard": 0.2783874377261348,
    "fund": 0.041972930996803846,
    "requir": 0.834078442102404,
    "capac": 0.0,
    "2004": 0.003969824407259801,
    "foreign": 0.0,
    "european": 0.3189162707322821,
    "jurisdict": 0.8242267472748656,
    "29": 0.0,
    "republ": 0.6076111971800519,
    "donat": 0.5472005971219598,
    "prepar": 0.0,
    "2017": 0.5986837795237329,
    "legisl": 0.0,
    "offic": 0.6148583566426563,
    "deleg": -0.0,
    "june": 0.0,
    "domest": 0.0,
    "access": 0.15574773265170785,
    "march": 0.0,
    "appoint": 0.24855023800436468,
    "monitor": 0.09227326917060008,
    "servant": 0.46041099624561543,
    "realiz": 0.0,
    "dissolv": 0.33780094225403057,
    "negoti": 0.2036725532682054,
    "technic": 0.0,
    "director": 0.0,
    "agreement": 0.0,
    "harmon": 0.0,
    "stabilis": 0.011783012679210454,
    "ministri": 0.1439769821779249,
    "eu": -0.0,
    "mandat": 0.0,
    "partak": 0.0,
    "serbia": 0.6314787027433253,
    "statut": 0.0,
    "serbian": 0.0,
    "harmonis": 0.31134819327311886,
    "seio": 0.6284800766667462
  }
}