{
  "qid": "101",
  "query": "Mathematicians",
  "rank": 5,
  "docid": 4795635,
  "coef": {
    "list": 0.0,
    "countri": 3.546344717842983,
    "includ": 0.0,
    "later": 6.025889406670985e-14,
    "see": 0.0,
    "who": 0.0,
    "scienc": -0.0,
    "technolog": -0.0,
    "brazil": 0.08030652827519298,
    "born": 3.421169671398441,
    "famou": 0.5758224735262094,
    "mathematician": 4.527172960199692,
    "brazilian": 0.0
  }
}