{
  "qid": "145",
  "query": "Finance",
  "rank": 4,
  "docid": 947556,
  "coef": {
    "mai": 0.00946715798794226,
    "see": 0.0,
    "spain": 0.0,
    "refer": 0.4782055296377781,
    "itali": -0.0,
    "south": 0.0,
    "economi": 1.0942518228138398,
    "financ": -0.0,
    "cambodia": -0.0,
    "ministri": 1.1628576195666007,
    "haiti": -0.0,
    "peru": -0.8478533318823852,
    "korea": 0.0,
    "ecuador": 0.0,
    "benin": -0.0
  }
}