{
  "qid": "116",
  "query": "Malnutrition",
  "rank": 6,
  "docid": 3024623,
  "coef": {
    "state": 0.0,
    "5": 0.0,
    "figur": 0.0,
    "situat": 0.0,
    "sever": 0.0,
    "publish": 0.0,
    "institut": 0.1866687377985005,
    "children": 0.0,
    "see": 0.0,
    "articl": 0.03027030722775608,
    "intern": 0.0,
    "accord": 0.0,
    "refer": 2.311649458501822,
    "statist": 0.0,
    "0": 0.0,
    "9": 0.0,
    "total": 2.2143182833499115,
    "popul": 6.688987603330731e-14,
    "food": 1.4922296576657943,
    "research": 7.175421441884833e-15,
    "rate": 0.0,
    "infant": 0.6310454069135978,
    "6": 1.270038818039235,
    "index": 1.0812127489894614,
    "lowest": 2.3759241289430815,
    "indian": 0.8352447495848381,
    "mortal": 0.0,
    "polici": 1.042964220197413,
    "india": 0.8783317554799622,
    "hunger": 1.4568126806079305,
    "kerala": 1.701923767963725,
    "malnutrit": 2.270174478311886,
    "underweight": 0.0,
    "undernourish": 0.03792084633835343
  }
}