{
  "qid": "132",
  "query": "Literacy",
  "rank": 2,
  "docid": 1858638,
  "coef": {
    "state": -0.0,
    "discuss": 0.03144809739261368,
    "list": 8.97671374359256e-16,
    "market": 0.0,
    "emphasi": 0.0,
    "system": -0.0,
    "support": 0.5205816395411734,
    "assist": -0.0,
    "nation": 0.33237729466190014,
    "region": 0.0,
    "help": 0.0,
    "basic": -0.0,
    "acquir": 0.0,
    "tool": 0.0,
    "public": 0.0,
    "servic": 0.2970526735794933,
    "target": -0.0,
    "includ": 0.0,
    "facilit": 0.0,
    "educ": 0.17386663223078389,
    "call": 0.00686985507642716,
    "event": 0.1161677868917226,
    "manag": 0.0,
    "oper": 0.04178449284351017,
    "area": -0.0,
    "need": -0.0,
    "establish": -0.0,
    "host": 0.0,
    "guid": 0.0,
    "choic": 0.044805746134213155,
    "develop": 0.0,
    "learn": 8.705197534175259e-08,
    "portal": 0.0,
    "confer": 0.0,
    "issu": 0.0,
    "commun": 0.0,
    "offer": 0.49947523732316934,
    "time": 0.0,
    "plan": 0.0,
    "organ": 0.18690735424350885,
    "institut": 0.0,
    "internet": -0.0,
    "enhanc": -0.0,
    "network": 0.2832768143941317,
    "place": 0.0,
    "wide": 0.0,
    "english": 0.0,
    "instruct": 0.0,
    "particip": 0.0,
    "inform": 0.03386336154521903,
    "advoc": 0.0,
    "produc": 0.0,
    "free": 0.0,
    "effect": 0.0,
    "win": 0.0,
    "read": 0.001543501109207136,
    "practic": 0.0,
    "web": 0.0,
    "distribut": -0.0,
    "share": 0.0,
    "promot": 0.0,
    "individu": 0.0,
    "base": 0.0,
    "refer": 0.0,
    "dai": 0.0,
    "combin": 0.0,
    "latest": 0.0,
    "serv": 0.15765662423952873,
    "approach": 0.0,
    "teach": 0.0,
    "level": -0.0,
    "train": 0.0,
    "initi": 0.19064931685661132,
    "materi": -0.0,
    "profession": -0.0,
    "nutrit": 0.0,
    "program": 0.25242379619400235,
    "focu": -0.0,
    "full": 0.0,
    "health": 0.2945095095723295,
    "moder": 0.33881969993479477,
    "rang": -0.0,
    "resourc": 0.41252081520602807,
    "rais": 0.3674449878665044,
    "referr": 0.0,
    "improv": -0.0,
    "specialist": 0.5349406913561592,
    "special": 0.0,
    "famili": 0.09810210008828901,
    "opportun": 0.3997272194254384,
    "adult": 0.0,
    "awar": 0.04095531220351359,
    "skill": 0.0,
    "qualiti": 0.1748527494494105,
    "fund": 0.0,
    "board": -0.0,
    "annual": 0.0,
    "knowledg": 0.0,
    "blue": 0.18667308313853243,
    "cross": 0.0,
    "multi": 0.15367808145237025,
    "site": 0.0,
    "topic": 0.014787427676996494,
    "coalit": 0.0,
    "toll": -0.0,
    "shield": 0.0,
    "corpor": 0.0,
    "administr": -0.0,
    "300": 0.0,
    "resid": -0.0,
    "florida": 0.3971241965264781,
    "project": 0.4468835729714399,
    "statewid": 0.25577172121125563,
    "center": 0.0,
    "provid": 0.0,
    "financi": 0.0,
    "depart": 0.0,
    "literaci": 0.13323504087537166,
    "access": 0.0,
    "corp": 0.0,
    "volunt": 0.19297002794521143,
    "deliveri": 0.0,
    "tutor": 0.0,
    "1985": -0.0,
    "technic": -0.0,
    "partnership": 0.002400117236139186,
    "award": 0.0,
    "collabor": 0.047184654274393514,
    "premier": 0.0,
    "nonprofit": 0.0,
    "promis": 0.0,
    "advocaci": 0.0,
    "practition": 0.014493241459694856,
    "curricula": 0.0,
    "disciplinari": 0.00863533039171602,
    "curriculum": 0.45195432399539476,
    "outreach": 0.0,
    "umbrella": 0.0,
    "instructor": -0.0,
    "directori": 0.0,
    "vista": 0.14174455271799222,
    "fundrais": -0.0,
    "hotlin": -0.0,
    "clearinghous": 0.0,
    "esl": 0.0,
    "linc": -0.0,
    "americorp": 0.0,
    "flc": 0.255920875794999,
    "esol": 0.0
  }
}