{
  "qid": "147",
  "query": "Discrimination",
  "rank": 6,
  "docid": 3607217,
  "coef": {
    "be": 0.0,
    "state": 0.0,
    "discuss": 0.0,
    "pai": 0.2721320756657029,
    "lead": 0.34991973387798037,
    "mind": 0.0,
    "origin": 0.0,
    "market": 0.0,
    "peopl": 0.0,
    "exist": 0.062284875039232,
    "seen": 0.0,
    "attempt": 0.0,
    "illustr": 0.0,
    "can": 0.08078557403985806,
    "higher": 0.0,
    "mai": 0.10459539786886839,
    "debat": 0.0,
    "situat": 0.0,
    "men": 0.0,
    "countri": 0.0,
    "industri": 0.0,
    "section": 0.0,
    "product": 0.31543195700288473,
    "task": 0.0,
    "defin": 0.0,
    "basic": 0.15520748958273092,
    "differ": 0.12311798916835834,
    "gener": 0.0,
    "servic": 0.0,
    "take": 0.0,
    "educ": 0.0,
    "ii": 0.0,
    "form": 0.0,
    "number": 0.0,
    "import": 0.030843242077666047,
    "hold": 0.0,
    "exclud": 0.0,
    "due": -0.0,
    "ag": 0.020822803338966415,
    "need": 0.00033195701751023314,
    "trade": 0.0,
    "simpli": 0.0,
    "kind": 0.0,
    "still": 0.0,
    "build": 0.0,
    "tend": 0.17149042214700008,
    "work": 0.0,
    "american": 0.0,
    "experi": 0.03517322693280953,
    "women": 0.027158390072599035,
    "contrast": 0.0,
    "career": 0.05922106628376723,
    "labour": 0.0,
    "group": 0.27996164562035986,
    "preval": 0.09708221478325267,
    "similarli": 0.0,
    "treat": -0.0,
    "justifi": 0.0,
    "act": 0.0,
    "exampl": 0.26648367798999084,
    "root": 0.0,
    "life": 0.0,
    "true": 0.0,
    "role": 0.0,
    "ident": 0.0,
    "process": 0.0,
    "plai": 0.0,
    "consum": -0.0,
    "will": 0.0,
    "subject": 0.0,
    "worker": 0.19660004286763647,
    "place": 0.0,
    "sex": 0.07764821812194624,
    "consid": 0.04588416803713694,
    "equal": 0.0,
    "known": 0.0,
    "determin": 0.0,
    "onli": 0.18028194203152662,
    "white": 0.0,
    "structur": 0.0,
    "like": 0.0,
    "effect": 0.26548498961430167,
    "question": 0.0,
    "capit": 0.0,
    "minor": 0.0,
    "practic": -0.0,
    "multipl": 0.02868665351988845,
    "problem": 0.0,
    "theori": 0.0,
    "secondli": 0.0,
    "gender": 0.0,
    "promot": 0.0,
    "individu": 0.18220952111905,
    "person": 0.22029807959850617,
    "paid": 0.0,
    "base": 0.031273298839922636,
    "promin": 0.2742925384453845,
    "label": 0.0,
    "suggest": 0.0,
    "statist": -0.0,
    "emploi": 0.0,
    "serv": 0.07584522765436781,
    "happen": -0.0,
    "occur": 0.0,
    "human": 0.0,
    "increas": 0.0,
    "level": 0.0,
    "train": 0.0,
    "averag": 0.0,
    "contact": 0.0,
    "classifi": 0.03434054450136455,
    "employe": 0.0,
    "unrel": 0.0,
    "present": 0.0,
    "attach": 0.0,
    "interview": 0.0,
    "appli": -0.0,
    "cost": 0.073970463353709,
    "case": 0.0,
    "candid": -0.0,
    "declin": 0.05232795987973178,
    "identifi": 0.0,
    "characterist": 0.02194999856922016,
    "high": 0.0,
    "prefer": 0.19672762619559353,
    "prospect": 0.0,
    "face": -0.0,
    "consider": 0.0,
    "wage": 0.0,
    "job": 0.33798820291991805,
    "reduct": 0.0,
    "supplement": 0.0,
    "race": 0.1518550484797732,
    "repetit": 0.0,
    "now": 0.0,
    "1970": -0.0,
    "understood": 0.0,
    "growth": 0.040883028075811505,
    "male": 0.01680424701672806,
    "systemat": 0.0,
    "stigma": 0.0,
    "select": 0.0,
    "consequ": 0.0,
    "misconcept": 0.0,
    "extent": 0.03496924818969766,
    "deal": 0.1445651308719388,
    "factor": 0.014359952457542754,
    "opportun": 0.0,
    "measur": 0.0,
    "given": 0.0,
    "aris": 0.0,
    "differenti": 0.0,
    "employ": 0.2658659491008029,
    "compar": 0.0,
    "1": 0.0,
    "explan": 0.0,
    "counterpart": 0.03278078289219782,
    "requir": 0.0,
    "applic": 0.0,
    "quantifi": 0.0,
    "addit": -0.0,
    "color": 0.0,
    "shorter": 0.0,
    "unemploy": 0.0,
    "discrimin": 0.25252353438740893,
    "protect": 0.0,
    "suitabl": -0.0,
    "custom": 0.07549140683788537,
    "deep": 0.0,
    "project": 0.0,
    "sold": 0.0,
    "manufactur": 0.0,
    "legisl": 0.0,
    "segreg": 0.0,
    "demand": 0.0,
    "labor": 0.0,
    "compani": 0.0,
    "possess": 0.0,
    "unequ": -0.0,
    "african": 0.0,
    "access": 0.0,
    "man": 0.0,
    "arrow": 0.0,
    "prevail": 0.0,
    "combat": 0.09133019447682539,
    "deni": 0.0,
    "answer": 0.0,
    "recruit": 0.0,
    "belong": 0.05362326709547899,
    "easili": 0.0,
    "qualifi": 0.02307023618846491,
    "woman": 0.0,
    "perfect": 0.0,
    "dimens": 0.018666273529356018,
    "qualif": 0.22554588448297327,
    "1975": 0.0,
    "valuabl": 0.0,
    "prejudic": 0.10317550702113719,
    "sector": 0.0,
    "par": 0.002232333110619652,
    "menial": 0.0,
    "obviou": 0.0,
    "disadvantag": 0.0,
    "manifest": 0.0,
    "transact": 0.0,
    "guess": 0.0,
    "neoclass": 0.0,
    "valuat": 0.0,
    "thirdli": 0.0,
    "kenneth": 0.0,
    "pd": 0.0
  }
}