{
  "qid": "102",
  "query": "Disco Music",
  "rank": 6,
  "docid": 1569756,
  "coef": {
    "be": 0.0,
    "latin": 0.0,
    "half": 0.0,
    "state": 0.02678050338086662,
    "major": -0.0,
    "self": -0.0,
    "action": 0.0,
    "draw": 0.0,
    "right": 0.0,
    "lead": 0.0,
    "mind": 0.0,
    "hagu": 0.0,
    "origin": -0.0,
    "version": 0.0,
    "highli": 0.0,
    "progress": 0.0,
    "cultur": 0.0,
    "peopl": -0.0,
    "heavili": -0.0,
    "synonym": 0.0,
    "mainstream": 0.00146419399653074,
    "anonym": 0.0,
    "emerg": 0.0,
    "exist": 0.0,
    "primarili": 0.0,
    "inspir": -0.0,
    "focus": 0.0,
    "believ": -0.0,
    "can": 0.0,
    "element": 0.0,
    "earli": 0.09771465232564448,
    "mai": 0.0,
    "precursor": 0.0,
    "name": 0.0,
    "eclect": 0.0,
    "demograph": -0.0,
    "creat": 0.0,
    "platform": 0.0,
    "connect": 0.16431032369016915,
    "countri": 0.0,
    "movement": -0.0,
    "help": 0.0,
    "classic": 0.0,
    "mid": 0.02560609611935521,
    "section": 0.0,
    "product": 0.0,
    "music": 0.048806124290549965,
    "us": 0.12358404104560188,
    "friendli": 0.0,
    "differ": 0.0,
    "gener": 0.0,
    "scene": 0.17539595705364147,
    "wave": -0.0,
    "servic": 0.0,
    "includ": 0.00497383426788815,
    "began": 0.0,
    "histori": -0.0,
    "take": 0.04923369386130805,
    "later": -0.0,
    "came": 0.0,
    "call": 0.04878645297642296,
    "21st": 0.0,
    "french": 0.13019258843754442,
    "form": 0.0,
    "number": 0.18028995411276147,
    "import": 0.0,
    "found": 0.1401256726107531,
    "hold": 0.0,
    "bring": -0.0,
    "perform": 0.0,
    "favour": 0.0,
    "oper": 0.0,
    "area": -0.0,
    "best": 0.155910413247986,
    "ad": 0.0,
    "term": 0.0,
    "kei": 0.0,
    "kind": 0.0,
    "occupi": 0.0,
    "love": 0.0,
    "still": 0.0,
    "school": 0.0,
    "follow": 0.0,
    "tend": 0.0,
    "late": 0.037594859239271874,
    "critic": -0.0,
    "work": 0.0,
    "american": -0.0,
    "larg": 0.0,
    "digit": 0.0,
    "chang": 0.0,
    "electron": -0.0,
    "gradual": -0.0,
    "reviv": -0.0,
    "second": 0.0,
    "interest": 0.0,
    "influenti": 0.04038732743359094,
    "carri": 0.0,
    "develop": 0.0,
    "popular": 0.013955198366122032,
    "young": 0.0,
    "career": 0.0,
    "well": -0.0,
    "singl": 0.08285642315536439,
    "issu": -0.0,
    "group": -0.0,
    "preval": 0.0,
    "push": 0.0,
    "act": -0.0,
    "exampl": 0.14628165143378363,
    "feel": 0.0,
    "insist": 0.0,
    "time": 0.058602597940158485,
    "punk": 0.18261695091336733,
    "life": 0.0,
    "down": 0.0,
    "process": 0.0,
    "organ": 0.0,
    "add": 0.0,
    "artist": 0.015469645987557016,
    "notabl": 0.0,
    "thought": 0.0,
    "newli": 0.0,
    "influenc": 0.0,
    "end": 0.0,
    "atmospher": 0.0,
    "will": 0.0,
    "pioneer": 0.05690638278801865,
    "left": 0.0,
    "field": 0.0,
    "1999": 0.0,
    "constant": 0.0,
    "70": -0.0,
    "set": 0.0,
    "non": 0.0,
    "method": 0.0,
    "peter": -0.0,
    "wide": 0.0,
    "live": 0.01028283789925668,
    "consid": 0.0,
    "local": -0.0,
    "signific": -0.0,
    "known": -0.0,
    "overlap": 0.0,
    "renaiss": 0.0,
    "reli": -0.0,
    "gain": 0.08362685302470411,
    "onli": 0.0,
    "white": 0.0,
    "line": 0.0,
    "structur": 0.0,
    "new": 0.0,
    "featur": -0.0,
    "produc": 0.10640386301848215,
    "like": 0.0,
    "intern": 0.0,
    "space": 0.0,
    "resurg": 0.0,
    "charact": 0.0,
    "who": 0.0,
    "futur": -0.0,
    "posit": 0.0,
    "first": 0.21387415442887917,
    "offici": 0.0,
    "result": 0.0,
    "post": -0.0,
    "make": 0.0,
    "activ": 0.11112227413426158,
    "part": 0.0,
    "pari": 0.0,
    "wai": 0.0,
    "unit": 0.0,
    "releas": 0.053303882148999004,
    "centuri": 0.0,
    "tradit": 0.0,
    "made": 0.0,
    "continu": 0.0,
    "member": 0.0,
    "littl": -0.0,
    "base": 0.0,
    "directli": 0.0,
    "refer": -0.0,
    "dai": 0.0,
    "point": 0.0,
    "give": -0.0,
    "fusion": 0.0,
    "band": 0.0,
    "independ": 0.0,
    "decad": 0.06038094689363711,
    "label": 0.12242948186656907,
    "separ": 0.0,
    "easier": 0.0,
    "success": 0.0,
    "walter": 0.0,
    "associ": 0.04165199060343457,
    "emphas": 0.0,
    "suggest": 0.0,
    "sourc": 0.007085073366700311,
    "varieti": 0.0,
    "hous": 0.06170181188245001,
    "attitud": 0.0,
    "style": 0.0,
    "2008": 0.0,
    "modern": 0.09775083498995396,
    "back": 0.0,
    "technolog": 0.0,
    "black": 0.0,
    "remain": -0.0,
    "especi": -0.0,
    "altern": 0.06904198388821225,
    "hand": 0.0,
    "sens": 0.0,
    "han": -0.0,
    "increas": 0.0,
    "2": 0.0,
    "leav": 0.0,
    "compil": 0.0,
    "contain": 0.0,
    "thick": -0.0,
    "character": -0.0,
    "experienc": 0.0,
    "initi": 0.0,
    "2015": 0.0,
    "present": 0.0,
    "unvari": 0.0,
    "uk": 0.0,
    "modifi": 0.0,
    "appli": 0.0,
    "boi": 0.0,
    "pattern": 0.0,
    "case": 0.0,
    "year": 0.02916261888193038,
    "candid": 0.0,
    "declin": 0.17034121646712178,
    "hear": 0.0,
    "incorpor": -0.0,
    "characterist": 0.0,
    "program": 0.0,
    "widespread": 0.0,
    "model": 0.0,
    "background": 0.0,
    "high": 0.0,
    "confus": 0.0,
    "boundari": 0.0,
    "2013": 0.0,
    "numer": 0.0,
    "phrase": 0.0,
    "look": 0.0,
    "old": 0.0,
    "week": 0.014380507173326888,
    "rang": 0.0,
    "worldwid": 0.0,
    "typic": 0.0,
    "rock": 0.24595011592277777,
    "repetit": 0.0,
    "arrang": -0.0,
    "80": -0.0,
    "1990": 0.027038045538387883,
    "1980": 0.0,
    "now": 0.0,
    "1970": 0.010593534916661216,
    "instrument": 0.0,
    "30": 0.0,
    "vocal": 0.0,
    "link": 0.0,
    "categori": -0.0,
    "imagin": 0.0,
    "sampl": 0.11448219481676196,
    "heavi": 0.0,
    "regard": 0.0,
    "sharp": 0.0,
    "adjust": 0.0,
    "disco": 0.1318855506958762,
    "mix": 0.10535597635593405,
    "essenti": 0.02755873051870646,
    "given": 0.0,
    "earn": 0.0,
    "smoke": 0.0,
    "start": 0.0,
    "2012": 0.0,
    "2010": 0.0018747574066626286,
    "reach": 0.0,
    "2000": 0.0014394165516687827,
    "compar": 0.0,
    "commerci": 0.0,
    "1": 0.0,
    "home": 0.0,
    "entir": 0.0,
    "drive": 0.0,
    "awai": 0.0,
    "applic": 0.0,
    "keep": -0.0,
    "extend": 0.0,
    "receiv": 0.0,
    "summer": 0.0,
    "impact": 0.0,
    "top": 0.0,
    "strongli": 0.0,
    "2003": -0.0,
    "fire": 0.0,
    "eventu": 0.0,
    "color": 0.0,
    "annual": 0.0,
    "grass": 0.0,
    "european": -0.0,
    "rai": 0.0,
    "sound": 0.12404270154291472,
    "brought": 0.0,
    "slowli": 0.0,
    "cross": -0.0,
    "print": -0.0,
    "lee": 0.0,
    "mild": 0.0,
    "breakdown": 0.0,
    "huge": 0.0,
    "flower": 0.0,
    "bag": 0.0,
    "fade": 0.0,
    "spent": 0.0,
    "cite": 0.0,
    "record": 0.05382042741675195,
    "gospel": 0.0,
    "retain": 0.0,
    "busi": 0.0,
    "affair": 0.0,
    "film": -0.0,
    "resid": 0.0,
    "magazin": 0.0,
    "project": 0.0,
    "hot": 0.016127857106661248,
    "predominantli": -0.0,
    "center": -0.0,
    "hit": 0.045975346799358406,
    "nineteenth": 0.0,
    "percent": 0.0,
    "2017": 0.0,
    "2002": 0.02859174266572582,
    "underground": 0.0,
    "spring": -0.0,
    "septemb": 0.0,
    "peak": 0.0,
    "100": 0.0,
    "2019": 0.0,
    "massiv": 0.0,
    "wait": 0.0,
    "thoma": 0.0,
    "juli": 0.0,
    "track": 0.1101591163542484,
    "commiss": 0.0,
    "54": 0.0,
    "1993": 0.0,
    "british": -0.0,
    "1950": 0.0,
    "won": 0.0,
    "jame": 0.0,
    "steve": 0.0,
    "swift": -0.0,
    "sister": 0.0,
    "angel": 0.0,
    "went": -0.0,
    "pin": 0.0,
    "lo": 0.0,
    "arriv": 0.0,
    "didn": 0.0,
    "murder": 0.0,
    "wilson": 0.0,
    "internation": 0.01697468401746468,
    "exactli": 0.0,
    "beat": 0.0,
    "box": 0.0,
    "harri": 0.0,
    "todd": 0.1390889033149243,
    "driven": -0.0,
    "1977": 0.0,
    "taylor": -0.0,
    "choru": 0.0,
    "invad": 0.0,
    "master": 0.0,