{
  "qid": "147",
  "query": "Discrimination",
  "rank": 0,
  "docid": 6033536,
  "coef": {
    "mai": 0.0,
    "gener": 0.0,
    "form": 0.0,
    "number": 0.0,
    "root": 0.0,
    "field": 0.21474023320154742,
    "function": -2.6500374759847998,
    "determin": 2.6651864466133697,
    "multipl": 0.0,
    "properti": 3.448504113081173e-14,
    "refer": 0.0,
    "valu": -0.0,
    "statist": -0.0,
    "medicin": -0.0,
    "psycholog": -0.0,
    "modifi": -0.0,
    "depend": 0.0,
    "real": -0.0,
    "valid": -0.0,
    "analysi": -0.0,
    "mathemat": 0.7450887919965273,
    "curv": 0.0,
    "algebra": 0.0,
    "quantiti": 2.6873487772919846,
    "discrimin": 2.7120219832870194,
    "fundament": -0.0,
    "modular": -0.0,
    "coeffici": 0.0,
    "quadrat": 0.0,
    "fisher": -1.7092735900475304,
    "ellipt": 0.0,
    "polynomi": 0.0,
    "kernel": -2.9609913380208176e-16,
    "maddrei": -0.0
  }
}