{
  "qid": "107",
  "query": "Seafood",
  "rank": 8,
  "docid": 2484373,
  "coef": {
    "be": 0.0,
    "list": 0.0,
    "market": -0.0,
    "consumer": 0.0,
    "societi": 0.9462602407676621,
    "system": 0.010695658988820373,
    "region": 0.0,
    "product": 0.0,
    "us": 0.0,
    "websit": 0.0,
    "includ": 0.3824069719085532,
    "oper": -0.0,
    "best": 0.0,
    "guid": 0.3300931956518749,
    "choic": 0.0,
    "develop": 0.9325518920513036,
    "environment": 0.009694783682556107,
    "aim": 0.0,
    "citi": -0.0,
    "justic": 0.0,
    "organ": 0.0,
    "publish": 0.0,
    "consum": 0.831512193429335,
    "institut": 0.4476635601714481,
    "see": 0.0,
    "known": 0.0,
    "advoc": -0.0,
    "new": 0.0,
    "produc": 0.03752554095733817,
    "social": 0.35033213178623407,
    "base": 0.967672268775546,
    "council": 0.0,
    "foundat": 0.0,
    "canada": 0.20140068052959573,
    "independ": 0.0,
    "label": 0.09544163415567963,
    "ethic": 0.0,
    "onlin": -0.0,
    "increas": 0.0,
    "initi": 0.0,
    "uk": 8.994317896336453e-08,
    "sustain": 0.7660971384721895,
    "program": 0.1340632694136049,
    "health": 0.0,
    "reduct": 0.0,
    "recommend": 0.9780445530682303,
    "assess": 0.0,
    "account": 0.4872753984684986,
    "awar": 0.008364342335791572,
    "standard": 0.0,
    "traffic": 0.0,
    "forest": 0.0,
    "light": 0.2009650939083909,
    "carbon": 0.01772484787531983,
    "impact": 5.348218491040645e-05,
    "ocean": 0.4784149226617384,
    "blue": 1.8707150066829632e-15,
    "restaur": 0.0,
    "statu": 0.0,
    "bai": 0.0,
    "usa": 0.0,
    "protect": 0.0,
    "west": 0.0,
    "conserv": 0.43752856273762386,
    "speci": 0.0,
    "fish": 0.41753920281821577,
    "retail": 0.04720832637754649,
    "coast": 0.0,
    "northeast": 0.0,
    "york": 0.0,
    "bird": 0.0,
    "purchas": 0.0,
    "watch": 0.0,
    "california": 0.0,
    "danger": 0.0,
    "scheme": 0.4775788199304463,
    "advis": 0.0,
    "royal": 0.0,
    "amc": 0.0,
    "certifi": 0.4115850405283141,
    "atlant": 0.00038524319516572707,
    "certif": 0.05103614062033318,
    "australia": 0.0,
    "australian": 0.0890933813727035,
    "vancouv": 0.696882885478681,
    "footprint": 0.03131525860830607,
    "dine": 0.0,
    "india": -0.0,
    "aquacultur": 0.0,
    "mc": 0.0,
    "wise": 0.16007206986553532,
    "marin": 0.28816677755932507,
    "stewardship": 0.19131094948722502,
    "seafood": 0.21601327545775814,
    "zealand": 0.05206035464466602,
    "fisheri": -0.0,
    "advisori": 0.0,
    "overfish": 0.0,
    "greenpeac": 0.0,
    "monterei": 0.5868800506938867,
    "audubon": -0.0,
    "aquarium": 0.0,
    "oceana": 0.0,
    "ecolabel": 0.0,
    "ejf": 0.0,
    "seachoic": 0.0
  }
}