{
  "qid": "119",
  "query": "Classical Dance",
  "rank": 8,
  "docid": 2633358,
  "coef": {
    "third": 0.0,
    "state": 0.0,
    "lead": 0.0,
    "version": 0.0,
    "cultur": 0.0,
    "stand": 0.0,
    "journal": 0.0,
    "earli": 0.0,
    "mai": 0.0,
    "nation": 0.1577774840976319,
    "name": 0.0,
    "classic": 0.023402322766361044,
    "basic": -0.0,
    "wave": 0.0,
    "big": 0.0,
    "later": 0.0,
    "event": 0.0,
    "expand": -0.0,
    "perform": 0.19442767463207014,
    "de": 0.0,
    "open": 0.10793324334712268,
    "due": 0.0,
    "best": 0.0,
    "bodi": 0.0,
    "ag": 0.16816963992680659,
    "involv": 0.0,
    "kind": 0.0,
    "love": 0.11166957707923962,
    "school": 0.22146831458295912,
    "critic": 0.0,
    "height": 0.0,
    "youth": 0.0050258378413961455,
    "enabl": 0.0,
    "art": 0.0,
    "long": 0.0,
    "popular": -0.0,
    "career": 0.0,
    "well": 0.0,
    "reform": 0.0,
    "group": 0.007547859518181725,
    "commun": -0.0,
    "time": 0.0,
    "life": 0.0,
    "role": 0.0,
    "cours": -0.0,
    "plai": 0.03450384045655895,
    "institut": 0.0,
    "small": 0.0,
    "franc": 0.0,
    "live": 0.0,
    "contemporari": -0.0,
    "displai": 0.0,
    "known": 0.0,
    "surviv": 0.0,
    "china": 0.14008397067268727,
    "onli": 0.0,
    "intern": 0.0,
    "space": 0.030859206036219947,
    "join": 0.0,
    "win": 0.0,
    "practic": 0.0,
    "multipl": 0.0,
    "first": 0.0,
    "make": 0.0,
    "activ": 0.0,
    "part": 0.0,
    "unit": 0.06699154062640786,
    "continu": 0.0,
    "littl": 0.0,
    "decis": 0.0,
    "dai": 0.0,
    "aesthet": 0.0,
    "give": 0.0,
    "success": 0.047418395265380754,
    "style": 0.0,
    "2008": 0.0,
    "modern": 0.0,
    "hard": 0.0,
    "harmoni": 0.0,
    "happen": 0.0,
    "han": 0.0,
    "level": 0.0,
    "9": 0.0,
    "train": 0.2602479277424165,
    "leav": 0.0,
    "month": 0.0,
    "car": 0.0,
    "stage": 0.0,
    "present": 0.08542064355293823,
    "boi": 0.0,
    "year": 0.0,
    "repeat": 0.0451918498564221,
    "show": 0.13553813580524243,
    "numer": 0.0,
    "graduat": 0.0,
    "teacher": -0.0,
    "invit": 0.0,
    "week": 0.0,
    "loneli": 0.0,
    "rock": 0.0,
    "harder": 0.0,
    "now": 0.0,
    "16": 0.0,
    "10": 0.0,
    "special": 0.041776232878736407,
    "categori": 0.0,
    "famili": 0.0,
    "audienc": 0.22229412573474477,
    "select": 0.0,
    "nbsp": 0.0,
    "mix": 0.0,
    "rhythmic": 0.0,
    "bone": 0.01954652061650693,
    "theme": 0.0,
    "skill": 0.0,
    "mar": 0.0,
    "start": 0.0,
    "2007": 0.09502825046626599,
    "2005": -0.0,
    "2000": 0.0,
    "exhibit": 0.0,
    "6": 0.0,
    "home": 0.0,
    "awai": 0.0025757826011189506,
    "09": 0.0,
    "highest": 0.018850336484547245,
    "kilomet": 0.0,
    "addit": 0.0,
    "receiv": 0.0,
    "top": -0.0,
    "2003": 0.0,
    "ocean": 0.0,
    "earth": 0.0,
    "sun": 0.13325503738350936,
    "itali": 0.0,
    "5th": 0.0,
    "brought": 0.0,
    "final": 0.0,
    "8th": 0.0,
    "cup": -0.0,
    "huge": 0.0,
    "provinc": 0.0,
    "mount": 0.0,
    "pine": -0.0,
    "flower": 0.0,
    "tour": 0.0,
    "struck": 0.0,
    "thousand": 0.0,
    "partial": 0.0,
    "senior": -0.0,
    "fractur": 0.0,
    "competit": 0.06232425134265102,
    "festiv": 0.023370286741017744,
    "uniqu": 0.0,
    "peach": 0.2496810755377605,
    "novemb": 0.0,
    "vote": 0.0,
    "entertain": 0.0,
    "2006": 0.07029254401376503,
    "2001": 0.0,
    "spring": 0.11197997823003888,
    "2009": 0.0,
    "yellow": 0.0,
    "fan": 0.0,
    "plum": 0.0,
    "ceremoni": 0.0,
    "river": 0.0,
    "1000": 0.0,
    "1984": 0.0,
    "bridg": 0.0,
    "won": 0.09796330184010123,
    "30th": 0.0,
    "secondari": 0.0,
    "born": 0.0,
    "admit": 0.0,
    "legend": 0.0,
    "immort": 0.0,
    "pain": 0.12635210698653837,
    "phoenix": -0.0,
    "poem": 0.0,
    "honor": 0.0,
    "internation": 0.0,
    "resum": -0.0,
    "sing": 0.0,
    "strength": 0.0,
    "japan": 0.0,
    "doom": 0.0,
    "gold": -0.0,
    "favorit": 0.0,
    "17th": 0.0,
    "familiar": 0.0,
    "di": 0.0,
    "7th": 0.11634370887912392,
    "theatr": -0.0,
    "editor": 0.0,
    "theater": -0.0,
    "danc": 0.2517023152404668,
    "stood": 0.0,
    "outstand": 0.0,
    "finish": 0.0,
    "dream": 0.1141774687853244,
    "silver": 0.0,
    "tragic": 0.0,
    "accid": 0.19450684560664244,
    "arab": 0.0,
    "tragedi": 0.0,
    "heaven": 7.794140497658607e-05,
    "excel": -0.0,
    "academi": 0.007083667571172184,
    "jan": 0.0943481456646919,
    "rehabilit": 0.0,
    "chosen": 0.0,
    "soul": 0.0,
    "drama": 0.2625147953658618,
    "bronz": 0.0,
    "award": 0.045359744700577756,
    "solo": 0.0,
    "night": 0.0,
    "drum": -0.0,
    "ballet": 0.0,
    "melodi": 0.0,
    "3rd": 0.0,
    "sword": 0.0,
    "tv": 0.0,
    "song": 0.08759048634843433,
    "olymp": 0.025781223026777038,
    "roma": 0.0,
    "6th": 0.023958020305292465,
    "chines": 0.0,
    "cm": 0.0,
    "juvenil": 0.05696221171250738,
    "spirit": 0.017903975520387774,
    "fashion": 0.0,
    "australia": 0.0,
    "kid": 0.0,
    "butterfli": 0.02160921721170122,
    "anniversari": 0.0,
    "chariti": 0.0,
    "junior": 0.0,
    "passion": 0.0,
    "bachelor": 0.0,
    "wind": 0.0,
    "apr": 0.0,
    "emir": 0.0,
    "ministri": 0.0,
    "dynasti": 0.06159262277774639,
    "flexibl": 0.14413879536431584,
    "aug": 0.0,
    "dec": 0.0,
    "chant": 0.0,
    "mascot": 0.0,
    "debut": 0.0,
    "journei": 0.0,
    "earthquak": 0.0,
    "podium": 0.0,
    "hometown": 0.0,
    "tough": 0.0,
    "diari": 0.005655674707865756,
    "gymnast": 0.0,
    "stir": 0.0,
    "shanghai": 0.0,
    "60th": 0.0,
    "dancer": 0.12376638685358239,
    "beij": 0.0882886198470429,
    "tang": 0.0,
    "bamboo": 0.0,
    "countdown": 0.0,
    "sydnei": 0.0,
    "pelvi": 0.0,
    "cann": 0.0,
    "wan": 0.0,
    "lotu": 0.0,
    "liu": 0.0,
    "nov": -0.0,
    "hu": 0.0,
    "disclosur": 0.0,
    "183": 0.0,
    "wei": 0.0,
    "vcd": 0.0,
    "gala": 0.14727938400215057,
    "feb": 0.0,
    "wen": 0.0,
    "troup": 0.0,
    "hua": 0.0,
    "dalian": 0.0,
    "wuhan": 0.0,
    "jul": 0.0,
    "sep": 0.0,
    "rui": 0.011221269885883267,
    "internazional": 0.0,
    "magpi": 0.0,
    "cctv": 0.04996321417788695,
    "danza": 0.0,
    "zeng": 0.0,
    "hubei": 0.0,
    "premio": 0.0,
    "wenchuan": 0.0,
    "concorso": 0.0,
    "mengmei": 0.0
  }
}