{
  "qid": "136",
  "query": "Visual Journalism",
  "rank": 4,
  "docid": 5958607,
  "coef": {
    "emerg": 0.0,
    "journal": 2.92032838058841,
    "educ": 0.0,
    "area": 0.0,
    "establish": 0.0,
    "review": -0.31998375989504463,
    "commun": 2.965559937376416,
    "academ": -0.0,
    "publish": 2.5189385239045543,
    "lawrenc": 0.0,
    "mass": 0.2894167726829972,
    "offici": 0.0,
    "associ": 0.0,
    "sourc": 0.0,
    "peer": -0.0,
    "cover": -0.0,
    "visual": 0.2319521385512009,
    "univers": 2.8787673137844947,
    "index": 0.8253146228253412,
    "chief": 3.415433848537016,
    "divis": 0.0,
    "vega": 0.0,
    "la": 0.38744480657026453,
    "1994": 0.3260044137133941,
    "nevada": 0.0,
    "editor": 0.04086921281446501,
    "routledg": 2.795136893171005e-17,
    "databas": 2.587775676905616,
    "abstract": 0.0,
    "citat": 0.0,
    "quarterli": 0.2888837108081417,
    "mullen": 0.0,
    "proquest": 0.0,
    "scopu": 0.3216335976877811,
    "ebsco": 0.0
  }
}