{
  "qid": "144",
  "query": "Child Development",
  "rank": 6,
  "docid": 5506790,
  "coef": {
    "list": -0.0,
    "head": 0.0,
    "establish": 0.0,
    "youth": 0.0,
    "develop": 1.1588417961405222,
    "commun": -0.0,
    "child": 1.0818833308586713,
    "gender": 1.1033668562405443,
    "combin": 0.0,
    "mother": -0.0,
    "health": 0.0,
    "2016": 0.0,
    "2012": 2.0520177676199567,
    "sport": 0.0,
    "divis": -0.0,
    "cabinet": 1.5795267628383105,
    "offic": 9.924458168830311e-15,
    "depart": 0.0,
    "renam": -0.0,
    "transfer": 0.5150552918440651,
    "ministri": 1.319056155634246,
    "minist": 0.6672910822328316,
    "zambia": 0.8300322445922821,
    "deputi": -0.0
  }
}