{
  "qid": "141",
  "query": "Human Exploration",
  "rank": 2,
  "docid": 14697,
  "coef": {
    "list": 2.2408457539401407,
    "cultur": 0.0,
    "italian": 0.0,
    "includ": -0.04406058416673665,
    "establish": 3.528231977749967,
    "trade": 5.820881448894587e-14,
    "note": 0.0,
    "commun": 0.0,
    "russian": 0.0,
    "see": 0.0,
    "contribut": 3.3670824803280706,
    "continu": 1.550554520804301e-15,
    "refer": 2.2609873377823773,
    "divers": 0.0,
    "human": 3.668734826524864,
    "popul": 0.0,
    "polar": 0.0,
    "sea": 0.5796255850065961,
    "planet": 0.0,
    "ocean": 0.0,
    "weather": 0.0,
    "knowledg": 0.0,
    "biodivers": 0.0,
    "explor": 1.2221794031416695,
    "migrat": 0.0,
    "expans": 0.0,
    "geographi": 0.0,
    "timelin": 0.0,
    "maritim": 0.0
  }
}