{
  "qid": "149",
  "query": "Public Transport",
  "rank": 6,
  "docid": 3431145,
  "coef": {
    "be": -0.0,
    "state": 0.054588378480385974,
    "right": -0.0,
    "origin": 0.0,
    "market": 0.0,
    "peopl": 0.0,
    "type": 0.0,
    "exist": 0.0677101466383984,
    "believ": 0.0,
    "can": 0.0,
    "system": 0.13158080421945811,
    "mai": 0.0,
    "region": 0.0,
    "name": 0.05737201160194442,
    "countri": -0.0,
    "mid": 0.0,
    "propos": 0.0,
    "concern": 0.0,
    "respons": 0.0649977513946433,
    "took": 0.29111229251546533,
    "public": 0.17780906379865852,
    "servic": 0.09385201526141508,
    "includ": 0.0,
    "address": 0.0,
    "head": 0.0,
    "began": -0.0,
    "take": 0.0,
    "manag": 0.0,
    "forc": 0.0,
    "number": 0.0,
    "perform": -0.0,
    "enter": -0.0010441391373265689,
    "oper": 0.15190204337872132,
    "bodi": 0.032889359270361906,
    "establish": 0.0,
    "involv": 0.17594231517687697,
    "trade": 0.0,
    "kei": 0.0,
    "formal": 0.0,
    "school": 0.0,
    "larg": 0.0,
    "repres": 0.0,
    "creation": 0.0,
    "object": 0.0,
    "develop": -0.0,
    "well": 0.0,
    "complet": 0.0,
    "govern": 0.06468523211771805,
    "issu": 0.0,
    "similarli": 0.0,
    "commun": 0.0,
    "act": 0.46236725089701775,
    "author": 0.0,
    "contract": 0.0,
    "time": 0.0,
    "reliabl": 0.0,
    "role": 0.0,
    "ident": 0.0,
    "regul": 0.0,
    "plan": 0.0,
    "unnecessari": 0.0,
    "subject": 0.0,
    "network": 0.0,
    "left": 0.0,
    "road": -0.0,
    "function": 0.0,
    "see": 0.0,
    "line": 0.0,
    "new": 0.0,
    "arrest": 0.0,
    "effect": 0.0,
    "handl": 0.0,
    "mark": 0.0,
    "similar": 0.0,
    "who": 0.14759478791379285,
    "class": -0.0,
    "posit": 0.0,
    "abolit": 0.0,
    "activ": 0.0,
    "part": 0.0,
    "oblig": -0.0,
    "promot": 0.0,
    "continu": 0.0,
    "reason": 0.0,
    "replac": 0.0,
    "entiti": 0.0,
    "independ": 0.15995500243249275,
    "execut": -0.0,
    "associ": 0.0,
    "strategi": 0.0,
    "power": 0.03457794871569309,
    "remain": 0.0,
    "occur": 0.0,
    "across": 0.0,
    "2": 0.0,
    "train": 0.0,
    "contain": -0.0,
    "car": 0.0,
    "pick": 0.0,
    "exercis": 0.0,
    "case": 0.0,
    "year": 0.0,
    "introduc": 0.0,
    "full": 0.0,
    "previous": 0.0,
    "provis": -0.0,
    "face": 0.0,
    "2013": 0.1635512506668844,
    "ask": 0.16558065011476847,
    "cover": 0.0,
    "old": 0.0,
    "air": 0.0,
    "ceas": 0.0,
    "evid": 0.0,
    "observ": 0.0,
    "maintain": 0.09113753619017426,
    "primari": 0.0,
    "rang": -0.0,
    "wild": 0.0,
    "arrang": 0.0,
    "now": -0.0,
    "coordin": 0.0,
    "30": 0.0,
    "15": 0.0,
    "special": 0.12276726048341789,
    "heavi": -0.0,
    "report": 0.0,
    "integr": 0.0,
    "divid": 0.0,
    "girl": 0.0,
    "pronounc": 0.0,
    "aris": 0.0,
    "2018": -0.0,
    "2016": 0.07332681029299068,
    "2014": 0.0,
    "2012": 0.0,
    "safeti": 0.0,
    "compar": 0.0,
    "commerci": 0.0,
    "1": 0.0,
    "specifi": 0.0,
    "sub": 0.0,
    "requir": 0.0,
    "board": 0.26957305043775537,
    "light": 0.0,
    "absorb": 0.0,
    "circumst": 0.0,
    "fine": 0.0,
    "clean": 0.0,
    "suburban": 0.0,
    "chief": -0.0,
    "metropolitan": 0.006477018280983071,
    "corpor": 0.0,
    "item": 0.0,
    "waterwai": 0.0,
    "rail": 0.0,
    "infrastructur": 0.0,
    "terri": 0.0,
    "expect": 0.0,
    "port": 0.0,
    "novemb": 0.0,
    "decemb": 0.0,
    "2011": 0.0,
    "legisl": 0.04143613871243459,
    "split": 0.0,
    "220": 0.0,
    "april": 0.0,
    "financi": 0.0,
    "offic": 0.12734268659488815,
    "septemb": 0.0,
    "100": -0.0,
    "2009": 0.0,
    "2019": 0.06139282888921518,
    "franchis": 0.0,
    "allegedli": 0.21018461960293583,
    "administ": 0.0,
    "bu": 0.01190103843927033,
    "depart": 0.17236118986584648,
    "june": 0.0,
    "station": 0.0,
    "juli": 0.0,
    "passeng": 0.1145776739308664,
    "vehicl": -0.0,
    "rout": -0.0,
    "1993": 0.0,
    "19": 0.0,
    "agenc": 0.18597047312329112,
    "street": 0.0,
    "announc": 0.0,
    "truck": 0.0,
    "amend": -0.0,
    "februari": 0.0,
    "pass": 0.0,
    "stop": 0.0,
    "transport": 0.1118663237108468,
    "ceo": 0.1479922295167909,
    "januari": 0.0,
    "spear": 0.0,
    "queen": 0.0,
    "ship": 0.0,
    "safe": 0.0,
    "earlier": 0.0,
    "appoint": 0.0,
    "inaugur": 0.0,
    "confisc": 0.0,
    "railwai": -0.0,
    "chairman": 0.0,
    "ticket": 0.0,
    "concess": 0.0,
    "behalf": 0.0,
    "leas": 0.1213349315994834,
    "complaint": 0.0,
    "proof": 0.0,
    "excess": 0.0,
    "elizabeth": 0.0,
    "director": 0.0,
    "1998": 0.0,
    "metro": 0.1183156834576097,
    "2020": 0.0,
    "pt": 0.0,
    "agreement": 0.0815901921155811,
    "transfer": -0.0,
    "brand": -0.0,
    "australia": -0.0,
    "australian": 0.0,
    "punch": 0.0,
    "melbourn": 0.049644991931806576,
    "vessel": 0.0,
    "card": 0.0,
    "disband": 0.0,
    "tackl": 0.0,
    "recreat": 0.0,
    "merg": 0.0,
    "parliament": 0.0,
    "minist": -0.0,
    "victorian": 0.0,
    "dot": 0.0,
    "weimar": 0.0,
    "asset": 0.022975032473026114,
    "authoris": 0.0,
    "138": 0.0,
    "ian": 0.0,
    "spit": 0.0,
    "statutori": 0.024745474299980783,
    "statut": 0.0,
    "offenc": 0.23929133650118015,
    "umbrella": 0.0,
    "bicycl": 0.0,
    "inspect": 0.0,
    "scania": 0.0,
    "defunct": -0.0,
    "buse": 0.0,
    "victoria": 0.08096682477986036,
    "portfolio": 0.0,
    "punctual": 0.0,
    "jeroen": 0.0,
    "tram": 0.2088886704482046,
    "downer": 0.0,
    "custodian": 0.0,
    "mulder": 0.0,
    "dobb": 0.0,
    "stylis": 0.0,
    "yarra": 0.0,
    "transdev": 0.0,
    "keoli": -0.0,
    "ptv": 0.18578299901661238,
    "vlociti": -0.0,
    "myki": 0.0,
    "metlink": 0.0,
    "victrack": 0.0,
    "trapoli": -0.0,
    "volgren": 0.0,
    "vicroad": 0.062442786111734476,
    "k230ub": 0.0,
    "ptda": 0.0,
    "viclink": 0.0,
    "tragalon": -0.0
  }
}