{
  "qid": "132",
  "query": "Literacy",
  "rank": 2,
  "docid": 1858638,
  "coef": {
    "state": 0.0,
    "discuss": 0.0,
    "list": 0.0,
    "market": 0.0,
    "emphasi": 0.0,
    "system": 0.0,
    "support": 0.3302372125983135,
    "assist": 0.36099403559829585,
    "nation": 0.0,
    "region": 0.0,
    "help": 0.0,
    "basic": 0.0,
    "acquir": 0.06293161681742794,
    "tool": 0.0,
    "public": 0.0,
    "servic": 0.2980840861801169,
    "target": 0.0,
    "includ": 0.0,
    "facilit": 0.0,
    "educ": 0.0,
    "call": 0.03290832275057553,
    "event": 0.0,
    "manag": 0.0,
    "oper": 0.0,
    "area": 0.0,
    "need": -0.0,
    "establish": 0.0,
    "host": 0.0,
    "guid": -0.0,
    "choic": 0.2180294638262177,
    "develop": 0.19975924931642663,
    "learn": 0.0,
    "portal": 0.0,
    "confer": 0.0,
    "issu": -0.0,
    "commun": 0.009913483227687186,
    "offer": 0.32928602863700357,
    "time": 0.0,
    "plan": 0.0,
    "organ": 0.3934167634243642,
    "institut": 0.17418052967898198,
    "internet": 0.0,
    "enhanc": 0.0,
    "network": 0.15710437168521346,
    "place": 0.09789942992819066,
    "wide": 0.0,
    "english": 0.0,
    "instruct": -0.0,
    "particip": 0.0,
    "inform": 0.07652194030226411,
    "advoc": 0.029417278305060683,
    "produc": 0.018877305333691793,
    "free": 0.0,
    "effect": 0.15032491264566938,
    "win": 0.0,
    "read": 0.0007495600245015641,
    "practic": -0.0,
    "web": 0.0,
    "distribut": 0.0,
    "share": 0.0,
    "promot": 0.0,
    "individu": 0.24463964602229835,
    "base": 0.0,
    "refer": 0.14516767445103845,
    "dai": 0.0,
    "combin": 0.0,
    "latest": 0.0,
    "serv": 0.4842366496967056,
    "approach": 0.009931292639622924,
    "teach": 0.0,
    "level": 0.0,
    "train": 0.0,
    "initi": 0.004301046843109612,
    "materi": 0.0,
    "profession": -0.0,
    "nutrit": 0.0,
    "program": 0.262709137976235,
    "focu": 0.0,
    "full": 0.0,
    "health": 0.2291314311814555,
    "moder": 0.3005727705885153,
    "rang": 0.0,
    "resourc": 0.32122177839249255,
    "rais": 0.3224314045267008,
    "referr": 0.0,
    "improv": 0.1575340425325394,
    "specialist": 0.010421396762816561,
    "special": 0.0,
    "famili": -0.0,
    "opportun": 0.2136725258543643,
    "adult": 0.16901877689670403,
    "awar": 0.09351808321114735,
    "skill": 0.1054295715314184,
    "qualiti": 0.20789310861912066,
    "fund": 0.0,
    "board": 0.0,
    "annual": 0.0,
    "knowledg": 0.0,
    "blue": 0.22002408638363233,
    "cross": 0.0,
    "multi": 0.0010379617300432416,
    "site": 0.0908759101287371,
    "topic": 0.07534289687725591,
    "coalit": 0.0,
    "toll": -0.0,
    "shield": 0.0,
    "corpor": 0.0,
    "administr": 0.0,
    "300": 0.0,
    "resid": 0.0,
    "florida": 0.4284614028246247,
    "project": 0.04705542539257851,
    "statewid": 0.19634552122732876,
    "center": 0.0,
    "provid": 0.0,
    "financi": 0.0,
    "depart": 0.0,
    "literaci": 0.17294913651661484,
    "access": 0.0,
    "corp": 0.0,
    "volunt": 0.11140292702675074,
    "deliveri": 0.28549306495074483,
    "tutor": 0.0,
    "1985": 0.0,
    "technic": 0.0,
    "partnership": 0.0,
    "award": 0.0,
    "collabor": 0.0,
    "premier": -0.0,
    "nonprofit": 0.0,
    "promis": -0.0,
    "advocaci": 0.0,
    "practition": 0.0,
    "curricula": 0.0,
    "disciplinari": 0.0,
    "curriculum": 0.17659082422193023,
    "outreach": 0.023263949266806444,
    "umbrella": 0.0,
    "instructor": 0.0,
    "directori": -0.0,
    "vista": 0.0,
    "fundrais": 0.0,
    "hotlin": -0.0,
    "clearinghous": 0.0,
    "esl": 0.0,
    "linc": 0.0,
    "americorp": 0.0,
    "flc": 0.3697915236984702,
    "esol": 0.0
  }
}