{
  "qid": "121",
  "query": "Racquet Sports",
  "rank": 4,
  "docid": 1139747,
  "coef": {
    "type": 0.3250113646055683,
    "can": 1.2355185222984768,
    "platform": 0.0,
    "help": 0.015578597162477224,
    "section": 0.0,
    "gener": 0.7247058808848038,
    "includ": -0.0,
    "head": 0.14113488508078212,
    "li": 0.0,
    "allow": -0.1390470020984603,
    "commonli": 0.0,
    "come": 0.0,
    "ad": 0.08795675227965419,
    "limit": 0.0,
    "kind": 1.2127276640867353,
    "minim": -0.0,
    "popular": 0.0,
    "feel": 0.029508373716309412,
    "see": 0.0008219449754101479,
    "known": 0.0,
    "overlap": 0.19986641222179813,
    "handl": 1.4638315092860978,
    "amount": 0.0,
    "multipl": 0.38973725731530595,
    "past": 0.0,
    "increas": 0.8225569445661469,
    "appli": 0.0,
    "pattern": 0.8418454674636225,
    "tabl": 0.0,
    "variat": 0.0,
    "significantli": 0.0,
    "option": 0.673830611250153,
    "categori": -0.0,
    "design": 0.0,
    "6": 0.8839945171201802,
    "1": 5.748350210889583e-15,
    "cap": 0.0,
    "keep": -0.06410128148958173,
    "absorb": 0.706125530591487,
    "impact": 0.0,
    "angl": 0.0,
    "extra": 0.3750844885480884,
    "color": 0.0,
    "approxim": 0.0,
    "pad": 0.0,
    "sport": 1.306700216303293,
    "custom": 0.0,
    "fish": 0.004783149437443707,
    "basebal": 0.0,
    "golf": 2.9225100013319605e-17,
    "length": 0.0018846105201717333,
    "tenni": 0.8735691735702271,
    "cut": 0.1566450044923804,
    "princ": 0.0,
    "grip": 1.053457667622763,
    "wilson": 0.0,
    "purpos": 0.0,
    "inch": 0.0,
    "wrap": 1.4182195694732205,
    "finish": 0.0,
    "advis": 0.0,
    "bottom": 0.0,
    "excess": 1.4128117579295811,
    "soft": 0.0,
    "cosmet": 0.0,
    "fashion": 0.378575824267317,
    "brand": -0.0,
    "comfort": 1.132805509377825,
    "player": 0.5008760642691522,
    "club": 0.25574690918269566,
    "cushion": 0.0,
    "equip": 0.0,
    "palm": 0.5318658541360618,
    "stick": 0.0,
    "tape": 0.12428662341037595,
    "textur": 0.0,
    "throat": 1.0136112097833707,
    "slip": 0.0,
    "rod": 0.0,
    "racquet": 0.6279631715446018,
    "hockei": 0.7923154044279681,
    "unravel": -0.004324859222684807,
    "exce": 1.493896009922034,
    "bat": 0.0,
    "sticki": 0.6685681738107015,
    "squash": 0.8751181623128482,
    "diagon": 1.22397621512841,
    "gamma": 0.6880464256426925,
    "sweat": 0.0,
    "tacki": 0.0,
    "circumfer": 0.0,
    "butt": 0.0,
    "badminton": 0.03731422214927242,
    "slippag": 0.7012628947541802,
    "dunlop": 0.8991199989850137,
    "karak": 0.0,
    "ning": 0.10919425369326255,
    "racquetbal": 0.0,
    "picklebal": 0.14795466082987113,
    "yonex": 0.030133086887905093,
    "overgrip": 0.8540395216405059,
    "gosen": 0.3077666703208557,
    "tourna": -0.0,
    "overwrap": 1.4217170505655565,
    "babolat": 0.011535494527052962,
    "lkl": 0.0,
    "tecnifibr": 0.0,
    "clothlik": 0.0,
    "prokennex": 0.0,
    "solinco": 0.0,
    "kimoni": 0.0
  }
}