{
  "qid": "104",
  "query": "Business Leaders",
  "rank": 3,
  "docid": 3559541,
  "coef": {
    "list": -0.26155503352907405,
    "current": 0.0,
    "opposit": 0.37703175813158657,
    "debat": 0.5994338295612146,
    "order": -0.0,
    "taken": 0.0,
    "respons": 0.0,
    "call": -0.0,
    "manag": 0.1718814574709427,
    "come": 0.0,
    "follow": 0.0,
    "larg": 0.0,
    "repres": 0.0,
    "duti": -0.0,
    "govern": 0.6110268031959121,
    "act": 0.1437814792958629,
    "time": 0.5101142997671224,
    "plai": 0.7174223919707037,
    "see": 0.2576110914874222,
    "onli": 0.3766404961674325,
    "leader": 0.8390765167638576,
    "mark": 0.0,
    "john": -0.0,
    "who": 0.16885618532930474,
    "posit": 0.0,
    "offici": 0.0,
    "member": 0.0,
    "refer": 0.0,
    "hous": 0.8635497048990153,
    "serv": 0.523889707935993,
    "leav": 0.0,
    "shadow": 0.0,
    "topic": 0.5440276401128535,
    "item": 0.21015427501878184,
    "busi": 0.4564356472660722,
    "bill": 0.35092204295250035,
    "longest": 0.0,
    "1974": 0.7135718079470912,
    "senat": 0.47697352584687774,
    "went": 0.46712290892242764,
    "appoint": 0.0,
    "negoti": 0.1447626277808954,
    "proceed": 0.0,
    "toni": 0.0,
    "australia": 0.0,
    "julia": 0.0,
    "australian": 0.0,
    "holder": 0.1720745827422141,
    "howard": -0.0,
    "prime": 0.0,
    "ministri": 0.44632299818343096,
    "conting": 0.44060975200700475,
    "minist": -0.0,
    "absent": 0.3745456549242374,
    "allot": 0.0,
    "deputi": 0.6693060238213442,
    "burk": 0.21126999982107417,
    "dreyfu": 0.13150373304275445,
    "gillard": 0.0
  }
}