{
  "qid": "140",
  "query": "Artificial Intelligence and Machine Learning",
  "rank": 7,
  "docid": 5100080,
  "coef": {
    "be": 0.0,
    "aspect": 0.0,
    "third": 0.04036544997196997,
    "state": 0.0,
    "major": 0.0,
    "self": 0.0,
    "current": 0.11822024372227283,
    "barcelona": 0.0,
    "lead": 0.0,
    "highli": 0.0,
    "peopl": 0.0,
    "emerg": 0.0,
    "societi": 0.0,
    "focus": 0.0,
    "can": 0.10728966460409657,
    "system": 0.0,
    "journal": 0.0,
    "broad": 0.0,
    "north": 0.0,
    "assist": 0.35066971666243757,
    "mai": 0.23300702926467154,
    "nation": 0.0,
    "situat": 0.0,
    "name": 0.0,
    "led": 0.0,
    "creat": 0.0702738620713693,
    "optim": 0.0,
    "interpret": -0.0,
    "help": 0.17341993634166541,
    "concern": -0.0,
    "next": 0.0,
    "task": 0.00013107418078712275,
    "websit": 0.0,
    "basic": 0.0,
    "destroi": -0.0,
    "respons": 0.0,
    "public": 0.15437958771191831,
    "gener": 0.06698725787644444,
    "includ": 0.05599925803020035,
    "began": 0.0,
    "talk": 0.0,
    "challeng": 0.0,
    "li": 0.0,
    "attent": 0.0,
    "later": 0.0,
    "educ": -0.0,
    "manag": 0.1952194986756718,
    "allow": 0.0,
    "found": 0.12703775202068154,
    "hierarch": 0.0,
    "world": 0.0,
    "reflect": 0.0,
    "exclus": 0.0,
    "enter": -0.0,
    "secur": 0.0,
    "professor": 0.0,
    "best": 0.0,
    "try": 0.0,
    "drug": 0.0,
    "simpli": 0.0,
    "citizen": 0.0,
    "note": 0.0,
    "reinforc": 0.0,
    "formal": 0.0,
    "school": 0.0,
    "build": 0.0,
    "follow": 0.0,
    "david": 0.0,
    "previou": -0.0,
    "work": 0.22260505391288882,
    "american": 0.0,
    "experi": 0.0,
    "scholar": 0.0,
    "land": 0.0,
    "second": 0.0,
    "interest": 0.13611030114654823,
    "develop": 0.0,
    "young": 0.0,
    "career": 0.10559175122800203,
    "well": 0.0,
    "learn": 0.3160355156448825,
    "complex": 0.0,
    "review": 0.0,
    "confer": 0.1470207549074771,
    "colleg": 0.056711392831422944,
    "group": -0.0,
    "synthesi": 0.0,
    "commun": 0.0,
    "academ": 0.0,
    "exampl": 0.0,
    "doctor": 0.0,
    "process": 0.0,
    "plan": 0.09268432135696891,
    "organ": 0.0,
    "institut": 0.0,
    "will": 0.0,
    "central": 0.0,
    "pioneer": 0.0,
    "seattl": 0.0,
    "ecolog": -0.0,
    "network": 0.0,
    "field": 0.3987586623787823,
    "1999": -0.06563871560522165,
    "function": 0.0,
    "fiction": 0.0,
    "non": 0.0,
    "method": -0.0,
    "wide": -0.0,
    "consid": 0.0,
    "direct": 0.0,
    "spain": 0.0,
    "structur": 0.0,
    "new": 0.022372292209356236,
    "contribut": 0.11215446184967047,
    "understand": 0.0,
    "move": 0.2425664452266489,
    "like": 0.0,
    "lectur": 0.3102884491238707,
    "intern": 0.2828668122701787,
    "amount": -0.0,
    "question": 0.004111880239192852,
    "media": 0.0,
    "class": 0.0,
    "posit": 0.22611471416887272,
    "multipl": 0.0,
    "perspect": 0.0,
    "first": 0.0,
    "rise": -0.0,
    "user": 0.0,
    "part": 0.0,
    "problem": 0.4591140235065584,
    "theori": 0.11527990199728387,
    "distribut": 0.2250512423922232,
    "wai": 0.321181076932746,
    "increasingli": 0.0,
    "scientist": 0.18133529973821838,
    "promot": 0.0,
    "zhou": 0.0,
    "natur": 0.0,
    "member": 0.1461655914359697,
    "studi": 0.3991705825419807,
    "committe": -0.0,
    "reason": 0.0,
    "basi": 0.0,
    "scienc": 0.12879618513850286,
    "dai": 0.0,
    "foundat": -0.0,
    "compon": 0.0,
    "softwar": 0.014781340432525412,
    "execut": -0.0,
    "associ": 0.23112477359369338,
    "power": 0.0882836436295983,
    "valu": 0.0,
    "varieti": -0.0,
    "argu": 0.12815123106770462,
    "2008": 0.0,
    "statist": 0.0,
    "serv": 0.0,
    "seri": 0.0,
    "human": 0.0,
    "teach": 0.0,
    "francisco": 0.0,
    "level": 0.0,
    "distinguish": 0.0,
    "anomali": -0.0,
    "brain": 0.0,
    "leav": 0.0,
    "techniqu": 0.0,
    "obtain": 0.0,
    "million": 0.18212032042879098,
    "classif": 0.0,
    "adapt": -0.0,
    "2015": 0.23770626006650009,
    "probabl": 0.0,
    "present": 0.05994652924244538,
    "appli": -0.0,
    "pattern": 0.07010540009902912,
    "year": 0.1055557892671252,
    "rare": 0.0,
    "neural": 0.0,
    "1987": 0.061344022560926366,
    "cognit": 0.0,
    "hire": -0.0,
    "sustain": 0.0,
    "program": -0.0,
    "remot": 0.0,
    "model": 0.0,
    "code": 0.35224170045873965,
    "focu": 0.0,
    "recognit": 0.0,
    "high": 0.4392332509850457,
    "advanc": 0.18682213789329122,
    "2013": 0.27341791690178796,
    "ask": 0.0,
    "graduat": 0.2204081998446313,
    "research": 0.2590783379799425,
    "invit": 0.0,
    "joint": 0.0,
    "observ": 0.0,
    "framework": 0.0,
    "univers": 0.24867086230995206,
    "paper": 0.0,
    "grant": 0.0,
    "rang": 0.0,
    "data": 0.36493045186866024,
    "race": -0.0,
    "investig": 0.0,
    "90": 0.0,
    "1996": 0.0,
    "1980": 0.0,
    "40": 0.0,
    "30": 0.0,
    "improv": 0.0,
    "16": 0.0,
    "15": -0.0,
    "10": 0.0,
    "famili": 0.0,
    "detect": -0.0,
    "risk": 0.0,
    "doi": -0.0,
    "sampl": 0.0,
    "select": 0.0,
    "report": 0.0,
    "integr": 0.4767793938887029,
    "extent": -0.0,
    "scientif": 0.0,
    "nbsp": -0.0,
    "intellig": 0.011761708832999084,
    "divid": 0.0,
    "awar": 0.07686310671142685,
    "given": 0.10394938500803848,
    "earn": 0.0,
    "degre": 0.0,
    "design": 0.0,
    "2016": 0.19467945838741038,
    "2014": 0.0,
    "2012": 0.020173913967708176,
    "2010": -0.0,
    "2007": -0.0,
    "2005": 0.0,
    "safeti": 0.0,
    "2000": 0.0,
    "3": 0.0,
    "1": 0.0,
    "water": 0.0,
    "traffic": 0.0,
    "know": 0.0,
    "board": 0.016899396450313173,
    "applic": 0.0,
    "farm": -0.0,
    "forest": 0.0,
    "receiv": 0.0,
    "summer": 0.0,
    "artifici": 0.38494416119519254,
    "error": 0.0,
    "top": 0.0,
    "mathemat": 0.1366207229627635,
    "2003": 0.0,
    "ocean": 0.0,
    "output": 0.0,
    "electr": 0.2076986509623443,
    "tree": 0.0,
    "2004": 0.0,
    "earth": 0.0,
    "approxim": -0.0,
    "graphic": 0.0,
    "comput": 0.20252884139444402,
    "logic": 0.0,
    "press": 0.05394121682376572,
    "statu": 0.24594182748847837,
    "chief": 0.09649873777381217,
    "illinoi": 0.0,
    "presid": 0.0,
    "breakdown": 0.0,
    "hall": 0.0,
    "multi": 0.04999351224999853,
    "elect": 0.19693106450851774,
    "held": 0.002714199231798402,
    "submit": 0.0,
    "london": 0.0,
    "thousand": 0.0,
    "tom": 0.0,
    "13": -0.0,
    "corpor": 0.0,
    "ten": 0.0,
    "engin": 0.0,
    "senior": -0.04435501420367114,
    "undergradu": 0.0,
    "spent": 0.0,
    "cite": 0.0,
    "speci": 0.0,
    "busi": 0.0,
    "san": 0.0,
    "switch": 0.0,
    "file": 0.0,
    "project": 0.0,
    "247": 0.0,
    "11th": 0.0,
    "1992": -0.0,
    "super": 0.0,
    "2011": 0.0,
    "2006": 0.0,
    "2002": 0.0,
    "2001": 0.0,
    "york": 0.0,
    "veget": -0.0,
    "spring": 0.0,
    "ohio": 0.0,
    "fourth": -0.0,
    "asian": -0.0,
    "2009": 0.0,
    "73": -0.0,
    "decid": 0.0,
    "bird": 0.0,
    "ma": 0.0,
    "south": 0.0,
    "depart": 0.0,
    "wall": -0.0,
    "compani": 0.0013611576793780501,
    "morgan": 0.0,
    "migrat": 0.19128532448054913,
    "thoma": 0.0,
    "instanc": 0.0,
    "twenti": 0.0,
    "insid": 0.0,
    "tenth": -0.0,
    "98": -0.0,
    "92": 0.0,
    "58": 0.0,
    "44": -0.0,
    "1994": 0.0,
    "1993": -0.0,
    "26": 0.0,
    "23": 0.0,
    "1984": 0.0,
    "1982": 0.0,
    "1978": -0.0,
    "1973": 0.0,
    "1954": 0.0,
    "street": 0.0,
    "visit": -0.0,
    "born": -0.0,
    "march": 0.0,
    "da": 0.0,
    "invent": 0.0,
    "honor": 0.0,
    "639": -0.0,
    "627": 0.0,
    "bell": 0.0,
    "eric": 0.0,
    "alt": 0.0,
    "conquer": 0.0,
    "jersei": 0.0,
    "1977": 0.31726754048254907,
    "sight": 0.0,
    "choos": 0.0,
    "presidenti": 0.0,
    "staff": -0.0,
    "227": -0.0,
    "oregon": 0.0,
    "quot": 0.0,