{
  "qid": "148",
  "query": "Tea",
  "rank": 0,
  "docid": 1007379,
  "coef": {
    "discuss": 0.0,
    "cultur": 0.0,
    "stand": 0.0,
    "can": 0.3903207699822356,
    "classic": 0.0,
    "includ": -0.0,
    "involv": 0.14691698597551672,
    "follow": 0.0,
    "work": 0.0,
    "emperor": 0.0,
    "era": 0.0,
    "crush": 0.0,
    "pioneer": 0.6157920494823742,
    "relat": 0.0,
    "deriv": 0.28038177409432596,
    "see": 0.0,
    "method": 0.2419306160890476,
    "consid": 0.6101362246711168,
    "advoc": 0.0,
    "new": 0.0,
    "wai": 0.0,
    "radic": 0.0,
    "manual": -0.0,
    "old": 0.0,
    "mileston": 0.8212029950850712,
    "select": 0.0,
    "water": 0.25467165518362384,
    "heat": 0.0,
    "steep": 0.053650607404582044,
    "content": -0.0,
    "cup": 0.0,
    "written": 0.0,
    "mill": 0.0,
    "ban": 0.0,
    "prepar": 0.0,
    "manufactur": 0.0,
    "short": 0.8685878537804437,
    "man": 0.0,
    "son": 0.12535787693649023,
    "princ": 0.0,
    "1440": 0.0,
    "17th": 0.6186723450899217,
    "store": 0.0,
    "departur": 0.05087192874089518,
    "loos": 0.21951122348762175,
    "song": 0.0,
    "chines": 0.0,
    "chapter": 0.0,
    "tea": 0.745918008848235,
    "cha": 0.9550703255060358,
    "cake": 0.0,
    "pictori": 0.0,
    "dynasti": 0.6863238218421773,
    "prefac": 0.13231588449713833,
    "sixteen": 0.0,
    "roller": 0.0,
    "simpler": 0.0,
    "tang": 0.4016101496164364,
    "scent": -0.8088307832094571,
    "spoon": 0.0,
    "ming": -0.0,
    "pitcher": 0.0,
    "yu": 0.0,
    "siev": 0.0,
    "pu": 0.010135630889680381,
    "lu": 0.12199493058709648,
    "ware": -0.0,
    "stove": 0.0,
    "shen": 0.0,
    "quan": 0.8135029966592658,
    "whisk": -0.2766931370888452,
    "zhu": 0.1884383575402333,
    "ning": 0.0,
    "brazier": 0.0,
    "hongwu": 0.0,
    "degust": 0.40268616393561646
  }
}