{
  "qid": "140",
  "query": "Artificial Intelligence and Machine Learning",
  "rank": 7,
  "docid": 5100080,
  "coef": {
    "be": -0.0,
    "aspect": 0.0,
    "third": 0.0418035923845496,
    "state": -0.0,
    "major": 0.0,
    "self": 0.0,
    "current": 0.2901389922265216,
    "barcelona": 0.0,
    "lead": 0.0,
    "highli": 0.0,
    "peopl": -0.0,
    "emerg": 0.0,
    "societi": -0.0,
    "focus": 0.0,
    "can": -0.0,
    "system": 0.0,
    "journal": 0.0,
    "broad": 0.0,
    "north": 0.0,
    "assist": 0.0,
    "mai": 0.21534104452913674,
    "nation": 0.0,
    "situat": 0.0,
    "name": 0.010705633156457374,
    "led": 0.0,
    "creat": 0.0,
    "optim": -0.0,
    "interpret": -0.0,
    "help": 0.0,
    "concern": -0.0,
    "next": 0.0,
    "task": 0.0,
    "websit": 0.0,
    "basic": 0.0,
    "destroi": 0.0,
    "respons": 0.0,
    "public": 0.09484610116059775,
    "gener": 0.0,
    "includ": 0.10371048876369678,
    "began": -0.0,
    "talk": 0.0,
    "challeng": 0.0,
    "li": -0.0,
    "attent": 0.0,
    "later": 0.0,
    "educ": 0.0,
    "manag": 0.27068427937591727,
    "allow": 0.0,
    "found": 0.0,
    "hierarch": 0.0,
    "world": 0.0,
    "reflect": 0.0,
    "exclus": 0.0,
    "enter": -0.0,
    "secur": 0.0,
    "professor": 0.0,
    "best": 0.0,
    "try": 0.0,
    "drug": 0.055201689872708355,
    "simpli": 0.0,
    "citizen": 0.0,
    "note": 0.21189863885866955,
    "reinforc": -0.0,
    "formal": -0.0,
    "school": 0.0,
    "build": 0.0,
    "follow": 0.0,
    "david": 0.0,
    "previou": -0.0,
    "work": 0.2613937995740976,
    "american": -0.0,
    "experi": -0.0,
    "scholar": 0.0,
    "land": 0.0,
    "second": 0.0,
    "interest": 0.44587652735623456,
    "develop": 0.0,
    "young": -0.0,
    "career": -0.0,
    "well": 0.0,
    "learn": 0.2965682682509388,
    "complex": 0.0,
    "review": 0.0,
    "confer": 0.4435435637212283,
    "colleg": 0.0,
    "group": -0.0,
    "synthesi": 0.0,
    "commun": 0.0,
    "academ": -0.0,
    "exampl": -0.0,
    "doctor": -0.0,
    "process": 0.002673567703974051,
    "plan": -0.0,
    "organ": 0.0,
    "institut": 0.0,
    "will": 0.5947687942327149,
    "central": 0.0,
    "pioneer": -0.0,
    "seattl": 0.0,
    "ecolog": -0.0,
    "network": 0.0,
    "field": 0.15474805778323916,
    "1999": -0.0,
    "function": -0.0,
    "fiction": 0.0,
    "non": -0.0,
    "method": 0.0,
    "wide": -0.0,
    "consid": 0.0,
    "direct": -0.0,
    "spain": 0.0,
    "structur": 0.0,
    "new": 0.0,
    "contribut": 0.0,
    "understand": 0.0,
    "move": 0.0,
    "like": -0.0,
    "lectur": 0.4192583865885165,
    "intern": 0.0035253644079364013,
    "amount": -0.0,
    "question": -0.0,
    "media": 0.05815614118687396,
    "class": -0.0,
    "posit": 0.0,
    "multipl": 0.3554849401685618,
    "perspect": -0.0,
    "first": 0.0,
    "rise": -0.0,
    "user": 0.47304595144605227,
    "part": 0.0,
    "problem": 0.0,
    "theori": 0.21378920522456676,
    "distribut": 0.0,
    "wai": 0.0,
    "increasingli": 0.0,
    "scientist": 0.17889924985988276,
    "promot": 0.0,
    "zhou": -0.0,
    "natur": -0.0,
    "member": 0.14333317415026348,
    "studi": -0.0,
    "committe": 0.0,
    "reason": 0.14236259394715514,
    "basi": 0.0,
    "scienc": 0.21850459266286443,
    "dai": 0.0,
    "foundat": 0.0,
    "compon": 0.0,
    "softwar": 0.0,
    "execut": 0.0,
    "associ": 0.09301238682789141,
    "power": -0.0,
    "valu": 0.0,
    "varieti": -0.0,
    "argu": -0.0,
    "2008": 0.0,
    "statist": 0.0,
    "serv": 0.3306267199880831,
    "seri": 0.15885847062859487,
    "human": 0.4452712215608401,
    "teach": 0.0,
    "francisco": 0.0,
    "level": 0.0,
    "distinguish": 0.0,
    "anomali": -0.0,
    "brain": 0.0,
    "leav": 0.0,
    "techniqu": 0.2410264050403945,
    "obtain": 0.0,
    "million": 0.0,
    "classif": -0.0,
    "adapt": 0.0,
    "2015": -0.0,
    "probabl": 0.0,
    "present": 0.0,
    "appli": 0.0,
    "pattern": 0.04613394906359824,
    "year": 0.20997798601179593,
    "rare": 0.0,
    "neural": 0.021270240485511422,
    "1987": 0.0,
    "cognit": 0.0,
    "hire": 0.0,
    "sustain": 0.0,
    "program": 0.16829571919434894,
    "remot": 0.0,
    "model": -0.0,
    "code": 0.7495921086822791,
    "focu": 0.0,
    "recognit": 0.0,
    "high": 1.0651269429462225,
    "advanc": 0.5679459942395977,
    "2013": 0.2075646812497308,
    "ask": 0.0,
    "graduat": 0.0,
    "research": 0.12149068946784271,
    "invit": 0.0,
    "joint": -0.0,
    "observ": 0.0,
    "framework": 0.0,
    "univers": 0.13221924353697415,
    "paper": 0.0,
    "grant": 0.06344711209021542,
    "rang": 0.0,
    "data": 0.0,
    "race": 0.0,
    "investig": 0.5454436033394559,
    "90": 0.0,
    "1996": 0.0,
    "1980": -0.0,
    "40": 0.0,
    "30": 0.0,
    "improv": 0.2707787686316033,
    "16": 0.0,
    "15": 0.0,
    "10": 0.0,
    "famili": 0.0,
    "detect": -0.0,
    "risk": 0.0,
    "doi": 0.0,
    "sampl": 0.0,
    "select": 0.0,
    "report": 0.0,
    "integr": -0.0,
    "extent": 0.0,
    "scientif": 0.2569104662921143,
    "nbsp": 0.0,
    "intellig": 0.33275844273670807,
    "divid": 0.0,
    "awar": 0.013085570501283582,
    "given": 0.0,
    "earn": 0.0,
    "degre": 0.0,
    "design": 0.10166379501964411,
    "2016": 0.120900106637046,
    "2014": 0.0,
    "2012": -0.0,
    "2010": 0.0,
    "2007": 0.0,
    "2005": 0.013100009402004016,
    "safeti": 0.0,
    "2000": 0.25322868475759663,
    "3": 0.0,
    "1": 0.0,
    "water": 0.0,
    "traffic": 0.0,
    "know": 0.15177148117169026,
    "board": -0.0,
    "applic": 0.3396078949832733,
    "farm": 0.0,
    "forest": 0.0,
    "receiv": 0.0,
    "summer": -0.0,
    "artifici": 0.0,
    "error": 0.0,
    "top": 0.0,
    "mathemat": 0.018789943691900183,
    "2003": -0.0,
    "ocean": 0.0,
    "output": 0.0,
    "electr": 0.0,
    "tree": -0.0,
    "2004": 0.0,
    "earth": 0.0,
    "approxim": 0.0,
    "graphic": -0.0,
    "comput": 0.11446751625158327,
    "logic": 0.0,
    "press": -0.0,
    "statu": 0.0,
    "chief": 0.0,
    "illinoi": 0.0,
    "presid": 0.0,
    "breakdown": 0.0,
    "hall": 0.0,
    "multi": -0.0,
    "elect": 0.09822555221877195,
    "held": -0.0,
    "submit": -0.0,
    "london": 0.0,
    "thousand": 0.0,
    "tom": 0.0,
    "13": -0.0,
    "corpor": 0.0,
    "ten": 0.0,
    "engin": 0.0,
    "senior": -0.0,
    "undergradu": -0.0,
    "spent": 0.0,
    "cite": 0.0,
    "speci": 0.0,
    "busi": 0.0,
    "san": 0.0,
    "switch": 0.0,
    "file": 0.0,
    "project": 0.2326326290259777,
    "247": 0.0,
    "11th": 0.0,
    "1992": 0.0,
    "super": 0.0,
    "2011": -0.0,
    "2006": 0.0,
    "2002": -0.0,
    "2001": 0.0,
    "york": 0.0,
    "veget": -0.0,
    "spring": -0.0,
    "ohio": 0.0,
    "fourth": 0.272492194372011,
    "asian": 0.0,
    "2009": -0.0,
    "73": -0.0,
    "decid": 0.0,
    "bird": 0.15599170236609758,
    "ma": -0.00011714639512086061,
    "south": 0.0,
    "depart": -0.0,
    "wall": 0.0,
    "compani": 0.3713233309263886,
    "morgan": 0.1340766751450305,
    "migrat": 0.05814622296575818,
    "thoma": -0.0,
    "instanc": 0.0,
    "twenti": 0.0,
    "insid": 0.0,
    "tenth": 0.0,
    "98": 0.0,
    "92": 0.0,
    "58": 0.0,
    "44": 0.0,
    "1994": -0.0,
    "1993": -0.0,
    "26": 0.0,
    "23": 0.0,
    "1984": 0.0,
    "1982": 0.0,
    "1978": 0.0,
    "1973": 0.0,
    "1954": 0.4098645676809302,
    "street": 0.0,
    "visit": -0.0,
    "born": 0.24779050813782819,
    "march": -0.0,
    "da": 0.0,
    "invent": 0.0,
    "honor": -0.0,
    "639": -0.0,
    "627": 0.0,
    "bell": 0.0,
    "eric": -0.0,
    "alt": 0.0,
    "conquer": 0.0,
    "jersei": 0.0,
    "1977": 0.0,
    "sight": 0.0,
    "choos": -0.0,
    "presidenti": -0.0,
    "staff": -0.0,
    "227": -0.0,
    "oregon": 0.2128116248475312,
    "quot": 0.0,
    "answer": -0.0,
    "fellow": 0.0,
    "invas": -0.0,
    "biographi": -0.0,
    "303": -0.0,
    "overwhelm": -0.0,
    "proceed": 0.5302470693010081,