{
  "qid": "113",
  "query": "Computer Scientists",
  "rank": 0,
  "docid": 148033,
  "coef": {
    "list": -0.28608750136286176,
    "peopl": -0.0,
    "benefit": 0.08365584927228363,
    "type": 0.0,
    "seen": 0.1687829821139787,
    "theoret": 0.4971350648209331,
    "can": 0.264771060497436,
    "system": 0.21766199005092396,
    "mai": 0.0676527828920254,
    "industri": 0.3810344160669084,
    "us": 0.0,
    "acquir": 0.0,
    "servic": 0.0,
    "includ": 0.0,
    "educ": 0.3096966677883194,
    "allow": 0.0,
    "found": 0.10487776756527498,
    "perform": 0.0,
    "secur": 0.0,
    "area": 0.0,
    "formal": 0.0,
    "follow": 0.0,
    "work": 0.3218969665111586,
    "object": 0.0,
    "develop": 0.3262640986964761,
    "complex": -0.05553939497772528,
    "close": 0.2959329643236761,
    "organ": 0.08720622177114207,
    "publish": 0.0,
    "institut": 0.27272150710072857,
    "pioneer": 0.0,
    "network": -0.0,
    "field": 0.4490501302731726,
    "deriv": 0.0,
    "see": -0.0,
    "method": 0.0,
    "specif": 0.21498630009797173,
    "overlap": 0.40336038314896816,
    "vision": 0.0,
    "structur": 0.0,
    "new": 0.1831953553999026,
    "like": 0.0,
    "goal": 0.0,
    "similar": 0.0,
    "who": 0.0,
    "practic": 0.0,
    "posit": 0.0,
    "yield": 0.17186918177257998,
    "part": 0.0,
    "theori": 0.29386117039036846,
    "distribut": -0.0,
    "scientist": 0.1991177139179344,
    "properti": 0.0,
    "oppos": 0.012575084522858831,
    "studi": 0.044292378403021575,
    "person": 0.0,
    "base": -0.0,
    "scienc": 0.1138994839417598,
    "foundat": 0.0,
    "softwar": 0.34123428769006264,
    "ethic": -0.0,
    "technolog": -0.0,
    "emploi": 0.2336778345436579,
    "human": 0.0,
    "physic": 0.0,
    "disciplin": 0.0,
    "side": 0.11346521679793337,
    "hire": 0.0,
    "depend": 0.0,
    "program": -0.0,
    "model": 0.02805371053103242,
    "code": 0.0,
    "focu": 0.0,
    "prospect": 0.0,
    "advanc": 0.0,
    "numer": 0.0,
    "interact": 0.0,
    "research": 0.14154420327912745,
    "visual": 0.0,
    "attribut": 0.19008762022221373,
    "univers": 0.0,
    "primari": 0.0,
    "typic": -0.0,
    "firm": 0.0,
    "data": 0.0,
    "special": -0.0,
    "growth": 0.3754238555325516,
    "valid": 0.0,
    "systemat": 0.0,
    "scientif": 0.0,
    "analysi": 0.20082705620439822,
    "concurr": 0.0,
    "intellig": 0.0,
    "given": 0.10900482604290126,
    "design": 0.3253136191212649,
    "languag": 0.0,
    "employ": 0.2630133483091023,
    "grow": 0.0,
    "requir": 0.0,
    "smaller": 0.07372765310476916,
    "applic": 0.2312963098574117,
    "artifici": 0.0,
    "leadership": 0.0,
    "mathemat": 0.6469233004776883,
    "eventu": 0.0,
    "knowledg": 0.35790725106960014,
    "graphic": 0.4065430218880807,
    "mainli": 0.0,
    "comput": 0.43872293506819154,
    "engin": 0.13262365788859218,
    "project": 0.6433302308527157,
    "architectur": 0.227403189195567,
    "economi": -0.0,
    "possess": 0.0,
    "rapid": 0.030762890436142106,
    "consult": -0.0,
    "fastest": 0.0,
    "discov": 0.0,
    "excel": 0.38027657633703743,
    "faster": 0.11793368073802739,
    "mathematician": 0.1451933647478493,
    "precis": 0.0,
    "databas": -0.0,
    "cheaper": 0.054094195921891,
    "hardwar": 0.0,
    "ph": 0.3339692817688097,
    "processor": -0.0,
    "algorithm": 0.33260528546189483,
    "ci": 0.0,
    "cryptographi": 0.0,
    "manageri": 0.0
  }
}