{
  "qid": "106",
  "query": "Climate Change Activists",
  "rank": 3,
  "docid": 6178059,
  "coef": {
    "action": 1.1204957598078829,
    "right": 1.3417714305459927,
    "grew": 0.0,
    "support": -0.0,
    "nation": 0.14811664177510717,
    "movement": 0.10010425902193543,
    "concern": 0.5765463393668628,
    "del": 0.0,
    "respons": 0.0,
    "hold": 0.0,
    "de": 0.20000473078901562,
    "ag": 0.6883569274031685,
    "formal": 0.0,
    "work": 0.0,
    "youth": 0.0,
    "chang": 1.5647766670235708,
    "young": 0.2636954515366275,
    "milit": 0.0,
    "argentina": 0.5487110512419069,
    "issu": -0.0,
    "group": 0.0,
    "commun": 0.0,
    "act": -0.0,
    "life": 0.41788782242747685,
    "network": 0.0,
    "franc": 0.0,
    "children": 0.248423107761823,
    "collect": -0.0,
    "particip": 0.1429368424791658,
    "known": -0.0,
    "histor": 0.0,
    "child": -0.0,
    "accord": 0.0,
    "futur": 0.0,
    "first": 0.0,
    "activ": 0.7202016879482169,
    "part": 0.030819468344378556,
    "unit": 0.566097051591214,
    "promot": 0.0,
    "studi": 0.0,
    "committe": 0.0,
    "person": 0.0,
    "give": 0.21894671926994352,
    "global": 0.0,
    "activist": 0.9759681335896855,
    "back": 0.6641485000551647,
    "petit": 0.0,
    "initi": 0.0,
    "interview": 0.588559815446729,
    "environ": 0.0,
    "food": 0.47933712002294343,
    "face": 1.0387962030367195,
    "ask": 0.0,
    "air": 1.0933206644037534,
    "rais": 0.0,
    "eat": 0.8017146578103076,
    "18": 0.0,
    "16": 1.4414260050616434,
    "speech": 0.0,
    "famili": 0.7262524520583017,
    "grow": 0.365324569025402,
    "terra": 1.383774620433634,
    "climat": 0.0,
    "temperatur": 0.0,
    "clean": 0.791152913781808,
    "inact": 0.0,
    "protect": 1.223730814718272,
    "convent": 0.20418385066398645,
    "file": 1.1531540694303173,
    "2002": -0.0,
    "la": 0.0,
    "biodivers": 0.05500183563540543,
    "brazil": 0.11078242259316451,
    "slow": 0.0,
    "born": 0.0,
    "urg": 0.0,
    "highlight": 0.9156506586716446,
    "sovereignti": -0.0,
    "crisi": 0.7209348037776317,
    "germani": 0.0,
    "complaint": 0.05060468630741342,
    "fair": 0.0,
    "intergener": 0.0,
    "revolv": -0.0,
    "healthi": 0.0,
    "el": 1.1945183572904838,
    "turkei": 1.1645112369744701,
    "sudden": 0.0,
    "bueno": 0.3305669376316551,
    "equiti": 0.4000354129070668,
    "homeland": 0.0,
    "slogan": 0.33010672833204047,
    "terrifi": 2.1967703425317335,
    "greta": 0.020125046177998953,
    "argentinian": -0.0,
    "outspoken": 1.0095988128107474,
    "salon": 0.0,
    "ardent": 0.0,
    "sacchi": 1.1285441514059134,
    "palomar": 0.0017763741156525499,
    "thunberg": 0.027385609406749924,
    "paz": 0.4268845294030718,
    "madr": 0.007560716226406584,
    "gallo": 0.0,
    "haedo": 0.0,
    "comunidad": 0.0,
    "elmina": 0.24347114637559808,
    "chiara": 0.0,
    "gusto": 0.0018158308770064805,
    "cocina": 0.0,
    "soberana": 0.0
  }
}