{
  "qid": "125",
  "query": "Doctor",
  "rank": 4,
  "docid": 5521924,
  "coef": {
    "third": 0.0,
    "list": 0.17571328589166096,
    "event": 0.0,
    "second": -0.0,
    "doctor": 0.5678788043170143,
    "publish": 0.8293584810680884,
    "see": 0.0,
    "who": 0.36790537802436113,
    "media": 0.0,
    "first": 0.0,
    "stori": 0.5105581602429843,
    "fifth": 0.0,
    "consist": 0.0,
    "summer": 0.029207829118034028,
    "regularli": 0.04598770555483349,
    "annual": 0.0,
    "magazin": -0.0,
    "sixth": 0.0,
    "eighth": -0.0,
    "fourth": 0.0,
    "ninth": 0.0,
    "adventur": 0.0,
    "compani": 0.0,
    "tenth": -0.0,
    "seventh": 0.0,
    "titan": 0.0,
    "titl": 8.697225113158987e-16,
    "eleventh": 0.0,
    "twelfth": 0.0,
    "strip": 0.0,
    "comic": 0.09491050170717866,
    "panini": 0.0
  }
}