{
  "qid": "149",
  "query": "Public Transport",
  "rank": 4,
  "docid": 5482937,
  "coef": {
    "demonstr": 0.0,
    "state": 0.0,
    "list": 0.0,
    "union": 0.08638695109777735,
    "action": -0.0,
    "urban": -0.0,
    "draw": 0.0,
    "peopl": 0.0,
    "type": 0.0332977832145786,
    "can": 0.0,
    "system": 0.14050233007237184,
    "mai": 0.0,
    "region": -0.0,
    "name": 0.0,
    "movement": 0.0,
    "industri": 0.0,
    "order": 0.0,
    "revolut": 0.0,
    "propos": 0.0,
    "reduc": 0.0,
    "concept": -0.0,
    "tool": 0.0,
    "robert": 0.0,
    "public": 0.0,
    "domin": 0.0,
    "gener": -0.0,
    "servic": 0.014889861882019703,
    "includ": 0.0,
    "histori": -0.0,
    "take": -0.0,
    "manag": 0.0,
    "form": 0.018223612806256933,
    "polic": 0.0,
    "found": 0.0,
    "world": -0.0,
    "perform": 0.0,
    "commonli": 0.0,
    "secur": 0.0,
    "oper": 0.20893726134982363,
    "open": 0.0,
    "tri": 0.0,
    "establish": 0.0,
    "kei": 0.0,
    "built": 0.0,
    "follow": 0.0,
    "charg": 0.05013558286594377,
    "town": 0.0,
    "fix": 0.0,
    "guid": 0.0,
    "influenti": 0.0,
    "carri": 0.0,
    "develop": 0.18661888168611296,
    "well": 0.0,
    "orient": 0.0,
    "singl": 0.006819735673010048,
    "group": 0.0,
    "citi": 0.04305529960985106,
    "time": 0.0,
    "plan": 0.0,
    "organ": 0.0,
    "institut": 0.0,
    "network": 0.0,
    "small": 0.0,
    "function": 0.13468084721247278,
    "see": 0.0,
    "non": 0.0,
    "method": 0.0,
    "local": 0.0,
    "collect": 0.0,
    "express": 0.0,
    "good": 0.0,
    "20": 0.0,
    "specif": 0.024402217370757213,
    "known": 0.0,
    "1901": 0.0,
    "line": -0.0,
    "new": 0.0,
    "featur": 0.0,
    "produc": 0.0,
    "free": 0.0,
    "intern": 0.0,
    "john": 0.6380045757973605,
    "who": 0.22442255075218936,
    "first": 0.15909940728575014,
    "post": 0.07955790798436095,
    "make": 0.0,
    "transit": 0.0,
    "problem": 0.0,
    "extern": 0.0,
    "wai": 0.0,
    "usag": 0.0,
    "share": 0.0,
    "tradit": 0.0,
    "person": 0.0,
    "condit": 0.0,
    "refer": 0.0,
    "replac": 0.0,
    "1809": 0.0,
    "canada": 0.0,
    "east": 0.0,
    "associ": 0.0,
    "power": 0.0,
    "global": 0.0,
    "technolog": 0.0,
    "mean": 0.0,
    "human": 0.46622479630509545,
    "travel": 0.26537408696339926,
    "train": 0.0,
    "techniqu": 0.0,
    "procedur": 0.0,
    "compil": 0.0,
    "car": 0.0,
    "hire": 0.12481326460914474,
    "sustain": 0.0,
    "payment": -0.0,
    "test": 0.0,
    "high": -0.0,
    "ratio": -0.0,
    "schedul": 0.0,
    "father": 0.1039540367163407,
    "typic": 0.2580882032893217,
    "outlin": 0.0,
    "supplement": 0.0,
    "locat": 0.0,
    "18": 0.2516323024489611,
    "special": 0.0,
    "link": 0.0,
    "row": 0.0,
    "heavi": -0.0,
    "motor": 0.0,
    "integr": -0.0,
    "mode": 0.0,
    "factor": -0.0,
    "disabl": 0.0,
    "consist": 0.0,
    "6": 0.4752911106666994,
    "4": 0.0,
    "water": 0.0,
    "topolog": 0.0,
    "smaller": 0.0,
    "board": -0.0,
    "22": 0.0003159895337155194,
    "light": -0.0,
    "run": 0.0,
    "airlin": 0.0,
    "semi": 0.0,
    "top": 0.0,
    "capac": -0.0,
    "ocean": 0.0,
    "electr": -0.0,
    "medium": -0.0,
    "knowledg": 0.0,
    "flat": 0.0,
    "usa": 0.0,
    "topic": 0.0,
    "1842": 0.0,
    "london": 0.0,
    "speed": 0.0,
    "13": 0.0,
    "georg": 0.0,
    "29": 0.0,
    "engin": 0.08287487720629443,
    "admiss": -0.0,
    "automobil": 0.0,
    "rail": 0.10727363051706641,
    "richard": -0.0,
    "anim": 0.0,
    "novemb": 0.0,
    "campaign": 0.0,
    "decemb": 0.0,
    "rubber": -0.0,
    "ride": 0.10855597977318945,
    "underground": 0.0,
    "april": 0.06837210407930905,
    "septemb": 0.0,
    "ti": -0.0,
    "seat": 0.24728679637734233,
    "south": 0.0,
    "instal": 0.0,
    "auto": 0.0,
    "bu": 0.06656809569380025,
    "aerial": -0.0,
    "depart": 0.0,
    "shuttl": -0.0,
    "compani": 0.0,
    "june": 0.0,
    "juli": 0.0,
    "passeng": 0.25837521601688085,
    "track": 0.0,
    "vehicl": 0.0,
    "rout": 0.0,
    "26": 0.0,
    "21": 0.0,
    "1974": 0.0,
    "agenc": 0.0,
    "street": -0.0,
    "heritag": -0.0,
    "februari": 0.0,
    "pass": -0.0,
    "1833": 0.05518039227118964,
    "von": 0.0,
    "transport": 0.17861291880849117,
    "1804": 0.156275399681816,
    "gross": 0.0,
    "map": 0.0,
    "march": 0.12230084360533174,
    "rapid": 0.11863763925815071,
    "steel": 0.0,
    "polici": 0.0,
    "cycl": 0.30163053962745034,
    "angel": 0.0,
    "went": 0.0,
    "ship": 0.0,
    "lo": 0.0,
    "hors": 0.0,
    "invent": 0.23916449549868665,
    "boat": 0.0,
    "harri": 0.0,
    "carriag": 0.37565542469731544,
    "1839": 0.0,
    "driven": 0.0,
    "railwai": 0.25935895517897617,
    "ticket": -0.0,
    "bush": 0.0,
    "fill": 0.0,
    "commut": -0.0,
    "load": -0.0,
    "pull": 0.0,
    "mason": 0.0,
    "1853": 0.0,
    "1832": 0.0,
    "1816": 0.0,
    "1800": 0.0,
    "patronag": -0.0,
    "lagoon": 0.0,
    "locomot": 0.27873510812117924,
    "machin": 0.0,
    "bottom": 0.0,
    "proof": -0.0,
    "solv": 0.0,
    "trip": 0.0,
    "craft": 0.0,
    "taxi": 0.05609140644864292,
    "fee": 0.0972283679019544,
    "1998": 0.002334541316721033,
    "metro": 0.0,
    "conductor": -0.0,
    "runner": 0.0,
    "publicli": 0.0,
    "suit": 0.0,
    "lift": -0.0,
    "ndash": 0.23803613369383525,
    "creator": 0.3130966211396896,
    "1902": 0.0,
    "coach": 0.0,
    "advocaci": -0.0,
    "allianc": 0.0,
    "vancouv": 0.0,
    "ferri": 0.012166562295394113,
    "1892": 0.011068942560964821,
    "flexibl": 0.0,
    "africa": 0.0,
    "steam": 0.0,
    "emul": 0.0,
    "builder": 0.0,
    "airplan": 0.0,
    "inventor": 0.0,
    "1771": 0.0,
    "scottish": 0.0,
    "driver": 0.0,
    "overview": 0.0,
    "autom": 0.0,
    "cabl": -0.0,
    "luxuri": 0.09658921511765906,
    "wheel": 0.3044241473369265,
    "recoveri": -0.0,
    "hub": -0.0,
    "edinburgh": 0.0,
    "cart": 0.0,
    "liner": 0.0,
    "wale": 0.0,
    "zealand": 0.0,
    "subsidi": 0.0,
    "machineri": 0.0,
    "1894": 0.0,
    "tramwai": 0.0,
    "partit": 0.0,
    "1893": 0.0,
    "beck": 0.0,
    "bicycl": 0.0,
    "rider": 0.0,
    "streetcar": 0.0,
    "buse": 0.13822193720981776,
    "bullet": 0.0024458860682068473,
    "sleeper": -0.0,
    "rickshaw": 0.24410025364251867,
    "venetian": 0.2190553620713403,
    "werner": 0.0,
    "subwai": 0.0,
    "tyre": -0.0,
    "gondola": 0.0,
    "timet": 0.0,
    "chauffeur": 0.0,
    "pedal": 0.0,
    "sedan": 0.054476845744475866,
    "compart": 0.0,
    "ballast": -0.0,
    "saloon": 0.0,
    "motorcycl": 0.0,
    "siemen": 0.0,
    "hydrofoil": 0.0,
    "stephenson": 0.0,
    "ironwork": 0.0,
    "shima": 0.0,
    "hideo": 0.0,
    "glasgow": 0.0,
    "winnipeg": 0.0,
    "jockei": 0.0,
    "hacknei": 0.0,
    "taxicab": 0.0,
    "interc": -0.0,
    "tram": 0.0,
    "watchdog": 0.0,
    "davidson": 0.0,
    "bradshaw": 0.10140481905320267,
    "trolleybu": 0.0,
    "trolleybus": 0.0,
    "paratransit": 0.0,
    "headwai": -0.0,
    "tru": 0.0,
    "limousin": 0.0,
    "interurban": -0.0,
    "trevithick": 0.0,
    "galvani": 0.0,
    "carpool": 0.0,
    "slug": 0.0,
    "monorail": -0.0,
    "boda": 0.010740257118759715,
    "shinkansen": 9.42780039841467e-05,
    "convey": 0.0,
    "horsecar": -0.0,
    "lichterfeld": 0.0,
    "funicular": -0.0,
    "intermod": -0.0,
    "hovercraft": 0.0,
    "guidewai": 0.0,
    "vanpool": 0.0,
    "pillion": 0.0,
    "rideshar": 0.0,
    "penydarren": 0.0,
    "farebox": -0.0,
    "charabanc": 0.0,
    "ecomobl": 0.0,
    "straphang": -0.0,
    "4mph": 0.0,
    "ttcrider": 0.0
  }
}