{
  "qid": "143",
  "query": "Philanthropy",
  "rank": 0,
  "docid": 4990674,
  "coef": {
    "third": 0.0,
    "state": 0.3306766710302967,
    "major": 0.6662802415652955,
    "karl": 0.0,
    "list": -0.0,
    "current": 0.0,
    "origin": 0.0,
    "cultur": 0.0,
    "benefit": 0.0,
    "societi": 0.0,
    "journal": 0.0,
    "higher": 0.0,
    "nation": 0.13821783488738232,
    "region": 0.0,
    "demograph": 0.0,
    "creat": 0.0,
    "librari": 0.5624482250697259,
    "classic": 0.0,
    "section": 0.2452986325127766,
    "respons": 0.0,
    "public": 0.0,
    "gener": 0.0,
    "includ": 0.11970730770571243,
    "address": 0.0,
    "histori": 0.0,
    "descript": -0.0,
    "call": 0.0,
    "event": 0.0,
    "forc": 0.0,
    "found": 0.30060700949234875,
    "privat": 0.31974827085647184,
    "school": 0.0,
    "last": 0.0,
    "critic": 0.0,
    "work": 0.3665367909505269,
    "american": 0.19606366256788965,
    "america": 0.34699091944723726,
    "influenti": 0.0,
    "choic": 0.0,
    "develop": 0.009818765600383802,
    "well": -0.0,
    "govern": 0.12024679786234918,
    "review": 0.0,
    "group": 0.0,
    "depict": 0.0,
    "academ": 0.0,
    "author": 0.029907844186073694,
    "time": 0.4164634874366824,
    "common": 0.0,
    "organ": 0.0,
    "publish": 0.09096833838460748,
    "literatur": 0.4168669138458196,
    "influenc": 0.0,
    "recent": 1.0906781140321265e-16,
    "myth": 0.0,
    "find": 0.0,
    "enhanc": 0.0,
    "field": 0.469034222314215,
    "live": 0.0,
    "collect": 0.08328675970252825,
    "signific": 0.01074374317593226,
    "direct": -0.0,
    "histor": -0.0,
    "new": 0.07806963632974848,
    "produc": 0.3119850930696898,
    "liber": 0.042589236177809874,
    "free": -0.0,
    "effect": 0.14533967634123632,
    "handl": 0.0,
    "who": 0.059832915172197125,
    "accord": 0.0,
    "read": 0.0,
    "first": 0.2931728789673332,
    "result": 0.0,
    "past": 0.0,
    "part": 0.0,
    "problem": 0.0,
    "distribut": 0.17941096449011373,
    "war": 0.29598151322494365,
    "wai": 0.3246291589523596,
    "unit": 0.0,
    "social": 0.2853557130116769,
    "centuri": 0.056640787434015155,
    "individu": 0.0,
    "reason": 0.4763072536784816,
    "refer": 0.0,
    "give": 0.2435250112592918,
    "achiev": 0.0,
    "foundat": 0.0,
    "book": 0.551407487764274,
    "sale": 0.17943638409305604,
    "wrote": 0.1453074356750233,
    "associ": 0.0,
    "valu": 0.0,
    "varieti": 0.0,
    "statist": 0.0,
    "modern": -0.0,
    "hard": 0.30507859871513054,
    "approach": 0.0,
    "definit": 0.0,
    "onlin": -0.0,
    "level": 0.0,
    "8": -0.0,
    "million": 0.0,
    "contain": 0.07776165444940615,
    "bleed": 0.0,
    "2015": 0.270880308295809,
    "present": 0.0,
    "cost": 0.0,
    "year": 0.2790467727464224,
    "copi": 0.020165027350662557,
    "accur": 0.0,
    "000": 0.0,
    "data": 0.0,
    "investig": 0.0,
    "50": 0.0,
    "25": 0.0,
    "15": 0.0,
    "recommend": 0.0,
    "treatment": 0.0,
    "select": 2.994075596149273e-05,
    "report": 0.0,
    "analysi": 0.0,
    "theme": 0.0,
    "divid": 0.0,
    "given": 0.0,
    "comprehens": 0.0,
    "hour": 0.0,
    "2016": 0.0,
    "compar": 0.0,
    "1": 0.3267284907179993,
    "explan": 0.0,
    "globe": 0.0,
    "impact": 0.0,
    "great": -0.0,
    "content": 0.3277504469514876,
    "graphic": 0.06150725368393434,
    "least": 0.09486848070912497,
    "text": 0.0,
    "written": 0.0,
    "hall": 0.0,
    "shatter": 0.0,
    "topic": 0.0,
    "thousand": 0.0,
    "13": 0.0,
    "orang": 0.0,
    "profil": 0.0,
    "tax": 0.2833212134156188,
    "donat": 0.12264767625844943,
    "record": 0.0,
    "film": 0.03204428402420934,
    "380": 0.0,
    "300": 0.0,
    "counti": 0.0,
    "poll": 0.02820897024104624,
    "percent": 0.0,
    "york": 0.0007099554441834868,
    "charter": 0.0,
    "greatest": 0.0,
    "pb": 0.0021004795552237126,
    "eleven": 0.0,
    "regist": 0.0,
    "heart": 4.1764502532231204e-08,
    "economi": 0.04135531826715318,
    "compass": 0.025683247654235377,
    "wall": 0.0,
    "900": 0.0,
    "billion": 0.16148244772512696,
    "twenti": 0.0,
    "monopoli": 0.0,
    "32": 0.0,
    "street": 0.0,
    "captur": 0.0,
    "polici": 0.0,
    "amazon": 0.0,
    "chose": 0.04061027205289016,
    "purpos": 7.409174162363722e-05,
    "wealthi": 9.721180147455605e-05,
    "brief": 0.008844506648378271,
    "almanac": 0.3236054658477135,
    "boston": 0.0,
    "volunt": -0.0,
    "page": 0.0,
    "worth": 0.0,
    "volum": 0.0003124572743791894,
    "47": 0.007440603976910333,
    "solv": 0.0,
    "documentari": 0.0,
    "atlant": 0.0,
    "sketch": 0.04026599778674445,
    "thank": 0.0,
    "introduct": 0.0,
    "philanthropi": 0.2856026506119404,
    "philanthrop": 2.8813236052304575e-05,
    "sector": 0.09992106067497904,
    "nonprofit": 0.0,
    "chariti": -0.0,
    "charit": 0.39912745216504614,
    "donor": 0.49557502938480374,
    "entri": 0.0,
    "fame": -0.0,
    "comic": 0.0,
    "novel": 0.23934525032991194,
    "nonfict": 1.5883583949015844e-15,
    "chronicl": 0.0,
    "summar": 0.0,
    "embed": 0.0,
    "trend": 0.0,
    "wealthiest": 0.0,
    "jeff": 0.0,
    "iraq": 0.0,
    "1636": 0.0,
    "360": 0.0,
    "overview": -0.0,
    "chart": 0.0,
    "giver": 0.42768303120871015,
    "timelin": 0.0,
    "graph": 0.0,
    "encapsul": 0.0,
    "jacobi": 0.0,
    "quotat": 0.35356790856710385,
    "marvel": 0.0,
    "stingi": 0.0,
    "roundtabl": 0.0,
    "booklist": 0.0,
    "zinsmeist": 0.0
  }
}