{
  "qid": "144",
  "query": "Child Development",
  "rank": 3,
  "docid": 6132542,
  "coef": {
    "state": 0.0,
    "5": -0.0,
    "urban": 0.0,
    "inequ": 0.0,
    "societi": 0.16652578640142068,
    "focus": 0.0,
    "support": 0.0,
    "assist": 0.0,
    "earli": 0.1880043370545734,
    "nation": 0.0,
    "led": 0.0,
    "men": 0.1298941535022624,
    "addition": 0.014685809457340718,
    "countri": 0.0,
    "help": 0.05263632345992374,
    "reduc": 0.0,
    "concept": 0.0,
    "middl": 0.0,
    "conduct": 0.12469316142278279,
    "write": 0.0,
    "robert": 0.0,
    "public": 0.0,
    "address": 0.0,
    "attend": -0.0,
    "educ": 0.0,
    "world": 0.1986955894359211,
    "de": 0.0,
    "avoid": 0.0,
    "professor": 0.20699576059985328,
    "critic": 0.03164885437668899,
    "work": 0.1840715304415465,
    "women": 0.08921940883694666,
    "america": 0.0966835119382337,
    "repres": 0.0,
    "interest": 0.0,
    "develop": 0.24833097927456252,
    "young": 0.0,
    "career": 0.0,
    "complet": 0.24707866281413482,
    "issu": 0.07286029323282082,
    "colleg": -0.0,
    "group": -0.0,
    "citi": 0.0,
    "doctor": 0.0,
    "role": 0.024864167875392054,
    "organ": 0.0,
    "student": 0.0,
    "institut": 0.0015913909364900709,
    "central": 0.008026273934025331,
    "pioneer": 0.0,
    "field": 0.0,
    "1999": 0.0,
    "children": 0.1950016160461288,
    "particip": 0.0,
    "known": 0.0,
    "advoc": 0.0,
    "child": 0.0,
    "new": 0.0,
    "contribut": 0.0,
    "understand": 0.0,
    "move": 0.12332243169865865,
    "effect": 0.11491032863463442,
    "intern": 0.24839229871992474,
    "who": 0.0,
    "gender": -0.0,
    "unit": 0.0,
    "studi": 0.0,
    "person": 0.0,
    "potenti": 0.0,
    "founder": 0.0,
    "spread": 0.18402168465712115,
    "scienc": 0.0,
    "achiev": 0.0,
    "foundat": 0.01934568488009568,
    "book": 0.0,
    "decad": 0.0,
    "strategi": 0.19332463031040534,
    "global": 0.16906984136809078,
    "2008": 0.0,
    "black": 0.0,
    "seri": 0.0,
    "travel": 0.0,
    "increas": 0.0,
    "across": 0.0,
    "2": -0.0,
    "8": 0.0,
    "distinguish": 0.0,
    "brother": 0.0,
    "older": 0.0,
    "low": 0.017546094963681806,
    "million": 0.012147218360022635,
    "scale": 0.0,
    "psychologist": 0.0,
    "psycholog": 0.006865798150984724,
    "year": 0.21685027317678815,
    "care": 0.23871220274913155,
    "cognit": 0.0,
    "nutrit": 0.03437428062024934,
    "introduc": -0.0,
    "indic": 0.0,
    "food": -0.0,
    "loss": 0.0,
    "2013": 0.0747262642838667,
    "numer": 0.0,
    "graduat": 0.0,
    "development": 0.18206504301895626,
    "research": 0.14654487926083123,
    "health": 0.0,
    "outcom": 0.014425748310112148,
    "father": 0.0,
    "observ": 0.0,
    "sibl": 0.0,
    "childhood": 0.0,
    "univers": 0.28229297941748926,
    "grant": 0.0,
    "rang": 0.0,
    "twin": 0.0,
    "matern": 0.0,
    "arrang": 0.0,
    "40": -0.0,
    "improv": 0.0,
    "growth": 0.0,
    "famili": 0.0,
    "psychosoci": 0.0,
    "measur": 0.01878552986630174,
    "awar": 0.0,
    "degre": 0.0,
    "2012": 0.0,
    "2007": 0.0,
    "7": 0.0,
    "1": 0.19129794480884244,
    "fund": 0.00012043176749025683,
    "sub": 0.0,
    "27": 0.0,
    "22": 0.0,
    "receiv": 0.0,
    "impact": 0.0710640156128431,
    "annual": 0.0,
    "incom": 0.0,
    "press": 0.0,
    "chief": 0.0,
    "illinoi": 0.0,
    "lee": 0.0,
    "chicago": 0.0,
    "held": 0.0,
    "senior": 0.0,
    "undergradu": 0.0,
    "spent": 0.20211319554712442,
    "washington": 0.0,
    "san": 0.0,
    "philadelphia": 0.0,
    "project": 0.0,
    "decemb": 0.0,
    "200": 0.0,
    "super": 0.0,
    "2011": 0.2067501036963039,
    "vulner": 0.0,
    "york": 0.31582440549272,
    "peak": 0.0,
    "healthcar": -0.0,
    "poverti": 0.14549531981484626,
    "62": 0.0,
    "58": 0.0,
    "31": -0.0,
    "1993": 0.0,
    "born": 0.0,
    "polici": 0.0,
    "sister": 0.0,
    "van": 0.0,
    "honor": 0.0,
    "spearhead": 0.0,
    "378": 0.0,
    "256": 0.0,
    "california": 0.0,
    "biographi": 0.0,
    "aid": 0.0,
    "di": 0.0,
    "965": 0.0,
    "1136": 0.0,
    "titl": 0.0,
    "1997": 0.0,
    "compet": 0.0,
    "orphan": 0.0,
    "academi": 0.0,
    "subsequ": 0.0,
    "peri": 0.0,
    "scholarship": -0.0,
    "award": 0.0,
    "oxford": 0.0,
    "honorari": 0.0,
    "1991": 0.0,
    "1944": 0.0,
    "lung": 0.0,
    "cancer": 0.0,
    "ed": 0.02899742593277711,
    "monograph": 0.0,
    "saharan": 0.0,
    "africa": 0.0,
    "haddad": 0.0,
    "scrimshaw": 0.0,
    "india": 0.0,
    "feed": 0.0,
    "switzerland": -0.0,
    "bernard": 0.04727025447037698,
    "phd": 0.0,
    "dec": 0.0,
    "kong": 0.0,
    "pa": 0.0,
    "advisor": 0.0,
    "equiti": -0.0,
    "hong": 0.0,
    "panama": 0.0,
    "stanford": -0.0,
    "steer": 0.0,
    "handbook": 0.0,
    "welleslei": -0.0,
    "quotient": 0.0,
    "dc": 0.0,
    "trajectori": -0.0,
    "merri": 0.0,
    "118": 0.0,
    "lui": 0.0,
    "guatemala": 0.0,
    "yousafzai": 0.011153170749065553,
    "dissert": 0.0,
    "supplementari": 0.0,
    "patric": 0.0,
    "hiv": 0.0,
    "369": 0.0,
    "243": 0.0,
    "polytechn": 0.0,
    "patricia": 0.0,
    "geneva": -0.0,
    "229": 0.0,
    "fry": 0.0,
    "unicef": 0.14646423716445217,
    "salli": 0.0,
    "martorel": 0.0,
    "annal": 0.0,
    "1353": 0.0,
    "mello": 0.0,
    "engl": 0.30526780328274855,
    "sept": 0.0,
    "empower": 0.0,
    "alderman": 0.0,
    "242": 0.0,
    "pollitt": 0.0,
    "rivera": 0.0,
    "behrman": 0.3302885675192748,
    "1339": 0.0,
    "gorman": 0.0,
    "lancet": 0.1968396388828138,
    "menon": 0.04888729843543571,
    "britto": 0.0,
    "1309": 0.0,
    "gara": 0.0694143862662258,
    "1337": 0.0,
    "fulbright": 0.0,
    "obispo": 0.0,
    "leer": 0.016404100506179128,
    "954": 0.0,
    "gertler": 0.0,
    "lll": 0.0,
    "wach": 0.0,
    "fernald": 0.0,
    "srcd": -0.0,
    "9799": 0.0,
    "9557": 0.0,
    "iltu": 0.0,
    "kapiriri": 0.0
  }
}