{
  "qid": "144",
  "query": "Child Development",
  "rank": 0,
  "docid": 5394519,
  "coef": {
    "list": 0.0,
    "current": 0.0,
    "lead": 0.0,
    "organis": 0.4397077407242745,
    "benefit": 0.0,
    "emerg": 0.0,
    "exist": 0.0,
    "seek": 0.0,
    "north": 0.0,
    "earli": 0.0,
    "nation": 0.5371942332875964,
    "econom": 0.0,
    "us": 0.0,
    "tool": 0.11641554625749004,
    "public": 0.0,
    "target": 0.34462419057037463,
    "includ": 0.5844016978582773,
    "address": 0.13556588157731903,
    "later": 0.0,
    "descript": 0.0,
    "educ": 0.5448349453816661,
    "import": -0.0,
    "perform": 0.0007757921513133613,
    "oper": 0.4501852166283351,
    "area": 0.0,
    "emot": 0.32934789018050703,
    "work": 0.0,
    "larg": 0.0,
    "experi": 0.0,
    "guid": -0.0,
    "america": 0.0,
    "develop": 0.43030255476808166,
    "learn": 0.12466978436813203,
    "govern": -0.0,
    "feder": 0.0,
    "group": 0.0,
    "lack": 0.0,
    "act": 0.0,
    "time": 0.1427736561701203,
    "life": 0.0,
    "regul": 0.11194381553020125,
    "plan": 0.0,
    "plai": 0.0,
    "recent": -0.0,
    "children": 0.24608051772367925,
    "set": -0.0,
    "particip": 0.0,
    "equal": 0.3043298339284887,
    "child": 0.2244859031335111,
    "goal": -0.0,
    "who": 0.0,
    "accord": 0.0,
    "practic": 0.07704089355008356,
    "futur": 0.14570323492497989,
    "posit": 0.0,
    "first": 0.0,
    "activ": 0.0,
    "distribut": 0.01286597832939484,
    "unit": 0.0,
    "social": 0.01025553971124933,
    "individu": 0.0,
    "basi": 0.0,
    "accept": 0.0,
    "global": -0.0,
    "meet": 0.0,
    "hand": 0.0,
    "pediatrician": 0.0,
    "train": 0.0,
    "size": 0.0,
    "comparison": 0.0,
    "cost": 0.0,
    "case": 0.0,
    "year": -0.0,
    "care": 0.03503165609789541,
    "licens": -0.0,
    "wash": 0.0,
    "cognit": 0.0,
    "parent": 0.0,
    "identifi": 0.00929785858415464,
    "supervis": 0.0,
    "sustain": 0.0,
    "program": 0.0,
    "adequ": 0.30584012837292507,
    "indic": 0.5716625082885822,
    "guidelin": 0.0,
    "teacher": 0.0,
    "ratio": 0.0,
    "recogn": 0.0,
    "childhood": 0.0,
    "univers": 0.0,
    "improv": 0.0,
    "link": 0.13734852230832137,
    "famili": 0.11637612551514515,
    "medic": 0.0,
    "report": -0.0,
    "opportun": 0.18837272787055148,
    "deliv": 0.0,
    "skill": 0.47511497613495896,
    "consist": 0.6649484184314854,
    "qualiti": 0.2712915267764428,
    "immun": 0.0,
    "design": 0.16468875842841776,
    "safeti": 0.0,
    "standard": 0.10346182113140076,
    "fund": 0.0,
    "requir": 0.13288486619649775,
    "receiv": 0.0,
    "substanc": 0.0,
    "fire": 0.0,
    "cross": 0.0,
    "expert": 0.0,
    "project": -0.0,
    "center": 0.08972018117658745,
    "provid": 0.0,
    "facil": 0.0,
    "access": 0.23103344331961162,
    "polici": 0.23884164260412885,
    "compens": 0.0,
    "staff": 0.09431407882661294,
    "abus": 0.0,
    "drill": 0.0,
    "ensur": -0.0,
    "director": 0.0,
    "qualif": 0.24660286096717954,
    "advocaci": 0.0,
    "millennium": 0.0,
    "curriculum": 0.0,
    "toxic": 0.0,
    "ongo": 0.0,
    "barrier": 0.11326148556540412,
    "playground": 0.0,
    "oecd": 0.0,
    "diaper": 0.0,
    "ecec": 0.0
  }
}