{
  "qid": "121",
  "query": "Racquet Sports",
  "rank": 4,
  "docid": 1139747,
  "coef": {
    "type": 1.4914102992825737,
    "can": 1.0754341033171007,
    "platform": 0.0,
    "help": 0.0,
    "section": 0.0,
    "gener": 0.404082230742568,
    "includ": 0.0,
    "head": 1.0899232990762329,
    "li": 0.003063552162795699,
    "allow": -0.0,
    "commonli": 0.0,
    "come": 0.006397008651596922,
    "ad": -0.0,
    "limit": 0.0,
    "kind": 1.1450681441162247,
    "minim": 0.0,
    "popular": 0.0,
    "feel": -0.0,
    "see": 0.0,
    "known": 0.0,
    "overlap": 0.10190400160711303,
    "handl": 0.8445068339670306,
    "amount": 0.0,
    "multipl": 0.3544334795786807,
    "past": 0.0,
    "increas": 0.966799027106983,
    "appli": 0.0,
    "pattern": 1.053252590563245,
    "tabl": 0.0,
    "variat": 0.0,
    "significantli": 0.06460855341702217,
    "option": 0.6053995788737853,
    "categori": 0.0,
    "design": 0.0,
    "6": 0.8840331469274204,
    "1": 0.0,
    "cap": 0.0,
    "keep": -0.6060413503956509,
    "absorb": 0.8777748599822908,
    "impact": 0.0,
    "angl": 0.0,
    "extra": 0.16464823060257786,
    "color": 0.0,
    "approxim": 0.0,
    "pad": 0.0,
    "sport": 0.7371831308342475,
    "custom": 0.0,
    "fish": 0.0,
    "basebal": 0.0,
    "golf": 0.0,
    "length": 0.0,
    "tenni": 0.32622344787449414,
    "cut": 0.021238006192130794,
    "princ": 0.0,
    "grip": 1.381135878882543,
    "wilson": 0.0,
    "purpos": 0.0,
    "inch": 0.6223670869228671,
    "wrap": 1.498837860752807,
    "finish": 0.0,
    "advis": 0.0,
    "bottom": 0.0,
    "excess": 1.6073804609931768,
    "soft": 0.0,
    "cosmet": 0.0,
    "fashion": 0.06841186541034125,
    "brand": -0.0,
    "comfort": 1.1020270721003047,
    "player": 0.9310578354519009,
    "club": 0.1532545419984749,
    "cushion": 0.0,
    "equip": 0.7665581053953249,
    "palm": 0.5663959772726002,
    "stick": 0.0,
    "tape": 0.0,
    "textur": 0.06072125927729686,
    "throat": 1.0779877651768444,
    "slip": 0.0,
    "rod": 0.0,
    "racquet": 1.1145035931495502,
    "hockei": 0.5755077290104413,
    "unravel": -0.0,
    "exce": 1.4943769191204472,
    "bat": 0.0,
    "sticki": 0.0,
    "squash": 0.829658399253184,
    "diagon": 0.8308007749863081,
    "gamma": 0.3023593425081326,
    "sweat": 0.02725337454628927,
    "tacki": 0.5097227019788289,
    "circumfer": 0.43265281465806804,
    "butt": 0.0,
    "badminton": 0.40516612920316275,
    "slippag": 0.0,
    "dunlop": 0.0,
    "karak": 0.11698113595369024,
    "ning": 0.3251601679324876,
    "racquetbal": 0.0,
    "picklebal": 0.40282942248198794,
    "yonex": 0.0,
    "overgrip": 0.8370663643397036,
    "gosen": 0.39258646151850163,
    "tourna": -0.0,
    "overwrap": 1.3235463910072687,
    "babolat": 0.0,
    "lkl": 0.0019026509728747578,
    "tecnifibr": 0.0,
    "clothlik": 0.0,
    "prokennex": 0.0,
    "solinco": 0.0,
    "kimoni": 0.024371886674617625
  }
}