{
  "qid": "140",
  "query": "Artificial Intelligence and Machine Learning",
  "rank": 0,
  "docid": 4902586,
  "coef": {
    "system": -0.0,
    "journal": 1.835343776131744,
    "professor": 1.5745784814549384,
    "work": 2.3582789634626944,
    "well": 0.0,
    "learn": 0.0,
    "confer": 0.0,
    "princip": 0.0,
    "publish": 4.34988425900847,
    "known": 0.0,
    "russel": 0.0,
    "intern": 3.9505393504413893,
    "member": 3.7861301394733724,
    "scienc": 5.6687701771077164e-05,
    "associ": 5.355029363918352,
    "serv": -1.1875897701370322,
    "advanc": 0.0,
    "research": 1.2697306314086017,
    "univers": 3.102176095335967,
    "paper": 2.7358456503303348,
    "investig": 4.925760013554126,
    "intellig": 3.1585059167673095,
    "board": 1.191742716241897,
    "artifici": 2.078937956841715,
    "centr": 0.0,
    "comput": 0.0,
    "chief": 1.042678097485336,
    "200": 0.0,
    "patent": 0.001016660619352683,
    "fellow": 1.8155701575507626,
    "editori": 0.0012716667495591746,
    "editor": 0.6362627821441719,
    "uncertainti": 2.9779986346172014,
    "machin": 1.9977429361531336,
    "biologi": 0.00188918200467236,
    "chair": 0.0344168474219261,
    "innov": 0.0,
    "molecular": 0.0,
    "alberta": 3.3312592201807303,
    "aaai": 0.0013060765541258465,
    "refere": 0.0,
    "greiner": 3.052666971241202,
    "bioinformat": 0.0,
    "aicml": 0.009982534020418618
  }
}