{
  "qid": "142",
  "query": "Physiotherapy",
  "rank": 1,
  "docid": 4387537,
  "coef": {
    "state": 0.4391483727213499,
    "organis": 0.0,
    "highli": 0.24160052141968932,
    "journal": 0.4614083594492534,
    "librari": 7.0623069555870016e-15,
    "conduct": -8.155425375287959e-05,
    "histori": -0.0,
    "proper": 0.9221314501513111,
    "educ": 1.1532171690997495,
    "manag": 0.0,
    "polit": 0.8066945214827181,
    "world": 0.0,
    "area": 0.5850262052160928,
    "establish": -0.004240395645029291,
    "moral": 0.7193872966542264,
    "build": 0.36326724880284506,
    "compulsori": 0.0,
    "carri": -0.0,
    "develop": 0.0,
    "affili": -0.0,
    "colleg": 0.7650999431095996,
    "citi": 0.011725666023488993,
    "academ": 0.0,
    "offer": 0.0,
    "cours": 0.0,
    "student": 0.5216499932023111,
    "institut": 0.7447751819268469,
    "field": 0.0,
    "vision": 0.0,
    "featur": 0.0,
    "produc": 0.33185429516656184,
    "john": 0.0,
    "practic": -0.0,
    "class": 0.3368037343703917,
    "studi": 0.10296764516482543,
    "book": 0.0006441639105520076,
    "separ": 0.0,
    "valu": 0.0,
    "attitud": 5.044744828929498e-05,
    "parti": 0.0014069384437960233,
    "teach": -0.0,
    "period": 1.4772591199482834,
    "60": 0.0,
    "train": 0.0,
    "month": 0.5819113074677694,
    "techniqu": 0.0,
    "contain": 0.00046598985874109927,
    "experienc": 0.00048819420725072305,
    "year": 1.1320527763249222,
    "durat": 0.002309290196399297,
    "000": 0.0,
    "graduat": 0.0,
    "research": -0.0,
    "univers": -0.0,
    "prescrib": 0.3588699103062303,
    "locat": -0.0,
    "15": 0.0,
    "specialist": -0.0,
    "special": 0.0,
    "treatment": 4.174717860670259e-05,
    "medic": -0.0,
    "physician": 0.0706308523716513,
    "surround": 0.0,
    "skill": 0.0,
    "degre": 0.0,
    "requir": 0.0006244068762189055,
    "extend": 0.0,
    "top": -0.0,
    "knowledg": 0.2501662565657251,
    "perman": 0.0,
    "presid": 0.0198517806772826,
    "profici": 0.0,
    "south": -0.0,
    "trust": -0.0,
    "facil": 1.053081590055145,
    "visit": -0.05285321984530703,
    "guest": 0.0,
    "chairman": -0.0,
    "dedic": 0.0,
    "speaker": 0.0,
    "acr": 0.0,
    "compet": 0.5068879849184469,
    "qualifi": 6.023559608723228e-05,
    "faculti": -0.0,
    "depth": 0.637332399574654,
    "1998": 0.0,
    "premier": 0.033122286530794874,
    "certifi": 0.8584247080552467,
    "dr": -0.0,
    "tamil": 0.044982417587669014,
    "charit": 0.0,
    "bachelor": 0.0,
    "india": -0.0,
    "physiotherapist": 0.0,
    "workshop": 1.3493661192278361,
    "spaciou": 0.0,
    "seminar": 0.0,
    "hostel": 0.0,
    "nadu": 0.3924108525478711,
    "impart": 0.8294258632035121,
    "internship": 0.0011869357135808679,
    "sqft": 0.0,
    "tirunelv": 0.30052838602288706,
    "physiotherapi": 1.193596421502388,
    "kazhagam": 0.6976245107834893,
    "munnetra": 0.0,
    "makkal": 0.0,
    "pandian": 0.11408389817301887,
    "devendrar": 0.17812773650549668,
    "tamizhaga": 0.0,
    "ariyakulam": 0.5989862449254915
  }
}