{
  "qid": "147",
  "query": "Discrimination",
  "rank": 3,
  "docid": 5486463,
  "coef": {
    "be": 0.0,
    "pai": 0.0,
    "lead": 0.0,
    "organis": 0.0,
    "version": 0.09348301383975355,
    "market": 0.0,
    "cultur": 0.0,
    "peopl": 0.0,
    "exist": 0.0,
    "theoret": 0.0,
    "can": 0.36280284437049415,
    "reject": 0.0,
    "earli": 0.17778527389914736,
    "mai": 0.0,
    "predict": 0.028650562348279684,
    "difficult": -0.0,
    "creat": 0.0,
    "econom": 0.0,
    "product": 0.0,
    "propos": 0.2433000260638375,
    "conduct": 0.1783749760732194,
    "histori": -0.0,
    "allow": 0.0,
    "found": 0.0,
    "world": 0.0,
    "perform": 0.2737140534246908,
    "avoid": 0.0,
    "trade": 0.0,
    "critic": 0.5423361215581155,
    "work": 0.0,
    "american": 0.21691573535805445,
    "control": 0.0,
    "aim": 0.0,
    "group": 0.416716396573891,
    "abl": 0.0,
    "root": 0.23995540741355914,
    "monetari": 0.06432970338686865,
    "sought": 0.0,
    "life": 0.0,
    "role": 0.0,
    "process": -0.0,
    "plai": 0.0,
    "will": 0.09951589432526273,
    "subject": -0.0,
    "worker": 0.2661421659422348,
    "non": 0.0,
    "consid": 0.0,
    "20": 0.0,
    "determin": 0.29752605091271966,
    "onli": 0.0,
    "new": 0.1899725537353207,
    "neg": -0.0,
    "effect": 0.30370795801281014,
    "accord": 0.0,
    "minor": 0.3117540740367785,
    "practic": 0.0,
    "posit": -0.0,
    "first": 0.15860824404371887,
    "result": 0.12065892172066979,
    "make": 0.0,
    "war": 0.1400075575539261,
    "continu": 0.186772706948967,
    "member": 0.0,
    "studi": 0.06422604732561345,
    "decis": 0.0,
    "reason": -0.0,
    "potenti": 0.0,
    "base": 0.14217863062902053,
    "point": 0.0,
    "book": 0.22765202493217698,
    "accept": 0.0,
    "regardless": 0.0,
    "argu": -0.0,
    "2008": 0.0,
    "statist": 0.0,
    "mean": 0.0,
    "period": 0.19178802667434877,
    "onlin": 0.0,
    "distinguish": 0.08792446923622732,
    "ethnic": 0.0,
    "psychologist": 0.0,
    "employe": 0.3083351093349088,
    "unrel": 0.0,
    "cost": 0.08975756130009235,
    "case": 0.0,
    "year": 0.0,
    "fantasi": 0.0,
    "side": 0.0,
    "hire": 0.0,
    "model": 0.1466708144887995,
    "german": 0.01569549531487734,
    "lower": 0.0,
    "prefer": 0.1466670363264819,
    "show": 0.19851833197970362,
    "interact": 0.0,
    "research": 0.23719499434326022,
    "wage": 0.2901410091762513,
    "explain": 0.0,
    "rate": 0.08804220063268803,
    "evid": 0.0,
    "observ": 0.0,
    "paper": 0.0,
    "doubl": 0.0,
    "firm": 0.0,
    "race": 0.0,
    "harder": 0.0,
    "game": 0.0,
    "15": 0.0,
    "real": 0.4098205933584581,
    "consequ": 0.1317040533985168,
    "opportun": 0.0,
    "measur": 0.04113024855458114,
    "2014": 0.0,
    "employ": 0.2663210051058156,
    "explan": 0.21947434673841398,
    "counterpart": -0.0,
    "applic": 0.25049343686681946,
    "ground": -0.0,
    "prohibit": 0.0,
    "discrimin": 0.41181708948655527,
    "custom": 0.0,
    "team": 0.0,
    "trader": 0.0,
    "center": 0.05173679450310133,
    "penalti": 0.0,
    "york": 0.0001298723856044548,
    "leagu": 0.018151995458743075,
    "financi": 0.0,
    "seat": 0.0,
    "labor": 0.0,
    "gari": 0.0006468721469665658,
    "polici": 0.14816713868114523,
    "virtual": 0.16878209529876703,
    "profit": 0.0,
    "suppos": 0.0,
    "dislik": 0.0,
    "choos": 0.0,
    "sociologist": 0.0,
    "tast": 0.0,
    "want": 0.27880588946337415,
    "belong": 0.0,
    "don": 1.2299911504014717e-15,
    "exchang": 0.0,
    "economist": 0.16699386020969115,
    "premier": 0.109927657458406,
    "publicli": 0.0,
    "1957": 0.0,
    "disclos": 0.0,
    "price": 0.0,
    "prejudic": 0.0,
    "player": 0.34448265630313446,
    "predomin": 0.12051960793703637,
    "stock": 0.0,
    "becker": -0.0,
    "manifest": 0.0,
    "discriminatori": 0.0,
    "nyse": 0.12041934078070582
  }
}