{
  "qid": "147",
  "query": "Discrimination",
  "rank": 3,
  "docid": 5486463,
  "coef": {
    "be": 0.0,
    "pai": 0.0,
    "lead": 0.0,
    "organis": 0.0,
    "version": 0.15034200356829064,
    "market": 0.12448370680777981,
    "cultur": 0.0,
    "peopl": 0.0,
    "exist": -0.0,
    "theoret": 0.0,
    "can": 0.0,
    "reject": 0.0,
    "earli": 0.10435899479230654,
    "mai": 0.3414108372618996,
    "predict": 0.0,
    "difficult": -0.0,
    "creat": 0.0,
    "econom": 0.1348319753664333,
    "product": 0.2570592778706218,
    "propos": -0.0,
    "conduct": 0.0,
    "histori": 0.0,
    "allow": 0.0,
    "found": 0.0,
    "world": 0.0,
    "perform": 0.0,
    "avoid": 0.0,
    "trade": 0.0,
    "critic": 0.0,
    "work": 0.0,
    "american": 0.18276621899056444,
    "control": 0.0,
    "aim": -0.18753980872921158,
    "group": 0.0,
    "abl": 0.0,
    "root": 0.06312001742351835,
    "monetari": 0.0,
    "sought": 0.0,
    "life": 0.0,
    "role": 0.0,
    "process": 0.0,
    "plai": 0.0,
    "will": 0.22161999361557852,
    "subject": 0.0,
    "worker": 0.23450975037670405,
    "non": 0.4013382172761517,
    "consid": -0.0,
    "20": 0.0,
    "determin": 0.4989135587191491,
    "onli": 0.0,
    "new": 0.38243894230230396,
    "neg": -0.0,
    "effect": 0.4164690983230755,
    "accord": 0.1010371649746521,
    "minor": 0.12376226761044085,
    "practic": 0.0,
    "posit": 0.0,
    "first": -0.0,
    "result": 0.4442592835379571,
    "make": 0.0,
    "war": 0.0,
    "continu": -0.0,
    "member": 0.0,
    "studi": 0.0,
    "decis": 0.0,
    "reason": -0.0,
    "potenti": -0.0,
    "base": 0.12688075380372865,
    "point": 0.018429316191909944,
    "book": 0.0035181988883119346,
    "accept": 0.0,
    "regardless": 0.0,
    "argu": 0.0,
    "2008": 0.0,
    "statist": 0.04507800684163389,
    "mean": 0.0,
    "period": 0.18546417544555216,
    "onlin": 0.0,
    "distinguish": 0.08850719600210664,
    "ethnic": 0.0,
    "psychologist": 0.0,
    "employe": 0.24535529136771644,
    "unrel": 0.0,
    "cost": 0.0,
    "case": 0.0,
    "year": 0.01537966225920264,
    "fantasi": 0.0,
    "side": 0.0,
    "hire": 0.08199182044498798,
    "model": 0.18680508106170166,
    "german": 0.19778044896958138,
    "lower": 0.0,
    "prefer": 0.0,
    "show": 0.022964164808840247,
    "interact": -0.0,
    "research": 0.08922729885011223,
    "wage": 0.6993649826774666,
    "explain": 0.0,
    "rate": 0.0,
    "evid": -0.0,
    "observ": 0.0,
    "paper": 0.0,
    "doubl": 0.0,
    "firm": 0.0,
    "race": 0.0,
    "harder": 0.0,
    "game": 0.0,
    "15": 0.0,
    "real": 0.16715021525617701,
    "consequ": 0.0,
    "opportun": -0.0,
    "measur": 0.20635815517757927,
    "2014": 0.0,
    "employ": 0.611482608166975,
    "explan": 0.0,
    "counterpart": 0.0,
    "applic": 0.37756636120810677,
    "ground": 0.0,
    "prohibit": 0.0,
    "discrimin": 0.3065577898195514,
    "custom": 0.0,
    "team": 0.0,
    "trader": 0.04447285622964462,
    "center": 0.0,
    "penalti": 0.06755977447222726,
    "york": 0.0,
    "leagu": 0.006783935441653663,
    "financi": 0.0,
    "seat": 0.0,
    "labor": 0.09394585251303895,
    "gari": -0.0,
    "polici": 0.0,
    "virtual": 0.2171678257773569,
    "profit": -0.0,
    "suppos": 0.0,
    "dislik": 0.0,
    "choos": 0.0,
    "sociologist": 0.0,
    "tast": 0.0,
    "want": 0.009734770206442471,
    "belong": 0.05144348159824078,
    "don": 0.0,
    "exchang": 0.0,
    "economist": 0.5483706018052175,
    "premier": 0.0,
    "publicli": -0.0,
    "1957": 0.0,
    "disclos": 0.0,
    "price": 0.0,
    "prejudic": 0.0,
    "player": 0.48250530096384087,
    "predomin": 0.0,
    "stock": 0.0,
    "becker": 0.0,
    "manifest": 0.0,
    "discriminatori": 0.0,
    "nyse": 0.041342579449293135
  }
}