{
  "qid": "119",
  "query": "Classical Dance",
  "rank": 0,
  "docid": 4180072,
  "coef": {
    "list": 0.1457880719671988,
    "origin": -0.0,
    "north": 0.10443513594783789,
    "region": 0.22738593001827767,
    "creat": 0.0,
    "classic": 0.04315575565182887,
    "music": 0.0,
    "st": 0.7352961012245893,
    "event": 0.0,
    "form": 0.0,
    "perform": 0.0,
    "art": 0.0,
    "christian": 0.0,
    "commun": 0.0,
    "see": 0.0,
    "tradit": 0.0,
    "east": -0.0,
    "ethnic": 0.25621740308144925,
    "incorpor": 0.0,
    "semi": -0.0,
    "tribe": 0.0,
    "west": 0.3837784113480316,
    "south": 0.0,
    "indian": 0.0,
    "thoma": 0.01055103538992848,
    "tribal": 0.0,
    "danc": 0.25304591789046466,
    "asia": 0.0,
    "tamil": 0.2240920381808141,
    "guru": 0.0,
    "folk": 0.15166731500306868,
    "india": 0.18654548658685255,
    "gujarat": 0.0,
    "shiva": 0.0,
    "koraput": 0.0,
    "nandi": 0.22839101648406293,
    "bengal": 0.0,
    "kerala": 0.22475076435608493,
    "aka": 0.0,
    "punjab": 0.31137480701928744,
    "manipuri": -0.0,
    "soma": 0.2799092904199235,
    "manipur": 0.0,
    "odisha": 0.1402889486146184,
    "nadu": 0.1997483778670231,
    "arunach": 0.060438882833687896,
    "pradesh": 0.2946847842044947,
    "uttar": 0.0,
    "madhya": 0.0,
    "assam": 0.0889540089343652,
    "maharashtra": 0.029777958622243535,
    "karnataka": 0.2712802633277671,
    "bihar": 0.0,
    "tera": 0.04764212015038688,
    "andhra": 0.0,
    "uttarakhand": 0.0,
    "telangana": 0.1241506993200394,
    "bihu": 0.0,
    "perini": -0.0,
    "chhattisgarh": 0.053986901693888326,
    "lambadi": -0.0,
    "natyam": 0.0,
    "kuchipudi": 0.008802715881364784,
    "rajasthan": -0.0,
    "himach": 0.0,
    "odissi": 0.0,
    "kathak": -0.0,
    "bhangra": -0.0,
    "raut": 0.0,
    "jharkhand": 0.0,
    "gaudiya": 0.0,
    "yakshagana": 0.0,
    "orissi": 0.10310226116964422,
    "nritya": 0.18803069818803733,
    "madurai": 0.07256032023500074,
    "matki": 0.0,
    "koli": -0.0,
    "bharatnatyam": -0.0,
    "nati": 0.023399386336575494,
    "patta": 0.0,
    "thiruvathira": 0.0,
    "garba": 0.0,
    "chhau": 0.0,
    "chholiya": -0.0,
    "lavani": -0.0,
    "domkach": 0.0,
    "sattriya": -0.0,
    "maharastra": 0.0,
    "ghoomar": 0.0,
    "jhumair": -0.0,
    "dandiya": 0.0,
    "nautanki": 0.0,
    "kathakali": -0.0,
    "giddha": 0.0,
    "parai": -0.0,
    "dollu": 0.0,
    "gopinath": 0.010308703512048826,
    "kamsal": 0.0,
    "kunitha": 0.0,
    "karavali": 0.0,
    "thirayattam": 0.0,
    "mardana": 0.0,
    "nacha": -0.0,
    "vaikuntha": -0.0,
    "attam": -0.0,
    "panthi": 0.0,
    "sambalpuri": -0.0,
    "ojapali": 0.0,
    "bagurumba": 0.0,
    "bhortal": 0.0,
    "deodhani": 0.0,
    "kunita": 0.0,
    "krishnanattam": 0.023354311494022974,
    "tamasa": 0.05222044773305286,
    "ghumura": -0.0,
    "pulikali": 0.21909897344209472,
    "kolattam": -0.0,
    "mohiniattam": 0.0,
    "jhumar": 0.0,
    "natanam": 0.0,
    "karakattam": 0.0,
    "puliyattam": -0.0,
    "taali": 0.0,
    "bathukamma": 0.0,
    "vilasini": 0.0,
    "thandavam": 0.0,
    "sivatandavam": 9.07155672340384e-16,
    "oyilattam": 0.0,
    "dhangari": 0.0,
    "popir": 0.0,
    "kanyarkali": 0.0,
    "dwaja": 0.0,
    "rathwa": -0.0,
    "dhemsa": 0.0,
    "veeragaas": 0.0,
    "geraiya": 0.0,
    "margamk": 0.0
  }
}