{
  "qid": "128",
  "query": "Racing",
  "rank": 8,
  "docid": 3347292,
  "coef": {
    "organis": 0.0,
    "resolv": 0.02619776315254598,
    "can": 0.0,
    "differ": 0.011272117538574133,
    "take": 0.1685894808884415,
    "rule": 0.0,
    "later": 0.0,
    "event": 0.0,
    "form": 0.0,
    "import": 0.10054245199032809,
    "world": 0.0,
    "normal": 0.0,
    "area": -0.0,
    "distanc": 0.03454585935259096,
    "involv": -0.0,
    "contrast": 0.0,
    "long": 3.714726416518428e-16,
    "america": 0.0,
    "complet": -0.0,
    "issu": 0.012521271137581317,
    "time": 0.17300210112044886,
    "protest": 0.02838795436394074,
    "common": 0.10359332496685032,
    "cours": 0.0,
    "place": 0.21847425978752952,
    "set": 0.017768791611768343,
    "specif": -0.0,
    "featur": 0.10439770919047983,
    "who": 0.0,
    "tactic": 0.0,
    "class": 0.2781639912051261,
    "made": 0.0,
    "basi": 0.4168769946074631,
    "give": 0.0,
    "2008": 0.0,
    "seri": 0.0,
    "occur": 0.0,
    "altern": 0.0,
    "hand": 0.5039671433402193,
    "consider": 0.0,
    "outcom": 0.0,
    "supplement": 0.0,
    "race": 0.42068219489214037,
    "adjust": 0.0,
    "factor": 0.0,
    "start": 0.0,
    "design": 0.0,
    "2007": 0.0,
    "match": -0.0,
    "ocean": 0.0,
    "geograph": 0.08464553148717117,
    "format": 0.0,
    "cup": 0.0,
    "huge": 0.0,
    "enforc": 0.0,
    "speed": 0.0,
    "team": -0.0,
    "competit": 0.0,
    "length": -0.0,
    "penalti": 0.09271437197337883,
    "eleven": 0.0,
    "island": 0.11082783867897915,
    "short": 0.0,
    "boat": 0.3211195855366659,
    "strateg": 0.0,
    "gold": 0.0,
    "finish": 0.0,
    "faster": 0.0,
    "heard": 0.176892580646251,
    "voluntarili": -0.0,
    "olymp": 0.12548018627329574,
    "ben": 0.0,
    "handicap": 0.0,
    "sailor": 0.0,
    "sail": 0.4094256468132735,
    "fleet": 0.0,
    "umpir": 0.10884835965549053,
    "volvo": 0.0,
    "slower": 0.0,
    "lodg": 0.08114280307719486,
    "offshor": 0.03425918271751104,
    "sailboat": 0.0,
    "ainsli": 0.0,
    "forai": 0.31026470286468244,
    "inshor": 0.0,
    "medallist": 0.0,
    "buoi": 0.23305667436413965,
    "contravent": 0.0
  }
}