{
  "qid": "114",
  "query": "Songwriting",
  "rank": 7,
  "docid": 1712320,
  "coef": {
    "nation": 0.12637754992726224,
    "mid": 0.0,
    "music": 0.0,
    "began": 0.012394307466279316,
    "ag": 1.269360630867567,
    "american": 0.0,
    "church": 0.0185551169564248,
    "popular": 0.0,
    "child": 0.00601795151180994,
    "intern": 0.0,
    "john": 0.0025746648520471155,
    "associ": 0.0,
    "present": -0.0,
    "recognit": 0.0,
    "recogn": 0.0,
    "famili": 0.0,
    "select": 0.0,
    "hall": -0.0,
    "brown": 0.00035635174786527863,
    "washington": 0.0,
    "gospel": 0.0,
    "competit": 1.3996331468087757,
    "2001": 0.0,
    "fourth": 0.43516977008658164,
    "baptist": 0.3826476938902621,
    "southern": 0.0,
    "won": 0.587551812167602,
    "born": 0.13770171946142845,
    "poet": 9.23722507872988e-17,
    "sing": 0.4725356263789167,
    "biographi": 0.05941232954457878,
    "ab": 0.08660501890615667,
    "virginia": 0.274427756509802,
    "contest": 0.0,
    "richmond": 0.0,
    "excel": -0.0,
    "academi": 1.0258887250447406,
    "scholarship": 0.1844607188565947,
    "award": 0.8874219205839469,
    "album": 0.0,
    "atlant": 0.0,
    "song": 0.0,
    "1991": 0.06679308311975071,
    "recipi": 0.9154737003514386,
    "singer": -0.0,
    "fame": 0.35203486215375107,
    "songwrit": 1.2266402085364447,
    "billboard": 0.379662780529423,
    "discographi": 0.0,
    "lennon": 0.23544355290991875,
    "maxin": 1.0392415761642164,
    "nanett": 3.8849308343490395e-15,
    "oleman": 0.6890197633769287,
    "unisong": 0.07686938677281066
  }
}