{
  "qid": "141",
  "query": "Human Exploration",
  "rank": 2,
  "docid": 14697,
  "coef": {
    "list": 1.9654583607333103,
    "cultur": 0.0,
    "italian": -0.0,
    "includ": -0.5051077485697637,
    "establish": 2.68298359891992,
    "trade": 5.152866188278254e-14,
    "note": 0.0,
    "commun": 0.0,
    "russian": -0.0,
    "see": 0.0,
    "contribut": 3.64261659399719,
    "continu": 5.705247472490095e-15,
    "refer": 1.968760827051292,
    "divers": 0.0,
    "human": 2.6740296574649927,
    "popul": 0.0,
    "polar": 0.0,
    "sea": 0.0480350943904823,
    "planet": 0.0,
    "ocean": 0.0,
    "weather": 0.7026719977481535,
    "knowledg": 0.0,
    "biodivers": 0.0,
    "explor": 1.750819486621979,
    "migrat": 0.0,
    "expans": 0.0,
    "geographi": 0.0,
    "timelin": 0.0,
    "maritim": 0.0
  }
}