{
  "qid": "136",
  "query": "Visual Journalism",
  "rank": 3,
  "docid": 595966,
  "coef": {
    "list": 0.0,
    "societi": 0.0,
    "can": 0.5090423157972134,
    "system": 0.0,
    "journal": 0.5240739578027438,
    "debat": -0.0,
    "name": 0.0,
    "concern": 0.0,
    "task": 0.0,
    "includ": -0.0,
    "call": 0.0,
    "exclus": 0.0,
    "area": 0.08687725388295987,
    "work": 0.17607472922549397,
    "percept": 0.2700565557370443,
    "america": 0.0,
    "well": 0.014866805017171067,
    "commun": 0.5723922785875074,
    "consciou": 0.5568320271412417,
    "process": 0.0,
    "organ": -0.0,
    "see": 0.0,
    "non": -0.0,
    "overlap": 0.0,
    "vision": 0.8767406430436695,
    "effect": 0.02974886433769242,
    "user": 0.010367804240704647,
    "illus": -0.0,
    "scientist": 0.0,
    "studi": 0.0496795506324885,
    "scienc": 0.4567976518976666,
    "especi": 0.0,
    "human": 0.762690032092448,
    "brain": 0.0,
    "physic": 0.21079239185059703,
    "psycholog": 0.7632590132349777,
    "disciplin": 0.0,
    "cognit": -0.0,
    "neuropsycholog": 0.0,
    "ey": 0.0,
    "previous": 0.0,
    "research": -0.0,
    "visual": 0.14790030279601696,
    "primari": -0.0,
    "sensat": 0.0,
    "data": 0.7920725779142725,
    "clinic": -0.0,
    "rel": 0.0,
    "factor": 0.0,
    "scientif": 0.0,
    "intellig": 0.0,
    "design": 0.0,
    "exploit": 0.0,
    "artifici": 0.749198918749842,
    "color": 0.29070123991750113,
    "optic": 0.746637270219827,
    "graphic": 0.8876666458740504,
    "comput": 0.0,
    "optometri": 0.4610966878568786,
    "engin": 0.0,
    "predominantli": 0.0,
    "encompass": 1.4090032263529253,
    "span": 0.8310657991587537,
    "linguist": 0.0,
    "cortex": -0.0,
    "etholog": 0.0,
    "physiolog": 0.0,
    "interfac": 0.14198244308155583,
    "pertin": 0.0,
    "ergonom": 1.2769571438617648,
    "neurosci": -0.0,
    "constanc": 0.0,
    "psychophys": 0.046217254038304886,
    "ophthalmolog": -0.0,
    "ophthalm": 0.0,
    "opo": 0.0,
    "iov": 0.0,
    "biopsycholog": 0.6052592107413695,
    "ipercept": 0.0
  }
}