{
  "qid": "101",
  "query": "Mathematicians",
  "rank": 0,
  "docid": 38196,
  "coef": {
    "list": 0.46792511647707075,
    "right": 0.0,
    "religion": 0.32788755348898124,
    "muslim": 0.0,
    "nation": 9.90019138069056e-15,
    "italian": -0.0,
    "19th": 0.0,
    "world": -0.0,
    "american": -0.0,
    "women": 0.0,
    "academ": 0.015567895724001812,
    "russian": 0.4358004812964106,
    "artist": 0.0,
    "notabl": 0.0,
    "see": 0.8543253040870995,
    "collect": -0.0,
    "greek": -0.0,
    "theorist": 0.0,
    "extern": 0.10309115902983172,
    "scientist": 0.5660581313616646,
    "centuri": 0.0,
    "extens": 0.3678965430093755,
    "made": 0.8592473874969455,
    "ethnic": 0.4226005031680983,
    "characterist": 0.0,
    "tabl": 0.0,
    "german": -0.0,
    "cover": 0.0,
    "detail": 0.04274508405421296,
    "game": 0.0,
    "link": 0.0,
    "nbsp": 0.7165949997364675,
    "analyst": 0.0,
    "welsh": 0.0,
    "mathemat": 0.07536044150102526,
    "alphabet": 0.0,
    "comput": 0.0,
    "photograph": 0.296964071933482,
    "film": -0.0,
    "project": 0.041725708985147346,
    "jewish": 0.2025251426669059,
    "indian": -0.0,
    "african": -0.0,
    "born": 0.0,
    "biographi": 0.10390941617671655,
    "profess": 0.20655732574536737,
    "photo": -0.0,
    "mathematician": 0.2089080093226339,
    "quantit": 0.0,
    "chines": -0.0,
    "polish": 0.0,
    "turkish": 0.0,
    "databas": 0.0,
    "hungarian": -0.0,
    "slovenian": 0.29236142733211884,
    "amateur": 0.0,
    "genealog": 0.0,
    "bengali": 0.0,
    "brazilian": 0.0,
    "ukrainian": 0.0,
    "statistician": -0.0,
    "iranian": 0.0,
    "andrej": 0.7521272499452479,
    "geomet": 0.0,
    "logician": 0.0,
    "probabilist": -0.0,
    "bauer": 2.8090717329046355e-16,
    "centenarian": -0.0,
    "actuari": 0.0
  }
}