{
  "qid": "123",
  "query": "Currency",
  "rank": 6,
  "docid": 4666122,
  "coef": {
    "third": 0.0,
    "state": 0.0,
    "major": 0.27721962193642075,
    "pai": 0.0,
    "simultan": 0.0,
    "union": 0.0,
    "currenc": 0.2705165843036629,
    "highli": -0.0,
    "market": 0.3019331180289767,
    "can": 0.05033374660759027,
    "mai": 0.0,
    "nation": 0.2435178313430587,
    "creat": 0.08800994405186248,
    "stabl": 0.016825986615161822,
    "countri": 0.0,
    "order": 0.0,
    "econom": -0.0,
    "reduc": 0.0,
    "taken": 0.0,
    "differ": 0.0,
    "gener": 0.38372078170587504,
    "target": 0.033678584664496865,
    "take": 0.0,
    "polit": 0.0,
    "allow": 0.027097139124761527,
    "world": 0.0,
    "open": 0.0,
    "due": -0.0,
    "need": 0.0,
    "involv": 0.0,
    "trade": 0.26757167561438955,
    "advantag": 0.0,
    "larg": 0.0,
    "interest": 0.3409299409312705,
    "carri": 0.0,
    "canadian": -0.0,
    "exampl": -0.0,
    "offer": 0.054746255099891415,
    "common": 0.4033371460397241,
    "institut": 0.0,
    "place": 0.0,
    "franc": 0.2543583165323123,
    "see": -0.0,
    "non": -0.01547285853714626,
    "wide": 0.0,
    "specif": 0.0,
    "known": 0.0,
    "new": 0.0,
    "neg": 0.22599885325064245,
    "japanes": 0.24527500710194422,
    "like": 0.0,
    "effect": 0.0,
    "mention": 0.0,
    "intern": 0.0,
    "amount": 0.25517159458531413,
    "similar": -0.0,
    "practic": 0.14847848753934795,
    "posit": 0.3446251302508423,
    "offici": 0.0,
    "activ": -0.0,
    "problem": 0.0,
    "wai": 0.0,
    "unit": 0.0,
    "spread": 0.3720402309545446,
    "directli": 0.0,
    "soon": -0.0,
    "give": 0.0,
    "exact": 0.0,
    "accept": 0.08032243593361675,
    "separ": 0.0,
    "global": 6.302673533332986e-16,
    "back": -0.0,
    "mean": 0.0,
    "altern": 0.0,
    "increas": 0.0,
    "across": 0.0,
    "size": 0.0,
    "put": 0.042834790449000855,
    "cost": 0.0,
    "depend": 0.0,
    "swiss": 0.0,
    "rate": 0.0,
    "rang": 0.0,
    "worldwid": 0.0,
    "typic": 0.0,
    "avail": 0.0,
    "doubl": 0.03907673212726967,
    "exposur": 0.0,
    "relev": 0.0,
    "18": -0.0,
    "account": 0.0,
    "pair": 0.2628022319434114,
    "opportun": 0.0,
    "differenti": 0.0,
    "requir": 0.0,
    "margin": 0.0,
    "impact": 0.0,
    "artifici": -0.0,
    "offset": 0.0,
    "foreign": 0.0,
    "cross": 0.0,
    "retail": 0.0,
    "28": 0.0,
    "trader": 0.4010426938075706,
    "dollar": 0.39577600403335117,
    "financi": 0.0,
    "demand": 0.0,
    "economi": 0.0,
    "rout": 0.0,
    "british": 0.0,
    "financ": 0.0,
    "desir": 0.0,
    "sell": -0.0,
    "bui": 0.06543551883138873,
    "overnight": 0.0,
    "intermediari": 0.0,
    "profit": 0.0,
    "strength": 0.0,
    "quot": -0.0,
    "wish": 0.0,
    "pound": 0.0,
    "exchang": 0.0,
    "tie": 0.1276177716089903,
    "liquid": 0.09281874222169313,
    "maker": 0.0,
    "australian": 0.0,
    "synthet": 0.00010355811944805345,
    "solut": 0.2536051256290345,
    "euro": 0.0,
    "trend": 0.0,
    "eur": 0.08070262550537351,
    "broker": 0.20195711434751695,
    "interfac": 0.0,
    "overview": 0.0,
    "zealand": 0.0,
    "scenario": 0.0,
    "yen": 0.0,
    "overhead": 0.0,
    "gbp": 0.0,
    "usd": 0.16553644944622767,
    "cleaner": 0.0,
    "cad": -0.0,
    "nzd": 0.0,
    "chf": 0.02119505753902692,
    "aud": 0.0,
    "forex": 0.021501937854976647,
    "jpy": 0.0
  }
}