{
  "qid": "104",
  "query": "Business Leaders",
  "rank": 2,
  "docid": 2959386,
  "coef": {
    "mai": 0.0,
    "govern": 0.38056619908131634,
    "common": 0.11708039139988421,
    "northern": 0.0,
    "known": 0.0,
    "new": -0.0,
    "leader": 0.352514355628032,
    "unit": 1.0023908301950855,
    "council": 0.4281858309117692,
    "refer": 0.0,
    "canada": 0.0,
    "hous": 1.235219608203761,
    "now": 0.7239641471794963,
    "assembl": 0.0,
    "busi": 1.0665775071150692,
    "legisl": 0.1305831107265778,
    "south": 1.4419430567443697e-16,
    "island": 0.0,
    "senat": 0.316201522426741,
    "kingdom": 0.058774935727124174,
    "premier": 0.0,
    "australia": -0.0,
    "lord": 0.0,
    "minist": 0.0,
    "ireland": 0.3839735304095075,
    "india": -0.0,
    "bangladesh": 0.0,
    "lanka": -0.24192784907820672,
    "sri": -1.5553266458071567e-16,
    "zealand": -0.0,
    "queensland": -0.0,
    "lok": 0.0,
    "sabha": -0.0,
    "cayman": 0.15312127055788835,
    "rajya": -0.0,
    "seanad": 0.0
  }
}