{
  "qid": "119",
  "query": "Classical Dance",
  "rank": 3,
  "docid": 562706,
  "coef": {
    "list": 0.0,
    "origin": 0.04024233518077107,
    "highli": 0.0,
    "cultur": 0.17128411409678956,
    "peopl": 0.24913951929177172,
    "believ": 0.0,
    "can": 0.0,
    "nation": 0.0,
    "figur": 0.0,
    "name": 0.0,
    "men": 0.0,
    "creat": 0.0,
    "movement": 0.0,
    "classic": 0.12242523018246317,
    "mid": 0.0,
    "20th": 0.033619706674949235,
    "music": 0.35313826927898584,
    "public": 0.0,
    "gener": 0.0,
    "includ": 0.2588626928593728,
    "attend": 0.0,
    "ward": 0.0,
    "came": 0.0,
    "call": 0.0,
    "event": 0.0,
    "form": 0.0,
    "world": 0.040535146454445975,
    "perform": 0.26804234984519454,
    "commonli": -0.0,
    "distanc": 0.0,
    "involv": 0.2931806707896449,
    "term": 0.4232610042969523,
    "note": -0.0,
    "love": 0.0,
    "formal": 0.1226124400376942,
    "art": 0.16356201348733135,
    "women": 0.01716014629045173,
    "repres": 0.0,
    "second": 0.14459143418590525,
    "popular": 0.0,
    "young": 0.020733050073424516,
    "well": 0.0,
    "group": 0.0,
    "evil": 0.13131147815569255,
    "depict": 0.0,
    "role": 0.0,
    "peasant": 0.0671210494884687,
    "plai": 0.0,
    "influenc": 0.0,
    "see": 0.0,
    "wide": 0.14838648760999665,
    "1960": 0.0,
    "known": 0.0,
    "new": 0.0,
    "featur": 0.0,
    "green": 0.0,
    "who": 0.0,
    "activ": 0.0,
    "extern": -0.0,
    "social": 0.0,
    "centuri": 0.1342723237879137,
    "tradit": 0.30771586368357473,
    "pleasur": 0.0,
    "spread": 0.0,
    "refer": 0.0,
    "compos": 0.0,
    "ancient": -0.0,
    "emphas": 0.0,
    "style": 0.0,
    "parti": 0.0,
    "travel": 0.0,
    "stori": 0.0,
    "gestur": 0.45643607890494475,
    "leav": 0.10510370666125649,
    "ethnic": 0.0,
    "year": -0.0,
    "introduc": 0.0,
    "accompani": 0.0,
    "maintain": 0.0,
    "univers": 0.0,
    "court": 0.0,
    "femal": 0.0,
    "wild": -0.0,
    "link": 0.0,
    "categori": 0.20136397724997068,
    "male": 0.0,
    "select": 0.0,
    "report": 0.014410238788394888,
    "pair": 0.16863680199282927,
    "pace": 0.0,
    "girl": 0.0,
    "consist": 0.0,
    "elabor": 0.0,
    "reach": 0.0,
    "pole": 0.0671375570989605,
    "cloth": 0.0,
    "fine": 0.0,
    "dark": 0.11482325245683882,
    "celebr": 0.0,
    "mainli": 0.0,
    "button": -0.0,
    "provinc": 0.0,
    "tribe": 0.0019023293522708782,
    "wear": 0.4078778497122091,
    "tiger": 0.0,
    "fish": 0.0,
    "holidai": 0.2630501285291922,
    "birthplac": 0.0,
    "gather": -0.0,
    "shirt": 0.0,
    "red": 0.010091183249501217,
    "anim": 0.0,
    "hit": 0.012363609124323268,
    "entertain": 0.0,
    "amus": 0.0,
    "wealth": 0.0,
    "farmer": 0.0009135616164711936,
    "district": 0.36362784988898295,
    "madison": 0.16466133944989508,
    "yellow": 0.0,
    "hill": 0.0,
    "compani": 0.0,
    "tourist": 0.0,
    "slow": 0.0,
    "enact": 0.0,
    "visit": 0.0,
    "cambodia": 0.09528247188454718,
    "giant": 0.0,
    "beauti": 0.0,
    "king": 0.15191465738912896,
    "poem": 0.0,
    "epic": 0.0,
    "tale": 0.0,
    "bad": 0.017524572545334613,
    "hunter": 0.0,
    "portrai": 0.24025983351855806,
    "theatr": 0.28408621911985305,
    "regim": 0.1353967874997887,
    "wish": 0.0,
    "danc": 0.27849972642599446,
    "danger": 0.0,
    "fast": 0.0,
    "legaci": 0.0,
    "1834": 0.0,
    "luck": 0.059210501757790086,
    "royal": 0.2976458669136061,
    "palac": -0.0,
    "pure": 0.0,
    "ballet": -0.0,
    "premier": 0.0,
    "orchestra": 0.0,
    "costum": 0.0,
    "banquet": 0.0,
    "rom": 0.08109948301987044,
    "styliz": 0.03887752350157063,
    "cha": 0.0,
    "stag": 0.0,
    "deer": 0.0922101305931397,
    "reign": 0.0,
    "folk": 0.11441656276065562,
    "repertoir": -0.0,
    "tribut": 0.0,
    "balines": -0.0,
    "lit": 0.0,
    "silk": 0.0,
    "invoc": 0.0,
    "1904": 0.0,
    "cambodian": 0.042068619336461346,
    "khmer": 0.05742893196005137,
    "pear": 0.0,
    "dancer": 0.0,
    "icon": 0.025591792381391594,
    "coconut": 0.0,
    "oxen": 0.0,
    "bamboo": 0.02762932433254252,
    "philippin": 0.11259771233901,
    "indonesia": -0.0,
    "cham": 0.0,
    "peacock": 0.10310934187662153,
    "comed": 0.0,
    "ensembl": 0.0,
    "kom": 0.0,
    "javanes": -0.0,
    "por": 0.0,
    "lon": 0.01208069020154987,
    "lam": 0.015527230104520394,
    "kui": 0.0,
    "devi": -0.0,
    "kula": 0.0,
    "norodom": 0.009628612922840155,
    "phnom": 0.0,
    "penh": 0.0,
    "trot": -0.23473775373093425,
    "ramayana": 0.05556045451941754,
    "folktal": 0.0,
    "chea": 0.0,
    "apsara": 0.0,
    "peafowl": 0.007786544046782483,
    "boran": 0.0,
    "bolero": 0.0,
    "chong": 0.0,
    "tep": 0.0,
    "chuon": 0.0,
    "nol": 0.0,
    "preah": 0.0,
    "phnum": 0.0,
    "pursat": 0.0,
    "svai": 0.0,
    "pailin": 0.08531173427386049,
    "rieng": 0.0,
    "luong": 0.0,
    "chok": 0.0,
    "trop": 0.1893086351465058,
    "neari": 0.0,
    "kbach": 0.04096664676011574,
    "romvong": 0.0,
    "chuor": 0.005650643731019665,
    "chhayam": 0.0,
    "robam": 0.25380107482062975,
    "ogress": 0.0,
    "lakhon": 0.321083174620566,
    "pinpeat": 0.0,
    "mahori": 0.0,
    "romea": 0.0,
    "buppha": 0.0,
    "kben": 0.0,
    "krapeu": 0.0,
    "haek": 0.0,
    "kravanh": 0.0,
    "saravann": 0.0,
    "araek": 0.0,
    "kngaok": 0.0,
    "tosoang": 0.0,
    "changkibin": 0.0,
    "sneang": 0.0
  }
}