{
  "qid": "120",
  "query": "Baking",
  "rank": 2,
  "docid": 279731,
  "coef": {
    "can": 0.8448360706274162,
    "order": 0.6547981523721559,
    "us": 0.5330195884931571,
    "pre": 0.0,
    "prevent": 0.6669756505040514,
    "call": -0.0,
    "allow": 0.0,
    "due": 0.07860121375531175,
    "involv": 0.0,
    "work": 0.08306156495843837,
    "second": 0.0,
    "complet": 0.016208915477524517,
    "close": 0.0,
    "time": -0.0,
    "process": 0.0,
    "will": -0.0,
    "small": 0.0,
    "place": -0.0,
    "see": 0.09216013026372376,
    "method": 0.5044131397034358,
    "line": 0.07705301596547405,
    "produc": 0.0,
    "past": 0.0,
    "shape": 0.3922844921482546,
    "achiev": 0.0,
    "partli": 0.0,
    "techniqu": 0.310629719388357,
    "blind": 0.0,
    "case": 0.22880749310677487,
    "weight": 0.3621996052926052,
    "remov": 0.03740653178331378,
    "metal": 0.0,
    "paper": -0.0,
    "repeatedli": 0.08334358435900494,
    "keep": 0.0,
    "top": 0.0,
    "bubbl": 0.0,
    "shorter": 0.0,
    "photograph": 0.0,
    "brown": 0.0,
    "retain": 0.038095276979394806,
    "fulli": 0.0,
    "bird": 0.369361442628147,
    "escap": 0.01673873937224324,
    "fill": 0.8563894449973702,
    "ensur": 0.0,
    "hole": 0.0,
    "accomplish": 0.0,
    "puls": 0.014897513335646918,
    "dri": 0.148917766151286,
    "wet": 0.0,
    "shell": -0.0,
    "soft": 0.0,
    "simplifi": 0.0,
    "tin": 0.6983087340457014,
    "pierc": 0.0,
    "ceram": 1.2697895331902476,
    "pastri": 0.0923434730118442,
    "pi": 0.043108095059279546,
    "steam": 0.0,
    "te": 0.0,
    "foil": 0.0,
    "rice": 0.0,
    "pie": -0.0,
    "crust": 0.6676605772501728,
    "cream": 0.4674480475748409,
    "bean": 0.39671299715534486,
    "lentil": 0.0,
    "pea": 0.5117617022967813,
    "aluminium": 0.0,
    "fork": 0.0,
    "bead": 0.02279145202344711,
    "dispens": 0.0,
    "bake": 0.5657457980574688,
    "invert": 0.0,
    "dough": 0.0,
    "pud": 0.25782221713378556,
    "parchment": -0.0,
    "sucr": 0.5093428878564668,
    "tine": 0.5518111838330604,
    "unbak": 0.0,
    "huff": 0.06936986919375701,
    "soggi": 0.1771793888109099
  }
}