{
  "qid": "121",
  "query": "Racquet Sports",
  "rank": 9,
  "docid": 3361527,
  "coef": {
    "type": 4.449531260215981,
    "mai": 0.0,
    "see": 0.0,
    "who": 0.012376953557078525,
    "activ": 0.0,
    "tradit": 4.0326585073960715,
    "refer": 2.475121629277165e-14,
    "increas": 2.823824265164613,
    "toi": 1.4779738560794378,
    "axi": -0.0,
    "consist": 7.0071814614830235,
    "top": 1.3876194101732464,
    "bowl": 6.306851060952274,
    "sport": 3.7297865264737626,
    "shot": 0.0,
    "deliveri": 0.0,
    "player": 0.0002681022656730309,
    "disambigu": 0.0,
    "spin": 6.547675672325043,
    "wrist": 0.0,
    "racquet": 0.0,
    "cricket": 0.0,
    "finger": 0.0,
    "spinner": 0.0,
    "topspin": 0.0,
    "topspinn": 1.6110962817522052
  }
}