{
  "qid": "130",
  "query": "Basketball",
  "rank": 5,
  "docid": 3063496,
  "coef": {
    "third": 0.0,
    "list": 0.0,
    "europ": 0.0,
    "includ": 0.2861823655483831,
    "began": 0.0377911914249826,
    "perform": 0.0,
    "second": 0.0,
    "see": 0.0,
    "wide": 0.0,
    "rise": 0.0,
    "individu": 0.0,
    "2008": -0.0,
    "level": 0.0,
    "year": 0.39041092132422506,
    "profession": 0.0,
    "week": 0.230639018760032,
    "given": 0.09275463927881994,
    "09": -0.0,
    "continent": 0.0,
    "top": 0.0,
    "season": 0.48440827208632714,
    "final": 0.04592330338760236,
    "champion": -0.0,
    "team": 0.0,
    "competit": 0.0,
    "2002": 0.0,
    "leagu": 0.24364728011261177,
    "tier": 0.46564673446262306,
    "star": 0.0,
    "edit": 0.0,
    "award": 0.35388706894325955,
    "basketbal": 0.31778059726413543,
    "coach": 0.0,
    "club": 0.0,
    "03": 0.0,
    "euroleagu": -0.0,
    "scorer": 0.0,
    "mvp": 0.12114139369234546,
    "eurocup": 0.21058366272690976
  }
}