{
  "qid": "118",
  "query": "Cartoons",
  "rank": 3,
  "docid": 4098237,
  "coef": {
    "mai": 0.09208579849126096,
    "europ": -0.0,
    "concept": 0.0,
    "gener": 0.0,
    "video": 0.0,
    "art": -0.0,
    "land": 0.0,
    "develop": 0.0,
    "network": -0.0,
    "franc": 0.0059846326198642365,
    "see": 0.0,
    "direct": 0.0,
    "new": 0.0,
    "similar": 0.0,
    "pari": 0.0012421318702223027,
    "softwar": 0.0,
    "mean": 0.0,
    "program": 0.0,
    "univers": -0.1555266433896089,
    "mgm": 0.13170572657257087,
    "corpor": 0.0,
    "anim": 0.30857539515491883,
    "compani": -0.0,
    "park": 0.06958809132834762,
    "walt": 0.8649393655947867,
    "metro": 0.022724304320007188,
    "goldwyn": 0.0,
    "mayer": 0.0,
    "studio": 0.676914602421149,
    "disnei": 0.5878360005844788,
    "cartoon": 0.3179454670727373,
    "bro": 0.9155279716664353,
    "paramount": 0.0,
    "warner": 0.5299164869345028,
    "comic": 0.0,
    "scottish": -0.0,
    "disneyland": 0.7608424994776279,
    "warnermedia": 0.0,
    "toon": 0.0,
    "disneytoon": 0.0,
    "paramaout": 0.0
  }
}