{
  "qid": "103",
  "query": "European Novelists",
  "rank": 7,
  "docid": 1408881,
  "coef": {
    "bed": 2.356988287222895,
    "journal": 1.0242461063797434,
    "world": 2.0247060218788997,
    "william": 0.0,
    "author": 1.911731714892522,
    "novelist": 2.3053709059645295,
    "english": 2.4721479342778823,
    "1920": 0.12970144667832836,
    "introduc": 2.7189808459688147,
    "frequent": 2.444595810104078,
    "european": 2.3556097595317493,
    "london": 1.729128400925982,
    "philip": 0.021036475550345046,
    "poet": 0.0,
    "samuel": 3.01861389095403,
    "editor": 1.9466394340422284,
    "1930": 2.421567788930712,
    "owen": 0.009831621206843739,
    "edit": 3.728968006216437e-05,
    "literari": 0.057431695022211904,
    "jack": 0.0023765451822573857,
    "contributor": 1.117053831500366e-16,
    "novel": 0.014188053525968667,
    "aphrodit": 0.0,
    "jacob": 0.1111245747376203,
    "caravan": 0.0,
    "beckett": 0.0,
    "lindsai": 0.0,
    "putnam": 0.00265915624269061,
    "antholog": 0.0,
    "landladi": 2.3020190232542497,
    "bronowski": 0.0,
    "empson": 0.0,
    "hobohemian": 0.0,
    "breaksfast": 0.07506646509773503
  }
}