{
  "qid": "134",
  "query": "Botany",
  "rank": 1,
  "docid": 2446412,
  "coef": {
    "journal": 2.6868970523671076,
    "mai": -1.0945886523662025,
    "call": 0.5123550601412314,
    "de": 0.0,
    "american": 0.0,
    "canadian": 0.0,
    "academ": -0.2746370444700871,
    "see": 0.6964457458397467,
    "new": -2.2018464108548246,
    "refer": 0.0,
    "confus": 1.0558836215393166,
    "foreign": 1.2786332370642728e-14,
    "european": 0.045857123059520645,
    "british": 0.0,
    "botani": 1.1523080632070817,
    "australian": 0.0,
    "botaniqu": 0.0,
    "hindawi": 0.0,
    "watsonia": 0.0
  }
}