{
  "qid": "113",
  "query": "Computer Scientists",
  "rank": 7,
  "docid": 4095582,
  "coef": {
    "major": 0.0,
    "list": 0.8648123222139924,
    "lead": -0.0,
    "stand": 0.0,
    "earli": 0.0,
    "nation": 0.4492842064182577,
    "mid": 0.03824131580994536,
    "servic": 0.0,
    "educ": 0.0,
    "open": 0.0,
    "follow": 0.0,
    "develop": 0.040967831104689,
    "career": 0.23951776585996543,
    "commun": -0.013419428184140115,
    "break": 0.049915130309979995,
    "life": 0.043545920248067096,
    "institut": 0.20373310459624144,
    "acknowledg": 0.0,
    "enhanc": 0.0,
    "field": 0.5922242482403143,
    "see": 0.0,
    "method": 0.7094792965956023,
    "direct": 0.0,
    "new": 0.0,
    "contribut": 0.508857294948085,
    "free": 0.29586453704302856,
    "intern": 0.0,
    "who": 1.026238530634506,
    "practic": 4.538027747185276e-05,
    "post": -0.0,
    "scientist": 0.34283779112925594,
    "promot": 0.20020397354097985,
    "individu": 0.0,
    "made": 0.0,
    "continu": 0.0,
    "member": 0.16326006328438306,
    "scienc": 1.3527079344231299,
    "benjamin": 0.0,
    "decad": -0.0,
    "combin": 0.0,
    "2008": 0.0007398733542390598,
    "technolog": 0.0,
    "level": 0.0,
    "stage": 0.0037383783377986537,
    "year": 0.0,
    "materi": 0.1136060276056577,
    "swiss": 0.1539299311215025,
    "research": 1.4177550628921007,
    "resourc": 1.00415991334153,
    "data": 0.887684670616964,
    "15": 0.4188658495605387,
    "12": 8.208784116940654e-16,
    "analysi": 0.0,
    "deliv": 0.0,
    "degre": -0.0,
    "consist": -0.0,
    "applic": 0.002562676676209047,
    "ground": 0.0,
    "comput": 0.24159965569862407,
    "senior": 0.0,
    "access": 1.2172404381513682,
    "secondari": 0.0,
    "franklin": 0.0,
    "outstand": 0.7063894424310467,
    "delano": 0.0,
    "accomplish": 0.0,
    "biologi": 0.0,
    "overton": 0.0,
    "award": 0.8938817368951402,
    "parasit": -0.0,
    "prize": 0.0,
    "forg": 0.0,
    "innov": 0.0,
    "rigor": -0.0,
    "molecular": -0.0,
    "bioscienc": 0.8342206045192051,
    "bioinformat": 1.1005014894568335,
    "bioinformatician": 0.0,
    "asbmb": 0.0,
    "iscb": 0.7402437739647332
  }
}