{
  "qid": "136",
  "query": "Visual Journalism",
  "rank": 9,
  "docid": 2832135,
  "coef": {
    "theoret": 0.0,
    "journal": -0.0,
    "st": 0.0,
    "basic": 0.0,
    "review": 0.0,
    "place": 2.932552275443705,
    "peter": 4.22633114595269,
    "accord": 0.0,
    "extern": 1.4220466030298187,
    "60": 0.0,
    "peer": 0.2874155273506527,
    "cover": 1.7825989205412658,
    "research": 0.0,
    "visual": 0.0,
    "univers": 3.4401506285370456,
    "link": 2.3830904620257245,
    "report": -0.5881850097928174,
    "factor": 0.0,
    "scientif": 0.0,
    "3": 0.0,
    "impact": 0.0,
    "chief": 0.0,
    "13th": 0.0,
    "washington": 0.0,
    "2019": 1.0403302084954866,
    "editor": 0.0,
    "experiment": 2.013326153900588,
    "loui": 0.0,
    "citat": -0.055502047091377515,
    "neurosci": 4.39185448654268,
    "139th": 0.020702905218197964,
    "271": 0.0,
    "ophthalmolog": 0.0,
    "lukasiewicz": 0.004426417952365734
  }
}