{
  "qid": "130",
  "query": "Basketball",
  "rank": 7,
  "docid": 5292372,
  "coef": {
    "current": 0.3051055068928362,
    "system": 0.39329193247700905,
    "men": 0.0,
    "italian": -0.0,
    "ii": 0.0,
    "french": -0.0,
    "hierarch": 0.13248777214758065,
    "note": 0.029448770039162294,
    "vari": -0.0,
    "american": 0.0,
    "women": 0.09164397208117607,
    "russian": -0.0,
    "organ": 0.46974961696427564,
    "place": 0.0,
    "see": 0.0,
    "greek": -0.0,
    "amount": 0.2450700915608214,
    "extern": 0.0,
    "promot": 0.0,
    "refer": 0.0,
    "associ": 0.0,
    "interconnect": 0.0,
    "seri": 0.0,
    "level": -0.0,
    "2": 0.0,
    "profession": 0.0,
    "german": -0.0,
    "iii": 0.0,
    "10": 0.5277282004279029,
    "link": 0.0,
    "1": 0.0,
    "season": -0.0,
    "european": 0.0,
    "format": 0.38939371437586473,
    "cup": 0.0,
    "4th": 0.0,
    "releg": -0.0,
    "team": 0.27695803176244116,
    "divis": 0.0,
    "competit": 0.4843486692110762,
    "leagu": 0.12696509053313396,
    "south": 0.0,
    "tier": 0.7032801305171321,
    "1st": 0.0,
    "spot": 0.0,
    "2nd": 0.0,
    "3rd": 0.0,
    "basketbal": 0.0,
    "polish": -0.0,
    "turkish": -0.0,
    "club": 0.0,
    "iceland": 0.285207935590849,
    "10th": 0.0,
    "hungarian": -0.0,
    "demot": 0.0,
    "pyramid": 0.4155990723690822,
    "supercup": 0.0,
    "karla": 0.6792972892518057,
    "deild": 1.3210139089089894e-14,
    "rvalsdeild": 0.0
  }
}