{
  "qid": "121",
  "query": "Racquet Sports",
  "rank": 2,
  "docid": 468141,
  "coef": {
    "state": 0.0,
    "north": 0.0,
    "bodi": 5.346890475744116,
    "american": 0.0,
    "govern": 0.06859213917506894,
    "citi": 0.000928280109796262,
    "new": 0.0,
    "extern": 0.0,
    "unit": 2.016600148178133,
    "member": -0.0,
    "canada": -0.0,
    "associ": 1.763288059321819,
    "link": 2.7727046045001016,
    "chicago": -0.0,
    "sport": 0.0,
    "philadelphia": -0.0,
    "york": 3.9650033216934517,
    "tenni": 2.3027438858331735,
    "boston": -0.0,
    "club": -0.0,
    "detroit": -0.0,
    "racket": -0.0,
    "racquet": 4.3564483134446705,
    "montreal": 0.0,
    "tuxedo": 0.48220898307666404
  }
}