{
  "qid": "136",
  "query": "Visual Journalism",
  "rank": 4,
  "docid": 5958607,
  "coef": {
    "emerg": 3.761259576701052e-17,
    "journal": 2.9714263346559373,
    "educ": 0.0,
    "area": 0.0,
    "establish": 0.0,
    "review": 0.0,
    "commun": 3.005341460356945,
    "academ": 0.0,
    "publish": 3.0829345887463013,
    "lawrenc": 0.0,
    "mass": 0.18044847712025489,
    "offici": -0.0,
    "associ": -0.0,
    "sourc": 0.11091703433577207,
    "peer": 0.0,
    "cover": 0.0,
    "visual": 0.3395800451803133,
    "univers": 2.470136610284357,
    "index": 0.5916283193049044,
    "chief": 2.984002902303481,
    "divis": 0.0,
    "vega": 0.0,
    "la": 0.04885452522208215,
    "1994": 0.07180948082421769,
    "nevada": 0.0,
    "editor": 0.3231474797218786,
    "routledg": 1.1219787473968501e-16,
    "databas": 3.0023409168918764,
    "abstract": -0.0,
    "citat": 0.025404384831902754,
    "quarterli": 0.0,
    "mullen": 0.0,
    "proquest": 0.0,
    "scopu": -0.0,
    "ebsco": 0.0
  }
}