{
  "qid": "114",
  "query": "Songwriting",
  "rank": 9,
  "docid": 2131192,
  "coef": {
    "third": 0.0,
    "discuss": 0.20502254775069736,
    "origin": 0.29874282236330185,
    "benefit": -0.0,
    "exist": 0.0950114121934175,
    "inspir": 0.0,
    "can": 0.16522160607877875,
    "creat": 0.0,
    "countri": 0.0,
    "music": 0.42550767603157263,
    "websit": 0.0,
    "conduct": 0.0,
    "write": 0.4948140499049252,
    "differ": -0.0,
    "gener": 0.0,
    "includ": 0.16184507677590967,
    "big": -0.0,
    "later": 0.0,
    "call": 0.0,
    "event": 0.17928968872126275,
    "polit": 0.0,
    "number": 0.0,
    "import": 0.0,
    "found": 0.0,
    "world": 0.27826001894563773,
    "perform": 0.0,
    "american": 0.4922579008137226,
    "chang": 0.00047112460774753444,
    "long": 0.06114714909830566,
    "career": 0.0,
    "well": 0.0,
    "issu": 0.06070617527713119,
    "william": 0.26717222947809083,
    "exampl": 0.09725420724871148,
    "contract": -0.0,
    "artist": 0.09870302573270144,
    "wing": 0.003129107932391255,
    "internet": 0.4394331956104909,
    "find": 0.21328963231539705,
    "particip": 0.41247560537165046,
    "todai": 0.14259217944468686,
    "20": 0.03057770352068242,
    "known": 0.0,
    "new": 0.1942945116760847,
    "intern": 0.4060473235927439,
    "win": 0.4290250048258857,
    "john": 0.07508724663045538,
    "who": 0.0,
    "read": 0.0,
    "first": 0.0,
    "wai": 0.0,
    "social": 0.5109050904175113,
    "base": 0.0,
    "forum": 0.24840456528143678,
    "parti": 0.0,
    "onlin": 0.056788737095594455,
    "stori": 0.16139669328811154,
    "initi": 0.0,
    "2015": 0.0,
    "year": 0.0,
    "rare": 0.0,
    "previous": 0.007895982644310023,
    "ask": 0.0,
    "variat": 0.21201830991430196,
    "old": 0.0,
    "rais": 0.06916892706088316,
    "exposur": 0.07828145509276128,
    "opportun": 0.0,
    "theme": -0.0,
    "awar": 0.0,
    "3": 0.0,
    "requir": 0.0,
    "receiv": 0.0,
    "annual": 0.0,
    "advent": 0.0,
    "hook": -0.0,
    "cross": 0.0,
    "submit": 0.0,
    "record": 0.20609130399587042,
    "richard": 0.1633645943892164,
    "competit": 0.5497919892611042,
    "magazin": 0.0,
    "hit": 0.14993552023524676,
    "york": 0.0,
    "ono": 0.0,
    "june": 0.0,
    "short": 0.0,
    "subsidiari": 0.0,
    "monei": 0.0,
    "announc": 0.0,
    "angel": 0.0,
    "lo": 0.0,
    "piec": 0.0,
    "inaugur": 0.0,
    "harri": 0.011887839616554933,
    "sing": 0.0,
    "launch": 0.0,
    "sponsor": 0.00340348480859435,
    "1997": 0.0,
    "contest": 0.1671655730024052,
    "pop": 0.0,
    "winner": 0.018576150659400093,
    "song": 0.14672770027377413,
    "bottl": 0.007628707603099886,
    "prize": 0.0,
    "maker": -0.0,
    "musician": 0.0,
    "wind": 0.0,
    "durango": 0.0,
    "jeff": 0.0,
    "chart": 0.0,
    "boost": 0.0,
    "wooden": 0.0,
    "kim": 0.0,
    "songwrit": 0.09978606708234987,
    "expo": 0.0,
    "nashvil": 0.0,
    "idol": 0.0,
    "billboard": 0.0,
    "fide": 0.0,
    "lennon": 0.0,
    "yoko": 0.0,
    "airplai": 0.3018662065771993,
    "pam": 0.05908668894836185,
    "bona": 0.0,
    "moreno": 0.0,
    "geni": 2.7021823013958994e-17,
    "spinoff": 0.24638858385555534,
    "alissa": 0.0,
    "offlin": 0.0,
    "fiverr": 0.0,
    "sheyn": 0.008465207953119416,
    "silbar": 0.0,
    "unisong": 0.0,
    "compros": 0.0,
    "wwahm": 0.31460527673366506
  }
}