{
  "qid": "145",
  "query": "Finance",
  "rank": 9,
  "docid": 156427,
  "coef": {
    "state": 0.08100335874817907,
    "list": 0.0,
    "current": 0.0,
    "currenc": 0.0,
    "benefit": 0.009763571269776545,
    "can": -0.0,
    "support": 0.0,
    "assist": 0.0,
    "mai": 0.0,
    "nation": 0.0,
    "name": 0.30092401148064646,
    "countri": 0.29146659032072875,
    "econom": 0.1315133804205551,
    "differ": 0.03080943602357785,
    "respons": 0.0,
    "public": -0.0,
    "gener": -0.0,
    "servic": -0.0,
    "head": 0.0,
    "histori": 0.0,
    "call": -0.0,
    "manag": 0.0,
    "form": 0.0,
    "view": 0.0,
    "import": 0.0,
    "found": 0.0,
    "world": 0.0,
    "hold": 0.0,
    "perform": 1.6263939551026837e-05,
    "due": 0.04114162368371185,
    "bodi": 0.0,
    "limit": 0.0,
    "kei": 0.162547758486418,
    "charg": 0.0,
    "vari": 0.0,
    "larg": 0.0,
    "control": 0.0,
    "percept": 0.010465732844741718,
    "second": 0.0,
    "interest": 0.0,
    "duti": 0.0,
    "respect": 0.0,
    "govern": 0.09836258721792587,
    "feder": 0.0,
    "monetari": 0.0,
    "regul": 0.0,
    "notabl": 0.0,
    "central": 0.0,
    "see": -0.0,
    "signific": 0.0,
    "histor": 0.0,
    "like": 0.0,
    "handl": -0.0,
    "signal": 0.0,
    "who": 0.0,
    "practic": 0.0,
    "posit": 0.2387739464575272,
    "first": 0.0,
    "post": 0.0,
    "unit": 0.2412889004690783,
    "decis": 0.0506507040531209,
    "directli": 4.572499687206696e-16,
    "achiev": 0.0,
    "bank": 0.2701001653089749,
    "independ": 0.0,
    "separ": 0.21635710451615978,
    "execut": 0.0,
    "power": 0.2813634602772613,
    "varieti": 0.0,
    "style": 0.0,
    "across": 0.0,
    "case": 0.0,
    "year": 0.0,
    "rate": 0.0,
    "typic": 0.0,
    "rais": 0.0,
    "femal": 0.0,
    "superior": 0.0,
    "substanti": 0.0,
    "annual": 0.0,
    "format": 0.0,
    "fiscal": 0.0,
    "provinc": 0.0,
    "tax": 0.0,
    "senior": 0.0,
    "suppli": 0.0,
    "spend": 0.0,
    "oversight": 0.0,
    "affair": 0.0,
    "treasur": 0.0,
    "cabinet": 0.18370185862249463,
    "overseen": 0.0,
    "legisl": 0.0,
    "financi": 0.051702236180708315,
    "offic": 0.0,
    "budget": 0.0,
    "economi": 0.0,
    "depart": 0.0,
    "secretari": 0.08726347455750794,
    "agenc": 0.0,
    "monei": 0.0,
    "financ": 0.09162013018739315,
    "cut": 0.0,
    "polici": 0.3435762773272564,
    "commerc": 0.0,
    "treasuri": 0.25725010336632487,
    "draft": 0.0,
    "encompass": 0.030197855427285803,
    "recognis": 0.06401174917802674,
    "kingdom": 0.0,
    "award": 0.0,
    "director": 0.15422430996762254,
    "equival": 0.0,
    "australia": 0.20363460227314528,
    "junior": 0.08244856325270292,
    "inter": 0.0,
    "taxat": 0.0,
    "prime": -0.0,
    "ministri": 0.11218037832796336,
    "lord": 0.20732626061680023,
    "minist": 0.2743807561875439,
    "kong": -0.0,
    "subordin": 0.0,
    "hong": 0.0,
    "chancellor": 0.10584656918163228,
    "unpopular": 0.0,
    "portfolio": 0.12445563025102134,
    "exchequ": 0.21985678456427024,
    "quirk": 0.016681182615237808,
    "euromonei": 0.0
  }
}