{
  "qid": "107",
  "query": "Seafood",
  "rank": 2,
  "docid": 4361800,
  "coef": {
    "state": 0.0,
    "list": 0.060220162040422125,
    "union": -0.0,
    "right": 0.46812549707887025,
    "market": 0.0719458489335535,
    "type": 0.0,
    "product": 0.2509157932669169,
    "anchor": 0.0,
    "servic": 0.0,
    "includ": 0.0,
    "cold": 0.0,
    "form": 0.745557093966893,
    "involv": 0.0,
    "trade": 0.0,
    "american": 0.14138826241838737,
    "choic": -0.0,
    "young": 0.0,
    "group": 0.021105594057721305,
    "life": 0.0,
    "process": 0.0,
    "organ": -0.0,
    "left": 0.0,
    "see": -0.0,
    "live": 0.0,
    "produc": 0.0,
    "john": -0.0,
    "distribut": 1.164095703169159,
    "unit": 0.0,
    "promin": -0.0,
    "human": -0.0,
    "boi": 0.0,
    "nutrit": 0.0,
    "food": 0.0585201533426822,
    "typic": 0.0,
    "wild": -0.0,
    "regard": 1.051858219011641,
    "commerci": -0.0,
    "aqua": 0.0,
    "sea": 1.9754149352512938e-15,
    "farm": 0.0,
    "plant": -0.0,
    "restaur": 0.5394396950988782,
    "west": 0.5782520593055663,
    "vietnam": -0.0,
    "washington": -0.0,
    "fish": 0.8349787519939403,
    "coast": 0.22003386101984507,
    "pacif": 0.7957674142437231,
    "compani": 0.0,
    "factori": -0.0,
    "salmon": -0.0,
    "royal": 0.0,
    "kingdom": -0.0,
    "anna": -0.0,
    "vital": -0.20195158273246272,
    "nielsen": 0.0,
    "maria": -0.0,
    "norwai": 0.8680007188531056,
    "triumph": 0.0,
    "norwegian": 0.0,
    "vessel": 0.24625405367337358,
    "dynasti": 0.011098923097355174,
    "mauritania": 0.0,
    "dish": 0.0,
    "harvest": 0.0,
    "storag": 0.0,
    "feed": 0.25401051498462435,
    "scotland": 0.0,
    "ross": 0.0,
    "kong": 0.0,
    "bee": 0.0,
    "hong": 0.0,
    "thai": -0.0,
    "thailand": -0.0,
    "carrier": 0.1842240595335891,
    "marin": 0.572286488155521,
    "bellingham": 0.5762660179253275,
    "seafood": 0.7950009069390352,
    "dock": 0.20670384794171104,
    "greenland": 0.3395082595445625,
    "sweden": 0.0,
    "and": 0.0,
    "rd": 0.0,
    "phillip": 0.041102065230069776,
    "offshor": 0.6722919857645425,
    "denmark": -0.0,
    "pelag": 0.31475611828230254,
    "shellfish": -0.0,
    "ltd": 0.0,
    "abba": 0.0,
    "sara": 0.0,
    "punta": 0.0,
    "volden": 0.0,
    "canneri": 0.0,
    "trident": -0.0,
    "gc": 0.09913664732982697,
    "whitbi": 0.0,
    "ler": 0.3696012395441896,
    "trawler": 0.0,
    "aker": 0.0,
    "bumbl": 0.0,
    "hdm": -0.0,
    "rem": 0.0,
    "norg": 0.5352894918445961,
    "rauma": 0.0,
    "gorda": 0.0,
    "grieg": 0.0,
    "sisimiut": 1.2315747404658106,
    "bluecrest": 0.0,
    "rieber": 0.0,
    "sarl": 0.0,
    "stolt": 0.0,
    "ewo": 0.0,
    "shippam": 0.0,
    "nerg": 0.0,
    "biomarin": 0.0,
    "salmar": 0.0,
    "pescanova": 0.0,
    "akamalik": -0.0,
    "domstein": 0.0,
    "havfisk": 0.0,
    "cuulong": -0.0,
    "sildesalgslag": 0.0
  }
}