{
  "qid": "144",
  "query": "Child Development",
  "rank": 2,
  "docid": 5883195,
  "coef": {
    "5": 0.3469611005137302,
    "union": 0.0,
    "right": 0.00993124056029045,
    "focus": 0.0,
    "emphasi": 0.0,
    "support": 0.06963228744874185,
    "earli": 0.38494536049595746,
    "evalu": 0.0,
    "optim": 0.046623777191889,
    "countri": 0.481740685106072,
    "middl": 0.0,
    "includ": 0.1730912153765608,
    "histori": -0.0,
    "found": 0.0,
    "oper": 0.0,
    "open": 0.0,
    "best": 0.0,
    "ag": 0.014054392416858056,
    "emot": -0.0,
    "american": 0.00796618208499741,
    "develop": 0.5421198766652089,
    "young": 0.0,
    "well": 0.0,
    "govern": 0.007908921295262956,
    "affili": 0.0,
    "review": -0.0,
    "group": -0.0,
    "organ": 0.23648780169557143,
    "children": 0.7562532886474943,
    "non": 0.0,
    "advoc": 0.0,
    "child": 0.44251920099178815,
    "like": 0.0,
    "effect": 0.0,
    "intern": 0.5285531080484355,
    "goal": 0.0,
    "practic": 0.0,
    "extern": 0.0,
    "social": 0.0,
    "promot": 0.561913214794878,
    "releas": 0.0018691960355306705,
    "member": 0.0,
    "studi": 0.0016461970115632496,
    "committe": 0.0,
    "base": 0.0,
    "foundat": 7.671629913711569e-05,
    "associ": 0.0,
    "sourc": 0.0,
    "varieti": 0.184327232594014,
    "global": 0.0,
    "seri": 0.0,
    "low": 0.22360478803327075,
    "psycholog": 0.0,
    "cognit": 0.0,
    "sustain": 8.077807891826079e-06,
    "nutrit": 0.0,
    "characterist": 0.0,
    "program": 0.0,
    "focu": 0.3786142721792939,
    "face": 0.0,
    "research": -0.04972560084995313,
    "health": 0.0,
    "evid": 0.020267887820848454,
    "childhood": 0.0,
    "univers": 0.0,
    "document": 0.38254102899214776,
    "locat": 0.4894987460449996,
    "link": 0.767089574299085,
    "dissemin": 0.0,
    "risk": 0.0,
    "motor": -0.0,
    "factor": 0.0,
    "scientif": 0.16873885371235034,
    "2007": 0.5288922695658946,
    "intervent": 0.8627701021244024,
    "fund": 0.0,
    "receiv": 0.6619341833729052,
    "capac": -0.0,
    "incom": 0.0,
    "centr": 0.0,
    "itali": 0.0,
    "protect": 0.0,
    "west": 0.5053925099948037,
    "convent": 0.4467811192287087,
    "2011": 0.0,
    "financi": 0.0,
    "campu": 0.0,
    "polici": 0.895317324853885,
    "van": 0.4869683738057362,
    "encourag": -0.0,
    "behaviour": -0.0,
    "faculti": 0.0,
    "score": 0.542799530556941,
    "un": 0.6348753461216603,
    "mission": 0.23831376233071794,
    "caribbean": 0.014402379650932405,
    "government": 0.0,
    "bernard": 0.00010496633667000018,
    "indi": 0.003155842584518245,
    "jamaica": 0.0,
    "organiz": 0.0,
    "steer": 0.7540655010286174,
    "unicef": 0.011427159751023824,
    "rockefel": 0.30331656852296546,
    "secretariat": 0.0,
    "lancet": 0.0,
    "leer": 0.0007617998342944899,
    "bellagio": 0.0,
    "gcdg": 0.0
  }
}