{
  "qid": "139",
  "query": "European Union Governance",
  "rank": 2,
  "docid": 5957755,
  "coef": {
    "state": 0.0,
    "union": 0.09288213583084995,
    "current": 0.0,
    "attempt": 0.0,
    "can": 0.0,
    "nation": 0.0,
    "countri": 0.0,
    "law": 0.0,
    "histori": 0.19114228754342238,
    "rule": 1.6419890604312453,
    "event": 0.7287720755148224,
    "polit": -0.0,
    "david": 1.2060568539535568,
    "repres": 0.0,
    "respect": -0.0,
    "govern": -0.0,
    "offer": 0.0,
    "justic": 0.0,
    "will": 0.2633916276226402,
    "left": 0.0,
    "see": 0.0,
    "unit": 2.136958961391101,
    "council": 0.0,
    "modern": -0.0,
    "mean": 0.12197943792813923,
    "period": -0.0,
    "million": 0.0,
    "year": 0.04540854050067223,
    "high": 0.0,
    "loss": 0.0,
    "vaccin": 0.5317282024826556,
    "court": 0.3804215218422712,
    "outlin": 0.0,
    "link": 1.2483443116227102,
    "refus": 0.58108908179239,
    "ritual": 1.8789612561149562,
    "fund": 0.03916174069916619,
    "european": 0.9632366015739079,
    "presid": 0.8486521589388913,
    "veto": 0.0,
    "ban": 0.0,
    "17": 1.3610766418164582,
    "novemb": 0.0,
    "decemb": 0.0,
    "budget": 0.0,
    "incumb": -0.31031996701578896,
    "juli": 0.11349129278656649,
    "commiss": 0.6064678691397097,
    "31": 0.0,
    "19": 0.2597766168117212,
    "von": 1.1167098633447634,
    "januari": 0.44177132554845877,
    "500": 0.0,
    "sovereignti": 0.0,
    "slaughter": 0.04505525551802864,
    "charl": 0.0,
    "germani": 1.0801424342089685,
    "jan": -0.0,
    "kingdom": 0.20113798434533367,
    "2020": 0.5460905781627658,
    "covid": 0.0,
    "josep": 0.0,
    "eu": 0.8297143051719358,
    "parliament": 0.24232485437679963,
    "der": 0.0,
    "dec": 0.0,
    "overview": 0.0,
    "timelin": 0.0,
    "borrel": 0.0,
    "hungari": 0.0,
    "dose": 0.0,
    "poland": 0.0,
    "croatia": -0.0,
    "gibraltar": 0.0,
    "michel": 0.0,
    "jun": 0.0,
    "pfizer": 0.0,
    "ursula": 0.0,
    "kosher": 0.0,
    "halal": 0.0,
    "biontech": 0.0,
    "leyen": 0.0,
    "sassoli": 6.126517706033407e-17
  }
}