{
  "qid": "116",
  "query": "Malnutrition",
  "rank": 6,
  "docid": 3024623,
  "coef": {
    "state": 0.0,
    "5": 0.0,
    "figur": 1.00894777707132,
    "situat": 0.0,
    "sever": 0.0,
    "publish": 0.0,
    "institut": 0.3299870412180602,
    "children": 0.0,
    "see": 0.0,
    "articl": 8.281878676536428e-05,
    "intern": 0.0,
    "accord": 0.0,
    "refer": 3.476972598142032,
    "statist": 0.0,
    "0": 0.0,
    "9": 0.0,
    "total": 1.9057049441107243,
    "popul": 1.689342922414061e-14,
    "food": 2.367981313550267,
    "research": 0.0,
    "rate": 0.0,
    "infant": 0.4931034826400742,
    "6": 0.8758073906292546,
    "index": 2.4147730136682823,
    "lowest": 2.2268838793154253,
    "indian": 0.6849210247363203,
    "mortal": 0.0,
    "polici": 0.36474901504869744,
    "india": 0.9439188592861653,
    "hunger": 0.0,
    "kerala": 1.8796131533474434,
    "malnutrit": 2.435026894810352,
    "underweight": 0.0,
    "undernourish": 0.08949193102686986
  }
}