{
  "qid": "148",
  "query": "Tea",
  "rank": 7,
  "docid": 4641626,
  "coef": {
    "major": 0.0,
    "blend": 0.0,
    "product": 0.0,
    "includ": 0.0,
    "credit": 0.0016769130389059706,
    "world": 0.18165137754092944,
    "oper": 0.18329180625913746,
    "host": 0.0007670889730277126,
    "american": 0.0,
    "carri": 0.6294258246545987,
    "singl": -0.0,
    "organ": 0.08736361740759253,
    "end": 0.08323012002466625,
    "english": 0.3058941071484551,
    "mention": 0.0,
    "web": 0.0,
    "base": 0.2288809950725687,
    "8": 0.0,
    "rare": -0.0,
    "previous": 0.0,
    "ceas": 0.5611711351395282,
    "rang": 0.8917410678204816,
    "wild": 0.0,
    "locat": 0.0,
    "categori": 0.33964575592693275,
    "select": 0.01446708663938382,
    "2018": 0.0,
    "addit": 0.0,
    "outer": 1.386160672037648,
    "steep": 0.0,
    "season": -0.0,
    "cup": 0.0,
    "bowl": 0.0,
    "cast": 0.0172220899355454,
    "retail": -0.3046922617223875,
    "200": 0.10130371860936184,
    "hill": 1.329552532781324,
    "iron": 0.02435374868938131,
    "room": 0.5159934690601116,
    "announc": 0.9521233266819872,
    "downtown": 0.0,
    "beach": 0.0,
    "march": 0.0,
    "angel": 0.8953927516273553,
    "lo": 6.847108072214402e-15,
    "bloom": -0.08160707345620453,
    "estat": -0.0,
    "california": 0.0,
    "store": 0.7601448209060819,
    "beverli": 0.0,
    "rotat": 0.0,
    "specialti": 0.0,
    "tea": 0.889625548888783,
    "herbal": -0.021201791290224755,
    "grei": 0.34990975418923015,
    "glass": 0.0,
    "earl": 0.0,
    "newport": 0.04729563122597885,
    "accessori": 0.0,
    "breakfast": 0.0,
    "usda": 0.1397376558536137,
    "scoop": 0.10627414729124862,
    "porcelain": 0.20276267747723348,
    "cafe": 0.20014369599182766,
    "teapot": 0.027223805295687808,
    "whisk": -0.0,
    "matcha": -0.0
  }
}