{
  "qid": "106",
  "query": "Climate Change Activists",
  "rank": 8,
  "docid": 5815097,
  "coef": {
    "be": 0.06115203638669911,
    "state": 0.4972725960779869,
    "possibl": 0.28961115589963937,
    "action": 0.6798618468185945,
    "right": 0.0,
    "lead": 0.0,
    "peopl": 0.39872549763715653,
    "focus": 0.0,
    "believ": 0.7733928962967268,
    "nation": 0.0,
    "name": 0.17763617046462812,
    "creat": 0.0,
    "stabl": 0.0,
    "help": 0.16987813970336615,
    "order": 0.3684198595481971,
    "us": 0.2503121758497111,
    "concern": 0.0,
    "next": 0.0,
    "taken": 0.0,
    "fight": 0.6643966478293559,
    "write": 0.0,
    "respons": 0.21311028412186195,
    "public": 0.19928109369079128,
    "gener": 0.9073862247993443,
    "includ": 0.3231433749239701,
    "educ": 0.1396445281569499,
    "call": 0.33440292903634566,
    "found": -0.3522525123562799,
    "world": 0.27106882129201876,
    "reaction": 0.033394258899035675,
    "ag": 0.13285393746991897,
    "need": 0.19975239105222173,
    "try": 0.0,
    "involv": 0.0,
    "messag": 0.564819297785554,
    "term": -0.0,
    "follow": 0.0,
    "american": 0.0,
    "youth": 0.18423461823695197,
    "experi": 0.9240879550084385,
    "chang": 0.0,
    "women": -0.0,
    "america": 0.0,
    "land": 0.0,
    "govern": -0.0,
    "environment": -0.0,
    "issu": 0.294244576445653,
    "group": 0.6814507264349298,
    "lack": 0.0,
    "commun": 0.4741797390920424,
    "abl": 0.0,
    "time": 0.5570856218131094,
    "justic": 0.0,
    "organ": 0.49058290410355815,
    "non": 0.0,
    "saw": 0.5023368693811724,
    "constitut": 0.0,
    "impli": 0.41544606075268126,
    "gain": 0.0,
    "mass": 0.0,
    "intern": 0.0,
    "goal": 0.8231776303303048,
    "media": 0.0,
    "class": 0.0,
    "first": 0.0,
    "offici": 0.0,
    "post": 0.0,
    "activ": -0.0,
    "part": 0.0,
    "individu": 0.0,
    "claim": 0.0,
    "member": 0.0,
    "person": 0.0,
    "basi": 0.5540401757577809,
    "soon": 0.03059984735300636,
    "dai": 0.0,
    "execut": 0.2514074245051524,
    "global": 0.0,
    "activist": 0.537346539010741,
    "voic": 0.004665777635263236,
    "serv": 0.12280661870683056,
    "happen": 0.006546467597334505,
    "human": 0.0,
    "younger": 0.0,
    "put": 0.0,
    "case": 0.2513720771886115,
    "environ": 0.2430787354212491,
    "identifi": 0.0,
    "focu": 0.0,
    "background": 0.0,
    "face": -0.0,
    "ask": 0.0,
    "health": 0.08404241322222208,
    "air": 0.22332300183967285,
    "explain": 0.0,
    "25": -0.0,
    "15": 0.0,
    "14": 0.0,
    "10": 0.0,
    "surround": -0.0,
    "speak": 0.041402682587527,
    "hour": 0.0,
    "2018": 0.4043570922391987,
    "2016": 0.0,
    "hope": 0.0,
    "water": 0.030332842116846098,
    "zero": 0.470287284619139,
    "greenhous": 0.28276602172239446,
    "planet": 0.0,
    "climat": 0.6480611389101474,
    "ga": 0.0,
    "panel": 0.0,
    "emiss": 0.0,
    "clean": 0.0,
    "written": 0.7398062469351563,
    "inact": 0.27333119196052247,
    "governor": 0.0,
    "corpor": 0.0,
    "washington": 0.0,
    "magazin": -0.0,
    "decemb": 0.0,
    "2017": 0.7482651055835294,
    "2001": 0.0,
    "septemb": 0.0,
    "2019": 0.0,
    "su": 0.0,
    "jewish": 0.0,
    "wast": 0.0,
    "hurrican": 0.0,
    "lawsuit": 0.4348491239249615,
    "21": 0.0,
    "access": 0.17307867571161317,
    "born": 0.0,
    "testifi": 0.3493940568132701,
    "profit": 0.0,
    "teen": 0.04546274642978275,
    "statement": 0.0,
    "combat": 0.0,
    "deni": 0.0,
    "dedic": -0.0,
    "crisi": 0.26010555226161836,
    "openli": 0.6108206593355352,
    "director": 0.388772572717593,
    "nadia": 0.04247762440493408,
    "maria": 0.07472936649843748,
    "jai": 0.0,
    "junior": 0.0,
    "mission": -0.0,
    "teenag": 0.0,
    "vogu": 0.31339177052528094,
    "jami": 0.0,
    "ink": 0.0,
    "nazar": 0.022489364711460257,
    "wildfir": 0.0,
    "rico": 0.0,
    "puerto": 0.0,
    "garner": 0.4521145553879987,
    "outlet": 0.0,
    "lgbt": 0.0,
    "huffington": 0.0,
    "notorieti": 0.0022720968628112347,
    "cnn": 0.5059450865795135,
    "lesbian": 0.019011501412337248,
    "liveabl": 0.35984419502964804,
    "huffpost": 0.0,
    "latinx": 0.0,
    "margolin": 0.539124667282326,
    "aji": 0.3396931961751934,
    "insle": 0.0,
    "thisiszerohour": 0.31160748380462194
  }
}