{
  "qid": "144",
  "query": "Child Development",
  "rank": 5,
  "docid": 1412506,
  "coef": {
    "be": -0.0,
    "state": 0.0,
    "5": 0.0,
    "painter": 0.0,
    "origin": -0.0,
    "cultur": 0.0,
    "stabil": 0.0,
    "societi": 0.23957672445549213,
    "system": 0.0,
    "journal": 0.1675654998306078,
    "earli": 0.0,
    "nation": -0.0,
    "name": 0.0,
    "countri": 0.019566415157914806,
    "product": 0.0,
    "alli": -0.0,
    "middl": 1.7594295095988001e-15,
    "respons": 0.0,
    "public": 0.0,
    "gener": 0.0,
    "servic": -0.0,
    "includ": 0.0,
    "head": 0.0,
    "socioeconom": 0.0,
    "educ": 0.2116397250953197,
    "french": 0.0,
    "found": 0.0,
    "world": 0.0,
    "hold": 0.0,
    "de": 0.2629864353293684,
    "professor": -0.0,
    "area": 0.0,
    "video": 0.0,
    "american": 0.0,
    "scholar": -0.0,
    "develop": 0.18879601174687113,
    "young": 0.0,
    "career": 0.0,
    "well": 0.0,
    "govern": 0.0,
    "perceiv": 0.0,
    "argentina": 0.0,
    "feder": -0.0,
    "colleg": 0.0,
    "academ": 0.0,
    "author": 0.0,
    "doctor": 0.07281662785251175,
    "life": 0.0,
    "role": 0.0,
    "cours": 0.0,
    "process": 0.0,
    "plai": 0.0,
    "publish": 0.0,
    "thought": -0.0,
    "institut": 0.2165430007136936,
    "immigr": 0.0,
    "ecolog": 0.0,
    "relat": 0.0,
    "children": 0.0,
    "set": 0.0,
    "method": 0.0,
    "contemporari": 0.0,
    "20": 0.0,
    "child": 0.11571450941841493,
    "new": 0.0,
    "contribut": -0.0,
    "construct": -0.0,
    "intern": 0.0,
    "similar": 0.0,
    "media": 0.0,
    "posit": 0.0,
    "part": 0.0,
    "pari": 0.16029330921675275,
    "scientist": 0.0,
    "gender": 0.0,
    "unit": 0.0,
    "promot": -0.0,
    "tradit": 0.0,
    "continu": 0.0,
    "member": 0.0,
    "studi": -0.0,
    "committe": 0.12325041560143572,
    "person": 0.0,
    "council": 0.0,
    "scienc": 0.2582486903386909,
    "benjamin": 0.0,
    "aesthet": 0.0,
    "foundat": 0.08094146463872383,
    "book": 0.0,
    "relationship": 0.0,
    "execut": 0.22510815538569692,
    "associ": 0.0,
    "varieti": 0.0,
    "max": 0.0,
    "tokyo": 0.0,
    "serv": 1.7519764647023505e-14,
    "seri": 0.0,
    "approach": -0.0,
    "human": 0.07233676862867464,
    "period": 0.0,
    "across": -0.0,
    "2": 0.0,
    "distinguish": 0.020165054949538606,
    "low": 0.0,
    "psycholog": 0.1161106079585608,
    "disciplin": 0.0,
    "uk": -0.0,
    "cognit": 0.0,
    "parent": 0.4075438540400589,
    "profession": 0.0,
    "characterist": 0.0,
    "recognit": 0.0,
    "marri": 0.0,
    "advanc": -0.0,
    "interact": 0.0,
    "development": 0.19689809226534694,
    "research": 0.09030004720233253,
    "health": 0.0,
    "invit": 7.586752063782408e-05,
    "sensit": 0.0,
    "air": 0.0,
    "recogn": 0.055233124964438864,
    "univers": 0.10497201863058375,
    "grant": 0.0,
    "resourc": 0.0,
    "methodolog": 0.0,
    "matern": 0.0,
    "behavior": 0.0,
    "iii": 0.0,
    "investig": 0.0,
    "clinic": 0.0,
    "infanc": 0.09286245119396123,
    "pediatr": 0.0,
    "superior": 0.0,
    "therapi": 0.0,
    "famili": 0.0,
    "consequ": 0.0,
    "psychiatri": -0.006567191624572767,
    "scientif": 0.0,
    "mental": 0.0,
    "adolesc": 0.0,
    "degre": 0.0,
    "comprehend": 0.0,
    "compar": 0.025100077198063314,
    "7": -0.0,
    "4": 0.0,
    "1": 0.0,
    "board": 0.0,
    "receiv": 0.2751941690238188,
    "top": 0.0,
    "incom": 0.11167708851274548,
    "centr": -0.0,
    "itali": 0.0,
    "cross": 0.0,
    "statu": 0.0,
    "presid": 0.0,
    "hall": 0.0,
    "held": 0.0,
    "block": -0.0,
    "london": 0.0,
    "senior": 0.0,
    "sit": 0.0,
    "file": 0.0,
    "resid": -0.0,
    "2017": -0.0,
    "york": 0.0,
    "2019": -0.0,
    "south": -0.0,
    "administ": -0.0,
    "explor": 0.0,
    "depart": 0.0,
    "columbia": 0.0,
    "british": 0.0,
    "visit": 0.38816084231732684,
    "boyd": 0.0,
    "born": -0.0,
    "com": 0.0,
    "consult": 0.2855585316481342,
    "yale": 0.0,
    "appoint": 0.0,
    "japan": 0.0,
    "fellow": 0.0,
    "ford": 0.0,
    "editori": 0.0,
    "editor": 0.09116911842841023,
    "1947": 0.0,
    "theodor": 0.0,
    "lifespan": 0.0,
    "experiment": 0.0,
    "faculti": 0.0,
    "edit": 0.10953283160424963,
    "excel": 0.0,
    "jonathan": 0.0,
    "volum": 0.0,
    "merit": 0.0,
    "award": 0.32004786259267737,
    "oxford": -0.0003782829360931471,
    "marc": -0.0,
    "honorari": 0.0,
    "stanlei": 0.0,
    "chile": 0.13132448775316038,
    "prize": 0.0,
    "puzzl": 0.0,
    "encyclopedia": 0.0,
    "www": 0.0,
    "http": 0.0,
    "scholarli": 0.0,
    "princeton": 0.0,
    "monograph": 0.0,
    "du": -0.0,
    "metaphor": 0.0,
    "planck": 0.0,
    "accultur": -0.0,
    "ren": 0.0,
    "arnold": 0.0,
    "vol": -0.0,
    "phd": 0.0,
    "ms": 0.0,
    "babi": 0.0,
    "cat": 0.0,
    "ph": 0.0,
    "bueno": 0.0,
    "signatur": -0.0,
    "jacob": 0.0,
    "mccandless": 0.0,
    "ba": 0.0,
    "textbook": -0.0,
    "korea": -0.0,
    "handbook": 0.0,
    "padua": 0.0,
    "seoul": -0.0,
    "emeritu": -0.0,
    "munich": 0.0,
    "sage": 0.0,
    "neurosci": 0.0,
    "santiago": 0.0,
    "universidad": 0.03387610300931054,
    "universit": 0.0,
    "unicef": 0.0,
    "gov": 0.0,
    "palermo": 0.0,
    "descart": 0.0,
    "guggenheim": 0.0,
    "trento": 0.0,
    "bristol": -0.0,
    "cameroon": -0.0,
    "sorbonn": 0.0,
    "enfant": 0.0,
    "cfr": 0.0,
    "fico": 0.0,
    "coauthor": 0.0,
    "professeur": 0.007994521740758577,
    "laboratoir": -0.0,
    "ducat": 0.0,
    "nih": 0.0,
    "lica": 0.0,
    "lea": 0.0,
    "exp": 0.0,
    "pontificia": 0.0,
    "mensa": 0.0,
    "psychologi": 0.0,
    "bamenda": -0.0,
    "crosscurr": -0.0,
    "gge": 0.0,
    "gesel": 0.0,
    "velopp": 0.0,
    "bornstein": 0.2906377493373619,
    "cient": 0.0,
    "rimental": 0.0,
    "meaker": 0.0,
    "profesor": 0.0,
    "coedit": -0.0,
    "nichd": 0.0,
    "asesor": 0.0,
    "adjunto": 0.0,
    "visitant": 0.0,
    "hellbr": 0.0,
    "tandfonlin": 0.0,
    "honorario": 0.0,
    "hpar": 0.0
  }
}