{
  "qid": "127",
  "query": "Clergy",
  "rank": 2,
  "docid": 2172718,
  "coef": {
    "be": 0.0,
    "union": 0.0,
    "can": 0.0,
    "mai": 0.0,
    "region": 0.0,
    "europ": 0.024485384782734692,
    "order": 0.45049278592624603,
    "propos": -0.0,
    "middl": 0.15997254920751344,
    "gener": -0.0,
    "includ": 0.06731017745331017,
    "take": -0.0,
    "allow": 0.04096770175492555,
    "forc": 0.0,
    "number": 0.0,
    "hold": 0.16556560873329754,
    "area": 0.25554918460422504,
    "limit": 0.2933772287413797,
    "follow": 0.0,
    "work": 0.0,
    "church": 0.5064325031968353,
    "england": 0.2459761521979295,
    "arm": 0.0,
    "women": 0.0,
    "repres": 0.19533025337286553,
    "exampl": 0.0,
    "time": 0.14588982521672494,
    "rank": -0.0,
    "ident": -0.0,
    "place": -0.0,
    "70": 0.0,
    "sex": 0.0,
    "onli": -0.0,
    "like": -0.0,
    "practic": 0.0,
    "first": 9.434339499788416e-17,
    "oblig": 0.0,
    "individu": -0.0,
    "member": 0.5298488049227408,
    "decis": 0.0,
    "person": 0.0,
    "religi": 0.2352710359871642,
    "power": 0.13122259532240169,
    "hous": 0.3478708951976505,
    "year": 0.0,
    "licens": 0.0,
    "1987": 0.0,
    "lower": 0.0,
    "univers": 0.03878109179228262,
    "select": -0.0,
    "report": 0.3043159244967928,
    "measur": 0.0,
    "aris": 0.17995527418821378,
    "consist": 0.25510320014819104,
    "reach": 0.0,
    "composit": 0.0,
    "ordin": 0.13111131805896778,
    "provinc": -0.0,
    "veto": 0.035328124422014835,
    "elect": 0.31471511459173185,
    "held": -0.0,
    "london": 0.0888494552217492,
    "jointli": 0.809011611787196,
    "legislatur": -0.0,
    "membership": 0.0,
    "senior": 0.0,
    "elig": -0.0,
    "plu": 0.09733201530197205,
    "york": 0.0,
    "split": -0.0,
    "british": 0.0,
    "cathedr": 9.816984550628204e-16,
    "compris": 0.22533715511796254,
    "man": 0.0,
    "appoint": 0.4511886230970042,
    "jersei": 0.0,
    "fill": -0.0,
    "ordain": 0.0,
    "fellow": -0.0,
    "retir": 0.0,
    "prison": -0.0,
    "cambridg": 0.08907690668416066,
    "oxford": 1.4207494816286595e-16,
    "homosexu": 0.0,
    "bishop": -0.0,
    "opt": 1.3078856356173252e-05,
    "dioces": 0.35231216117764846,
    "parish": 0.3277248936723798,
    "anglican": 0.015920673525176187,
    "durham": 0.0,
    "newcastl": 0.5100063249409366,
    "dean": 0.3395307851003302,
    "clergyman": 0.0,
    "chaplain": 0.0,
    "gibraltar": 0.10025137335574816,
    "clergi": 0.3427781468255998,
    "synod": 0.3049048975168855,
    "extraprovinci": 0.0,
    "convoc": 0.0,
    "diocesan": 0.0,
    "laiti": 0.0,
    "canterburi": 0.4486377014884472,
    "guernsei": 0.0,
    "deacon": 0.0,
    "deaneri": 0.0,
    "officio": 0.0,
    "vacanc": 0.0,
    "sodor": 0.0,
    "tricamer": 0.0
  }
}