{
  "qid": "125",
  "query": "Doctor",
  "rank": 3,
  "docid": 3988893,
  "coef": {
    "third": 0.0,
    "simultan": 0.0,
    "list": 0.0,
    "origin": 0.0,
    "exist": 0.49323029432711857,
    "illustr": 0.0,
    "support": 0.04282896595165068,
    "public": 0.339790709276756,
    "ag": 0.0,
    "american": 0.0,
    "second": 0.0,
    "doctor": 0.36277975655727435,
    "time": 0.0,
    "publish": 0.0,
    "see": 0.0,
    "onli": 0.0,
    "featur": 0.0,
    "who": 0.0,
    "first": 0.4634224029850579,
    "war": 0.0,
    "chao": 0.0,
    "seri": 0.0,
    "happen": 0.5751622381992252,
    "stori": 0.0,
    "inherit": 0.0,
    "fifth": -0.0,
    "week": 0.0,
    "start": 0.0,
    "monthli": 0.0,
    "regularli": 0.0,
    "annual": 0.11349778549613515,
    "graphic": 0.2149592854933742,
    "least": 0.0,
    "multi": 0.0,
    "appear": 0.44714025935741614,
    "magazin": 0.0,
    "sixth": 0.06445192638681989,
    "2011": -0.0,
    "eighth": 0.04661587155838086,
    "fourth": -0.0,
    "ninth": -0.0,
    "adventur": 0.29769169949138996,
    "short": 0.0,
    "tenth": 0.0,
    "seventh": -0.0,
    "titan": 0.0,
    "ran": 0.0,
    "launch": 0.0,
    "titl": 0.03518001051844952,
    "eleventh": 0.19753313159684446,
    "twelfth": -0.0,
    "radio": 0.1419321051051754,
    "premier": 0.0,
    "strip": 0.22577646138648386,
    "honour": 0.4380550401128888,
    "comic": 0.14721724261082902,
    "novel": -0.0,
    "debut": 0.0,
    "incarn": 0.08902387170433244,
    "hadn": 0.18055436919989207,
    "dalek": -0.0,
    "storybook": 0.0,
    "dwm": 0.0
  }
}