{
  "qid": "131",
  "query": "Biologists",
  "rank": 1,
  "docid": 1038512,
  "coef": {
    "state": 0.0,
    "pai": 0.5540490455925402,
    "progress": -0.0,
    "resolv": -0.0,
    "can": 0.0,
    "predict": 0.0,
    "preserv": 0.14675638145480732,
    "movement": -0.0,
    "conduct": 0.0,
    "gener": 0.0,
    "includ": 0.4294765618361428,
    "educ": 0.0,
    "call": 0.0,
    "manag": 0.13980897731326933,
    "import": 0.0,
    "pertain": -0.0,
    "work": -0.0,
    "experi": 0.0,
    "develop": 0.0,
    "duti": 0.36617701067325126,
    "career": -0.0,
    "well": 0.5256858603864173,
    "issu": 0.0,
    "doctor": 0.0,
    "offer": 0.0,
    "role": 0.0,
    "cours": 0.0,
    "plai": 0.5939500729805952,
    "dynam": 0.4609502804296435,
    "will": 0.0,
    "ecolog": 0.0,
    "collect": 0.0,
    "advoc": 0.0,
    "similar": 0.34573305496071643,
    "accord": 0.41693276248475253,
    "unit": 0.0,
    "natur": 0.0,
    "studi": 0.7188112112166728,
    "base": 0.0,
    "human": 0.0,
    "increas": 0.4957625472525988,
    "8": 0.17184952256443836,
    "diseas": 0.2427035648514975,
    "averag": 0.0,
    "pattern": 0.0,
    "year": 0.24858154073927965,
    "environ": 0.0,
    "characterist": 0.0,
    "interfer": 0.01648808924718813,
    "popul": 0.0,
    "interact": 0.5593542794677341,
    "research": 0.0,
    "rate": 0.0,
    "observ": -0.0,
    "univers": 0.6955401746043227,
    "typic": 0.0,
    "behavior": 0.5447998957000267,
    "relev": 0.0,
    "10": 0.0,
    "specialist": 0.0,
    "special": 0.0,
    "earn": 0.3328574941969341,
    "degre": 0.0,
    "hour": 0.0,
    "2016": 0.0,
    "employ": 0.0,
    "occup": 0.0,
    "requir": 0.0,
    "99": 8.448198467120453e-15,
    "impact": 0.14147400538505034,
    "top": 0.0,
    "annual": 0.0,
    "95": 0.0,
    "habitat": 0.2936365044924757,
    "29": 0.0,
    "speci": 0.8496933463647043,
    "fish": 0.0,
    "anim": -0.0,
    "project": 0.0,
    "mammal": 0.0,
    "reptil": -0.0,
    "bird": 0.0,
    "depart": 0.0,
    "labor": 0.0,
    "wildlif": 0.7232522527206858,
    "62": -0.0,
    "amphibian": -0.0,
    "700": 0.10460573407603097,
    "monitor": 0.2221029803304553,
    "reproduct": -0.0,
    "biologi": 0.09742736985765675,
    "insect": -0.0,
    "zoologist": 0.0,
    "biologist": 0.03500945167119376,
    "transmiss": 0.08747951433997186,
    "zoologi": 0.0,
    "qualif": 0.0,
    "whale": 0.0,
    "bachelor": 0.0,
    "scorpion": 0.0,
    "primat": 0.0,
    "ecosystem": 0.05878557526713004,
    "marin": 0.0,
    "herpetologist": 0.0,
    "spider": -0.0,
    "tertiari": 0.0,
    "endang": -0.0,
    "arachnid": 0.0,
    "290": -0.0,
    "ornithologist": 0.0,
    "primatologist": 0.0,
    "entomologist": -0.0,
    "2026": 0.14045150106226997,
    "ichthyologist": -0.0,
    "harvestmen": 0.0,
    "pseudoscorpion": 0.2979846467809231,
    "mammalogist": 0.013037882147507519,
    "cetologist": 0.0,
    "arachnologist": -0.0
  }
}