{
  "qid": "140",
  "query": "Artificial Intelligence and Machine Learning",
  "rank": 3,
  "docid": 2057591,
  "coef": {
    "be": 0.5659490409688365,
    "action": -0.0,
    "market": 0.8170213975833606,
    "attempt": 2.639572774968245,
    "can": 1.128172716354433,
    "platform": 0.5449190774115217,
    "help": 0.48825571279825974,
    "section": 0.09695771099991746,
    "segment": -0.0,
    "us": -0.0,
    "concept": 0.0,
    "taken": -0.0,
    "differ": 0.249403089027712,
    "tool": 0.0,
    "target": 0.9649046799059957,
    "prevent": 0.6231454637508627,
    "facilit": -0.0,
    "take": 0.6513628393414288,
    "call": 1.5432929002791316,
    "form": 0.26811161468390604,
    "perform": 0.16903735779021875,
    "principl": -0.0,
    "messag": 3.715391501746359e-06,
    "term": 0.0,
    "kei": 0.0,
    "enabl": -0.0,
    "digit": 0.0,
    "percept": -0.0,
    "well": 1.255141510367314,
    "learn": 0.0,
    "affili": -0.0,
    "aim": 0.16486849302554452,
    "commun": 0.42554701910741183,
    "act": 0.12467393581860461,
    "role": 1.5678424909091178,
    "plai": 0.0,
    "influenc": 0.0,
    "find": 0.4535652859913417,
    "network": 0.0,
    "relat": 0.0,
    "set": 1.3954362730258607,
    "see": -0.0,
    "collect": 1.7282530547728512,
    "understand": 0.0,
    "mobil": 0.0,
    "space": 0.06270731222967911,
    "goal": 0.0,
    "media": -0.0,
    "web": 0.0,
    "shown": 0.0,
    "activ": 0.0,
    "part": 0.4296111737949426,
    "social": -0.0,
    "decis": 0.05037629287298062,
    "reason": 0.8714393158462812,
    "base": -0.0,
    "scienc": 0.0,
    "refer": -0.0,
    "achiev": 0.0,
    "suggest": 0.0,
    "statist": -0.0,
    "technolog": 1.369860846282647,
    "human": 0.0,
    "ultim": 0.39208538809327653,
    "onlin": -0.0,
    "techniqu": -0.0,
    "scale": 0.0,
    "stage": -0.0,
    "context": 0.7648589792338635,
    "adapt": 0.0,
    "appli": 0.0,
    "cognit": 1.9796161912594015,
    "model": 0.2390968029623041,
    "prospect": 0.0,
    "advanc": 0.0,
    "data": 1.6775046762717494,
    "behavior": 0.33637996739008746,
    "improv": 0.0,
    "step": 0.0,
    "intellig": 0.27465887348368184,
    "reach": 1.6604510610440015,
    "bia": 0.4112016230591524,
    "trigger": 0.0,
    "receiv": 1.7924237792074598,
    "artifici": 0.0,
    "eventu": 0.45467513533780923,
    "content": 0.1414736367949364,
    "comput": 0.5807632522621372,
    "custom": 0.6414395175152874,
    "gather": -0.0,
    "resid": 0.0,
    "captur": 0.26586466797976344,
    "purchas": -0.0,
    "advertis": -0.0,
    "cycl": 0.3369391497370052,
    "transform": 0.0,
    "driven": 2.3475590750238617,
    "machin": 0.4777944238074842,
    "analyt": 1.0530848534648654,
    "sort": 1.5036865549305567,
    "effici": 0.9420162718522356,
    "explicit": 1.651097001772281,
    "incent": 0.0,
    "databas": 0.0,
    "implicit": 0.0,
    "insight": 1.7475386968867606,
    "algorithm": 0.6873843593168512,
    "leverag": -0.0,
    "bayesian": 1.54886697167917,
    "email": 0.0,
    "unsupervis": 0.0,
    "offlin": 1.34917779441139
  }
}