{
  "qid": "122",
  "query": "Monarchy",
  "rank": 0,
  "docid": 2453002,
  "coef": {
    "be": 0.03016625809884403,
    "latin": 0.0,
    "state": 0.548793610193033,
    "major": 0.0,
    "self": -0.0,
    "current": -0.0,
    "conflict": 0.4109096755875223,
    "exist": -0.0,
    "primarili": -0.0,
    "societi": -0.0,
    "system": 0.0,
    "region": 0.09764977859338687,
    "figur": 0.0,
    "europ": 0.042947448366654435,
    "creat": -0.0,
    "countri": 0.2147766164388118,
    "law": 0.36726425930665146,
    "mid": 0.0,
    "revolut": 0.0,
    "spanish": 0.6128720210119418,
    "begin": 0.0,
    "pre": 0.0,
    "mexico": 0.0,
    "gener": 0.382472858254248,
    "head": 0.06940428312934038,
    "histori": 0.0,
    "later": 0.0,
    "ii": -0.0,
    "form": -0.0,
    "number": 0.34854690167780855,
    "expand": 0.39663645426971494,
    "ag": 0.0,
    "sever": 0.0,
    "still": 0.0,
    "late": 0.0,
    "american": 0.5141388085990934,
    "control": 0.0,
    "arm": 0.23145019762894325,
    "america": 0.0,
    "repres": 0.0,
    "carri": 0.08010196435880389,
    "duti": 1.2913932810908144e-16,
    "respect": 0.0,
    "complex": 0.1736810609870378,
    "govern": 0.1947063441543693,
    "group": 0.0,
    "territori": 0.0,
    "william": 0.0,
    "author": 0.03751862385363671,
    "root": 0.04789470491258454,
    "process": 0.0,
    "newli": 0.0,
    "recent": 0.0,
    "central": 0.3454830424239384,
    "place": 0.45075131443191263,
    "local": 0.0,
    "collect": 0.0,
    "contemporari": 0.11421502052499043,
    "constitut": 0.0,
    "equal": 0.0,
    "known": 0.0,
    "histor": 0.04197869965971212,
    "gain": 0.010360228983911045,
    "capit": 0.0,
    "who": 0.0,
    "coloni": 0.6098148969008869,
    "first": 0.0,
    "empir": 0.03825180308290797,
    "make": -0.0,
    "part": 0.0,
    "war": 0.06699084159504906,
    "share": 0.0,
    "unit": 0.2862858901676559,
    "centuri": 0.5191570599567699,
    "extens": 0.0,
    "continu": 0.0594809482635108,
    "monarchi": 0.4799620691116133,
    "distinct": 0.0,
    "person": 0.004239676084852531,
    "spread": 0.07133174879979079,
    "ruler": 0.0,
    "dai": 0.0,
    "achiev": 0.07640695714341793,
    "realm": 0.0004814384697088944,
    "canada": 0.0,
    "independ": 0.1258612155047493,
    "power": 0.07719159532134455,
    "global": 0.0,
    "2008": -0.0,
    "back": 0.0,
    "across": 0.14601889311406868,
    "mother": 0.0,
    "inherit": 0.0,
    "death": 0.0008687099696053606,
    "exercis": 0.11644975089121916,
    "case": 0.0,
    "depend": 0.13789080838702336,
    "full": 0.0,
    "date": 0.0,
    "1981": 0.0,
    "reach": 0.5045121870217224,
    "1": 0.0,
    "keep": 0.0,
    "ocean": 0.0,
    "perman": 0.0,
    "european": 0.14683839669647955,
    "descend": 0.0,
    "15th": 0.0,
    "brought": 0.0,
    "governor": -0.0,
    "14th": 0.0,
    "13": -0.0,
    "republ": 0.09048603816970996,
    "custom": 3.913394877109298e-06,
    "retain": -0.0,
    "resid": 0.0,
    "colon": 0.226484108838327,
    "novemb": 0.0,
    "predominantli": 0.0,
    "legisl": 0.0,
    "offic": 0.0,
    "ti": 0.0,
    "seat": 0.028325207200619457,
    "incumb": -0.0,
    "brazil": -0.0,
    "island": 0.15342598430431162,
    "ceremoni": 0.0,
    "british": 0.0,
    "19": 0.0,
    "tribal": 0.0,
    "queen": 0.0,
    "vast": 0.0,
    "king": 0.0,
    "pretend": 0.0,
    "appoint": 0.0,
    "sovereignti": 0.0,
    "sovereign": 0.317163691693743,
    "oversea": 0.0,
    "royal": 0.0,
    "subsequ": 0.0,
    "kingdom": 0.0,
    "elizabeth": 0.0,
    "atlant": 0.0,
    "archiv": 0.0,
    "discoveri": 0.0,
    "bound": 0.0,
    "path": 0.0,
    "remaind": 0.0,
    "caribbean": 0.0,
    "chieftain": 0.0,
    "reign": -0.0,
    "viceroi": 0.0,
    "commonwealth": 0.018690367165947543,
    "government": 0.0,
    "sir": 0.0,
    "crown": 0.0,
    "haiti": 0.060152384726179536,
    "monarch": 0.659057483133176,
    "abdic": 0.12857230325402086,
    "decentr": 0.0,
    "columbian": 0.0,
    "endem": 0.0,
    "rodnei": 0.0,
    "hereditari": 0.0,
    "antigua": 0.0,
    "barbuda": 0.6565155743540825,
    "beliz": 0.11269450986153996,
    "metropol": 0.0,
    "patriat": 0.0
  }
}