{
  "qid": "118",
  "query": "Cartoons",
  "rank": 1,
  "docid": 1099877,
  "coef": {
    "latin": 0.0,
    "list": 0.6189388696355825,
    "origin": 0.0,
    "primarili": 0.0,
    "system": 0.0,
    "europ": 0.4930113390372093,
    "creat": 0.0,
    "spanish": -0.0006588440643520444,
    "italian": -0.0,
    "middl": 0.0,
    "french": -0.0,
    "world": -0.0,
    "american": -0.0,
    "america": 0.0,
    "well": 0.0,
    "group": 0.0,
    "russian": 0.0,
    "central": -0.0,
    "network": 0.3065366083058399,
    "franc": 0.0,
    "see": 0.0,
    "english": 0.2067883484621433,
    "russia": -0.0,
    "spain": 0.3579084796479989,
    "new": 0.0,
    "japanes": 0.4220044167587303,
    "greek": 0.0,
    "intern": -0.0,
    "base": 0.0,
    "canada": 0.0,
    "east": 0.5276765827146119,
    "seri": 0.0,
    "televis": 0.0,
    "uk": 0.0,
    "program": 0.0,
    "german": 0.0,
    "focu": 0.332314832662841,
    "show": 0.0,
    "worldwid": 0.0,
    "standard": 0.16507714297388745,
    "here": 0.0,
    "itali": 0.0,
    "block": -0.0,
    "vietnam": 0.0,
    "southeast": 0.0,
    "movi": 0.6123811129020869,
    "anim": 0.7273906910960335,
    "southeastern": 0.03843321920527012,
    "south": 0.0,
    "brazil": 0.0,
    "turner": 0.0,
    "british": 0.0,
    "eastern": 0.0,
    "sister": 0.363423164236156,
    "japan": 0.0,
    "california": -0.0,
    "germani": 0.0,
    "dutch": 0.016866967053244104,
    "arab": 0.0,
    "channel": 0.18105781662924153,
    "asia": 0.0,
    "broadcast": 0.13466707570820838,
    "studio": 0.041774863911842625,
    "chines": -0.0,
    "tamil": 0.0,
    "cartoon": 0.2720401375469058,
    "polish": 0.4439773144790076,
    "australia": 0.0,
    "czech": 0.0,
    "turkish": -0.0,
    "israel": 0.0,
    "hebrew": 0.0,
    "norwegian": 0.11456827552853505,
    "danish": 0.0,
    "africa": 0.0,
    "portug": 0.0,
    "ireland": 0.0,
    "india": 0.0,
    "feed": -0.0,
    "burbank": -0.0,
    "hungarian": 0.0,
    "swedish": 0.06250631582407556,
    "netherland": 0.0,
    "turkei": 0.0,
    "thai": 0.0,
    "korean": 0.0,
    "hindi": 0.5668206689726936,
    "vietnames": 0.00011373134926325749,
    "malai": 0.0,
    "portugues": 0.0,
    "brazilian": -0.0,
    "poland": 0.3242564784077975,
    "zealand": 0.0,
    "pakistan": 0.0,
    "taiwan": 0.0,
    "korea": 0.0,
    "voiceov": 0.05755490191317479,
    "bulgarian": 0.0,
    "urdu": 0.0,
    "romanian": 0.0,
    "philippin": -0.0,
    "indonesian": 0.0,
    "angola": -0.0,
    "mozambiqu": -0.0,
    "nordic": 0.0,
    "telugu": 0.0,
    "castilian": -0.0,
    "arutz": -0.0,
    "hayeladim": -0.0
  }
}