{
  "qid": "103",
  "query": "European Novelists",
  "rank": 5,
  "docid": 3739480,
  "coef": {
    "french": 0.0,
    "octob": 3.786257022433751,
    "publish": 4.6923968515538315,
    "struggl": 4.605195111641201,
    "novelist": 0.7814756055455244,
    "extern": 0.0,
    "link": 0.0,
    "jean": 4.790217978502221,
    "1": 1.2175208521681964,
    "european": 8.95275133505191e-16,
    "angel": 4.394434519602841,
    "combat": 0.6174724104295447,
    "1934": 0.0,
    "novel": 0.021866149141987066,
    "playwright": 0.0,
    "dition": 0.0004439929635561283,
    "ang": 0.20639968497396935,
    "avec": 1.7103707672854558e-16,
    "grasset": 0.0,
    "giraudoux": 0.0,
    "pubn": 0.0
  }
}