{
  "qid": "141",
  "query": "Human Exploration",
  "rank": 6,
  "docid": 3879151,
  "coef": {
    "be": 0.0,
    "major": 0.0,
    "list": 0.0,
    "current": 0.0,
    "can": 0.20743044979370118,
    "support": 0.10742182783526329,
    "element": 0.0728300500481308,
    "evalu": 0.0,
    "creat": 0.0,
    "product": 0.0,
    "task": 0.2638332995748793,
    "reduc": 0.0,
    "websit": -0.0,
    "defin": 0.2661089230290383,
    "respons": 0.018099041058150835,
    "tool": 0.6528478987023245,
    "public": 0.0,
    "includ": -0.0,
    "address": 0.09370932024186236,
    "challeng": 0.33012082305589585,
    "rule": 0.0,
    "educ": 0.0,
    "manag": 0.02167596433417871,
    "found": 0.0,
    "perform": 0.0,
    "oper": 0.0,
    "abil": 0.16565146360115113,
    "follow": 0.0,
    "octob": 0.013784694339524376,
    "experi": 0.0,
    "enabl": 0.0009592650264884159,
    "develop": 0.0,
    "well": 0.3971090693884808,
    "complet": -0.0,
    "portal": 0.0,
    "review": 0.0,
    "close": -0.0,
    "aim": 0.0,
    "prioriti": 0.0,
    "commun": 0.002123818458713609,
    "time": 0.0,
    "reliabl": 0.0,
    "util": 0.0,
    "process": 0.0,
    "plan": -0.0,
    "end": 0.0,
    "find": 0.0,
    "specif": 0.0,
    "new": 0.0,
    "understand": 0.0,
    "move": 0.0,
    "effect": 0.0,
    "space": 0.18093104471988242,
    "goal": 0.0,
    "multipl": 0.012989288641019687,
    "web": 0.0,
    "user": 0.0,
    "activ": 0.01539070686637707,
    "basi": 0.0,
    "base": 0.0,
    "accept": 0.0,
    "associ": 0.08413419540637469,
    "strategi": 0.0,
    "technolog": 0.49112102348848435,
    "serv": 0.0,
    "approach": 0.0019640986239714982,
    "human": 0.16959384767600932,
    "across": 0.0,
    "level": 0.0,
    "low": 0.0,
    "compil": 0.0,
    "appli": 0.0,
    "case": 0.0,
    "gap": 0.42971263540759025,
    "environ": 0.0,
    "identifi": 0.11584580681497804,
    "program": 0.2959345774245434,
    "focu": 0.17236420906859815,
    "research": 0.05239227563624678,
    "health": 0.13065101130027038,
    "evid": 0.0,
    "behavior": 0.0,
    "investig": 0.0,
    "recommend": 0.0,
    "medic": 0.0,
    "risk": 0.42511662732822963,
    "integr": 0.0,
    "consequ": 0.0,
    "factor": 0.11185231011853543,
    "given": 0.0,
    "degre": 0.0,
    "2005": 0.204113049713152,
    "standard": 0.0,
    "drive": 0.0,
    "awai": 0.04515416521330106,
    "terrestri": 0.4303998823057267,
    "highest": 0.0,
    "quantifi": -0.0,
    "radiat": 0.0,
    "nasa": 0.0,
    "knowledg": 0.03003173571767251,
    "earth": 0.0,
    "content": 0.15584807282325347,
    "assign": 0.5447383331361422,
    "cross": 0.0,
    "headquart": 0.019961470910952885,
    "partial": -0.0,
    "invest": 0.0,
    "item": 0.0,
    "record": -0.0,
    "uniqu": 0.0,
    "project": 0.0,
    "center": 0.01732094957512463,
    "explor": 0.30290434710244857,
    "flight": 0.0,
    "compris": 0.0,
    "desir": 0.0,
    "safe": 0.2032405770821954,
    "monitor": 0.0,
    "agre": 0.0,
    "johnson": 0.05830679901887083,
    "uncertainti": 0.0,
    "graviti": 0.0,
    "search": 0.0,
    "logo": -0.0,
    "frame": 0.0,
    "culmin": 0.1342910950485365,
    "likelihood": 0.0,
    "mission": 0.0,
    "physiolog": -0.0,
    "analog": 0.0,
    "astronaut": 0.0,
    "accumul": 0.0,
    "mitig": 0.40794352780933846,
    "portfolio": 0.0,
    "deliver": 0.09031138371264281,
    "roadmap": -0.0,
    "hrp": 0.424877181197696,
    "countermeasur": 0.0,
    "jsc": 0.007012191578487078,
    "irp": 0.014420792652573823
  }
}