{
  "qid": "138",
  "query": "Modern Art",
  "rank": 4,
  "docid": 3977328,
  "coef": {
    "found": 0.8518348949349112,
    "art": 2.659240933447583,
    "citi": 2.335514327208288,
    "1999": 0.8223499496726889,
    "see": 2.0839398655608803e-14,
    "collect": 0.0,
    "who": 1.1451931392217323,
    "part": 1.2222686255447475,
    "modern": 0.0,
    "show": 1.5737627053983627,
    "museum": 0.5187126010067752,
    "1978": 0.8582041536228187,
    "born": 0.1586526317142251,
    "artwork": 0.0,
    "colombian": 0.1993956486799239,
    "bogot": 0.027530622603079802,
    "bora": 0.0,
    "medel": 0.0936472081861854,
    "mamm": 0.0,
    "arango": 0.0,
    "ikemura": 0.009823285847962085,
    "leiko": 1.159691471773835e-16
  }
}