{
  "qid": "130",
  "query": "Basketball",
  "rank": 4,
  "docid": 4961036,
  "coef": {
    "current": 0.0,
    "system": 0.0,
    "region": 0.06694153975392662,
    "men": 0.0,
    "spanish": -0.0,
    "italian": -0.0,
    "french": -0.0,
    "hierarch": 0.14969254281824937,
    "american": 0.019798360410878107,
    "second": 0.0,
    "russian": -0.0,
    "see": 0.0,
    "greek": -0.0,
    "first": 0.0,
    "promot": 0.21702530723768515,
    "interconnect": 0.0,
    "seri": 0.0,
    "level": 1.0650498020325136,
    "profession": 0.0,
    "german": -0.0,
    "univers": -0.0,
    "5th": -0.0,
    "european": 0.0,
    "format": 0.3825155327812661,
    "cup": 0.0,
    "4th": 0.0,
    "presid": 0.0,
    "competit": 0.8927685450297097,
    "super": 0.0,
    "leagu": 0.5971822091464714,
    "south": 0.031061830974316224,
    "tier": 0.30148335044754865,
    "1st": 0.0,
    "2nd": 0.0,
    "3rd": -0.0,
    "basketbal": 0.3680578289923368,
    "polish": -0.0,
    "turkish": 0.0917668449313948,
    "club": 0.5558833268115112,
    "hungarian": 0.0,
    "demot": 0.0,
    "turkei": 0.0,
    "serbian": -0.0,
    "pyramid": -0.0,
    "bsl": 0.0,
    "tbl": -0.0,
    "ebbl": 0.0027739237962490985,
    "tb2l": 0.0,
    "nilig": 0.0
  }
}