{
  "qid": "142",
  "query": "Physiotherapy",
  "rank": 6,
  "docid": 3921793,
  "coef": {
    "higher": 0.09871637468927266,
    "region": 0.36511583864720737,
    "law": 0.0,
    "histori": 0.0,
    "later": 0.0,
    "educ": 2.799641304636069,
    "found": 0.0,
    "school": 2.106396857955445,
    "build": 0.4981707996867145,
    "institut": -0.0,
    "onli": 0.039194376195033194,
    "new": 0.036385420655021865,
    "post": 0.02688908047470559,
    "unit": 0.0199135583043262,
    "physic": 0.0,
    "appli": 1.4789339061471347,
    "year": 2.288743321821354,
    "high": -0.16425710121884177,
    "univers": -0.0,
    "locat": 0.0,
    "therapi": 0.012693522811934262,
    "2004": 0.0,
    "complianc": 0.020028282915458863,
    "secondari": 0.019823573157965863,
    "transform": 0.5364744689330416,
    "faculti": 0.8681054094759756,
    "renam": 0.0,
    "1976": 0.480467937053746,
    "organiz": 2.003157031805309,
    "montenegro": 2.1545368638332345,
    "montenegrin": -0.0,
    "igalo": 0.8119053687174939,
    "physiotherapi": 0.8782876407896227,
    "fakultet": -0.0,
    "primijenjen": -0.0,
    "fizioterapij": 0.0
  }
}