{
  "qid": "109",
  "query": "Poverty",
  "rank": 5,
  "docid": 1343765,
  "coef": {
    "peopl": 0.11754249952878468,
    "exist": 0.0,
    "can": 0.0,
    "creat": 0.0,
    "begin": 0.0,
    "basic": 0.0015507910727789562,
    "includ": 0.0,
    "event": 0.7209363965654956,
    "area": 0.4900903590066131,
    "ag": 0.9022333184800806,
    "need": 0.003614384439667395,
    "work": 0.0,
    "develop": 0.0,
    "group": 0.0,
    "citi": 0.00011630770636266406,
    "life": 0.0,
    "find": 1.013509876750894,
    "children": 0.8467460243761642,
    "see": 0.0,
    "live": 0.060305216473486155,
    "line": 0.3029275553624864,
    "who": 0.38436000624748745,
    "accord": 0.0,
    "idea": 0.0,
    "individu": 0.25866055330141097,
    "studi": 0.11367377417167135,
    "person": 0.0,
    "point": 0.0,
    "mere": 0.764795101077537,
    "meet": 0.581578431951917,
    "drew": -0.0,
    "categor": 0.02559761759206468,
    "leav": 0.0,
    "obtain": 0.5782971980805737,
    "physic": 0.190280541783356,
    "popul": 0.7208580685795644,
    "marri": 0.0,
    "show": 0.8915792564373112,
    "primari": 0.07110707889924753,
    "resourc": 0.0,
    "10": 0.42086833699783815,
    "affect": 0.5951672834926179,
    "earn": 0.0,
    "minimum": 0.0,
    "consist": 0.0,
    "home": 0.0,
    "incom": 0.0,
    "threshold": 0.0,
    "york": 0.03196459975739236,
    "financi": 0.0,
    "mainten": 0.0,
    "poverti": 0.874010857146454,
    "65": 0.0,
    "secondari": -0.0,
    "booth": 0.6494639618007045,
    "charl": 0.0,
    "necess": 0.023061576801759475,
    "bottom": 0.0,
    "insuffici": 0.3353396382282379,
    "515": 0.0,
    "rowntre": 0.0,
    "3040": 0.0,
    "seebohm": 0.0
  }
}