{
  "qid": "103",
  "query": "European Novelists",
  "rank": 1,
  "docid": 4920606,
  "coef": {
    "half": 0.0,
    "major": 0.0,
    "version": 0.0,
    "next": 0.0,
    "write": 0.0,
    "french": 0.0,
    "number": 0.006697935322011333,
    "best": 0.0,
    "school": 0.0,
    "turn": 0.0,
    "work": 0.0,
    "act": 0.0,
    "time": 0.1241871852398376,
    "plai": 1.6858630064750277,
    "novelist": 1.558368182565844,
    "fiction": 0.0,
    "english": 0.01487264756114409,
    "northern": 1.2204107504028172,
    "greek": 0.0,
    "greec": 4.2689266679189174e-17,
    "made": 0.0,
    "book": 0.0,
    "independ": 1.011099183831524,
    "year": 0.9874047147021534,
    "translat": 1.862446384406866,
    "graduat": 1.6939202604449364,
    "univers": 4.875073411125392e-16,
    "languag": 1.4624502859827817,
    "foreign": 0.171483592850518,
    "european": 0.0,
    "mari": 1.1886048139447463,
    "written": 0.0,
    "2001": 0.0,
    "wall": 1.7686189382964588,
    "won": -0.0,
    "born": 1.3589906010307728,
    "went": 1.6933523352772881,
    "ann": 0.10866415544256847,
    "stanton": 0.0,
    "actor": 1.5922268325894997,
    "nomin": 1.2579901574948618,
    "edit": 0.053983315746273054,
    "athen": 0.0,
    "prize": 0.09774739505157448,
    "1967": 0.0,
    "dozen": 0.0,
    "serr": 0.2789874230286714,
    "debut": 0.5365152061718451,
    "stolen": 0.1587541769751697,
    "playwright": 0.0,
    "vang": 0.0,
    "if": 0.0,
    "laur": -0.0,
    "bataillon": -0.0,
    "hatziyannidi": 0.0
  }
}