{
  "qid": "113",
  "query": "Computer Scientists",
  "rank": 8,
  "docid": 2696703,
  "coef": {
    "state": 0.0,
    "think": 0.0,
    "biolog": 0.0,
    "highli": 0.0,
    "emerg": 0.0473652436816621,
    "focus": -0.0,
    "can": 0.5313861390342136,
    "support": 0.8478728371924006,
    "nation": 0.08714952251748419,
    "led": 0.0,
    "help": 0.401877197077414,
    "order": 0.0,
    "econom": 0.0,
    "foster": 0.0,
    "head": -0.0,
    "challeng": 0.0,
    "manag": 0.0973531056525976,
    "found": 0.06446601977914362,
    "bring": 0.0,
    "perform": 0.0,
    "need": 0.0,
    "establish": 0.6597888097024582,
    "involv": 0.0,
    "kei": 0.36210875026656303,
    "follow": 0.04124732952304662,
    "david": -0.0,
    "far": 0.37512966734735875,
    "environment": 0.8054806521421699,
    "aim": -0.0,
    "colleg": 0.47787411747279385,
    "commun": 0.07817477308617725,
    "time": 0.8691850374041472,
    "role": 0.0911548520551879,
    "plai": 1.449203982660603e-16,
    "newli": 0.12397999919713582,
    "institut": -0.0,
    "will": 0.0,
    "field": 0.35969973813173134,
    "method": 0.0,
    "particip": 0.0,
    "vision": 0.1877925933116697,
    "new": 0.0,
    "effect": 0.44464952567704347,
    "goal": 0.0,
    "question": 0.0,
    "futur": 0.0,
    "problem": 0.0,
    "wai": 0.0,
    "scientist": 0.20339086491843228,
    "releas": 0.010060961407497338,
    "natur": 0.0,
    "member": 0.0,
    "scienc": 0.6904280541840494,
    "foundat": 0.11096668895799648,
    "associ": -0.0,
    "2008": 0.005578286635672917,
    "increas": 0.0,
    "techniqu": 0.0,
    "appli": -0.0,
    "year": 0.0,
    "sustain": 0.7006443833200263,
    "program": 0.0,
    "research": 0.0,
    "joint": 0.0,
    "univers": 0.44863306084233645,
    "grant": 0.46026542346690447,
    "resourc": 0.06830441517619067,
    "methodolog": 0.8107461320312767,
    "12": 0.0,
    "societ": 0.0,
    "reach": 0.0,
    "7": 0.0,
    "fund": 0.11234740912552307,
    "ic": 0.8912672893620681,
    "balanc": 0.0,
    "mari": 0.0,
    "comput": 0.1666714977833876,
    "press": 0.0,
    "northwest": -0.0,
    "engin": 0.0,
    "conserv": 0.0,
    "team": 0.7533189007321334,
    "pacif": 0.0,
    "expedit": 0.4095033316757812,
    "depart": 0.0,
    "thoma": -0.0,
    "announc": 0.0,
    "transform": 0.0,
    "oregon": 0.0,
    "quot": 0.0,
    "economist": 0.0,
    "biologi": -0.0,
    "mathematician": 0.0,
    "effici": 0.12875498134221827,
    "solv": 0.0,
    "biologist": -0.0,
    "director": 0.0,
    "laboratori": -0.0,
    "howard": 0.2583191843618567,
    "inject": 0.0,
    "alloc": 0.0,
    "ventur": 0.0,
    "interdisciplinari": 0.0,
    "insight": 0.0,
    "analog": -0.0,
    "141": 0.7226724981602964,
    "enrich": 0.6630446385420127,
    "nsf": 0.015322068920360223,
    "deputi": -0.0,
    "cornel": 0.0,
    "08": 0.044864762144761906,
    "lou": 0.0,
    "vibrant": 0.0,
    "zeeman": 0.0,
    "bowdoin": -0.0,
    "gome": 0.44400252776844545,
    "carla": 1.0920551230850969e-14,
    "osu": 0.0,
    "shmoi": -0.0,
    "dietterich": -0.0
  }
}