{
  "qid": "139",
  "query": "European Union Governance",
  "rank": 0,
  "docid": 4301271,
  "coef": {
    "aspect": 0.0,
    "union": 0.053738305604909976,
    "assist": 0.013811710402886283,
    "adopt": 0.2444717511522067,
    "econom": 0.0,
    "public": 0.01521789366381752,
    "formul": 0.0,
    "educ": 7.00363316441609e-05,
    "legal": 0.892954390713794,
    "form": 0.0,
    "civil": 5.435275394858644e-05,
    "bodi": 0.0,
    "establish": 0.0,
    "implement": 0.0,
    "charg": 0.0,
    "develop": 0.0022233428239756257,
    "well": 0.09499908071762622,
    "govern": 0.06685016240031291,
    "prioriti": -0.0,
    "act": 0.8115257892843912,
    "process": 0.0,
    "regul": 0.5632752258536419,
    "plan": 0.0,
    "organ": 0.697353225745379,
    "institut": 0.4712890095483892,
    "relat": 0.0,
    "english": 0.004265671016290862,
    "particip": -0.0,
    "constitut": -0.0,
    "conclus": 3.734299791838427e-06,
    "cooper": 0.17744799727829927,
    "direct": 0.5558286545779753,
    "intern": 0.18726870988524635,
    "accord": 0.0,
    "activ": 0.7418338843550331,
    "oblig": 0.0,
    "promot": 0.0,
    "associ": 0.4991283961543497,
    "strategi": 0.8625824339961911,
    "screen": 0.0,
    "year": 0.0,
    "translat": 0.0005095082323581698,
    "supervis": 0.0,
    "program": 0.0,
    "stimul": 0.0,
    "coordin": 1.0160888594995212,
    "14": -0.0,
    "special": 0.20472030161860405,
    "integr": 0.0,
    "analysi": 0.0,
    "design": 0.0,
    "languag": 0.0,
    "standard": 0.27036115989797194,
    "fund": 0.0,
    "requir": 0.31107576411363624,
    "capac": 0.0,
    "2004": 0.0,
    "foreign": 0.0,
    "european": 0.7724151029772773,
    "jurisdict": 0.6649653723891481,
    "29": 0.0,
    "republ": 0.3937622462636388,
    "donat": 0.0,
    "prepar": 0.3073427680873594,
    "2017": 0.4713597438986481,
    "legisl": 0.2735893442346027,
    "offic": 0.17484558644742706,
    "deleg": -0.0,
    "june": 0.0,
    "domest": -0.0,
    "access": 0.1930671127802989,
    "march": 0.0,
    "appoint": 0.4063825395489336,
    "monitor": 0.0,
    "servant": 0.4090647798487526,
    "realiz": 0.0,
    "dissolv": 0.5106706146924936,
    "negoti": 0.17180836875823072,
    "technic": 0.0,
    "director": 0.07626588972574957,
    "agreement": 0.0,
    "harmon": 0.0,
    "stabilis": 0.3066236073072496,
    "ministri": 0.16407022716512337,
    "eu": 0.02663876181398804,
    "mandat": 0.0,
    "partak": -0.0,
    "serbia": 0.5450670714264796,
    "statut": 0.0,
    "serbian": 0.0,
    "harmonis": 0.0,
    "seio": 0.5797314452902047
  }
}