{
  "qid": "124",
  "query": "Charity",
  "rank": 5,
  "docid": 5393171,
  "coef": {
    "be": 0.0,
    "state": 0.0,
    "pai": 0.0,
    "peopl": 0.0,
    "type": 0.0,
    "emerg": 0.0,
    "exist": 0.0,
    "primarili": 0.0,
    "focus": 0.14761985432212468,
    "can": 0.0,
    "emphasi": 0.0,
    "broad": -0.0,
    "nation": -0.0,
    "philosoph": 0.0,
    "evalu": 0.1529507757931524,
    "help": 0.0,
    "mid": 0.0009404170391383548,
    "next": 0.0,
    "concept": 0.0,
    "caus": 0.06914993178193632,
    "websit": -0.0,
    "differ": 0.0,
    "robert": 0.0,
    "public": 0.0,
    "gener": 0.0,
    "servic": 0.0,
    "includ": 0.0,
    "counter": 0.0,
    "educ": 0.0,
    "call": 0.0,
    "form": 0.24718761760701796,
    "import": 0.0,
    "found": 0.0,
    "expand": 0.0,
    "perform": 0.0,
    "oper": 0.0,
    "open": 0.0,
    "due": 0.0,
    "area": 0.09226278865987161,
    "term": 0.0,
    "build": 0.0,
    "critic": 0.0,
    "work": 0.21123380932293612,
    "american": 0.0,
    "larg": 0.0,
    "art": 0.0,
    "america": 0.0,
    "christian": 0.0,
    "creation": 0.0,
    "difficulti": 0.0,
    "choic": 0.0,
    "govern": 0.08602227233555476,
    "review": 0.0,
    "group": 0.021731257311830447,
    "effort": 0.0,
    "william": 0.0,
    "exampl": 0.0,
    "author": 0.0,
    "time": 0.0,
    "protest": 0.0,
    "life": 0.0,
    "process": 0.0,
    "regul": 0.0,
    "organ": 0.15213373781402878,
    "recent": 0.0,
    "end": 0.0,
    "institut": 0.0,
    "find": 0.0,
    "place": 0.0,
    "set": 0.0,
    "see": 0.0,
    "non": -0.0,
    "method": 0.0,
    "local": 0.0,
    "good": 0.0,
    "transpar": 0.0,
    "specif": 0.0,
    "known": -0.0,
    "inform": 0.0,
    "advoc": 0.011843422300899858,
    "histor": 0.0,
    "new": 0.0,
    "contribut": 0.0,
    "like": 0.0,
    "effect": 0.3117168871449056,
    "intern": 0.0,
    "similar": 0.0,
    "john": 0.0,
    "question": 0.03692865129436004,
    "defend": 0.0,
    "practic": 0.0,
    "first": 0.0,
    "idea": 0.0,
    "result": 0.0,
    "privaci": 0.0,
    "activ": 0.1461295011942289,
    "wai": 0.0,
    "unit": 0.0,
    "releas": 0.0,
    "natur": 0.0,
    "tradit": 0.0,
    "individu": 0.0,
    "made": 0.0,
    "claim": 0.0,
    "member": 0.0,
    "base": 0.03790854870012892,
    "directli": 0.0,
    "give": 0.0,
    "sole": 0.0,
    "canada": 0.24928917364688752,
    "accept": 0.02636495488124347,
    "wrote": 0.0,
    "execut": 0.08181396153126812,
    "argu": 0.0,
    "global": 0.0,
    "ethic": 0.0,
    "across": -0.0,
    "8": 0.034599406061994346,
    "initi": 0.0,
    "2015": 0.0,
    "employe": 0.0,
    "cost": 0.0,
    "year": 0.20531003389575808,
    "candid": 0.0,
    "indic": 0.0,
    "full": 0.0,
    "guidelin": 0.0,
    "000": 0.009283696409846826,
    "2013": 0.014373210209640845,
    "numer": -0.0,
    "health": 0.0,
    "ratio": 0.0,
    "attribut": 0.0,
    "percentag": 0.0,
    "rate": 0.1316441910789668,
    "criteria": 0.0,
    "typic": 0.0,
    "data": 0.06302869469257984,
    "50": 0.0,
    "14": 0.0,
    "recommend": 0.0,
    "longer": 0.0,
    "assess": 0.17771027310288118,
    "account": 0.0,
    "weigh": 0.0,
    "select": 0.0,
    "report": 8.284800666860344e-05,
    "refus": 0.0,
    "analysi": 0.0,
    "measur": 0.0,
    "intellig": 0.0,
    "analyst": 0.0,
    "updat": 0.0,
    "given": 0.0,
    "quarter": 0.0,
    "aris": 0.0,
    "2016": 0.026324423486005867,
    "2014": 0.016880505516031832,
    "2000": 0.0,
    "compar": 0.009372538492709012,
    "standard": 0.0,
    "1": 0.0,
    "fund": 0.19329637051145113,
    "proport": 0.0,
    "burn": 0.0,
    "35": 0.0,
    "keep": 0.0,
    "run": 0.0,
    "impact": -0.0,
    "top": 0.0,
    "eventu": 0.0,
    "annual": 0.0,
    "letter": 0.0,
    "least": 0.0,
    "discrimin": 0.019249903871512684,
    "protect": 0.0,
    "donat": 0.33042739985652675,
    "revenu": 0.0006412025653902878,
    "evangel": 0.0,
    "spent": 0.006247086574014053,
    "spend": 0.20017454613074398,
    "cite": 0.0,
    "record": 0.0,
    "administr": 0.0,
    "anim": -0.0,
    "2006": -0.0,
    "2001": 0.0,
    "financi": 0.16399014287857275,
    "100": 0.0773650125186344,
    "2009": 0.0,
    "decid": 0.0,
    "budget": 0.1619735244315904,
    "track": 0.0,
    "trust": 0.05259046188121063,
    "british": 0.0,
    "agenc": 0.0,
    "monei": 0.16925222090972109,
    "announc": 0.0,
    "save": 0.21862945271476852,
    "star": 0.0,
    "ceo": 0.0,
    "consult": 0.0,
    "paint": 0.0,
    "urg": 0.0,
    "monitor": 0.0,
    "profit": -0.0,
    "statement": 0.0,
    "purpos": 0.0,
    "wealthi": 0.018587883120065443,
    "watch": 0.0,
    "staff": 0.0,
    "audit": 0.0,
    "ran": 0.0,
    "navig": 0.07201107815178287,
    "launch": 0.0,
    "990": 0.0,
    "varianc": 0.19309288795936125,
    "store": 0.0,
    "elitist": 0.0,
    "worth": 0.0,
    "kingdom": 0.0,
    "score": 0.0,
    "berger": 0.0,
    "revel": 0.05067423084660789,
    "surpris": 0.0,
    "philanthropi": 0.0,
    "philanthrop": 4.6715353620337753e-05,
    "macaskil": 0.0,
    "altruism": 0.0,
    "tobi": 0.0,
    "ord": 0.0,
    "nonprofit": 0.07019539968934983,
    "colleagu": -0.0,
    "chariti": 0.21347808626078957,
    "charit": 0.0,
    "donor": 0.1019977759495632,
    "galleri": 0.0,
    "allianc": 0.0,
    "toronto": 0.0,
    "ministri": 0.16566883859960638,
    "databas": 0.035869973235877255,
    "salari": 0.0,
    "ken": 0.0,
    "pharmaceut": 0.001425994633921261,
    "eli": 0.0,
    "wise": 0.0,
    "exce": 0.0,
    "hedg": 0.0,
    "metric": 0.19502170342826036,
    "deploi": 0.0,
    "ci": 0.05979671634099971,
    "holden": 0.0,
    "beneficiari": 0.0,
    "harshli": 0.0,
    "overhead": 0.07088420894263313,
    "philanthropist": 0.0,
    "fundrais": 0.07505902041819446,
    "moralist": 0.0,
    "watchdog": -0.0,
    "propublica": 0.0,
    "penna": 0.0,
    "searchabl": 0.03423452975361257,
    "dugan": 0.0,
    "bbb": -0.0,
    "hassenfeld": 0.0,
    "givewel": 0.13235810997738925,
    "charitywatch": -0.0,
    "guidestar": 0.0012663933409453587,
    "karnofski": 0.0,
    "greatnonprofit": 0.0,
    "gwwc": 0.08125090503219881,
    "impactmatt": 0.0,
    "orghunt": 0.0
  }
}