{
  "qid": "142",
  "query": "Physiotherapy",
  "rank": 7,
  "docid": 2542978,
  "coef": {
    "be": 0.037642692068844845,
    "5": 0.05883804188757433,
    "union": 0.0049849670699789244,
    "current": 0.0,
    "origin": -0.0,
    "progress": 0.0,
    "societi": 0.0,
    "can": 0.0,
    "north": 0.0,
    "nation": 0.10980203694039195,
    "region": 0.0,
    "name": 0.059655062138010674,
    "led": 0.0,
    "countri": 0.0029429428754176477,
    "order": 0.0,
    "us": 0.0,
    "concept": 0.0,
    "core": 0.23148275602197355,
    "robert": 0.0,
    "wider": 0.0,
    "histori": 0.0,
    "educ": -0.0,
    "manag": 0.0,
    "allow": 0.25191093622177113,
    "number": -0.0,
    "reflect": 0.0,
    "oper": 0.0,
    "term": -0.0,
    "school": 0.30351773331229015,
    "build": 0.0,
    "implement": 0.0,
    "work": 0.0,
    "autonom": 0.0,
    "chang": 0.0,
    "england": 0.0,
    "guid": 0.0,
    "america": 0.0,
    "repres": 0.0,
    "interest": 0.18019178973300845,
    "onc": 0.01892271546548147,
    "develop": 0.21610444027429834,
    "well": 0.0,
    "complet": 0.0,
    "aim": 0.23379819702573343,
    "offer": -0.06360329632215643,
    "time": 0.2470926612634138,
    "rank": 0.0,
    "cours": 0.22009719034302355,
    "student": 0.5699508213191326,
    "institut": 0.021942900480305248,
    "find": 0.0,
    "network": 0.0,
    "wide": 0.0,
    "known": 0.0,
    "structur": 0.0,
    "new": 0.0,
    "move": 0.0,
    "like": 0.0,
    "accord": 0.0,
    "futur": 4.1069098122667734e-07,
    "perspect": 0.0,
    "first": -0.0,
    "make": 0.0,
    "activ": 0.3836514288640467,
    "part": 0.1654821604921033,
    "member": 0.0,
    "studi": -0.0,
    "person": 0.3695479509181865,
    "base": 0.0,
    "council": 0.38621152534578074,
    "scienc": 0.08811069064321407,
    "point": 0.02879661181784363,
    "taught": 0.0,
    "give": 0.0,
    "compon": 0.0,
    "varieti": 0.0,
    "meet": 0.0,
    "remain": 0.0,
    "teach": 0.0,
    "altern": 0.0,
    "across": 0.0,
    "level": 0.0,
    "month": 0.0,
    "physic": 0.0,
    "averag": 0.0,
    "medicin": 0.0,
    "psycholog": 0.0,
    "2015": 0.0396539050774785,
    "uk": 0.1581315571891794,
    "appli": 0.0,
    "year": 0.10973464256126818,
    "candid": 0.0,
    "gap": 0.0,
    "introduc": 0.0,
    "focu": 0.0,
    "full": 0.0,
    "modul": 0.00473358917042554,
    "approv": 0.0,
    "graduat": 0.4829084860843745,
    "research": 0.14720681099172087,
    "health": 0.43599863643921805,
    "neurolog": -0.02013466408081248,
    "univers": 0.3893274725192221,
    "now": 0.0,
    "locat": 0.02610745184342823,
    "option": 0.09650773814033722,
    "clinic": 0.0,
    "diagnost": -0.0,
    "specialist": 0.0,
    "survei": -0.0,
    "medic": -0.0,
    "valid": 0.001207317707072094,
    "integr": 0.11263317255906011,
    "opportun": 0.0,
    "imag": 0.0,
    "degre": 0.3457549409476892,
    "intak": -0.0,
    "consist": 0.0,
    "2016": 0.0,
    "employ": 0.0,
    "standard": 0.0,
    "hospit": 0.0,
    "6": 0.0,
    "426": 0.0,
    "near": 0.0,
    "top": 0.0,
    "2004": 0.0,
    "content": 0.12651905751750023,
    "exit": 0.0,
    "celebr": 0.0,
    "perman": 0.0,
    "european": 0.0,
    "enrol": 0.0,
    "block": 0.0,
    "west": 0.0,
    "undergradu": -0.0,
    "largest": -0.0,
    "fulli": 0.0,
    "jone": 0.0,
    "hunt": 0.0,
    "midland": 0.0,
    "2017": -0.0,
    "charter": 0.0,
    "septemb": 0.0,
    "100": 0.0,
    "explor": 0.0,
    "demand": 0.0,
    "depart": 0.05332268276958244,
    "healthcar": 0.0,
    "consolid": 0.0,
    "june": 0.0,
    "expans": -0.0,
    "1994": 0.0,
    "facil": 0.0,
    "campu": 0.05262501622411444,
    "bridg": 0.0,
    "januari": 0.0,
    "pain": 0.0,
    "choos": 0.0,
    "staff": 0.0,
    "premis": 0.0,
    "profess": 0.0,
    "consecut": 0.0,
    "qualifi": 0.0,
    "encompass": 0.15186996727315155,
    "guardian": 0.0,
    "rehabilit": 0.0,
    "chosen": 0.05025207738785406,
    "asia": 0.2322097541621897,
    "award": 0.0,
    "collabor": 0.4008222091081575,
    "transfer": 0.0,
    "1939": 0.0,
    "1995": 0.008108668384372299,
    "certif": -0.0,
    "honour": 0.0,
    "strand": 0.0222437136108722,
    "satisfact": 0.0,
    "entri": 0.3871412053469189,
    "programm": 0.1538937003107296,
    "complement": 0.26869865272298427,
    "flexibl": 0.0,
    "ventur": 0.0,
    "anatomi": 0.06009865469678134,
    "mackai": 0.08856049849902455,
    "bearer": 0.0,
    "postgradu": 0.19030504225016578,
    "hub": 0.0,
    "modular": -0.0,
    "respiratori": -0.0,
    "newcastl": 0.11848283431337349,
    "radiolog": 0.0,
    "msc": 0.16777506629041478,
    "placement": 0.0,
    "keel": -0.07863500062455342,
    "diploma": 0.05390148515906972,
    "agn": 0.0,
    "supplementari": 0.0,
    "bsc": 0.1587136553534178,
    "portfolio": 0.0,
    "hon": 0.02934681450717744,
    "cheshir": 0.0,
    "shropshir": 0.0,
    "staffordshir": 0.21204665054404717,
    "personalis": 0.0,
    "lyme": 0.13869637485294717,
    "pg": -0.0,
    "orthopaed": 0.0,
    "uca": 0.0,
    "neuromusculoskelet": 0.0,
    "physiotherapi": 0.357869042261618,
    "cardio": -0.0,
    "oswestri": 0.2652333120240143,
    "modularis": -0.0,
    "unistat": 0.0,
    "onssp": 0.21565452241830674
  }
}