{
  "qid": "139",
  "query": "European Union Governance",
  "rank": 4,
  "docid": 5310713,
  "coef": {
    "state": 5.000385227397154,
    "list": -0.016098101567969137,
    "union": 5.050422841488899,
    "organis": 4.252918851657732,
    "repres": 0.0,
    "govern": 0.0,
    "relat": 1.8851443720993324,
    "offici": 0.0,
    "foreign": 0.0,
    "european": 0.26917496203991553,
    "eastern": 4.374075986137673e-06,
    "ambassador": 0.0,
    "saint": 0.0,
    "caribbean": 1.1698393836887962e-17,
    "lucia": 0.0
  }
}