{
  "qid": "111",
  "query": "Inequality",
  "rank": 7,
  "docid": 2251925,
  "coef": {
    "state": 0.0,
    "possibl": 0.10820750958598384,
    "inequ": 0.23572238274902452,
    "right": 0.0,
    "version": 0.0,
    "type": 0.07259215778005959,
    "exist": 0.0,
    "seen": 0.0,
    "theoret": -0.0,
    "can": 0.18167620636719645,
    "support": -0.0,
    "mai": 0.0,
    "region": 0.0,
    "name": 0.0,
    "difficult": 0.02771215390537584,
    "attain": 0.0,
    "optim": 0.1767583270075713,
    "product": 0.0,
    "us": 0.0,
    "defin": 0.09103435624717342,
    "basic": 0.01757852873289167,
    "formul": 0.0,
    "gener": 0.0,
    "take": 0.0,
    "word": 0.0,
    "later": 0.0,
    "descript": 0.0,
    "call": 0.0,
    "event": 0.0,
    "number": 0.0,
    "import": 0.11792556222045601,
    "open": 0.0,
    "principl": 0.0,
    "distanc": 0.2181204406566744,
    "involv": 0.0,
    "term": 0.10228736732417115,
    "note": 0.0,
    "built": 0.0,
    "implement": 0.055672662913464996,
    "follow": 0.1979002710857457,
    "larg": 0.0,
    "respect": 0.1254063677630484,
    "well": 0.0,
    "denot": 0.1133708627373873,
    "singl": 0.0,
    "close": 0.0,
    "exampl": 0.0,
    "mutual": 0.0,
    "necessarili": 0.0,
    "break": 0.05476349576330085,
    "down": 0.0,
    "end": 0.0,
    "relat": 0.08189475996662808,
    "function": 0.29602087735145843,
    "set": 0.14656571983576147,
    "deriv": 0.0,
    "see": 0.0,
    "non": 0.0021303576161411245,
    "consid": 0.0,
    "collect": 0.0,
    "express": 0.0,
    "signific": 0.0,
    "impli": 0.0,
    "known": 0.04843157496260838,
    "determin": 0.0,
    "onli": 0.0,
    "line": 0.0,
    "neg": -0.0,
    "featur": 0.0,
    "space": 0.0,
    "first": 0.2468362540607437,
    "web": 0.0,
    "user": 0.0,
    "result": 0.0,
    "part": 0.0,
    "theori": 0.3111135061611522,
    "distribut": 0.26184683794872043,
    "continu": 0.16937194572453257,
    "studi": 0.0,
    "condit": 0.26332625231429085,
    "reason": 0.029188018083054657,
    "base": 0.3554687852631993,
    "radic": 0.0,
    "refer": 0.0,
    "replac": 0.0,
    "larger": 0.0,
    "combin": 0.0,
    "power": -0.0,
    "sourc": 0.0,
    "valu": 0.16295326329391005,
    "broader": 0.0,
    "diverg": 0.0,
    "especi": 0.0,
    "hand": 0.0,
    "increas": 0.0,
    "2": 0.0,
    "random": 0.34294043884518005,
    "absolut": 0.0,
    "contain": -0.0,
    "context": 0.0,
    "character": 0.0,
    "arbitrari": 0.0,
    "probabl": 0.25956239836899025,
    "case": 0.008574374669801686,
    "total": 0.0,
    "side": 0.0,
    "rare": 0.33384222805480057,
    "depend": 0.2097044693045063,
    "lower": 0.0,
    "show": 0.0,
    "variat": 0.0,
    "joint": 0.05911105509253805,
    "sensit": 0.05575856929237199,
    "rate": 0.0,
    "rang": 0.20792984576321033,
    "actual": 0.0,
    "prove": 0.23421393537374044,
    "simpl": 0.10056481954830737,
    "now": 0.0,
    "special": 0.0,
    "subset": 0.07547074287794538,
    "categori": 0.11280481191238342,
    "real": 0.0,
    "valid": 0.0,
    "report": 0.0,
    "consequ": 0.0,
    "factor": 0.0,
    "measur": 0.14971968998256957,
    "nbsp": 0.22043336849417136,
    "restrict": 0.0,
    "mix": 0.0,
    "given": 0.0,
    "variabl": 0.1432005853210168,
    "aris": 0.0,
    "differenti": 0.0,
    "languag": 0.20176105878885994,
    "1": 0.03414578031277041,
    "requir": 0.0,
    "topolog": 0.19023354796272965,
    "margin": 0.24031240477629856,
    "zero": 0.0,
    "cloud": -0.0,
    "index": 0.10706085476710717,
    "great": 0.0,
    "upper": -0.0,
    "sum": 0.00740814762242037,
    "graphic": 0.07620666900913477,
    "comput": 0.0,
    "notat": 0.0,
    "front": 0.0,
    "minu": 0.0,
    "cumul": 0.0,
    "expect": 0.0,
    "insid": 0.0,
    "exceedingli": 0.0,
    "linear": 0.16272977717778273,
    "log": 0.0,
    "satisfi": 0.043029753532602015,
    "transform": 0.0,
    "strict": 0.0,
    "uncertainti": 0.0,
    "conjectur": 0.0,
    "correct": 0.0,
    "fundament": 0.0,
    "machin": -0.0,
    "moment": 0.08541699483467587,
    "faster": 0.0,
    "infinit": 0.0,
    "proof": -0.0,
    "1957": 0.0,
    "input": 0.0,
    "canon": 0.24638206893229836,
    "ndash": 0.0,
    "precis": 0.0,
    "behav": 0.026112343316957134,
    "stronger": 0.1200039771695091,
    "bound": 0.14551776200677177,
    "closur": 0.0,
    "corollari": 0.0,
    "checker": 0.0,
    "nat": 0.0,
    "bit": 0.13996024614981664,
    "interfac": 0.0,
    "deviat": 0.0,
    "vector": 0.0,
    "python": 0.0062137411725983575,
    "zhang": 0.0,
    "conjug": 0.0,
    "interv": 0.0,
    "convex": 0.10128724207586473,
    "discret": 0.0,
    "tao": 0.0,
    "multivari": -0.0,
    "finit": 0.11320750245152494,
    "entropi": 0.21689499442397045,
    "algorithm": 0.09567615692024173,
    "empti": 0.0,
    "kraft": -0.0,
    "weyl": 0.01875587443781743,
    "pars": 0.006264892387733531,
    "gibb": 0.0,
    "shannon": 0.07616111007759865,
    "countabl": -0.0,
    "heisenberg": 0.0,
    "jensen": 0.0,
    "sharper": 0.0,
    "pinsker": 0.0,
    "fourier": 0.03330135425541781,
    "gaussian": 0.0,
    "cram": 0.0,
    "rao": 0.0,
    "solver": 0.0,
    "matlab": -0.0,
    "fano": -0.0,
    "polytop": 0.0,
    "yeung": 0.080622916725196,
    "tupl": 0.0,
    "backend": 0.0,
    "entrop": 0.05904438622528176,
    "bivari": 0.0,
    "kullback": 0.0,
    "leibler": 0.46343341360724283,
    "matu": 0.0,
    "hirschman": 0.02837748387055003,
    "gurobi": 0.0,
    "glpk": 0.0,
    "xitip": 0.00932229799405715
  }
}