{
  "qid": "137",
  "query": "Online Companies",
  "rank": 2,
  "docid": 1949928,
  "coef": {
    "societi": 0.0,
    "support": 0.00964788650755755,
    "mai": 0.0,
    "engag": 0.0,
    "creat": 0.0,
    "addition": 0.0,
    "industri": 0.13520686891883177,
    "section": 0.0,
    "product": 0.0,
    "presenc": 0.0,
    "websit": -0.0,
    "public": 0.016839939895527414,
    "servic": 0.8774450559952478,
    "target": 0.0,
    "includ": 0.0,
    "histori": 0.0032687121763759273,
    "event": 0.009053762451361962,
    "video": 0.0,
    "american": 0.1273552331949849,
    "america": 0.0,
    "interest": 0.0,
    "develop": 0.32810886307585385,
    "commun": 0.4005115887269657,
    "offer": 0.0,
    "time": 0.0,
    "organ": -0.0,
    "consum": 0.05497334277008679,
    "institut": 0.0,
    "relat": 0.5792036771836205,
    "known": 0.0,
    "new": 0.0,
    "media": 0.5929222212438601,
    "multipl": 0.0,
    "first": -0.0,
    "web": 0.0,
    "philosophi": -0.0,
    "distribut": 0.0,
    "newspap": 0.0,
    "increasingli": 0.0,
    "social": 0.0,
    "releas": 0.0,
    "tradit": 0.0,
    "forum": 0.0,
    "compon": 0.30076825689510894,
    "larger": 0.0,
    "softwar": 0.0,
    "execut": 0.0,
    "onlin": 1.0269247696622357,
    "televis": 0.3473506532617529,
    "physic": 0.35117321213531155,
    "contain": 0.5766318198357172,
    "contact": 0.11603035864637529,
    "initi": 0.0,
    "interact": 0.7768806505014897,
    "accommod": 0.0,
    "firm": 0.26988194681483285,
    "now": 0.6845516069504767,
    "audienc": 1.7633529393570486e-14,
    "integr": -0.0,
    "convers": 0.0,
    "analyst": 0.0,
    "press": 0.0,
    "photograph": 0.0,
    "site": 0.994925212764656,
    "corpor": 0.37836686275951,
    "packag": 0.0,
    "magazin": 0.03132196468147006,
    "center": 0.5920839165721599,
    "compani": 0.658378522522985,
    "station": 1.299505188543589,
    "honor": 0.5334617418729268,
    "monitor": 0.17073624838191576,
    "aggreg": 0.0,
    "biographi": 0.10495092437432164,
    "partner": 0.0,
    "page": 0.0,
    "fundament": 0.0,
    "logo": 0.0,
    "technic": 0.0,
    "award": 0.28830579730608885,
    "radio": 0.0,
    "1995": 0.0,
    "brand": 0.8112367582812747,
    "solut": 0.0,
    "databas": 0.0,
    "investor": 0.0,
    "newsroom": 0.36900414971895257,
    "feed": 0.0,
    "ongo": 0.0,
    "audio": 0.0,
    "organiz": 0.0,
    "acoust": 0.5708722135873415,
    "kit": 0.0,
    "evangelist": 0.2220613813304769,
    "outlet": 0.10651764111452483,
    "standalon": 0.047812800681578414,
    "disgruntl": 0.0,
    "spokespeopl": 0.0,
    "mediaroom": 0.1978602050708746,
    "pressroom": 5.445850928566223e-15
  }
}