{
  "qid": "141",
  "query": "Human Exploration",
  "rank": 1,
  "docid": 5885476,
  "coef": {
    "major": 0.6581368146033941,
    "list": 0.0,
    "earli": -0.0,
    "europ": 0.0,
    "spanish": 0.04412430137377441,
    "chronolog": 0.0,
    "includ": 1.569064943635594,
    "histori": 0.4834340453242547,
    "event": 0.0,
    "ag": 0.0,
    "america": -0.0,
    "land": 0.0,
    "road": -0.0,
    "see": 0.0,
    "signific": 0.0,
    "china": 0.0,
    "prehistori": 0.0,
    "slaveri": -0.0,
    "ancient": 0.0,
    "human": 1.4410345054215836,
    "across": 0.0,
    "initi": 0.5761121662735215,
    "sea": 1.2265207035907784,
    "great": 0.014670344097490766,
    "european": -0.0,
    "britain": 3.776209313057669e-17,
    "treati": 0.0,
    "treasur": -0.0,
    "colon": 0.0,
    "explor": 0.7155466806074138,
    "indian": 0.0,
    "migrat": 0.0,
    "columbu": 0.0,
    "settlement": 0.0,
    "voyag": 0.9221900619805155,
    "navig": 0.0,
    "naval": -0.0,
    "exchang": -0.0,
    "subsequ": 1.4198409103056115,
    "asia": -0.0,
    "chines": 0.0,
    "christoph": 0.0,
    "discoveri": 1.307501077604773,
    "africa": -0.0,
    "ireland": 1.0965585056182552,
    "incomplet": 0.43890869242175046,
    "silk": -0.0,
    "timelin": 0.7564095642254717,
    "portugues": 0.0,
    "submerg": 0.0,
    "maritim": 0.21317395970069644,
    "columbian": -0.0,
    "ming": 0.0,
    "polynesian": 0.6302878840446361,
    "tordesilla": 0.0
  }
}