{
  "qid": "123",
  "query": "Currency",
  "rank": 5,
  "docid": 4103592,
  "coef": {
    "major": -0.008168029312063159,
    "current": 0.0,
    "currenc": 0.5112098711500958,
    "market": 0.4144092915683512,
    "can": 0.0,
    "platform": 0.1263720661933293,
    "movement": 0.0,
    "order": 0.0,
    "econom": 0.0,
    "us": 0.0,
    "pre": 0.0,
    "defin": 0.0,
    "basic": 0.0,
    "strong": 0.3908733057955126,
    "call": 0.36673785057953084,
    "reflect": 0.0,
    "perform": 0.23989184496101598,
    "reaction": 0.3231741333142262,
    "due": 0.4387780771047628,
    "trade": -0.0,
    "kind": 0.48475201225822373,
    "repres": 0.13528955133789566,
    "interest": 0.016737997407207824,
    "whole": 0.15267026061122102,
    "group": -0.0,
    "exampl": 0.48411231752028133,
    "abl": 0.1895044853745046,
    "relat": 0.0,
    "see": 0.042184008124823626,
    "method": 0.0,
    "express": -0.0,
    "determin": 2.9560352183373297e-05,
    "move": 0.0,
    "decreas": -0.0,
    "idea": -0.0,
    "base": 0.0,
    "refer": 0.0,
    "combin": 0.08373210218352961,
    "power": 0.0,
    "valu": 0.0772460217051675,
    "hard": -0.0,
    "happen": 0.0,
    "across": 0.0,
    "absolut": 0.0,
    "screen": 0.0,
    "materi": -0.0,
    "correl": 0.0,
    "indic": 0.753868655620105,
    "look": 0.08441367216689974,
    "percentag": -0.0,
    "rate": 0.00023598831768926144,
    "observ": 0.02030088004535541,
    "typic": -0.0,
    "data": 0.0,
    "90": 0.1681344254276509,
    "instrument": 0.002213068035749345,
    "rel": 0.0,
    "factor": 0.654397770365244,
    "analysi": -0.0,
    "pair": -0.0,
    "grow": -0.0,
    "know": 0.0,
    "visibl": -0.0,
    "index": 0.36987142614577384,
    "balanc": -0.0,
    "calcul": 0.6786988813549918,
    "oil": 0.0015332715536078142,
    "sum": 0.5227815903101899,
    "print": 0.0,
    "trader": 0.29986640223100336,
    "dollar": 0.09107092867691596,
    "financi": 0.05924030484068344,
    "compani": 0.0,
    "monei": 0.0,
    "purchas": 0.0,
    "weak": 0.3129360624430829,
    "sell": 0.0,
    "bui": 0.0,
    "strength": -0.0,
    "choos": 0.3726148755055564,
    "gold": 0.0,
    "easili": 0.0,
    "fundament": 0.0,
    "economist": 0.07976155960469335,
    "analyt": 0.0,
    "volum": -0.0,
    "technic": -0.0,
    "valuabl": 0.12160345163930067,
    "trend": 0.0,
    "altogeth": 0.0,
    "chart": 0.0,
    "basket": 0.0,
    "flow": 0.0,
    "raw": -0.0,
    "graph": -0.0,
    "cad": 0.0,
    "aud": 0.0,
    "forex": 0.4370286488031488,
    "uptrend": 0.3233359200547635
  }
}