{
  "qid": "111",
  "query": "Inequality",
  "rank": 4,
  "docid": 1435734,
  "coef": {
    "possibl": 0.0,
    "inequ": 0.18044836489512034,
    "right": 0.0,
    "origin": 0.0,
    "type": 0.0,
    "exist": 0.03907599699102366,
    "theoret": 0.0,
    "can": 0.04188661256379527,
    "system": 0.2008088314850965,
    "mai": 0.0,
    "name": 0.0,
    "us": 0.0,
    "reduc": 0.0,
    "defin": 0.0,
    "basic": 0.0,
    "write": 0.0,
    "formul": 0.0,
    "includ": 0.0,
    "histori": 0.12356123351064602,
    "form": 0.04445596252006273,
    "number": 0.09655160394159397,
    "joseph": 0.0,
    "perform": 0.0,
    "commonli": 0.0,
    "avoid": 0.0,
    "open": 0.0,
    "due": 0.0,
    "fals": 0.0,
    "need": 0.0,
    "ad": 0.0,
    "involv": 0.0,
    "limit": 0.0,
    "term": 0.0,
    "note": 0.0,
    "implement": 0.0,
    "follow": 0.0,
    "minim": 0.024102359054850232,
    "just": 0.0,
    "chang": 0.0,
    "elimin": 0.17322600134119967,
    "second": 0.0,
    "creation": 0.0,
    "develop": 0.0,
    "well": 0.0,
    "complex": -0.0,
    "denot": 0.06961533612371813,
    "singl": 0.0,
    "close": 0.0,
    "aim": 0.0,
    "group": 0.12673644797632025,
    "similarli": 0.0,
    "commun": 0.0,
    "exampl": 0.0,
    "rank": 0.09594476767060604,
    "necessarili": 0.0,
    "true": 0.0,
    "role": 0.0,
    "ident": 0.22589854519539582,
    "process": 0.0,
    "plai": -0.0,
    "unnecessari": -0.0,
    "recent": 0.0,
    "relat": -0.0,
    "field": 0.0,
    "constant": 0.0,
    "set": 0.1030233003219635,
    "deriv": 0.0,
    "see": 0.0,
    "non": 0.0,
    "method": 0.0,
    "consid": 0.0,
    "impli": 0.0400461879061607,
    "sai": 0.0,
    "1936": -0.0,
    "known": 0.0,
    "onli": 0.0,
    "new": 0.0,
    "neg": 0.10379979928899277,
    "produc": 0.0,
    "effect": 0.0,
    "construct": 0.0,
    "who": 0.0,
    "practic": 0.0,
    "class": 0.0,
    "posit": 0.0,
    "first": 0.0,
    "rise": 0.0,
    "offici": -0.0,
    "result": 0.19798670972890675,
    "part": 0.0,
    "problem": 0.021286486488447387,
    "theori": 0.0,
    "properti": 0.08912265704839092,
    "condit": 0.0,
    "base": 0.0,
    "soon": 0.0,
    "refer": 0.0,
    "give": 0.0,
    "achiev": 0.0,
    "sole": 0.0,
    "independ": 0.0,
    "success": 0.0,
    "softwar": 0.0,
    "execut": 0.0,
    "combin": -0.0,
    "sourc": 0.0,
    "remain": 0.0,
    "hand": 0.0,
    "impos": 0.0,
    "2": 0.05280593116933871,
    "9": 0.0468476017025211,
    "random": 0.0,
    "obtain": 0.00274672009535235,
    "contain": 0.0,
    "initi": -0.0,
    "sign": 0.0,
    "side": 0.0,
    "identifi": -0.0,
    "depend": 0.0,
    "program": 0.05969136871473668,
    "remov": -0.0,
    "code": 0.0,
    "rate": 0.08313435802648551,
    "rang": 0.10297171117507836,
    "doubl": 0.0,
    "detail": 0.0,
    "prove": 0.0,
    "check": 0.0443924712435776,
    "now": 0.0,
    "12": 0.08879146618197253,
    "10": 0.13523614012721102,
    "real": 0.0,
    "detect": 0.1838888624774848,
    "consequ": 0.0,
    "step": 0.0,
    "measur": 0.0,
    "given": 0.0,
    "variabl": 0.1700054214774226,
    "consist": 0.0,
    "design": 0.0,
    "grow": 0.0,
    "7": 0.0,
    "3": 0.0991089683226188,
    "1": 0.0,
    "applic": 0.0,
    "here": 0.0,
    "quantifi": -0.0,
    "run": 0.0,
    "addit": 0.0,
    "index": 0.0,
    "mathemat": 0.0,
    "formula": -0.0,
    "paramet": 0.0,
    "constraint": 0.13117643343450996,
    "output": 0.0,
    "tree": 0.0,
    "algebra": 0.0,
    "least": 0.12007582189782139,
    "comput": 0.0,
    "auxiliari": 0.0,
    "decid": -0.0,
    "instanc": 0.0,
    "permit": 0.0,
    "quick": 0.0,
    "linear": 0.17755787652856678,
    "satisfi": 0.0,
    "transform": 0.06021460293796967,
    "suppos": -0.0,
    "purpos": 0.0,
    "scheme": 0.20487871437346808,
    "conjunct": 0.0,
    "theodor": 0.0,
    "1827": 0.0,
    "fundament": 0.004024635763731958,
    "accid": -0.0,
    "discov": 0.0,
    "proof": 0.0,
    "sort": 0.0,
    "solv": 0.0,
    "transmiss": 0.0,
    "simplifi": 0.0,
    "acceler": 0.0,
    "equival": 0.0,
    "costli": 0.0,
    "bound": 0.0,
    "th": 0.0,
    "solut": 0.17680327208184798,
    "guarante": 0.0,
    "proven": 0.0,
    "aforement": 0.0,
    "decomposit": 0.0,
    "null": 0.0,
    "trivial": 0.0,
    "coeffici": 0.0,
    "cone": 0.0,
    "cylindr": 0.0,
    "curtail": 0.0,
    "redund": 0.08007185379550436,
    "criterion": 0.0,
    "partit": -0.0,
    "theorem": 0.1603826731751759,
    "entropi": -0.0,
    "fm": 0.0,
    "algorithm": 0.1418035484164342,
    "implicitli": -0.0,
    "syntact": -0.0,
    "obvious": 0.0,
    "exponenti": 0.0,
    "matrix": 0.0,
    "iff": 0.0,
    "polynomi": -0.0,
    "shannon": 0.0,
    "lemma": 0.0,
    "fourier": 0.097908660787679,
    "farka": 0.0,
    "2x": 0.0,
    "sti": 0.08620553605934868,
    "imbert": 0.03439936594248749,
    "3x": 0.0,
    "motzkin": 0.031233712418310036,
    "2y": 0.15700895528333872,
    "2z": 0.0,
    "3z": 0.0,
    "5y": 0.15650041472503237,
    "6y": 0.10299959962091143,
    "4z": 0.02152372464550399,
    "6z": 0.0,
    "fme": 0.0
  }
}