{
  "qid": "143",
  "query": "Philanthropy",
  "rank": 0,
  "docid": 4990674,
  "coef": {
    "third": 0.0,
    "state": 0.0,
    "major": 0.4708055859872137,
    "karl": -0.0,
    "list": -0.0,
    "current": 0.0,
    "origin": 0.0,
    "cultur": -0.0,
    "benefit": 0.0,
    "societi": 0.0,
    "journal": 0.0,
    "higher": -0.0,
    "nation": 0.27057027076606044,
    "region": 0.0,
    "demograph": 0.0,
    "creat": -0.0,
    "librari": 0.0,
    "classic": 0.2850845405040317,
    "section": 0.3532659342408637,
    "respons": 0.0,
    "public": 0.0,
    "gener": -0.0,
    "includ": 0.14617098870321305,
    "address": 0.0,
    "histori": 0.16971147048151955,
    "descript": 0.0,
    "call": 0.0,
    "event": 0.0,
    "forc": -0.0,
    "found": 0.3154605903505819,
    "privat": 0.0,
    "school": 0.08578245046752989,
    "last": 0.0,
    "critic": 0.0,
    "work": 0.1626218075978703,
    "american": 0.09897903310661346,
    "america": 0.36476664663612535,
    "influenti": 0.0,
    "choic": 0.04486721429708995,
    "develop": 0.0,
    "well": -0.0,
    "govern": 0.0,
    "review": 0.0,
    "group": 0.0,
    "depict": 0.41396265143494815,
    "academ": 0.0,
    "author": 0.0,
    "time": 0.4943613650845671,
    "common": 0.0,
    "organ": 0.11829791573966007,
    "publish": 0.040405317606859434,
    "literatur": 0.39365531552130567,
    "influenc": 0.0,
    "recent": 7.32763959175935e-15,
    "myth": 0.30433208134528367,
    "find": 0.0,
    "enhanc": 0.19179003107332737,
    "field": 0.11876984557758839,
    "live": 0.0,
    "collect": 0.0,
    "signific": 0.14329540885637765,
    "direct": 0.0,
    "histor": 0.0,
    "new": 0.09208371689031618,
    "produc": 0.0,
    "liber": 0.7076620322475736,
    "free": 0.0,
    "effect": 0.01811611319713172,
    "handl": 0.0,
    "who": 0.0,
    "accord": -0.0,
    "read": -0.0,
    "first": 0.0,
    "result": 0.0,
    "past": 0.0319419960373184,
    "part": 0.0,
    "problem": 0.0,
    "distribut": 0.386080726124443,
    "war": 0.26355644636496334,
    "wai": 0.0,
    "unit": 0.0,
    "social": 0.2941062230615366,
    "centuri": 0.0,
    "individu": 0.0,
    "reason": 0.18490814233106456,
    "refer": 0.011548468966060542,
    "give": 0.5558899066113001,
    "achiev": 0.03989980646269441,
    "foundat": 0.0,
    "book": 0.34239735912599273,
    "sale": 0.2334667377714226,
    "wrote": 0.0,
    "associ": 0.0,
    "valu": 0.0,
    "varieti": 0.0,
    "statist": 0.0,
    "modern": 0.0,
    "hard": 0.0,
    "approach": 0.0,
    "definit": -0.0,
    "onlin": 0.0,
    "level": 0.0,
    "8": 0.0,
    "million": 0.0,
    "contain": 0.0,
    "bleed": 0.0,
    "2015": 0.21776989672350924,
    "present": 0.2941252088462798,
    "cost": 0.0,
    "year": 0.45913852532299054,
    "copi": 0.47806579886044054,
    "accur": 0.0,
    "000": 0.0,
    "data": 0.0,
    "investig": -0.0,
    "50": 0.0,
    "25": 0.0,
    "15": 0.0,
    "recommend": -0.0,
    "treatment": 0.061361485402649636,
    "select": 0.0,
    "report": 0.0,
    "analysi": 0.0,
    "theme": 0.0,
    "divid": 0.0,
    "given": 0.0,
    "comprehens": 0.0,
    "hour": 0.0,
    "2016": 0.0,
    "compar": 0.0,
    "1": 0.16124035194963718,
    "explan": 0.0,
    "globe": 0.0,
    "impact": 0.0,
    "great": 0.0,
    "content": 0.010319863168785888,
    "graphic": 0.01817227282020339,
    "least": 0.0,
    "text": 0.0,
    "written": 0.0,
    "hall": 0.0,
    "shatter": 0.0,
    "topic": 0.0,
    "thousand": 0.0,
    "13": 0.0,
    "orang": 0.0,
    "profil": -0.0,
    "tax": 0.006349592348250535,
    "donat": 0.3246687804689121,
    "record": 0.0,
    "film": 0.03201570507533239,
    "380": 0.0,
    "300": 0.0,
    "counti": 0.0,
    "poll": 0.0011262756473287537,
    "percent": 0.0,
    "york": 0.0,
    "charter": 0.0,
    "greatest": 0.0,
    "pb": 0.0,
    "eleven": 0.16031287844272302,
    "regist": 0.0,
    "heart": 0.0,
    "economi": -0.0,
    "compass": 0.0,
    "wall": 0.0,
    "900": 0.0,
    "billion": 0.0,
    "twenti": -0.0,
    "monopoli": 0.0,
    "32": 0.0,
    "street": 0.0,
    "captur": 0.0,
    "polici": 0.0,
    "amazon": 0.0,
    "chose": 0.3642065914730913,
    "purpos": 0.0,
    "wealthi": 0.0,
    "brief": 0.0,
    "almanac": 0.31293496365729456,
    "boston": 0.0,
    "volunt": 0.0,
    "page": 0.0,
    "worth": 0.0,
    "volum": 0.0,
    "47": 0.0,
    "solv": 0.0,
    "documentari": 0.1665355579707219,
    "atlant": 0.0,
    "sketch": 0.0,
    "thank": 0.0,
    "introduct": 0.0,
    "philanthropi": 0.5419482482004856,
    "philanthrop": 0.0,
    "sector": 0.12639878075241484,
    "nonprofit": 0.0,
    "chariti": 0.0,
    "charit": 0.1924602284032158,
    "donor": 0.2420896267208483,
    "entri": 0.0,
    "fame": 0.0,
    "comic": 0.0,
    "novel": 0.5313526455896768,
    "nonfict": 1.9992320585827962e-16,
    "chronicl": 0.0,
    "summar": 0.0,
    "embed": 0.0,
    "trend": 0.0,
    "wealthiest": 0.0,
    "jeff": 0.0,
    "iraq": 0.49976947652986303,
    "1636": 0.04860728888616998,
    "360": -0.0,
    "overview": 0.0,
    "chart": 0.0,
    "giver": 0.0,
    "timelin": 0.0,
    "graph": 0.0,
    "encapsul": 0.0,
    "jacobi": 0.0,
    "quotat": 0.32364119332162705,
    "marvel": 0.08025313354343404,
    "stingi": 0.0,
    "roundtabl": 0.0,
    "booklist": 0.0,
    "zinsmeist": -0.0
  }
}