{
  "qid": "117",
  "query": "Activist",
  "rank": 8,
  "docid": 6240040,
  "coef": {
    "type": 0.0,
    "focus": 0.0,
    "north": 1.9153345443791898,
    "mai": 2.7593736873676327,
    "preserv": -0.0,
    "america": 0.0826180844191109,
    "land": 7.43880422274321e-17,
    "environment": 2.8397763457004506,
    "justic": 0.0,
    "local": 0.0,
    "defend": 0.08371018729819517,
    "refer": 0.009586589132055144,
    "activist": 3.363344983830997,
    "context": 0.0,
    "depend": 0.0,
    "frequent": 0.0,
    "water": 0.0,
    "climat": 0.0,
    "indigen": 0.0,
    "protector": 0.0,
    "ecosystem": 0.0,
    "persev": 0.0
  }
}