{
  "qid": "147",
  "query": "Discrimination",
  "rank": 0,
  "docid": 6033536,
  "coef": {
    "mai": 0.0,
    "gener": 0.0,
    "form": 0.0,
    "number": -0.0,
    "root": 0.0,
    "field": -0.0,
    "function": -3.523683095339978,
    "determin": 2.7524880269786536,
    "multipl": 0.0,
    "properti": 5.428218713726702e-16,
    "refer": 0.0,
    "valu": -0.0,
    "statist": -0.0,
    "medicin": -0.0,
    "psycholog": -0.0,
    "modifi": -0.0,
    "depend": 0.0,
    "real": -0.0,
    "valid": -0.0,
    "analysi": -0.0,
    "mathemat": 0.0,
    "curv": 0.0,
    "algebra": 0.0,
    "quantiti": 2.0228307392621363,
    "discrimin": 3.036990552501627,
    "fundament": -0.0,
    "modular": -0.0,
    "coeffici": 0.0,
    "quadrat": 0.0,
    "fisher": -2.11138539396525,
    "ellipt": -0.0,
    "polynomi": 0.20004023384475653,
    "kernel": -0.0,
    "maddrei": -0.0
  }
}