{
  "qid": "110",
  "query": "Clean Energy",
  "rank": 9,
  "docid": 2140946,
  "coef": {
    "be": 0.0,
    "aspect": -0.0,
    "possibl": 0.0,
    "action": -0.0,
    "current": 0.017374150853629967,
    "opposit": 0.0,
    "organis": 0.0,
    "progress": 0.20318481850106923,
    "peopl": 0.0,
    "seen": 0.0,
    "societi": 0.19552949624720808,
    "can": 0.3588783402379783,
    "nicola": 0.0,
    "nation": 0.5502615809020094,
    "connect": -0.025435397202022356,
    "industri": 0.16182886648945286,
    "order": 0.0,
    "econom": 0.17436373634891622,
    "product": 0.0,
    "contradictori": 0.13761741829246565,
    "us": -0.0,
    "foster": -0.0,
    "reduc": 0.006637854875712879,
    "concept": -0.2541565897748252,
    "taken": 0.0,
    "basic": 0.0,
    "gener": 0.0,
    "word": 0.0,
    "call": 0.0,
    "manag": 0.0,
    "world": 0.24843802569176193,
    "de": 0.0,
    "secur": -0.0,
    "principl": 0.0,
    "need": 0.33966502038288726,
    "term": 0.09601417249028894,
    "kei": 0.0,
    "reinforc": 0.0,
    "build": 0.0,
    "follow": 0.0,
    "work": 0.0,
    "chang": 0.3900651468938826,
    "elimin": 0.0014873795404476038,
    "land": 0.0,
    "repres": 0.0,
    "develop": 0.3470066298311572,
    "well": 0.4691026727315126,
    "complet": 0.0,
    "govern": 0.08497864369992603,
    "perceiv": 0.0,
    "environment": -0.0,
    "felt": 0.0,
    "aim": 0.0,
    "prioriti": 0.0,
    "abl": 0.0,
    "life": -0.0,
    "down": 0.0,
    "consciou": 0.0,
    "publish": 0.0,
    "consum": 0.6169064612563989,
    "institut": 0.06663233626657766,
    "will": 0.0,
    "central": 0.0,
    "deriv": -0.0,
    "see": 0.0,
    "non": 0.0,
    "live": 0.0,
    "consid": 0.0,
    "todai": 0.0,
    "surviv": 0.0,
    "advoc": 0.0,
    "histor": 0.0,
    "onli": -0.0,
    "new": 0.0,
    "neg": 0.22949224873421445,
    "effect": 0.0,
    "decreas": 0.0,
    "green": 0.0,
    "intern": 0.0,
    "goal": 0.514365611138208,
    "accord": -0.0,
    "practic": 0.0,
    "futur": 0.0,
    "posit": 0.0,
    "first": -0.0,
    "result": 0.0,
    "transit": 0.048465712010318324,
    "problem": 0.21227522345375976,
    "wai": 0.0,
    "share": 0.0,
    "oppos": 0.0,
    "unit": 0.0,
    "promot": -0.0,
    "natur": 0.0,
    "individu": 0.0,
    "made": 0.0,
    "decis": -0.0,
    "potenti": 0.0,
    "base": -0.0,
    "inevit": 0.0,
    "refer": 0.0,
    "point": 0.0,
    "achiev": 0.0,
    "soil": 0.0,
    "met": 0.0,
    "success": 0.0,
    "suggest": 0.06753636923820724,
    "sourc": -0.0,
    "valu": 0.0,
    "global": -0.0,
    "meet": 0.0,
    "modern": 0.0,
    "technolog": 0.09461982897489707,
    "remain": 0.0,
    "serv": 0.0,
    "approach": -0.0,
    "occur": 0.06459885910531536,
    "mean": 0.0,
    "increas": 0.058817467886477515,
    "level": -0.0,
    "put": -0.0,
    "initi": 0.09596578734636667,
    "case": 0.0,
    "side": 0.0,
    "environ": 0.0953722146945231,
    "pollut": 0.043565996069453855,
    "sustain": 0.1192960799557848,
    "depend": 0.0,
    "focu": 0.0,
    "food": 0.21429267328780496,
    "preced": 0.0,
    "prefer": 0.0,
    "stress": 0.0,
    "marri": 0.0,
    "numer": 0.0,
    "worldwid": -0.0,
    "resourc": 0.07818190241805253,
    "outlin": 0.33624225625020987,
    "pesticid": 0.0,
    "improv": 0.14513052776133523,
    "appropri": 0.0,
    "growth": 0.2526082359089817,
    "societ": 0.0,
    "report": 0.0,
    "regard": 0.0,
    "surround": 0.0,
    "consequ": 0.0,
    "mode": 0.04066792758433825,
    "factor": -0.0,
    "measur": 0.0,
    "essenti": 0.0,
    "qualiti": 0.0,
    "standard": 0.0,
    "7": 0.0,
    "home": 0.0,
    "water": 0.0,
    "requir": 0.0,
    "heat": 0.0,
    "globe": -0.0,
    "pole": 0.0,
    "farm": 0.0,
    "forest": 0.0,
    "greenhous": 0.0,
    "impact": 0.0,
    "climat": 0.0,
    "ga": 0.4397135632418311,
    "tree": 0.0,
    "oil": -0.0,
    "knowledg": 0.0,
    "energi": 0.19516714138423652,
    "incom": 0.07154772053345343,
    "emiss": 0.0,
    "sun": 0.0,
    "clean": 0.12990546094704247,
    "quantiti": -0.0,
    "held": 0.0,
    "speed": 0.0,
    "corpor": 0.0,
    "engin": -0.0,
    "rain": 0.0,
    "busi": 0.0,
    "financi": 0.0,
    "agricultur": 0.2850942146788378,
    "2009": 0.0,
    "ti": -0.0,
    "2019": 0.0,
    "gdp": 0.39479441426317746,
    "textil": 0.0,
    "economi": 0.1849197130790385,
    "secretari": 0.0,
    "lumber": 0.0,
    "slow": 0.0,
    "access": 0.0,
    "transport": 0.1627805855518963,
    "cut": 0.0,
    "polici": 0.0,
    "strateg": -0.0,
    "statement": 0.0,
    "purpos": -0.0,
    "pressur": -0.0,
    "undermin": 0.0,
    "compromis": 0.06442519783266729,
    "encourag": 0.0,
    "ensur": 0.214491194111275,
    "renew": 0.014796929709658813,
    "fulfil": 0.0,
    "fundament": 0.0,
    "machin": 0.025219941138875837,
    "clearli": 0.14784163532268405,
    "effici": -0.0,
    "solv": 0.0,
    "partnership": 0.0,
    "gear": 0.0,
    "insuffici": 0.0,
    "valuabl": 0.0,
    "healthi": 0.0,
    "detriment": 0.0,
    "un": 0.0,
    "wind": 0.0,
    "proven": 0.04845884728578522,
    "trend": 0.0,
    "cook": 0.0,
    "innov": 0.0,
    "thrive": 0.0,
    "complementari": 0.31727714617501945,
    "altogeth": 0.0,
    "offshoot": -0.0,
    "redefin": 0.0,
    "deplet": 0.0038748006894158073,
    "nutrient": 0.0,
    "mindset": 0.0,
    "hindranc": 0.0,
    "expertis": 0.0,
    "barrier": -0.0,
    "liu": 0.0,
    "mobilis": 0.0,
    "tandem": -0.0,
    "alik": 0.0,
    "cleaner": 0.2461605533455081,
    "minimis": 0.01804805039678646,
    "indispens": 0.0,
    "sarkozi": 0.0,
    "seamless": 0.0,
    "sheer": 0.0,
    "overgraz": 0.0,
    "zhenmin": 0.0,
    "overcrop": 0.0
  }
}