{
  "qid": "110",
  "query": "Clean Energy",
  "rank": 4,
  "docid": 4779418,
  "coef": {
    "state": 0.0,
    "market": 0.09497793946104932,
    "inspir": 0.0,
    "nation": 0.0,
    "region": 1.430126681119641,
    "creativ": 0.0,
    "challeng": 0.6607212195536851,
    "manag": -0.0,
    "form": 0.5506970532174158,
    "school": 0.7816123466029928,
    "build": 0.0,
    "america": 0.0,
    "develop": 0.026629360542179667,
    "complet": 0.0,
    "feder": -0.0,
    "rank": 0.0,
    "plan": 0.0,
    "student": 0.4547945430021525,
    "institut": -0.0,
    "white": 0.0,
    "new": 0.0,
    "first": 0.0,
    "unit": 0.0,
    "promot": 0.0,
    "execut": 0.0,
    "strategi": 0.0,
    "hous": 0.0,
    "technolog": 1.3900592686298547,
    "commit": 0.0,
    "initi": 0.0,
    "cell": -2.167033567667268,
    "program": 0.2649057724834527,
    "background": 0.0,
    "advanc": 0.0,
    "look": 0.0,
    "recogn": 0.0,
    "univers": 0.010712748253602699,
    "commerci": 0.1256472249040213,
    "intergovernment": 0.0,
    "receiv": 0.0,
    "impact": 0.0,
    "top": 0.0,
    "weather": -0.0,
    "composit": 0.0,
    "knowledg": 1.5856524388335689,
    "energi": 1.2825886387309235,
    "solar": -0.14439276617579727,
    "fuel": 0.0,
    "clean": 0.25949176861941753,
    "held": 0.857070833533142,
    "custom": 0.08044958132911288,
    "west": 1.2287404699525386,
    "team": 0.0,
    "washington": 0.04653233128946662,
    "administr": 0.07584305391206377,
    "busi": 0.0,
    "competit": 1.251589148889506,
    "campaign": 1.1597478320851717,
    "2011": 0.5175323808790385,
    "manufactur": 0.0,
    "financi": 0.5383925207261442,
    "offic": 0.1231586804595077,
    "depart": 0.0,
    "vehicl": 0.0,
    "monei": 0.0,
    "obama": 0.278950581023954,
    "maryland": 0.8918520806930718,
    "launch": 0.12434029033704835,
    "compet": 0.6390939717402436,
    "renew": 0.011290716089918128,
    "massachusett": -0.0,
    "chanc": 0.22246088268808914,
    "effici": 0.0,
    "winner": 0.0,
    "prize": 1.6642184862654472,
    "colorado": 0.0,
    "lab": 0.0,
    "solut": 0.1349727585643452,
    "grand": 0.0,
    "wind": 0.0,
    "ventur": 1.06515375867124,
    "chemistri": 0.0,
    "rice": -0.0,
    "biomass": 0.0,
    "geotherm": 0.0,
    "mit": 0.0,
    "caltech": 0.4078696411945366,
    "entrepreneurship": 0.39159970279896383,
    "acc": -0.0,
    "hydropow": 0.0,
    "startup": 0.00018867082593100045,
    "cleantech": 1.8016514716333876e-06,
    "ncebpc": 0.06324305439199122
  }
}