{
  "qid": "132",
  "query": "Literacy",
  "rank": 3,
  "docid": 1571413,
  "coef": {
    "discuss": 0.0,
    "major": 0.0,
    "current": 0.0,
    "organis": 0.0,
    "highli": 0.0,
    "cultur": 0.0,
    "peopl": 0.0,
    "emerg": -0.0,
    "exist": 0.0,
    "inspir": 0.0,
    "support": 0.01894454906618554,
    "nation": 0.0,
    "token": 0.0,
    "creat": 0.0,
    "librari": 0.11461092365370117,
    "us": -0.0,
    "task": 0.0,
    "conduct": 0.0,
    "write": 0.019609574724389893,
    "took": -0.0,
    "core": 0.0,
    "public": 0.05266864281228979,
    "servic": 0.0,
    "target": 0.0,
    "includ": 0.0,
    "address": 0.0,
    "head": 0.06639124958995277,
    "histori": 0.0,
    "educ": 0.017919417180887437,
    "polit": 0.0,
    "legal": 0.0,
    "form": 0.0,
    "number": 0.21963775498194937,
    "import": 0.0,
    "found": 0.0,
    "hold": 0.0,
    "bring": -0.0,
    "secur": 0.0,
    "oper": 0.15597537089966504,
    "area": 0.04151272537542439,
    "bodi": 0.0,
    "ag": 0.18554810094167176,
    "need": 0.0,
    "establish": 0.0,
    "kei": 0.137475355923035,
    "formal": 0.0,
    "school": 0.0,
    "follow": 0.2291378418561871,
    "work": 0.1878672984335408,
    "octob": 0.0,
    "england": 0.0,
    "interest": 0.0,
    "object": 0.0,
    "develop": 0.0184302612888008,
    "young": 0.0,
    "well": 0.0,
    "learn": 0.0,
    "complet": 0.17022964393766712,
    "govern": 0.0,
    "issu": 0.10800060790778548,
    "group": 0.031204673466417084,
    "prioriti": -0.0,
    "commun": 0.0,
    "push": 0.0,
    "author": 0.0,
    "time": 0.0,
    "life": -0.0,
    "role": 0.0,
    "process": 0.0,
    "end": 0.0,
    "network": 0.0,
    "relat": 0.0,
    "field": 0.0,
    "children": 0.2611941888789289,
    "live": 0.0,
    "local": 0.09519719109798122,
    "signific": 0.0,
    "ownership": 0.0,
    "conclus": 0.0,
    "specif": 0.18501771391268476,
    "cooper": 0.0,
    "known": 0.0,
    "direct": 0.047617305604456026,
    "pupil": 0.19681104657868578,
    "voluntari": 0.13248252480216555,
    "new": 0.01874323085138204,
    "understand": 0.0,
    "produc": 0.0,
    "effect": 0.0,
    "similar": 0.0,
    "who": 0.0,
    "read": 0.10917849483161696,
    "practic": 0.0,
    "posit": 0.0,
    "first": 0.0,
    "offici": 0.0,
    "idea": 0.0,
    "activ": -0.0,
    "part": 0.0,
    "share": 0.0,
    "social": 0.0,
    "promot": 0.0,
    "extens": 0.0,
    "studi": 0.0,
    "motiv": 0.0,
    "committe": 0.0,
    "base": 0.12148639746049351,
    "council": 0.0,
    "directli": 0.0,
    "forum": 0.0,
    "book": 0.0,
    "compon": 0.0,
    "independ": 0.0,
    "execut": 0.0,
    "associ": 0.0,
    "attitud": -0.0,
    "meet": 0.060249820218936094,
    "parti": 0.0,
    "approach": 0.0,
    "mean": 0.0,
    "onlin": -0.0,
    "across": 0.0,
    "level": 0.0,
    "2": 0.0,
    "low": 0.0,
    "million": 0.0,
    "initi": 0.0724897777013939,
    "uk": 0.1846437426666346,
    "interview": -0.0,
    "year": 0.26773691653053794,
    "parent": -0.0,
    "profession": 0.12389463886616531,
    "full": 0.0,
    "previous": 0.0,
    "advanc": 0.0,
    "research": 0.10474259931308195,
    "teacher": 0.0,
    "old": 0.0,
    "outcom": 0.0,
    "stimul": 0.0,
    "joint": 0.0,
    "examin": 0.0,
    "primari": 0.05476860545418607,
    "rang": 0.0,
    "rais": 0.0,
    "now": 0.09631284948733992,
    "improv": 0.0,
    "18": 0.0,
    "specialist": 0.0,
    "link": 0.0,
    "survei": 0.0,
    "famili": 0.07400662077842216,
    "select": 0.0,
    "report": 0.0,
    "theme": 0.0,
    "awar": 0.15208113214257732,
    "deliv": 0.0,
    "skill": 0.11756864106370798,
    "2007": 0.0,
    "standard": 0.0,
    "fund": -0.0,
    "run": 0.008489291971140546,
    "impact": 0.0,
    "2003": 0.0,
    "capac": 0.0,
    "annual": -0.0,
    "press": 0.007646241052150112,
    "chief": 0.0,
    "nurseri": 0.0,
    "governor": 0.0,
    "london": 0.0,
    "reader": 0.14597764386250822,
    "sport": 0.0,
    "politician": -0.0,
    "profil": 0.0,
    "retail": 0.0,
    "busi": 0.0,
    "museum": 0.0,
    "expect": -0.0,
    "project": 0.009899592166251255,
    "novemb": 0.0,
    "campaign": 0.0,
    "1992": 0.0,
    "2017": 0.0,
    "2011": 0.0,
    "succeed": 0.0,
    "2006": 0.0,
    "leagu": 0.17100675932155235,
    "septemb": 0.0,
    "twice": 0.0,
    "regist": 0.17572476531497358,
    "depart": 0.0,
    "trent": -0.0,
    "trust": -0.0,
    "footbal": -0.0,
    "commiss": 0.0,
    "1993": 0.2378463772827626,
    "british": 0.0,
    "19": 0.0,
    "agenc": 0.04450153096716313,
    "literaci": 0.2762267181221351,
    "access": 0.0,
    "man": 0.0,
    "star": 0.0,
    "januari": 0.0,
    "polici": 0.0,
    "gift": -0.0,
    "appoint": 0.0,
    "advic": 0.0,
    "dougla": 0.17690996939214973,
    "strateg": 0.0,
    "chairman": 0.0,
    "fellow": 0.0,
    "partner": -0.0,
    "launch": 0.046914076019240414,
    "simon": 0.1503034425424832,
    "pledg": 0.0,
    "retir": 0.0,
    "reluct": 0.2076007180289214,
    "1997": 0.0,
    "encourag": 0.0,
    "deliveri": -0.0,
    "bradford": 0.042477005299276886,
    "exchang": 0.0,
    "chain": 0.0,
    "jonathan": 0.0,
    "fragment": 0.0,
    "serious": -0.0,
    "47": 0.0,
    "vital": 0.0,
    "collabor": 0.0,
    "director": 0.0,
    "premier": 0.08586985869423513,
    "dimens": 0.0,
    "prize": 0.0,
    "archiv": 0.0,
    "sector": 0.11969600062725874,
    "chariti": 0.1067040091673135,
    "charit": 0.18247178798839672,
    "player": 0.0,
    "neil": 0.10814332673728613,
    "chair": 0.0,
    "club": 0.0,
    "habit": 0.0,
    "programm": 0.05232614832366384,
    "tackl": -0.0,
    "parliamentari": 0.0,
    "sir": 0.0,
    "scotland": 0.0,
    "disadvantag": 0.005216805569472178,
    "hub": -0.0,
    "conven": 0.0,
    "favourit": 0.0,
    "wale": 0.0,
    "statutori": 0.0,
    "borough": 0.0,
    "remit": 0.0,
    "pearson": 0.0,
    "stoke": -0.0,
    "schoolchildren": 0.0,
    "advisori": 0.0,
    "enjoy": -0.0,
    "786": 0.0,
    "westminst": 0.0,
    "truste": 0.20913598229736913,
    "lambeth": 0.0,
    "secretariat": 0.11856097347184275,
    "booker": 0.0,
    "baro": 0.0,
    "nottingham": 0.058962592731623006,
    "librarian": 0.0,
    "plc": 0.04661354723976106,
    "hornbi": 0.0,
    "peterborough": 0.005021820392897571,
    "usha": 0.0,
    "unequivoc": 0.0,
    "runnymed": 0.0,
    "policymak": 0.0,
    "middlesbrough": 0.0,
    "swindon": 8.623725214105844e-16,
    "whsmith": 0.1764352689093677,
    "mcclelland": 0.11169279287243698,
    "dyslexia": 0.0,
    "10million": 0.0,
    "vauxhal": 0.0,
    "prashar": 0.01695084659323126
  }
}