{
  "qid": "129",
  "query": "Folk Music",
  "rank": 2,
  "docid": 440257,
  "coef": {
    "nation": 0.0,
    "music": 0.13895218642017285,
    "call": 0.0,
    "see": 0.0,
    "known": 0.0,
    "extern": 1.8132423680744243,
    "individu": 1.0523650385227699,
    "mean": 0.0,
    "altern": 0.0,
    "link": 0.36025650855982255,
    "languag": 3.7361506963734197,
    "south": 1.3181127433868094,
    "macedonian": 0.0,
    "listen": 0.2450921708997982,
    "folk": 1.808106767685398,
    "slovenian": 0.0,
    "bulgarian": 0.0,
    "bosnian": -0.0,
    "serbian": 0.0,
    "slavic": 0.0,
    "croatian": -0.8505534516567954,
    "montenegrin": 0.0,
    "sloven": 2.7479184683587725,
    "yugoslav": 1.4395354727287057,
    "narodna": 1.6547179492428483,
    "muzika": 1.7951092185597841,
    "glasba": 0.0,
    "glazba": 0.0
  }
}