{
  "qid": "128",
  "query": "Racing",
  "rank": 2,
  "docid": 221606,
  "coef": {
    "5": -0.0,
    "self": 0.0,
    "union": 0.0,
    "origin": 0.0,
    "peopl": 0.005191628862602996,
    "type": 0.02242969013381021,
    "exist": 0.0,
    "seen": 0.33902672856093635,
    "broad": 0.0,
    "extrem": 0.0,
    "region": 0.0,
    "engag": 0.0,
    "defin": 0.0,
    "head": 0.0,
    "challeng": 0.047220493932702834,
    "take": 0.0,
    "form": 0.05691346665038605,
    "world": 0.08305132517765469,
    "de": 0.0,
    "area": 0.0,
    "tri": 0.0,
    "involv": 0.0,
    "larg": 0.0,
    "long": 0.0,
    "land": 0.0,
    "popular": 0.0,
    "govern": 0.0,
    "orient": 0.0,
    "singl": -0.0,
    "organ": 0.0,
    "notabl": 0.0,
    "place": 0.055493204931875276,
    "franc": -0.0,
    "see": 0.0,
    "non": 0.0,
    "known": 0.045788275749179576,
    "like": 0.038955408744603175,
    "intern": 0.049850495690012944,
    "space": 4.9091004071838454e-15,
    "class": -0.0,
    "promot": 0.0,
    "tradit": -0.0,
    "refer": 0.0,
    "ancient": 0.0,
    "associ": 0.0,
    "power": 0.06684324071426813,
    "occur": 0.0,
    "human": -0.0,
    "hand": -0.0,
    "across": -0.0,
    "stage": 0.0,
    "alon": 0.0,
    "profession": 0.0,
    "week": 0.0,
    "univers": 0.23913754535040255,
    "race": 0.1288858968639627,
    "specialist": 0.0,
    "special": 0.0,
    "24": 0.1480886816198756,
    "categori": 0.0,
    "row": 0.0,
    "motor": 0.0,
    "nbsp": 0.0,
    "memori": 0.0,
    "frequent": 0.0,
    "consist": 0.0,
    "hour": 0.0,
    "design": 0.0,
    "match": -0.0,
    "welsh": 0.0,
    "water": 0.1430558160319245,
    "globe": 0.0,
    "ocean": 0.26818142953815793,
    "annual": 0.0,
    "round": 0.0,
    "format": 0.0,
    "sport": 0.27048881024077676,
    "lake": 0.0,
    "team": 0.0,
    "record": 0.0,
    "snake": 0.0,
    "competit": 0.0,
    "florida": 0.0,
    "championship": -0.0,
    "circuit": 0.19010175983252608,
    "2006": 0.02675183924274467,
    "south": 0.0,
    "go": 0.15847075460116616,
    "station": 0.0,
    "river": 0.14466233273247603,
    "born": 0.0,
    "athlet": -0.0,
    "yale": 0.0,
    "500": 0.0,
    "boat": 0.1536686953993768,
    "lap": 0.0,
    "japan": 0.0,
    "km": 0.0,
    "cambridg": 0.0,
    "technic": -0.0,
    "asia": 0.0,
    "drag": 0.03001550857604508,
    "craft": 0.06885661048343969,
    "oxford": 0.0,
    "trophi": 0.0,
    "jet": 0.0,
    "competitor": 0.0,
    "harvard": 0.0,
    "wind": 0.0,
    "sail": 0.0,
    "egypt": 0.0,
    "india": 0.0,
    "kali": 0.0,
    "disambigu": 0.0,
    "dragon": -0.0,
    "archer": -0.0,
    "cow": 0.0,
    "volvo": 0.0,
    "watercraft": 0.07249848804460583,
    "sumatra": 0.0,
    "international": 0.0,
    "swamp": 0.0,
    "propel": 0.0,
    "durham": 0.00444898579780038,
    "newcastl": 0.0,
    "kerala": 0.0,
    "regatta": 0.0,
    "tei": 0.0,
    "indonesia": 0.0,
    "offshor": -0.0,
    "motoris": 0.0,
    "clipper": 0.0,
    "powerboat": 0.0,
    "f1": -0.0,
    "ky": 0.0,
    "buggi": 0.0,
    "yacht": 0.19969822405240303,
    "hydroplan": 0.0,
    "cano": 0.0,
    "unlimit": 0.0,
    "inshor": 0.0,
    "kayak": -0.016859803979283168,
    "rouen": 0.0,
    "sprint": 0.0,
    "catamaran": 0.0,
    "motorboat": 0.0,
    "cardiff": 0.0,
    "boc": 0.24679068274643903,
    "outboard": 0.0,
    "swampi": 0.0,
    "northumbrian": -0.0,
    "swansea": 0.0,
    "oar": 0.0,
    "ead": -0.0,
    "nehru": 0.0,
    "heur": 0.0,
    "bathtub": 0.0,
    "musi": 0.0,
    "velux": -0.0,
    "outrigg": -0.0,
    "powerbo": 0.0,
    "fastnet": 0.0,
    "motonautiqu": 0.0,
    "parimutuel": 0.0,
    "uim": 0.0,
    "vende": 0.0,
    "vallam": 0.0,
    "xcat": 0.0,
    "wppa": 0.0,
    "triboatton": 0.0,
    "alleppi": 0.0
  }
}