{
  "qid": "116",
  "query": "Malnutrition",
  "rank": 0,
  "docid": 1746393,
  "coef": {
    "major": 0.0,
    "5": 0.1947600071403763,
    "action": -0.0,
    "lead": 0.0,
    "focus": 0.0,
    "can": 0.0,
    "econom": 0.0,
    "concern": 0.9553960185575748,
    "reduc": 0.0,
    "respons": 0.08134638863461864,
    "public": 0.0,
    "gener": 0.0,
    "attent": 0.0,
    "perform": 0.0,
    "bodi": 0.2341777823251325,
    "still": 0.0,
    "previou": 0.0,
    "larg": 0.47073814232875194,
    "issu": 0.0,
    "aim": 0.0,
    "group": 0.6736555510691185,
    "opinion": 0.45852195071722796,
    "consid": 0.12900323464903965,
    "onli": 0.0,
    "mass": 0.23044050840009336,
    "shown": 0.0,
    "littl": 0.0,
    "studi": 1.0864508545334848,
    "accept": 0.0,
    "increas": 0.0,
    "estim": 0.48233088083550846,
    "diseas": 0.0,
    "low": 0.0,
    "million": 1.3412911704861116e-15,
    "scale": 0.0,
    "initi": 0.0,
    "uk": 1.041645059222255,
    "cost": -0.0,
    "year": 0.0,
    "care": 0.0,
    "weight": -0.0,
    "nutrit": 0.0,
    "popul": 0.0,
    "background": 0.0,
    "high": 0.0,
    "patient": 0.7993501135076221,
    "research": 0.0,
    "health": 0.653585647827886,
    "rate": 0.0,
    "worldwid": 0.0,
    "doubl": 0.0,
    "rais": 0.0,
    "morbid": 0.0,
    "50": 0.3902958529239408,
    "10": 0.0,
    "detect": 0.0,
    "affect": 0.0,
    "risk": -0.0,
    "poor": 0.0,
    "infect": 0.0,
    "awar": 0.8226965852789946,
    "design": -0.0,
    "2005": 0.0,
    "hospit": 0.5031405577404123,
    "6": 0.0,
    "1": 0.0,
    "home": 0.0,
    "complic": 0.6274231483170817,
    "index": 0.34033778955145405,
    "knowledg": 0.0,
    "approxim": 0.0,
    "incid": 0.0,
    "european": 0.0,
    "mainli": 0.0,
    "statu": 0.0,
    "obes": 0.8269675296916308,
    "resid": 0.0,
    "project": 0.7350798538029086,
    "length": 0.23021156822095182,
    "31": 0.3333073574037221,
    "wound": 0.31749372777937573,
    "mortal": 0.9679189688854919,
    "heal": 0.023247843887755453,
    "1977": 0.0,
    "stai": 0.0,
    "enorm": 0.0,
    "nurs": 0.2543081352456767,
    "prolong": 0.13720963524692031,
    "elderli": 0.23280252602171764,
    "prematur": 0.02180777127691418,
    "surgic": 0.0,
    "cardiac": 0.5713073245417706,
    "malnutrit": 1.0774538227994812,
    "bmi": 0.13141658912359383,
    "underr": -0.0,
    "hospitalis": 0.023755959358011492,
    "malnourish": 1.0300677462148855,
    "nutritiondai": 0.5640349406915927
  }
}