{
  "qid": "120",
  "query": "Baking",
  "rank": 8,
  "docid": 5924359,
  "coef": {
    "half": -0.0,
    "5": -0.0,
    "return": 0.0,
    "next": 0.2980996693584525,
    "head": 0.26675182236694706,
    "challeng": 0.2769723327138788,
    "expand": 0.0,
    "reflect": 0.0,
    "host": 0.10651466763010703,
    "kei": -0.0,
    "previou": 0.0,
    "work": -0.0,
    "just": 0.0,
    "elimin": 0.0,
    "second": 0.0,
    "creation": 0.0,
    "tradition": 0.0,
    "ident": -0.0,
    "place": 0.0,
    "set": 0.021885343987965485,
    "rest": 0.0,
    "saw": 0.0,
    "white": 0.0,
    "structur": 0.0,
    "featur": 0.0,
    "like": 0.0,
    "intern": 0.0,
    "result": -0.0,
    "person": 0.0,
    "resembl": 0.0,
    "base": 0.0,
    "andrew": 0.0,
    "2": 0.0,
    "8": 0.0,
    "week": 0.09054626716394107,
    "50": 0.33670744403924097,
    "18": 0.2142395584751756,
    "12": -0.0,
    "24": 0.0,
    "memor": 0.0,
    "thirti": 0.0,
    "consist": 0.0342054174292406,
    "hour": 0.3210375370101307,
    "7": -0.0,
    "6": 0.0,
    "4": 0.0,
    "3": 0.0,
    "1": -0.0,
    "layer": 0.0,
    "diamet": 0.0,
    "semi": -0.0,
    "great": 0.0,
    "tree": 0.0,
    "colour": -0.0,
    "season": 0.14645482293900214,
    "dark": 0.0,
    "celebr": 0.0,
    "round": 0.0026581199284841767,
    "final": 0.0,
    "least": 0.0,
    "cross": 0.0,
    "hall": 0.0,
    "photograph": 0.014858225683771967,
    "assembl": 0.0,
    "baker": 0.2474887611786898,
    "orang": 0.0,
    "novemb": 0.0,
    "hot": -0.0,
    "2019": 0.0,
    "forti": -0.0,
    "br": 0.0,
    "judg": 0.3537862917390846,
    "36": 0.0,
    "tier": -0.0,
    "won": 0.0,
    "star": -0.0,
    "summari": -0.0,
    "fill": 0.0,
    "choos": 0.0,
    "tall": 0.0,
    "minut": 0.0,
    "finish": 0.0,
    "opera": 0.0,
    "appl": 0.0,
    "fruit": 0.0,
    "technic": 0.005484379427652858,
    "es": 0.0,
    "episod": 0.0,
    "premier": 0.0,
    "decor": 0.0,
    "winner": -0.0,
    "runner": -0.0,
    "ed": 0.0,
    "pastri": 0.2993597283704544,
    "cake": 0.131602283053118,
    "bread": 0.0,
    "pi": 0.0,
    "sugar": 0.0,
    "cr": 0.0,
    "nineti": 0.0,
    "sandwich": -0.0,
    "christma": 0.004958265089125924,
    "signatur": 0.0,
    "oven": 0.0,
    "jelli": 0.0,
    "favourit": 0.0,
    "biscuit": 0.0,
    "mirror": -0.0,
    "edibl": 0.0,
    "chocol": 0.029562469394435718,
    "spong": 0.15910741189782862,
    "dean": 0.027838531376519853,
    "finger": 0.0,
    "bake": 0.42720013699338355,
    "halloween": -0.0,
    "sue": -0.0,
    "seventi": -0.0,
    "nun": 0.15316601448152947,
    "clair": 0.0007793967262573624,
    "charlott": 0.0,
    "centerpiec": 0.0,
    "tart": 0.0,
    "flavor": 0.08938045434890887,
    "mini": 0.0,
    "homemad": 0.0,
    "madelein": 0.0,
    "dessert": -0.0,
    "pizza": 0.0,
    "raspberri": 0.0,
    "glaze": 0.0,
    "pasti": 0.0,
    "scari": 0.0,
    "trevor": 0.0,
    "anzac": 0.0,
    "custard": 0.0,
    "meringu": 0.0,
    "naomi": 0.0,
    "sami": 0.0,
    "haylei": 0.0,
    "battenberg": 0.0,
    "savouri": -0.0,
    "heather": 0.0,
    "cornish": -0.0,
    "trev": 0.0,
    "bun": 0.0,
    "freestand": 0.0,
    "selfi": 0.31698612820386535,
    "profiterol": -0.0,
    "stollen": 0.0,
    "kiwi": 0.0,
    "showstopp": 0.1489156267257636,
    "mouss": 0.0,
    "macaron": 0.0,
    "ancienn": 0.0,
    "blowtorch": 0.0,
    "sproull": 0.0,
    "religieus": 0.0,
    "tvnz": 0.0,
    "lamington": -0.0,
    "fleischl": 0.0,
    "tatin": 0.0,
    "kugelhupf": 0.0,
    "brettschneid": 0.0,
    "nastar": -0.0,
    "genois": 0.0,
    "toilalo": 0.0
  }
}