{
  "qid": "113",
  "query": "Computer Scientists",
  "rank": 1,
  "docid": 857905,
  "coef": {
    "state": 0.07665514281408366,
    "can": 0.1325105317287782,
    "nation": 0.0,
    "name": 1.4718387252249965,
    "creat": 0.0,
    "law": 0.38185359177628486,
    "econom": 1.0756666170750433e-14,
    "task": 0.3633907288220088,
    "concept": 0.21839943517470323,
    "gener": -0.0,
    "form": 0.009420642527904106,
    "perform": -0.0,
    "area": 0.07414357244837752,
    "work": -0.0,
    "larg": 0.005848409243840461,
    "art": 0.0,
    "respect": 0.0,
    "academ": 0.005990974109430086,
    "necessarili": 0.028932110559790673,
    "influenc": 0.0,
    "field": 0.7040677756558243,
    "specif": 0.790821653989051,
    "effect": 0.0002534689093185906,
    "amount": 0.21467558879846724,
    "who": -0.0,
    "wai": 0.004447372512769702,
    "increasingli": 1.3585338250946357,
    "scientist": 1.3032766453645581,
    "social": 0.0,
    "person": 0.0,
    "scienc": 0.7931500146009378,
    "train": 1.642156403589662,
    "physic": 0.0,
    "medicin": 0.0,
    "disciplin": 0.7267930620892652,
    "appli": 1.077258838085518,
    "model": -0.0,
    "high": -0.0,
    "advanc": 1.3283241168776159,
    "research": 1.3036838722842687,
    "univers": 0.0,
    "typic": 2.609021620144594e-14,
    "data": 1.158325225451713,
    "analyz": 1.019971175524881,
    "scientif": 1.3684679990583604,
    "analysi": 1.069499450985687,
    "skill": 0.0,
    "cloud": 0.22881512970476683,
    "artifici": -0.0,
    "clean": 1.831664917591266,
    "comput": 0.6839351258613157,
    "huge": 0.0,
    "engin": 0.0,
    "compani": 1.3183727309697462,
    "biologi": 1.0531199153583402,
    "mathematician": 0.0,
    "calibr": 0.1312951680327965,
    "lab": 0.0,
    "usabl": 0.0,
    "chemistri": 0.0,
    "simul": 0.8158455099154718,
    "forth": 0.0,
    "astrophys": 0.0,
    "statistician": 0.0,
    "tech": 0.0
  }
}