{
  "qid": "111",
  "query": "Inequality",
  "rank": 1,
  "docid": 4054998,
  "coef": {
    "state": 0.17185262835140935,
    "inequ": 0.07873889602502401,
    "support": 0.0,
    "element": 0.11632388314269328,
    "differ": 0.0,
    "form": 0.2332474867783028,
    "number": 0.0,
    "formal": 0.0,
    "follow": 0.05128003473708529,
    "young": 0.5492310169757801,
    "singl": 0.0,
    "treat": 0.017106643127156138,
    "exampl": 0.47989646009148546,
    "field": 0.025795650031780613,
    "constant": 0.0,
    "function": 0.4965540145382234,
    "deriv": 0.40286972012359507,
    "non": 0.0352334772666901,
    "consid": 0.0,
    "impli": 0.0,
    "friedrich": 0.0,
    "onli": 0.0,
    "structur": 0.0,
    "space": 0.16397106546143647,
    "notion": -0.0,
    "theori": 0.0,
    "distinct": -0.0,
    "independ": 0.5903159701353723,
    "power": 0.8502082393789798,
    "norm": 0.8847337920632606,
    "landau": 0.0,
    "simpl": 0.0,
    "subset": 1.0387814333070744,
    "real": 0.0,
    "valid": 0.15020765430241037,
    "integr": 0.0,
    "analysi": 0.0,
    "nbsp": 0.07247062684598099,
    "1": 0.0,
    "sub": 0.0,
    "applic": -0.0,
    "mathemat": 0.939130585548166,
    "alpha": 0.4394638054211754,
    "squar": 0.233973144306223,
    "fourth": 0.0,
    "equival": 0.0,
    "integ": 0.0,
    "ge": 0.0,
    "lie": 0.013237574532432498,
    "equip": 0.0,
    "abstract": 0.0,
    "interpol": 0.5482648001422779,
    "vector": 0.4434395144716291,
    "theorem": -0.03820832736381993,
    "compactli": 0.2290438547860769,
    "gradient": 0.18249226602836965,
    "convolut": 0.8997059424339873,
    "expon": 0.32327842729403283,
    "nash": -0.0,
    "kolmogorov": 0.0,
    "nirenberg": -0.12775574858072358,
    "riesz": -0.0,
    "rarr": -0.0,
    "nabla": 0.2916313977509984,
    "middot": 0.10843305126090026,
    "marcinkiewicz": -0.0,
    "thorin": -0.0,
    "sobolev": 0.8564609559418185,
    "ladyzhenskaya": 0.6344849511406501,
    "agmon": -0.2612249887480075,
    "gagliardo": -3.592654117511334e-17
  }
}