{
  "qid": "149",
  "query": "Public Transport",
  "rank": 8,
  "docid": 2178114,
  "coef": {
    "be": 0.0,
    "state": 0.0,
    "major": 0.0,
    "union": 0.0,
    "current": 0.08123143500785159,
    "organis": 0.1259200528673558,
    "origin": 0.042461070625083926,
    "market": 0.0,
    "exist": 0.0,
    "nation": 0.0,
    "name": 0.011566524116752488,
    "led": 0.0,
    "order": 0.0,
    "propos": 0.053146164140815515,
    "us": 0.0,
    "taken": 0.0,
    "defin": 0.0,
    "respons": 0.0,
    "took": 0.0,
    "public": 0.0,
    "servic": 0.18852154724511663,
    "includ": 0.0,
    "take": 0.04164861477521169,
    "manag": 0.0,
    "legal": 0.0,
    "view": 0.0,
    "normal": 0.0,
    "oper": 0.09944761022849417,
    "area": 0.11067782190537827,
    "bodi": 0.031799502073749174,
    "come": 0.0,
    "establish": 0.162420501997014,
    "trade": 0.0,
    "note": 0.0,
    "privat": 0.0,
    "built": 0.0,
    "charg": 0.0,
    "octob": 0.0,
    "chang": 0.0,
    "repres": 0.0,
    "interest": 0.0,
    "develop": 0.0,
    "duti": 0.019087278421225453,
    "respect": 0.0,
    "govern": 0.0,
    "far": 0.0,
    "review": 0.0,
    "felt": 0.0,
    "citi": 0.057117895958364466,
    "commun": 0.0,
    "act": 0.0,
    "author": 0.10276485660821233,
    "contract": 0.002032360073819413,
    "time": 0.20035960448029536,
    "role": 0.0,
    "regul": 0.01015249742726678,
    "plan": 0.0,
    "publish": 0.09173771196383165,
    "consum": 0.0,
    "subject": 0.0,
    "gave": 0.0,
    "network": 0.0,
    "road": -0.0,
    "place": 0.0,
    "function": 0.299738508078153,
    "set": 0.0,
    "local": 0.0,
    "specif": 0.0,
    "direct": 0.0,
    "structur": 0.0,
    "new": 0.0,
    "like": 0.0,
    "effect": 0.0,
    "john": -0.0,
    "posit": 0.0,
    "first": 0.0,
    "abolit": 0.0,
    "offici": 0.0,
    "activ": 0.0,
    "part": 0.0,
    "oblig": 0.0,
    "congress": 0.0,
    "extens": 0.0,
    "made": 0.1213992113474187,
    "continu": 0.0,
    "member": 0.0,
    "council": 0.0,
    "dai": 0.0,
    "separ": 0.09963582543845736,
    "execut": 0.17788826095548227,
    "2008": 0.0,
    "intend": -0.0,
    "greater": 0.014591915202374045,
    "interview": 0.0,
    "case": 0.0,
    "year": 0.0,
    "licens": 0.054266044617821585,
    "incorpor": 0.0,
    "introduc": 0.0,
    "provis": 0.0,
    "face": 0.0,
    "2013": 0.0910142444851525,
    "cover": 0.0,
    "grant": 0.0,
    "actual": 0.0,
    "now": 0.0,
    "14": 0.0,
    "10": 0.0,
    "integr": 0.0,
    "surround": 0.0,
    "forward": 0.0,
    "consist": 0.0,
    "design": 0.0,
    "2016": 0.0,
    "2012": 0.0,
    "6": 0.0,
    "4": 0.0,
    "1": 0.0,
    "entir": 0.0,
    "reveal": -0.0,
    "27": 0.0,
    "addit": 0.038309908260054835,
    "circumst": 0.0,
    "assign": -0.0,
    "irish": 0.03684782168803534,
    "brought": 0.0,
    "statu": 0.0,
    "confirm": 0.0,
    "chief": 0.10855172669406456,
    "london": 0.0,
    "corpor": 0.0,
    "lobbi": 0.0,
    "senior": 0.0,
    "team": 0.0,
    "retain": 0.14390413002052913,
    "busi": 0.0,
    "infrastructur": -0.0,
    "competit": 0.0,
    "counti": 0.12456850459440137,
    "novemb": -0.0,
    "campaign": 0.0,
    "decemb": 0.0666029742832028,
    "2011": -0.0,
    "offic": -0.0,
    "septemb": 0.0,
    "2009": 0.12825375779481948,
    "aviat": 0.0,
    "south": 0.0,
    "bill": 0.0,
    "budget": 0.0,
    "bu": 0.00033765259165000164,
    "depart": 0.0,
    "compani": 0.0,
    "passeng": -0.0,
    "rout": 0.0,
    "commiss": 0.0,
    "agenc": 0.18036723622677697,
    "announc": 0.24449914651399682,
    "save": 0.0,
    "access": 0.0,
    "transport": 0.18906057343214186,
    "januari": -0.0,
    "advertis": -0.0,
    "cycl": 0.07845595594582962,
    "appoint": 0.11217482157322414,
    "ann": 0.0,
    "railwai": 0.0,
    "chairman": 0.0,
    "dissolv": 0.0,
    "ticket": 0.0,
    "promulg": 0.11140464886873987,
    "scheme": 0.0,
    "intent": -0.0,
    "procur": 0.01307698494691661,
    "award": 0.0,
    "taxi": 0.3012644847263162,
    "renam": 0.0,
    "transfer": 0.0885590889588257,
    "fitzgerald": 0.03569585589982484,
    "brand": 0.0,
    "leap": 0.0,
    "path": 0.0,
    "na": 0.0,
    "card": 0.0,
    "ra": -0.0,
    "fleet": 0.0,
    "merg": 0.0,
    "annex": 0.0,
    "minist": 0.0,
    "amalgam": 0.0,
    "ireland": 0.0,
    "commenc": -0.0,
    "timelin": 0.0,
    "tender": 0.0,
    "councillor": 0.0,
    "graham": 0.0,
    "noel": 0.0,
    "bicycl": 0.0,
    "ci": 0.0,
    "advisori": 0.0,
    "nta": 0.1390080013526084,
    "murphi": 0.0,
    "oversaw": 0.0,
    "dublin": 0.14823962413907046,
    "och": 0.0,
    "chairperson": 0.05391853003826038,
    "gerri": 0.0,
    "garda": 0.0,
    "greenwai": 0.010236966710595213,
    "ireann": 0.11998841593167725,
    "subsum": 0.006870733812904136,
    "kildar": 0.0,
    "rebrand": 0.040926010273196214,
    "meath": 0.0,
    "wicklow": 0.0,
    "cyclewai": 0.0025602152287466746,
    "laoghair": 0.0,
    "dempsei": 0.0,
    "rathdown": 0.0,
    "iarnr": 0.0,
    "fingal": 0.0,
    "dta": 0.3090273762560739,
    "ratp": 0.0,
    "iompair": -0.0
  }
}