{
  "qid": "136",
  "query": "Visual Journalism",
  "rank": 4,
  "docid": 5958607,
  "coef": {
    "emerg": -0.0,
    "journal": 3.1114288287187124,
    "educ": 0.0,
    "area": 0.0,
    "establish": 0.0,
    "review": 0.0,
    "commun": 2.4653920811519354,
    "academ": 0.0,
    "publish": 3.1563696673236445,
    "lawrenc": 0.0,
    "mass": 0.8286698235968595,
    "offici": -0.0,
    "associ": -0.0,
    "sourc": -0.0,
    "peer": 0.1437070936462987,
    "cover": 0.0,
    "visual": 0.18896060342362325,
    "univers": 2.183588295954524,
    "index": -0.0,
    "chief": 3.629168252694321,
    "divis": 0.21819851240751045,
    "vega": 0.0,
    "la": 0.0,
    "1994": 0.0,
    "nevada": 0.0,
    "editor": 0.2189050686905159,
    "routledg": 2.19511722204198e-16,
    "databas": 3.0469433425238677,
    "abstract": -0.0,
    "citat": -0.0,
    "quarterli": 1.149394394626539,
    "mullen": 0.0,
    "proquest": 0.0,
    "scopu": 0.04902990895281611,
    "ebsco": -0.0
  }
}