{
  "qid": "139",
  "query": "European Union Governance",
  "rank": 2,
  "docid": 5957755,
  "coef": {
    "state": 0.0,
    "union": 0.4938107864508793,
    "current": 0.0,
    "attempt": 0.0,
    "can": 0.0,
    "nation": 0.0,
    "countri": 0.0,
    "law": 0.0,
    "histori": 0.0,
    "rule": 1.3818796518751033,
    "event": 1.250193782973695,
    "polit": -0.0,
    "david": 0.0,
    "repres": 0.0,
    "respect": -0.0,
    "govern": -0.0,
    "offer": 0.8009081399961638,
    "justic": 0.0,
    "will": 0.0,
    "left": 0.0,
    "see": 0.0,
    "unit": 1.0138897704324672,
    "council": 0.0,
    "modern": -0.0,
    "mean": 0.0,
    "period": -0.0,
    "million": 1.3020220322400269,
    "year": 0.5487351929698293,
    "high": 0.0,
    "loss": 0.0,
    "vaccin": 0.09476218773997885,
    "court": 0.5409547726997459,
    "outlin": 0.0,
    "link": 1.3346518276788206,
    "refus": 0.3299211769678935,
    "ritual": 1.1269035960264122,
    "fund": 0.0,
    "european": 0.6935569732687659,
    "presid": 1.0724426850292432,
    "veto": 0.0,
    "ban": 0.0,
    "17": 1.5095458346646076,
    "novemb": 0.0,
    "decemb": 0.0,
    "budget": 0.0,
    "incumb": -0.0,
    "juli": 0.3763100082067955,
    "commiss": 0.15100588360314363,
    "31": 0.0,
    "19": 0.0037512924949282406,
    "von": 1.5180488489754336,
    "januari": 0.33721744439089346,
    "500": 0.0,
    "sovereignti": 0.0,
    "slaughter": 0.002847202549330841,
    "charl": 0.0,
    "germani": 0.2965305101113686,
    "jan": 0.0,
    "kingdom": 0.003569293341702126,
    "2020": 0.5912663773971888,
    "covid": 0.0,
    "josep": 0.0,
    "eu": 0.6429508243121831,
    "parliament": 0.0,
    "der": 0.0,
    "dec": 0.0,
    "overview": 0.0,
    "timelin": 0.3319549139332726,
    "borrel": 0.0,
    "hungari": 0.0,
    "dose": 0.0,
    "poland": 0.0,
    "croatia": 0.0,
    "gibraltar": 2.386865047799945e-05,
    "michel": 0.0,
    "jun": 0.0,
    "pfizer": 0.0,
    "ursula": 0.0,
    "kosher": 0.0,
    "halal": 0.0,
    "biontech": 0.0,
    "leyen": 0.0,
    "sassoli": 0.0
  }
}