{
  "qid": "129",
  "query": "Folk Music",
  "rank": 5,
  "docid": 5946403,
  "coef": {
    "emerg": 0.0,
    "mai": 0.0,
    "movement": 1.1134091188513877,
    "mid": 1.2475197509693046,
    "20th": 1.3633911328260275e-14,
    "music": 2.4986078852748577,
    "far": 1.373132511987734,
    "wide": 1.1759932416657946,
    "contemporari": -0.0,
    "centuri": 2.9242414429524697,
    "tradit": -0.0,
    "refer": 0.0,
    "band": 0.0,
    "east": 0.0,
    "varieti": 0.0,
    "hand": 0.008377015484816761,
    "show": 2.279879494987911e-16,
    "genr": 2.199461605878116,
    "album": 2.7189070798715567,
    "folk": 0.0
  }
}