{
  "qid": "116",
  "query": "Malnutrition",
  "rank": 6,
  "docid": 3024623,
  "coef": {
    "state": 0.0,
    "5": 0.0,
    "figur": 0.0,
    "situat": 0.0,
    "sever": 0.0,
    "publish": 0.0,
    "institut": 0.03025378115137922,
    "children": 0.0,
    "see": 0.0,
    "articl": 0.028571921104464704,
    "intern": 0.0,
    "accord": 0.0,
    "refer": 2.387960654729629,
    "statist": 0.0,
    "0": 0.0,
    "9": 0.0,
    "total": 2.2639939026462477,
    "popul": 1.0122258177572e-14,
    "food": 2.3504456863865943,
    "research": 1.9909081591985184e-14,
    "rate": 0.0,
    "infant": 0.3584522178913559,
    "6": 0.18864879915226898,
    "index": 2.8341439574886103,
    "lowest": 2.4704855775213796,
    "indian": 0.11144799141057447,
    "mortal": 0.0,
    "polici": 0.6096234356157401,
    "india": 0.5997241313270613,
    "hunger": 0.0,
    "kerala": 2.9158580022514418,
    "malnutrit": 2.4889875756814233,
    "underweight": 0.0,
    "undernourish": 0.01510816399568671
  }
}