{
  "qid": "126",
  "query": "Political Theory",
  "rank": 4,
  "docid": 2363468,
  "coef": {
    "be": 0.2749753743086896,
    "third": 0.008873658678647573,
    "discuss": 0.2854028566435491,
    "think": 0.32228327294927955,
    "list": 0.0,
    "communist": 0.0,
    "right": 0.34428931990200895,
    "opposit": 0.014457202169063921,
    "conflict": 0.19466129421786768,
    "origin": 0.0,
    "cultur": 0.10519401091901034,
    "seen": 0.0,
    "spectrum": 0.0,
    "support": 0.0,
    "extrem": 0.17647964947308917,
    "tendenc": -0.0,
    "muslim": 0.11586631327296154,
    "earli": 0.022437301774679227,
    "mai": 0.27689359870912034,
    "nation": 0.0,
    "ukrain": -0.0,
    "philosoph": 0.0,
    "fascist": 0.19342774069131416,
    "countri": 0.0,
    "daniel": 0.0910909451802195,
    "socialist": 0.0,
    "us": 0.20088931430644022,
    "propon": 0.02772056837843879,
    "attack": 0.06688752423056883,
    "caus": 0.0,
    "differ": 0.07392391719203878,
    "writer": 0.0,
    "includ": 0.0,
    "histori": 0.0,
    "le": 0.0,
    "word": 0.0,
    "later": 0.264610556691314,
    "ideolog": 0.17173940910201466,
    "polit": 0.32362139821199337,
    "french": -0.0,
    "view": 0.0,
    "number": 0.0,
    "found": -0.0,
    "world": -0.0,
    "essai": 0.0,
    "de": 0.002031855395663086,
    "closer": 0.0,
    "open": -0.0,
    "come": 0.0,
    "ad": 0.0,
    "term": 0.030150886445959812,
    "school": 0.02221058960789991,
    "critic": 0.12602249017621664,
    "american": 0.22476635375468276,
    "popular": 0.013775539478665515,
    "well": 0.02796189641852028,
    "far": 0.028839616151863704,
    "authoritarian": 0.05498012888310846,
    "close": -0.0,
    "issu": 0.0,
    "aim": 0.0,
    "group": 0.0,
    "reformist": 0.018533459837454948,
    "democrat": 0.023437905223970466,
    "exampl": 0.0,
    "root": 0.2616480508428177,
    "common": 0.24286140737441003,
    "publish": 0.0,
    "recent": -0.0,
    "end": 0.04948401359056441,
    "institut": 0.0,
    "pierr": 0.3351627422567974,
    "left": 0.2840718126191598,
    "argument": 0.0,
    "elit": 0.13379556825728425,
    "see": 0.0,
    "consid": 0.2642732084107418,
    "specif": 0.0,
    "articl": 0.0,
    "onli": 0.0,
    "line": 0.09019547013167915,
    "new": 0.0,
    "like": 2.3615845869111528e-15,
    "liber": 0.0,
    "greek": 0.17734027712931574,
    "lectur": 0.0,
    "marx": 0.0,
    "bolshev": -0.0,
    "resurg": 0.0,
    "similar": 0.2016587719600682,
    "who": 0.0,
    "posit": 0.0,
    "leftist": 0.0,
    "perspect": 0.0,
    "rise": 0.0,
    "philosophi": 0.0,
    "theori": 0.49488140271665587,
    "wai": 0.0,
    "usag": 0.0,
    "share": 0.0,
    "scientist": -0.0,
    "oppos": 0.0,
    "centuri": 0.0,
    "shape": 0.0,
    "reason": 0.09806633454039121,
    "resembl": 0.0,
    "scienc": 0.0,
    "refer": 0.0,
    "point": 0.0,
    "book": 0.0,
    "compon": 0.0,
    "wrote": 0.0,
    "stalin": 0.14128806745256206,
    "power": 0.0,
    "argu": 0.0,
    "global": 0.35704050394373865,
    "2008": 0.0,
    "modern": 0.0,
    "black": 0.0,
    "sens": 0.1745452417970606,
    "compil": 0.0,
    "martin": 0.0,
    "2015": 0.0,
    "comparison": 0.0,
    "year": 0.19872966461073005,
    "side": 0.19156842842537303,
    "german": 0.0,
    "popul": 0.0,
    "prefer": 0.0,
    "marri": 0.15928780903707496,
    "attribut": -0.0,
    "moder": 0.0,
    "univers": 0.0,
    "pair": 0.0,
    "jean": 0.012537280120114397,
    "2018": 0.0,
    "languag": 0.0,
    "polar": 0.0,
    "si": 0.0,
    "receiv": 0.0,
    "neutral": -0.0,
    "front": 0.0,
    "statu": 0.0,
    "republ": 0.0,
    "senior": 0.0,
    "conserv": 0.0,
    "horsesho": 0.19675572524427595,
    "cite": 0.0,
    "resid": 0.0,
    "jess": 0.0,
    "center": 0.0,
    "2006": 0.0,
    "2002": 0.0,
    "alleg": 0.0,
    "on": 0.0,
    "compass": 0.0,
    "jew": 0.16181441456918308,
    "hoover": 0.0,
    "visit": 0.10451304358559042,
    "map": 0.0,
    "linear": 0.0,
    "bell": 0.0,
    "lament": 0.0,
    "assert": 0.0,
    "suppos": 0.0,
    "taylor": -0.0,
    "gravit": 0.01627589862898811,
    "fellow": 0.14258229693060384,
    "sociologist": 0.20383714528748303,
    "ignor": 0.13932523978472197,
    "simon": 0.0,
    "hostil": 0.18620395460034594,
    "regim": 0.522609130725289,
    "titl": 0.0,
    "germani": 0.0,
    "discours": 0.0,
    "fundament": 0.0,
    "overton": -0.0,
    "nietzsch": 0.0,
    "fay": 0.12867959144810598,
    "foe": 0.0,
    "quo": 0.277172455276469,
    "nazism": 0.01637770444698343,
    "contributor": -0.0,
    "nolan": -0.0,
    "totalitarian": 0.0,
    "metaphor": 0.0,
    "jeff": -0.0,
    "neoliber": 0.0,
    "analog": 0.0861782499863316,
    "invok": 0.0,
    "chart": -0.0,
    "window": -0.0,
    "weimar": 0.0,
    "straight": 0.0,
    "continuum": 0.0,
    "hitler": 0.0,
    "propens": 0.0,
    "tank": 0.0,
    "id": 0.0015961537201877344,
    "josef": 0.0,
    "seymour": 0.014739427277043714,
    "kingston": 0.0,
    "collus": 0.05903525468998184,
    "centrist": 0.0,
    "pluralist": 0.3584100489136461,
    "antisemit": 0.067249826080293,
    "cle": 0.10831583975028648,
    "joff": 0.05644603256878124,
    "strasser": 0.34937824802983186,
    "hemicycl": 0.0,
    "choat": 0.3042249571087776,
    "lipset": 0.0,
    "nawaz": 0.0,
    "ologi": 0.011882283159138151,
    "eckhard": 0.0,
    "inglehart": 0.00023484707061944077,
    "kyrylo": 0.0,
    "oversimplif": -0.0,
    "vaguest": 0.0,
    "centrism": 0.0,
    "maajid": 0.0,
    "welzel": 1.4111494668847683e-16,
    "tkachenko": 0.027063515396868257,
    "eurozin": 0.21115413782973794
  }
}