{
  "qid": "121",
  "query": "Racquet Sports",
  "rank": 4,
  "docid": 1139747,
  "coef": {
    "type": 1.1916831271762707,
    "can": 0.46044115971084115,
    "platform": 0.0,
    "help": 0.0,
    "section": -0.0,
    "gener": 0.4903771047863666,
    "includ": 0.4700770743607942,
    "head": 0.71519391826846,
    "li": 0.6897444036463382,
    "allow": 0.0,
    "commonli": 0.0,
    "come": -0.0,
    "ad": 0.026834352349154215,
    "limit": 0.0,
    "kind": 0.9393273176818774,
    "minim": -0.0,
    "popular": 0.0,
    "feel": 0.0056593271613986805,
    "see": 0.34647703001017,
    "known": -0.0,
    "overlap": 0.5486465491517214,
    "handl": 1.173670187911534,
    "amount": 0.0,
    "multipl": -0.0,
    "past": 0.0,
    "increas": 1.2292128902678794,
    "appli": 0.3808691756693136,
    "pattern": 0.6524438187400277,
    "tabl": 0.0,
    "variat": 0.0,
    "significantli": 0.4152235456937645,
    "option": 0.3609204253335026,
    "categori": 0.0,
    "design": 0.8086181796203559,
    "6": 0.14248994421550334,
    "1": 7.019994793374256e-17,
    "cap": -0.0,
    "keep": 0.0,
    "absorb": 0.4432050084535274,
    "impact": 0.04593597849632609,
    "angl": 0.0,
    "extra": 0.0,
    "color": 0.0,
    "approxim": 0.005450301952311571,
    "pad": 0.0,
    "sport": 2.0705539718303263,
    "custom": -0.0,
    "fish": 0.6249666415916085,
    "basebal": -0.0,
    "golf": 0.0,
    "length": 0.41131225450303716,
    "tenni": 0.48216578343728705,
    "cut": 0.9605730788520616,
    "princ": 0.3088412708795262,
    "grip": 1.0703721496253205,
    "wilson": 0.0,
    "purpos": -0.0,
    "inch": 0.00039536440584382794,
    "wrap": 1.5704760944713874,
    "finish": 0.0,
    "advis": 1.7007005949174194,
    "bottom": 0.015975591423806373,
    "excess": 1.2431059258446036,
    "soft": -0.0,
    "cosmet": 0.0,
    "fashion": 0.11848065974735948,
    "brand": 0.016464040532692507,
    "comfort": 0.7386066404662257,
    "player": 1.8788985881723494,
    "club": 4.7138387309654984e-07,
    "cushion": 0.0,
    "equip": -0.0,
    "palm": 0.6417168626583132,
    "stick": 1.450608955632524e-07,
    "tape": 0.0,
    "textur": -0.0,
    "throat": 0.5004317149007789,
    "slip": 0.0,
    "rod": 0.0,
    "racquet": 0.6354593745893703,
    "hockei": 7.757446218364904e-07,
    "unravel": 0.0,
    "exce": 0.0,
    "bat": 0.0,
    "sticki": 0.0,
    "squash": 0.9786441266803407,
    "diagon": 1.792651088687849e-05,
    "gamma": 0.016857994822891933,
    "sweat": -0.0,
    "tacki": 1.2090302236261696,
    "circumfer": -0.0,
    "butt": -0.0,
    "badminton": 0.928122055701773,
    "slippag": 0.006408757528856219,
    "dunlop": 0.0,
    "karak": -0.13621317903835442,
    "ning": 0.0,
    "racquetbal": 0.0,
    "picklebal": 0.0,
    "yonex": 0.0,
    "overgrip": 0.7224679102692922,
    "gosen": 0.15065159040940837,
    "tourna": 0.0,
    "overwrap": -0.0,
    "babolat": 0.0301822913478375,
    "lkl": 0.22873782765844428,
    "tecnifibr": 0.0,
    "clothlik": 0.0,
    "prokennex": 7.404040325028774e-17,
    "solinco": 0.0,
    "kimoni": -0.0151588956901431
  }
}