{
  "qid": "147",
  "query": "Discrimination",
  "rank": 5,
  "docid": 2493852,
  "coef": {
    "be": 0.1796726187005526,
    "demonstr": 0.0,
    "state": 0.0,
    "discuss": 0.0,
    "major": -0.0,
    "simultan": 0.0,
    "karl": 0.0,
    "opposit": 0.0,
    "cultur": 0.0,
    "peopl": 0.0,
    "type": 0.0,
    "attempt": 0.0,
    "focus": 0.0,
    "can": 0.01972961836871314,
    "support": -0.0,
    "assist": 0.0,
    "mai": 0.0,
    "daili": 0.0,
    "interpret": 0.0,
    "help": 0.0,
    "classic": 0.331514820296519,
    "mid": 0.0,
    "20th": 0.0,
    "music": 0.0,
    "us": -0.0,
    "concern": -0.0,
    "task": 0.0,
    "concept": -0.0,
    "defin": -0.0,
    "basic": 0.0,
    "differ": 0.04282027361753555,
    "respons": 0.0,
    "core": -0.0,
    "public": 0.0,
    "gener": -0.0,
    "includ": -0.0,
    "attent": 0.0,
    "descript": -0.0,
    "conceptu": 0.0,
    "form": 0.0,
    "polic": 0.0,
    "allow": -0.0,
    "forc": 0.0,
    "import": 0.2904955829837375,
    "found": -0.0,
    "expand": 0.0,
    "reflect": 0.0,
    "perform": 0.0,
    "oper": 0.0,
    "principl": 0.0,
    "come": -0.0,
    "ag": 0.0,
    "ad": 0.0,
    "drug": 0.32894551000547134,
    "involv": 0.0,
    "limit": 0.17768258839498624,
    "term": -0.0,
    "kei": 0.0,
    "note": 0.0,
    "reinforc": 0.060450144561695715,
    "abil": 0.06912446640463994,
    "follow": 0.0,
    "tend": -0.0,
    "respond": 0.0,
    "chang": 0.0,
    "contrast": 0.0,
    "second": -0.0,
    "interest": 0.0,
    "influenti": 0.0,
    "choic": 0.18009758958432823,
    "learn": 0.21433733422351095,
    "complex": 0.0055250750507135305,
    "issu": 0.17808307961717956,
    "whole": 0.0,
    "lack": 0.0,
    "commun": 0.0,
    "act": 0.017655054270704382,
    "exampl": 0.0,
    "abl": 0.0,
    "root": 0.0,
    "life": 0.0,
    "role": 0.0,
    "process": 0.003077375760991184,
    "organ": 0.0,
    "plai": 0.047805271330921995,
    "publish": 0.017030444110810845,
    "thought": 0.0,
    "will": 0.057531792823553175,
    "central": -0.0,
    "subject": 0.05465824872645063,
    "gave": 0.0,
    "field": 0.22470543144383995,
    "function": 0.0,
    "see": 0.0,
    "non": 0.0,
    "consid": 0.0,
    "1936": 0.0,
    "specif": 0.0,
    "1920": 0.0,
    "surviv": 0.0,
    "histor": 0.0,
    "determin": 0.0,
    "like": 0.0,
    "effect": 0.05738607133314801,
    "similar": 0.0,
    "john": 0.0,
    "who": 0.04722632202582908,
    "result": 0.058309744729950805,
    "part": 0.0,
    "theori": 0.0,
    "wai": 0.0,
    "unit": -0.0,
    "centuri": 0.09204261024672859,
    "natur": 0.0,
    "individu": -0.0,
    "made": 0.0,
    "continu": 0.027830708063460694,
    "unabl": 0.0,
    "littl": 0.0,
    "studi": 0.1708175910460025,
    "distinct": 0.0,
    "person": 0.0,
    "condit": 0.0,
    "give": 0.0,
    "foundat": 0.0,
    "book": 0.0,
    "branch": 0.0,
    "camouflag": 0.0,
    "associ": 0.0,
    "style": 0.07625400996664908,
    "voic": -0.0,
    "divers": 0.0,
    "occur": 0.0,
    "mean": 0.0,
    "human": 0.13070419310250897,
    "teach": 0.0,
    "altern": 0.0,
    "increas": 0.0,
    "distinguish": -0.0,
    "train": 0.0,
    "brain": 0.049586570854643575,
    "mother": 0.0,
    "partli": 0.0,
    "physic": -0.0,
    "mechan": 9.552259073412714e-16,
    "psychologist": 0.0,
    "persist": 0.0,
    "psycholog": 0.1079126046500529,
    "present": 0.0,
    "appli": 0.0,
    "pattern": -0.0,
    "repeat": 0.0,
    "hear": 0.0,
    "cognit": -0.0,
    "neuropsycholog": 0.0,
    "indic": 0.0,
    "food": 0.0,
    "recognit": 0.0,
    "show": 0.0,
    "advanc": -0.0,
    "phrase": -0.0,
    "development": 0.0,
    "research": 0.23945061590830288,
    "rate": 0.0,
    "stimuli": 0.12697696543268558,
    "repeatedli": -0.0,
    "behavior": 0.0,
    "investig": 0.0,
    "1980": 0.0,
    "now": -0.0,
    "1970": 0.0,
    "appropri": 0.0,
    "routin": 0.0,
    "detect": 0.0,
    "valid": -0.0,
    "integr": 0.0,
    "rel": -0.0,
    "analysi": 0.0,
    "pair": -0.0,
    "intellig": 0.0,
    "differenti": 0.0,
    "start": 0.0,
    "inhibit": 0.12073519651127891,
    "exhibit": -0.0,
    "compar": 0.0,
    "polar": 0.0,
    "sub": 0.0,
    "applic": -0.0,
    "net": -0.0,
    "light": 0.0,
    "error": 0.0,
    "mathemat": -0.0,
    "color": 0.0,
    "knowledg": 0.0,
    "compound": 0.2794670452554971,
    "sound": 0.0,
    "everydai": 0.0,
    "mainli": 0.0,
    "cross": 0.0,
    "written": 0.0,
    "ivan": 0.0,
    "minu": 0.0,
    "discrimin": 0.09544636124484052,
    "punish": 0.0,
    "topic": 0.13997051044743108,
    "block": 0.0,
    "shop": 0.0,
    "1929": 0.0,
    "onward": -0.0,
    "groceri": 0.0,
    "fish": -0.0,
    "anim": 0.21948070464910308,
    "ring": 0.2703855995994637,
    "instanc": 0.0,
    "expans": 0.0,
    "1940": 0.0,
    "dog": 0.22183774267516881,
    "tell": 0.0,
    "paint": 0.0,
    "famou": 0.13069035712214408,
    "bell": 0.0,
    "pigeon": 0.0,
    "strength": -0.0,
    "reward": 0.0,
    "react": 0.0,
    "chord": 0.0,
    "capabl": 0.0,
    "navi": 0.0,
    "danger": 0.0,
    "necess": 0.0,
    "behaviour": 0.0,
    "experiment": 0.0,
    "fundament": 0.0,
    "discov": 0.0,
    "fruit": 0.0,
    "stimulu": 0.06690006446111231,
    "depth": 0.0,
    "drawn": 0.0,
    "watson": 0.0,
    "listen": 0.0,
    "picasso": -0.0,
    "1976": 0.0,
    "predat": 0.0,
    "flash": 0.0,
    "discontinu": 0.0,
    "1995": -0.0,
    "stranger": -0.0,
    "unconsci": 0.0,
    "likelihood": -0.0,
    "phenomenon": 0.0,
    "habit": 0.0,
    "prei": 0.0,
    "underli": 0.0,
    "bread": 0.0,
    "albert": 0.20119961490508403,
    "subfield": -0.0,
    "odor": 0.0,
    "babi": 0.0,
    "cat": 0.11173701839573633,
    "realist": 0.0,
    "cabl": 0.0,
    "acquisit": -0.0,
    "modif": 0.0,
    "excit": -0.0,
    "dh": 0.0,
    "sniff": 0.0,
    "micro": 0.0,
    "deciph": 0.539347961508231,
    "formalis": 0.0,
    "unfamiliar": -0.0,
    "watanab": -0.0,
    "kenneth": 0.0,
    "elicit": 0.0,
    "discriminatori": 0.0,
    "spenc": 0.0,
    "monet": 0.0,
    "rj": 0.0,
    "saliv": 0.0,
    "pavlov": 0.0,
    "loveland": 0.0,
    "lashlei": 0.0,
    "hernstein": 0.0,
    "lashei": 0.0
  }
}