{
  "qid": "128",
  "query": "Racing",
  "rank": 9,
  "docid": 262266,
  "coef": {
    "be": 0.0,
    "list": -0.0,
    "system": -0.0,
    "north": 0.13853527037908403,
    "mai": 0.2277181055646831,
    "europ": 0.0,
    "defin": 0.005134731725131623,
    "differ": 0.0,
    "includ": 0.014553433904288697,
    "rule": 0.0,
    "french": 0.0,
    "allow": 0.08756130892467047,
    "import": 0.0,
    "best": 0.0,
    "ag": 0.1264975878023673,
    "term": 0.0,
    "abil": 0.0,
    "follow": 0.17234047196655786,
    "america": 0.0,
    "carri": 0.11658567018475657,
    "govern": 0.0352210726272653,
    "group": 0.0,
    "exampl": 0.04977624685704185,
    "author": 0.0,
    "down": 0.015133006499742852,
    "sex": 0.0,
    "see": -0.0,
    "known": 0.0,
    "accord": 0.0,
    "offici": 0.0,
    "claim": 0.0,
    "distinct": 0.0,
    "condit": 0.10127998489460208,
    "refer": 0.0008941261471155316,
    "give": 0.0,
    "success": 0.0,
    "valu": 0.0,
    "level": -0.0,
    "older": 0.0,
    "stage": 0.0,
    "younger": 0.0,
    "attach": 0.0,
    "case": 0.001109379727364844,
    "weight": 0.3546762753090553,
    "provis": 0.0,
    "femal": 0.0,
    "race": 0.3934150020881113,
    "male": -0.0,
    "matur": 0.10680534463884186,
    "rel": 2.368093104279387e-15,
    "restrict": -0.0,
    "qualiti": 0.0,
    "receiv": 0.0,
    "great": 0.3684603663821559,
    "flat": 0.0,
    "grade": -0.0,
    "irish": -0.0,
    "britain": 0.01191643481262336,
    "british": -0.0,
    "won": 0.0,
    "sell": 0.0,
    "hors": 0.22870032860233383,
    "laid": 0.0657493936040689,
    "runner": 0.5447987567120843,
    "australia": 0.09203931271576914,
    "australian": 0.0,
    "handicap": 0.19353184091608477,
    "maiden": -0.0,
    "alloc": 0.26059174279876973,
    "novic": -0.0,
    "entrant": 0.0,
    "equalis": 0.1504937867770829,
    "horserac": 0.4553141093494531,
    "handicapp": 0.010214883762181668
  }
}