{
  "qid": "105",
  "query": "Governments",
  "rank": 7,
  "docid": 6222610,
  "coef": {
    "state": 0.32195719571981696,
    "region": 0.4840803644823768,
    "number": 0.0,
    "due": 0.0,
    "area": 0.10773886839750274,
    "need": 0.0,
    "develop": 0.0,
    "govern": 0.3642594426390599,
    "citi": 0.0389461828203242,
    "author": 0.40986677027881113,
    "role": 0.0,
    "process": 0.0,
    "plan": 0.0,
    "organ": 0.0,
    "plai": 0.24263992849229854,
    "santa": 0.0,
    "local": 0.0,
    "specif": 0.0,
    "voluntari": 0.0,
    "offici": 0.0,
    "member": 0.24694134977645202,
    "council": 0.1298966800820244,
    "associ": 0.0,
    "power": 0.0,
    "hous": 0.0,
    "joint": 0.0,
    "fund": 0.0,
    "western": -0.0,
    "bai": 0.1492034766767487,
    "orang": -0.0,
    "lake": 0.0,
    "vallei": -0.0,
    "san": 0.0,
    "counti": 0.0,
    "south": 0.0,
    "southern": 0.0,
    "23": 0.0,
    "california": 0.11913047619295661,
    "merc": 0.0,
    "barbara": 0.0,
    "alloc": 0.0,
    "government": 0.0,
    "lui": 0.0,
    "riversid": -0.0,
    "humboldt": -0.0,
    "sacramento": -0.0,
    "kern": -0.0,
    "joaquin": 0.0,
    "butt": 0.0,
    "monterei": 0.0,
    "bernardino": 0.0,
    "stanislau": -0.0,
    "benito": 0.0,
    "mendocino": 0.0,
    "obispo": 0.0,
    "fresno": 0.0,
    "coachella": -0.0,
    "tular": 0.0,
    "calavera": 0.0,
    "rhna": 0.0
  }
}