{
  "qid": "114",
  "query": "Songwriting",
  "rank": 8,
  "docid": 3324560,
  "coef": {
    "societi": -0.0,
    "mai": 0.0,
    "music": 0.0,
    "write": 0.3430767267067297,
    "direct": 2.069065427262759,
    "who": 0.0,
    "individu": 0.042422619699813306,
    "refer": 0.0,
    "2018": 0.0,
    "film": 0.30720997217961854,
    "bill": -0.0,
    "1984": 0.0,
    "anderson": -0.0,
    "lyric": 2.3825385051180716,
    "album": -1.1481020747542101,
    "documentari": 0.0,
    "song": 0.0,
    "alan": 0.0,
    "ed": 0.0,
    "murrai": 0.0,
    "rudolph": 0.0,
    "hayward": -0.0,
    "songwrit": 2.238176647188797,
    "hike": 0.0,
    "cum": 1.9519315708277962,
    "justin": -0.0,
    "sheeran": 0.0,
    "apo": -0.0
  }
}