{
  "qid": "148",
  "query": "Tea",
  "rank": 4,
  "docid": 838934,
  "coef": {
    "aspect": 0.0616339029347561,
    "blend": 0.0,
    "origin": 0.5282686971292413,
    "cultur": 0.0002378172171876163,
    "seen": 0.0,
    "can": 0.0,
    "emphasi": 0.036433150565792945,
    "led": 0.0,
    "countri": 0.0,
    "classic": 0.0,
    "includ": -0.0,
    "histori": 0.0,
    "educ": 0.0,
    "21st": 0.0,
    "art": 0.7654939156474818,
    "develop": 0.9765507817729377,
    "popular": 0.0,
    "singl": -0.0,
    "flourish": 0.0,
    "tradition": 0.025932906263570556,
    "root": 0.0,
    "common": 0.0,
    "influenc": 0.0,
    "institut": 0.0,
    "place": 0.0,
    "see": 0.0,
    "inform": 0.0,
    "china": 0.04938693449250675,
    "gain": 0.0,
    "japanes": 0.0,
    "resurg": 0.0,
    "make": 0.2659058579032696,
    "social": 0.6892079437064283,
    "centuri": 0.0,
    "extens": 0.0017697391141339365,
    "tradit": 0.0,
    "studi": 0.3158644147797901,
    "promin": 0.0,
    "refer": 0.7075221009128264,
    "back": 0.012404544678485011,
    "technolog": -0.0,
    "especi": -0.0,
    "consumpt": 0.0,
    "experienc": 0.0,
    "high": 0.5407281501933469,
    "trace": 0.6688925165026636,
    "research": 0.0,
    "old": 0.0,
    "qualiti": 0.0,
    "climat": 0.7480386311951864,
    "bubbl": 0.015604345090696642,
    "western": 0.26688598538053193,
    "mountain": 0.0,
    "flower": 0.0,
    "shop": 0.0,
    "landscap": 0.0,
    "uniqu": 0.0,
    "district": 0.0,
    "island": 0.0,
    "station": 0.15650506102400036,
    "ceremoni": 0.0,
    "plantat": 0.0,
    "man": 0.0,
    "invent": 0.0,
    "commerc": 0.0,
    "dri": 0.5198357743039215,
    "chines": 0.22508037612943532,
    "spur": 0.0,
    "tea": 0.6926656563949547,
    "cha": 0.0,
    "cuisin": 0.0,
    "drink": 0.0,
    "kong": -0.0,
    "petal": 0.11559540257315361,
    "hong": -0.0,
    "taiwan": 0.43525496371629274,
    "calligraphi": 0.0,
    "yu": -0.0,
    "incens": 0.0,
    "stamen": 0.0005737959344767398,
    "lu": -0.0,
    "taiwanes": -0.0,
    "xun": 0.0,
    "teahous": 0.0,
    "tatung": 0.06884629173332443,
    "oolong": -0.0,
    "gongfu": -0.0,
    "laoren": 0.0,
    "pinglin": 0.0
  }
}