{
  "qid": "122",
  "query": "Monarchy",
  "rank": 7,
  "docid": 797609,
  "coef": {
    "possibl": 0.4476192367849902,
    "abolish": 0.0,
    "conflict": 0.0,
    "origin": 0.6843929179556162,
    "version": 0.11852955832771626,
    "peopl": 0.0,
    "seek": 0.5443410697536649,
    "countri": 0.31983110386372604,
    "public": 0.0,
    "began": 0.19834336989566914,
    "take": 9.451047964266832e-16,
    "ii": 0.39391883570933484,
    "world": 0.0,
    "reflect": 0.0,
    "perform": 0.0,
    "exclus": 0.5051647877743543,
    "favour": 0.4868202197768163,
    "involv": 0.13202158661293031,
    "term": 0.7015711445397604,
    "accus": 0.43279255152739915,
    "love": 0.0,
    "still": 0.0,
    "school": 0.0,
    "govern": 0.0,
    "lack": 0.0,
    "exampl": 0.14231011165938484,
    "author": 0.0,
    "root": 0.0,
    "solidar": 0.0,
    "gave": 0.0,
    "deriv": 0.0,
    "non": 0.0,
    "constitut": 0.19348605534877647,
    "inform": 0.0,
    "neg": 0.0,
    "futur": 0.40390433852338714,
    "whom": 0.042135601384721263,
    "rise": 0.0,
    "offici": 0.0,
    "result": 0.4135331363864522,
    "war": 0.0,
    "wai": 0.5971614267246869,
    "newspap": -0.0,
    "oppos": 0.24751167143161115,
    "unit": 0.6172432023121696,
    "claim": 0.0,
    "member": 0.0,
    "monarchi": 0.27743419447195006,
    "person": 0.7842700867077311,
    "refer": 0.0,
    "relationship": 0.0,
    "power": 0.0,
    "perpetu": 0.0,
    "style": 0.0,
    "sens": 0.02287705729781524,
    "mother": 0.0,
    "low": 0.17913639473690884,
    "million": 0.0,
    "appli": 0.0,
    "side": 0.0,
    "full": 0.0,
    "show": 0.0,
    "face": 0.33718044288130505,
    "pride": 0.0,
    "famili": -0.0,
    "imagin": 0.0,
    "imag": 0.0,
    "frequent": 0.6278446729850703,
    "modest": 0.0,
    "occup": 0.0,
    "light": 0.0,
    "foreign": 0.0,
    "orang": 0.0,
    "retain": 0.0,
    "appear": 0.0,
    "250": 0.0,
    "ride": 0.5695999126262998,
    "wealth": 0.0,
    "ceremoni": 0.4227735390054528,
    "poverti": 0.0,
    "british": 0.12510996846468717,
    "queen": 0.4965461974578303,
    "stem": 0.0,
    "king": 0.0,
    "daughter": 0.0,
    "wife": 0.0,
    "famou": 0.0,
    "frederick": 0.0,
    "sight": 0.391040615349847,
    "prompt": 0.0,
    "hostil": 0.0,
    "germani": 0.0,
    "dutch": 0.6343517490914053,
    "royal": 0.6568443845273211,
    "kingdom": 0.097274430577236,
    "collabor": 0.0,
    "danish": 0.7405344953084624,
    "reign": 0.0,
    "nazi": 0.0,
    "copenhagen": 0.0,
    "pejor": 0.5534466200276775,
    "princess": 0.0,
    "netherland": 0.0,
    "prerog": 0.0,
    "epithet": 0.0,
    "monarch": 0.0,
    "bike": 0.004884263134813892,
    "bicycl": 0.6256641531438435,
    "scandinavia": 0.0,
    "beatrix": 0.0,
    "denmark": 0.7360843683474867,
    "ix": 0.1013495874911865,
    "ingrid": 0.0,
    "juliana": 0.4039746425253323,
    "pomp": 0.45405738517948174,
    "amalia": 0.4344145087939369,
    "catharina": 7.441465728871165e-17,
    "unschedul": 0.0
  }
}