{
  "qid": "114",
  "query": "Songwriting",
  "rank": 9,
  "docid": 2131192,
  "coef": {
    "third": 0.0,
    "discuss": 0.34208769742575107,
    "origin": 0.2375501614956661,
    "benefit": -0.0,
    "exist": 0.27354072642275395,
    "inspir": 0.0,
    "can": 0.3388589588087536,
    "creat": 0.0,
    "countri": 0.0,
    "music": 0.5261115028902322,
    "websit": 0.0,
    "conduct": 0.0,
    "write": 0.2059808574041915,
    "differ": -0.0,
    "gener": 0.0,
    "includ": 0.2919837743026737,
    "big": -0.0,
    "later": 0.0,
    "call": 0.0,
    "event": 0.3723984113343733,
    "polit": 0.0,
    "number": 0.07178125234248041,
    "import": 0.11811585524470701,
    "found": 0.03237136731768584,
    "world": 0.16906890062913899,
    "perform": 0.0,
    "american": 0.4768785428417909,
    "chang": 0.00214858973758818,
    "long": 0.146312882396821,
    "career": 0.0,
    "well": 0.0,
    "issu": 0.0,
    "william": 0.21783583598284817,
    "exampl": 0.019522072336282465,
    "contract": -0.0,
    "artist": 0.10215158349040568,
    "wing": 0.0,
    "internet": 0.13066379268741388,
    "find": 0.12341729111542457,
    "particip": 0.30878142271951037,
    "todai": 0.04844116166414364,
    "20": 0.0,
    "known": 0.0,
    "new": 0.0,
    "intern": 0.35736190453557776,
    "win": 0.4605293289236963,
    "john": 0.011999981089726584,
    "who": 0.0,
    "read": 0.0,
    "first": 0.0,
    "wai": 0.0,
    "social": 0.3034132645029974,
    "base": 0.0,
    "forum": 0.5377351903287422,
    "parti": 0.0,
    "onlin": 0.0019329798979703845,
    "stori": 0.3097582086233878,
    "initi": -0.0,
    "2015": 0.0,
    "year": 0.0,
    "rare": 0.0,
    "previous": 0.007656632858857612,
    "ask": 0.0,
    "variat": 0.44870991526388054,
    "old": 0.028350820902486057,
    "rais": 0.0,
    "exposur": 0.0,
    "opportun": 0.0,
    "theme": 0.0,
    "awar": 0.0,
    "3": 0.0,
    "requir": 0.0,
    "receiv": 0.0,
    "annual": 0.0,
    "advent": 0.0,
    "hook": -0.0,
    "cross": 0.0,
    "submit": 0.0,
    "record": 0.011425824956710332,
    "richard": 0.19420295068271398,
    "competit": 0.3291168457099065,
    "magazin": -0.0,
    "hit": 0.2211452214764686,
    "york": 0.19931198969767486,
    "ono": 0.0,
    "june": 0.0,
    "short": 0.0,
    "subsidiari": 0.0,
    "monei": 0.0,
    "announc": -0.0,
    "angel": 0.0,
    "lo": 0.0,
    "piec": 0.0,
    "inaugur": 0.0,
    "harri": 0.0,
    "sing": 0.0,
    "launch": 0.0,
    "sponsor": 0.0,
    "1997": 0.0,
    "contest": 0.250113097693142,
    "pop": 0.0,
    "winner": 0.0,
    "song": 0.16748178602015354,
    "bottl": 0.0,
    "prize": 0.0,
    "maker": -0.14038071085326706,
    "musician": 0.0,
    "wind": 0.0,
    "durango": 0.0,
    "jeff": 0.0,
    "chart": 0.0,
    "boost": 0.0,
    "wooden": 0.0,
    "kim": 0.0,
    "songwrit": 0.2715843893023606,
    "expo": 0.1149813360245191,
    "nashvil": 0.0,
    "idol": 0.0,
    "billboard": 0.0,
    "fide": 0.0,
    "lennon": 0.19500182589426512,
    "yoko": 0.1279100051691355,
    "airplai": 0.10882112386462903,
    "pam": 0.11651048160292075,
    "bona": 0.0,
    "moreno": 0.0,
    "geni": 4.9586198404406176e-15,
    "spinoff": 0.22420983898544938,
    "alissa": 0.0,
    "offlin": 0.0,
    "fiverr": -0.0,
    "sheyn": 0.008660165760260933,
    "silbar": 0.0,
    "unisong": 0.0,
    "compros": 0.0,
    "wwahm": 0.3252539303029597
  }
}