{
  "qid": "140",
  "query": "Artificial Intelligence and Machine Learning",
  "rank": 4,
  "docid": 5056025,
  "coef": {
    "major": 9.439261374584504,
    "includ": 0.0,
    "histori": 0.0,
    "event": 0.0,
    "learn": 2.4724574275900584,
    "network": 4.706566018042111,
    "see": 0.0,
    "unit": 4.346880602444657,
    "achiev": 0.0,
    "neural": 0.08804317042264224,
    "translat": -0.0,
    "simpl": 4.818659751366711,
    "mileston": 0.0,
    "intellig": -0.0,
    "artifici": 0.0,
    "output": 0.0,
    "page": 2.0292235937772043,
    "machin": 0.9516747847470081,
    "input": 0.0,
    "discoveri": 0.0,
    "overview": 0.0,
    "timelin": 8.731785175990247
  }
}