{
  "qid": "109",
  "query": "Poverty",
  "rank": 3,
  "docid": 467784,
  "coef": {
    "demonstr": 0.0,
    "discuss": 0.0,
    "action": 0.26848168217791146,
    "inequ": -0.0,
    "cultur": 0.2415107720721839,
    "peopl": 0.0,
    "disappear": 0.17968122392162128,
    "emerg": 0.0,
    "exist": -0.0,
    "attempt": 0.0,
    "societi": 0.06714935350490217,
    "believ": 0.0,
    "can": 0.27405846287788754,
    "system": 0.0,
    "reject": 0.0,
    "earli": -0.0,
    "mai": 0.0,
    "led": 0.03811170613999267,
    "creat": 0.0,
    "product": 0.15888427528330737,
    "propon": 0.0,
    "concern": 0.0,
    "presenc": 0.018516169438539187,
    "begin": 0.0,
    "concept": 0.0,
    "defin": 0.0,
    "acquir": 0.12302926884335859,
    "write": 0.28309516730289325,
    "public": 0.0,
    "formul": 0.0,
    "gener": -0.0,
    "attent": 0.0,
    "later": 0.0,
    "call": 0.034991310992678305,
    "polit": 0.052377747274029315,
    "21st": 0.0,
    "world": 0.0,
    "exclus": 0.0,
    "reaction": 0.0,
    "attract": 0.2620415561927718,
    "michael": 0.0,
    "term": 0.0,
    "kei": 0.0,
    "tend": 0.0,
    "late": 0.023955644167107798,
    "critic": 0.1207460597810644,
    "work": 0.0006537597225565204,
    "autonom": 0.0,
    "american": 0.0,
    "subcultur": 0.0,
    "fit": 0.0,
    "scholar": 0.3190952171371995,
    "enabl": 0.0,
    "america": 0.0,
    "interest": 0.28123986918534866,
    "develop": 0.0,
    "well": 0.0,
    "anthropolog": 0.1479563125841246,
    "issu": 0.14108319038022812,
    "lack": 0.0,
    "push": 0.0,
    "academ": 0.22613853136584236,
    "insist": 0.0,
    "offer": 0.0,
    "legitim": 0.0,
    "role": 0.0,
    "util": 0.0,
    "plai": 0.0,
    "involuntari": 0.0,
    "institut": 0.0,
    "dynam": 0.10798645125891544,
    "central": 1.9660806949962707e-15,
    "subject": 0.0,
    "struggl": -0.0,
    "gave": 0.0,
    "argument": 0.0,
    "70": 0.0,
    "children": 0.1765647174301781,
    "see": 0.0,
    "1960": 0.0,
    "live": 0.0,
    "signific": 0.0,
    "inform": 0.0,
    "onli": 0.0,
    "structur": 0.15289213278076405,
    "understand": 0.0,
    "anti": -0.0,
    "effect": 0.0,
    "resurg": 0.0,
    "wit": -0.0,
    "charact": 0.0,
    "question": 0.0,
    "who": 0.0,
    "notion": 0.0,
    "accord": 0.0,
    "class": -0.0,
    "critiqu": 0.0252964712101436,
    "first": 0.0,
    "idea": 0.0,
    "theori": 0.0,
    "war": 0.0,
    "wai": 0.11176955320031585,
    "increasingli": 0.0,
    "share": 0.0,
    "social": 0.28396094660094895,
    "centuri": 0.0,
    "individu": 0.0,
    "made": 0.0,
    "member": 0.006238280035744532,
    "studi": 0.0,
    "distinct": 0.0,
    "condit": 0.16688456134169224,
    "scienc": 0.0,
    "give": 0.0,
    "valu": 0.18162910519332723,
    "perpetu": 0.11193702547635555,
    "argu": 0.25406149946839135,
    "attitud": 0.0,
    "especi": 0.02888171477335157,
    "serv": 0.0,
    "happen": 0.0,
    "mean": 0.0,
    "human": 0.0,
    "worldview": 0.0,
    "inabl": 0.0,
    "impos": 0.0,
    "across": -0.0,
    "low": 0.0,
    "mechan": 0.0,
    "persist": 0.0037482638494807847,
    "experienc": 0.0,
    "put": 0.12465644738045364,
    "case": 0.0,
    "side": 0.0,
    "sustain": 0.0,
    "characterist": 0.0,
    "program": 0.0,
    "model": 0.0,
    "lower": -0.0,
    "show": 0.0,
    "interact": 0.0,
    "look": 0.0,
    "research": 0.0,
    "wage": 0.0,
    "old": 0.0,
    "explain": 0.006237431521724034,
    "document": 0.09296889940423149,
    "typic": 0.0,
    "resourc": 0.0,
    "data": 0.0,
    "analyz": 0.0,
    "behavior": 0.0,
    "prove": 0.0,
    "newer": 0.0,
    "1996": 0.0,
    "1990": 0.0001807979594649685,
    "now": 0.0,
    "1970": 0.0,
    "burden": 0.0,
    "speech": 0.0,
    "anthropologist": 0.18674051096204794,
    "famili": 0.020673101422585542,
    "notic": 0.011803808820690041,
    "real": 0.0,
    "report": 0.0,
    "poor": 0.41162987620777924,
    "factor": 0.0,
    "unchang": 0.0,
    "divid": 0.0,
    "blame": 0.0,
    "grow": 0.0,
    "explan": 0.0,
    "keep": 0.0,
    "receiv": 0.022504597218924217,
    "climat": 0.0,
    "strongli": 0.0,
    "format": 0.0,
    "shorten": 0.0,
    "unemploy": 0.0,
    "chicago": 0.0,
    "politician": 0.0,
    "cite": 0.009632459603111213,
    "appear": 0.0,
    "south": 0.0,
    "poverti": 0.339740845489949,
    "1974": 0.21661470698741656,
    "1966": 0.0,
    "1965": 0.0,
    "1962": 0.0,
    "polici": 0.0,
    "cycl": 0.1677844782415644,
    "escap": 0.0,
    "mexican": 0.0,
    "bui": 0.0,
    "assert": 0.0,
    "transform": 0.0,
    "welfar": 0.0,
    "reluct": 0.04651109745443386,
    "aspir": 0.0,
    "render": 0.0,
    "pound": 0.0,
    "reproduct": 0.0,
    "contend": 0.0,
    "conveni": 0.0,
    "1998": 0.0,
    "oscar": 0.0,
    "1959": -0.0,
    "maker": 0.0,
    "rich": 0.0,
    "sociolog": 0.0,
    "victim": 0.0,
    "lewi": 0.31162469090779327,
    "cake": 0.0,
    "ethnographi": 0.0,
    "constrain": 0.0,
    "carol": 0.0,
    "comeback": 0.0,
    "backlash": 0.0,
    "citat": 0.0,
    "impoverish": 0.0,
    "stack": 0.0,
    "harrington": 0.022547042597609278,
    "hylan": 0.008633558303282987,
    "ghetto": 0.0,
    "fatalist": 0.0,
    "monolith": 0.0,
    "underclass": 0.0,
    "moynihan": 0.15317889084244624
  }
}