{
  "qid": "132",
  "query": "Literacy",
  "rank": 2,
  "docid": 1858638,
  "coef": {
    "state": 0.0,
    "discuss": 0.0,
    "list": 0.0,
    "market": 0.0,
    "emphasi": 0.0,
    "system": -0.0,
    "support": 0.40758045559900763,
    "assist": 0.1672331189267154,
    "nation": 0.0194221189259495,
    "region": 0.0,
    "help": 0.0,
    "basic": -0.0,
    "acquir": 0.10216766027960934,
    "tool": -0.0,
    "public": 0.0,
    "servic": 0.29581165509804197,
    "target": 0.0,
    "includ": 0.0,
    "facilit": 0.0,
    "educ": 0.10267545577241934,
    "call": 0.10515824605119373,
    "event": 0.0,
    "manag": 0.0,
    "oper": 0.0,
    "area": 0.0,
    "need": -0.0,
    "establish": 0.0,
    "host": 0.0,
    "guid": 0.0,
    "choic": 0.12021591879747434,
    "develop": 0.15556710158084855,
    "learn": 0.010601761536609097,
    "portal": 0.0,
    "confer": 0.0,
    "issu": 0.0,
    "commun": 0.054752014699599054,
    "offer": 0.46495956532571675,
    "time": 0.0,
    "plan": 0.0,
    "organ": 0.27810479303850194,
    "institut": 0.03867289590537555,
    "internet": 0.0,
    "enhanc": 0.0,
    "network": 0.33459911459379693,
    "place": 0.29756954021770426,
    "wide": 0.0,
    "english": 0.0,
    "instruct": 0.0,
    "particip": 0.0,
    "inform": 0.0,
    "advoc": 0.12957166517203472,
    "produc": 0.0,
    "free": 0.0,
    "effect": 0.0,
    "win": 0.0,
    "read": 0.0,
    "practic": -0.0,
    "web": 0.0,
    "distribut": -0.0,
    "share": 0.0,
    "promot": -0.0,
    "individu": 0.0,
    "base": 0.0,
    "refer": 0.0,
    "dai": 0.0,
    "combin": 0.0,
    "latest": 0.0,
    "serv": 0.3312310554998479,
    "approach": 0.0,
    "teach": 0.0,
    "level": 0.0,
    "train": 0.09066353022149898,
    "initi": 0.024705016426096814,
    "materi": -0.0,
    "profession": -0.0,
    "nutrit": 0.020784439665012644,
    "program": 0.08674742988448257,
    "focu": 0.0,
    "full": 0.0,
    "health": 0.32339238004099796,
    "moder": 0.0,
    "rang": 0.0,
    "resourc": 0.4156387964283995,
    "rais": 0.0,
    "referr": 0.0,
    "improv": 0.0,
    "specialist": 0.07814168525909836,
    "special": 0.0,
    "famili": 0.0,
    "opportun": 0.07907295069719278,
    "adult": 0.17056106262469117,
    "awar": 0.0,
    "skill": 0.2089182768014177,
    "qualiti": 0.12130977237289747,
    "fund": 0.0,
    "board": 0.0,
    "annual": 0.0,
    "knowledg": 0.0,
    "blue": 0.3321294338381761,
    "cross": 0.0,
    "multi": 0.0,
    "site": 0.0,
    "topic": 0.04290804052681887,
    "coalit": 0.0,
    "toll": -0.0,
    "shield": 0.0,
    "corpor": 0.0,
    "administr": 0.0,
    "300": 0.0,
    "resid": 0.0,
    "florida": 0.4635628514751694,
    "project": 0.22522851893074636,
    "statewid": 0.251641797600989,
    "center": 0.0,
    "provid": 0.04923976922049607,
    "financi": -0.0,
    "depart": 0.0,
    "literaci": 0.19158069924649376,
    "access": 0.0,
    "corp": 0.0,
    "volunt": 0.34623591718140817,
    "deliveri": 0.0,
    "tutor": 0.0,
    "1985": 0.0,
    "technic": 0.023083328923989753,
    "partnership": 0.048005225347412,
    "award": 0.0,
    "collabor": 0.0,
    "premier": -0.0,
    "nonprofit": 0.42221719978049593,
    "promis": -0.0,
    "advocaci": 0.0,
    "practition": 0.0,
    "curricula": 0.0,
    "disciplinari": 0.027846340569834406,
    "curriculum": 0.17546981802279407,
    "outreach": 0.16231208915555095,
    "umbrella": 0.0,
    "instructor": 0.0,
    "directori": 0.0,
    "vista": 0.002723947422196587,
    "fundrais": 0.0,
    "hotlin": -0.0,
    "clearinghous": 0.0,
    "esl": 0.0,
    "linc": -0.0,
    "americorp": 0.0,
    "flc": 0.1432563455018717,
    "esol": 0.0
  }
}