{
  "qid": "109",
  "query": "Poverty",
  "rank": 3,
  "docid": 467784,
  "coef": {
    "demonstr": 0.0,
    "discuss": 0.0,
    "action": 0.10343581481216899,
    "inequ": -0.0,
    "cultur": 0.28688257004421425,
    "peopl": 0.13064072080265535,
    "disappear": 0.17908434448633073,
    "emerg": 0.0,
    "exist": 0.0,
    "attempt": 0.14634982102887903,
    "societi": 0.07777431788691716,
    "believ": 0.0,
    "can": 0.17590003368144275,
    "system": 0.0,
    "reject": 0.0,
    "earli": 0.0,
    "mai": 0.0,
    "led": 0.0,
    "creat": 0.0,
    "product": 0.0,
    "propon": 0.0,
    "concern": 0.0,
    "presenc": 0.20975432337660482,
    "begin": 0.0,
    "concept": 0.22134178342344252,
    "defin": 0.0,
    "acquir": 0.1687486828316323,
    "write": 0.3312028483416844,
    "public": 0.0,
    "formul": 0.0,
    "gener": -0.0,
    "attent": 0.0,
    "later": 0.0,
    "call": 0.1860731907459349,
    "polit": 0.31122477636902157,
    "21st": 0.0,
    "world": -0.0,
    "exclus": 0.0,
    "reaction": 0.0,
    "attract": 0.1573343504242193,
    "michael": 0.0,
    "term": 0.0,
    "kei": 0.0,
    "tend": 0.0,
    "late": 0.0,
    "critic": 0.020427833997777388,
    "work": 0.0055133997770783994,
    "autonom": 0.0,
    "american": 0.0,
    "subcultur": 0.002474273401844132,
    "fit": 0.0,
    "scholar": 0.2969608553732722,
    "enabl": 0.1683460411312999,
    "america": 0.0,
    "interest": 0.0,
    "develop": 0.0,
    "well": 0.02046364415948366,
    "anthropolog": 0.1672197355415095,
    "issu": 0.20274709944879993,
    "lack": 0.0,
    "push": 0.0,
    "academ": 0.0,
    "insist": -0.0,
    "offer": 0.0,
    "legitim": 0.0,
    "role": -0.0,
    "util": 0.0,
    "plai": -0.0,
    "involuntari": 0.0,
    "institut": 0.0,
    "dynam": 0.26211420074459485,
    "central": 0.0,
    "subject": 0.0,
    "struggl": -0.0,
    "gave": 0.10256781261368517,
    "argument": -0.0,
    "70": 1.3194544994182876e-15,
    "children": 0.4064565122737108,
    "see": 0.28859353963986134,
    "1960": 0.0,
    "live": 0.0,
    "signific": -0.0,
    "inform": 0.0,
    "onli": 0.0,
    "structur": 0.14748099128897826,
    "understand": 0.0,
    "anti": 0.0,
    "effect": 0.0,
    "resurg": 0.0,
    "wit": -0.0,
    "charact": 0.0,
    "question": 0.0,
    "who": 0.0,
    "notion": 0.0,
    "accord": -0.0,
    "class": 0.0,
    "critiqu": 0.025782108904466413,
    "first": -0.0,
    "idea": 0.0,
    "theori": 0.11380348259869917,
    "war": 0.0,
    "wai": 0.0881657583417889,
    "increasingli": 0.0,
    "share": 0.0,
    "social": 0.08370990620612258,
    "centuri": 0.0,
    "individu": 0.0,
    "made": 0.0,
    "member": 0.0,
    "studi": 0.0,
    "distinct": 0.016195109175233553,
    "condit": 0.3236176644117078,
    "scienc": 0.0,
    "give": 0.0,
    "valu": 0.11929942908885578,
    "perpetu": 0.0,
    "argu": 0.2651912207550285,
    "attitud": 0.24960067206387782,
    "especi": 0.0,
    "serv": 0.0,
    "happen": 0.0,
    "mean": 0.0,
    "human": 0.0,
    "worldview": 0.19232962910683452,
    "inabl": 0.023772490805628713,
    "impos": 0.0,
    "across": -0.0,
    "low": 0.0,
    "mechan": 0.0,
    "persist": 0.0,
    "experienc": 0.0,
    "put": 0.0,
    "case": 0.0,
    "side": 0.0,
    "sustain": 0.0,
    "characterist": 0.004519357568663771,
    "program": 0.0,
    "model": 0.06303766583249554,
    "lower": 0.0,
    "show": 0.0,
    "interact": 0.0,
    "look": 0.36785316759966574,
    "research": 0.0,
    "wage": 0.0,
    "old": 0.0071949054098100745,
    "explain": 0.0,
    "document": 0.0,
    "typic": 0.0,
    "resourc": 0.0,
    "data": 0.0,
    "analyz": -0.0,
    "behavior": 0.02149018829107055,
    "prove": 0.0,
    "newer": 0.0,
    "1996": 0.0,
    "1990": 0.0,
    "now": 0.0,
    "1970": 0.0,
    "burden": 0.0,
    "speech": 0.0,
    "anthropologist": 0.0,
    "famili": 0.0,
    "notic": 0.0,
    "real": 0.0,
    "report": 0.0,
    "poor": 0.5310709760953725,
    "factor": 0.0,
    "unchang": 0.0,
    "divid": 0.0,
    "blame": 0.0,
    "grow": 0.0,
    "explan": 0.0,
    "keep": 0.0,
    "receiv": 0.0,
    "climat": 0.029304687154221326,
    "strongli": 0.1418591802545796,
    "format": 0.0,
    "shorten": 0.0,
    "unemploy": 0.0,
    "chicago": 0.0,
    "politician": 2.593372347947252e-16,
    "cite": 0.0,
    "appear": 0.0,
    "south": 0.0,
    "poverti": 0.2537185397766212,
    "1974": 0.45312494304470124,
    "1966": 0.0,
    "1965": 0.0,
    "1962": 0.0,
    "polici": 0.0,
    "cycl": 0.1730487034946241,
    "escap": 0.0,
    "mexican": 0.0,
    "bui": 0.0,
    "assert": 0.0,
    "transform": 0.0,
    "welfar": 0.0,
    "reluct": 0.0,
    "aspir": 0.0,
    "render": 0.0,
    "pound": 0.0,
    "reproduct": 0.0,
    "contend": -0.0,
    "conveni": 0.0,
    "1998": 0.0,
    "oscar": -0.0,
    "1959": -0.0,
    "maker": 0.0,
    "rich": 0.0,
    "sociolog": 0.0,
    "victim": 0.0,
    "lewi": 0.21630909489527766,
    "cake": 0.0,
    "ethnographi": 0.0,
    "constrain": 0.0,
    "carol": 0.0,
    "comeback": 0.033880101415298,
    "backlash": 0.0,
    "citat": 0.0,
    "impoverish": 0.0,
    "stack": 0.008052617505785306,
    "harrington": 0.00981630802516939,
    "hylan": 0.0,
    "ghetto": 0.0,
    "fatalist": 0.015311604552718188,
    "monolith": 0.0,
    "underclass": 0.0,
    "moynihan": 0.0
  }
}