{
  "qid": "113",
  "query": "Computer Scientists",
  "rank": 8,
  "docid": 2696703,
  "coef": {
    "state": 0.0,
    "think": 0.0,
    "biolog": 0.0,
    "highli": 0.0,
    "emerg": 0.8277211104676189,
    "focus": -0.0,
    "can": 0.2881346308527707,
    "support": 0.9627347612546618,
    "nation": 0.5368431323408888,
    "led": 0.0,
    "help": 0.23647590609067262,
    "order": 0.26492949426080803,
    "econom": 0.0,
    "foster": 0.0,
    "head": 0.0,
    "challeng": 0.0,
    "manag": 0.2535358908148594,
    "found": 0.0,
    "bring": 0.0,
    "perform": 0.0,
    "need": 0.22575778462636847,
    "establish": 0.5651669810599662,
    "involv": 0.17535706498978737,
    "kei": 1.072284157823079,
    "follow": 0.3885336763244961,
    "david": -0.0,
    "far": 0.6046430733527083,
    "environment": 0.8310414007336177,
    "aim": 0.05704385325103678,
    "colleg": 0.6011010956450052,
    "commun": 0.11736631801859244,
    "time": 0.21614941155895304,
    "role": 0.04795660327700474,
    "plai": 7.790550798356533e-17,
    "newli": 0.07212452571852178,
    "institut": 0.0,
    "will": 0.0,
    "field": -0.0,
    "method": 0.0,
    "particip": 0.2430074366825229,
    "vision": 0.3998968431815145,
    "new": -0.0,
    "effect": 0.39361157408774516,
    "goal": 0.0,
    "question": -0.0,
    "futur": 0.0,
    "problem": 0.0,
    "wai": 0.0,
    "scientist": 0.08789557403794078,
    "releas": 0.0,
    "natur": 0.00025475331484010985,
    "member": 0.008524650744414126,
    "scienc": 0.43934919164798436,
    "foundat": 0.0,
    "associ": -0.0,
    "2008": 0.0,
    "increas": 0.0,
    "techniqu": 0.0,
    "appli": 0.0,
    "year": 0.0,
    "sustain": 0.6778407446108959,
    "program": 0.0,
    "research": 0.0,
    "joint": 0.08693725892117779,
    "univers": 0.5349957227503611,
    "grant": 0.0,
    "resourc": 0.00018729053500009582,
    "methodolog": 0.49729961928270955,
    "12": 0.0,
    "societ": 0.0,
    "reach": 0.0,
    "7": 0.0061235305859099,
    "fund": 0.0,
    "ic": 0.3317842923548531,
    "balanc": 0.0,
    "mari": 0.0,
    "comput": 0.45613424470196934,
    "press": 0.0,
    "northwest": 0.0,
    "engin": 0.0,
    "conserv": 0.0,
    "team": 0.6370624220458851,
    "pacif": 0.0,
    "expedit": 0.24995638144097046,
    "depart": 0.0,
    "thoma": -0.0,
    "announc": 0.0,
    "transform": 0.0,
    "oregon": 0.0,
    "quot": -0.0,
    "economist": 0.0,
    "biologi": 0.0,
    "mathematician": 0.0,
    "effici": 0.4263123136960342,
    "solv": 0.0,
    "biologist": -0.0,
    "director": 0.0,
    "laboratori": 0.0,
    "howard": 0.0,
    "inject": 0.0,
    "alloc": 0.13516997320564686,
    "ventur": 0.0,
    "interdisciplinari": 0.0,
    "insight": -0.0,
    "analog": 0.0,
    "141": 0.5050667162499222,
    "enrich": 0.9212079017625437,
    "nsf": 0.2519225662902606,
    "deputi": -0.0,
    "cornel": 0.0,
    "08": 0.03509435351680202,
    "lou": 0.15601339434964426,
    "vibrant": 0.0,
    "zeeman": 1.7717609134078596e-15,
    "bowdoin": -0.0,
    "gome": 0.4417021219571751,
    "carla": 3.5987967895327815e-17,
    "osu": 0.16603330297696545,
    "shmoi": -0.0,
    "dietterich": -0.0
  }
}