{
  "qid": "110",
  "query": "Clean Energy",
  "rank": 3,
  "docid": 3015654,
  "coef": {
    "be": 0.0,
    "state": 0.6847837917036907,
    "current": 0.7551069221486417,
    "system": 0.0,
    "adopt": -0.0,
    "revolut": 0.0,
    "gener": 0.0,
    "challeng": 0.0,
    "big": 1.6818784975689938,
    "manipul": 0.0,
    "best": 0.0,
    "need": 0.0,
    "larg": -0.0,
    "well": 0.10297235046190281,
    "academ": 0.0,
    "role": 0.036439824484840316,
    "nuclear": 0.777769968709747,
    "publish": 0.0007964599001176815,
    "consum": 0.5008044418132501,
    "institut": -0.0,
    "will": 0.0,
    "ecolog": 0.0,
    "network": 0.6502020501899818,
    "see": 1.3420511988936146,
    "green": 0.0,
    "first": 0.0,
    "rise": 0.0,
    "transit": -0.0,
    "part": 0.0,
    "problem": 0.76385885110212,
    "distribut": 0.3484914833033812,
    "wai": 1.079358261929831,
    "unit": 1.0351849291721265,
    "sabotag": 0.0,
    "natur": 1.221959621326421,
    "benjamin": 1.7446609726710112,
    "book": 1.4508029399527724,
    "combin": 0.0,
    "power": 0.49976237577673005,
    "suggest": 1.060160257570537,
    "valu": 0.16687420883734622,
    "2008": -0.0,
    "technolog": 0.0,
    "increas": 1.1296999519166386,
    "scale": -0.0,
    "cost": 7.206488604302579e-17,
    "environ": 0.01968020304140027,
    "pollut": 0.0,
    "identifi": 0.0,
    "sustain": 0.0,
    "widespread": 0.0,
    "job": 1.5564344839988034,
    "categori": 0.0,
    "fossil": 0.07376473686965107,
    "dirti": -0.0,
    "heat": 1.3906776950295023,
    "greenhous": -0.0,
    "planet": 0.0,
    "electr": 0.9925725874934602,
    "energi": 1.521097831904219,
    "fuel": 0.0,
    "clean": 0.0,
    "block": 0.0,
    "protect": 0.8013295396878873,
    "vulner": 0.16807406188074597,
    "disast": 3.682421584405028e-17,
    "financi": 0.0,
    "2009": 0.9037297839531692,
    "explor": 0.0,
    "edg": -0.0,
    "won": -0.0,
    "overcom": 0.0,
    "ineffici": 0.0,
    "renew": 0.0,
    "silver": 0.04254110861722019,
    "nautilu": 0.0,
    "effici": 0.0,
    "transmiss": 0.0,
    "award": 0.10303101932325369,
    "synopsi": 0.0,
    "dilemma": -0.0,
    "solut": 0.0,
    "trend": -0.0,
    "tech": -0.0,
    "barrier": 0.0,
    "brittl": -0.0,
    "reactor": 0.0,
    "praeger": 0.0,
    "sovacool": 0.0
  }
}