{
  "qid": "148",
  "query": "Tea",
  "rank": 5,
  "docid": 178310,
  "coef": {
    "current": 0.0,
    "type": 0.0,
    "primarili": 0.0,
    "can": 0.0,
    "system": -0.0,
    "extrem": 0.0,
    "mai": -0.0,
    "name": 0.035518796036793844,
    "order": 0.0,
    "product": -0.0,
    "us": -0.0,
    "respons": 0.0,
    "public": 0.0,
    "gener": 0.37664563152747954,
    "includ": -0.0,
    "began": 0.0,
    "histori": 0.05695978703067964,
    "allow": 0.0,
    "open": 0.0,
    "due": 0.0,
    "come": 0.0,
    "term": -0.0,
    "follow": -0.0,
    "minim": -0.0,
    "last": 0.0,
    "scholar": 0.0,
    "creation": 0.0,
    "young": 0.1531037133325113,
    "well": 0.24653338184501886,
    "group": -0.0,
    "process": 0.10639142968430676,
    "disagre": 0.0,
    "thought": 0.0,
    "recent": 0.0,
    "set": 0.0,
    "deriv": 0.0,
    "see": 0.0,
    "english": 0.0,
    "todai": 0.0,
    "known": 0.0,
    "overlap": 0.0,
    "china": 0.7312287114745418,
    "onli": 0.0,
    "white": 0.07396517500618553,
    "featur": -0.0,
    "produc": 0.0,
    "like": -0.0,
    "effect": -0.0,
    "green": 0.22684177695776822,
    "intern": 0.06738582574393905,
    "amount": 0.0,
    "first": 0.09555921130433949,
    "result": 0.0,
    "make": -0.11745226810797313,
    "wai": 0.0,
    "centuri": 0.0,
    "natur": 0.0017274814384850268,
    "tradit": 0.0,
    "made": 0.0930462916742905,
    "littl": 0.0,
    "base": 0.0,
    "refer": -0.033027640963601786,
    "mere": 0.21375099295431266,
    "give": 0.0,
    "accept": 0.21376894639945757,
    "sourc": 0.0,
    "valu": 0.0,
    "varieti": 0.17187778139982682,
    "style": 0.0,
    "black": 0.2646887186637609,
    "mean": 0.0,
    "definit": 0.0,
    "categor": 0.011070430036232242,
    "leav": 0.3663918392831738,
    "techniqu": -0.0,
    "contain": 0.0,
    "mechan": -0.0,
    "character": 0.011959193415351945,
    "pick": 0.24341281560614544,
    "materi": 0.01658954140469603,
    "characterist": 0.04445154245685082,
    "high": 0.0,
    "health": -0.0,
    "air": 0.009915883002123697,
    "rang": 0.16292029534756614,
    "roll": 0.2816873722409054,
    "wild": 0.0,
    "simpl": 0.0,
    "understood": 0.03348701332663988,
    "categori": 0.0,
    "select": 0.0,
    "qualiti": 0.0,
    "design": 0.0,
    "requir": 0.0,
    "intrins": 0.0,
    "spite": 0.0,
    "fresh": -0.0,
    "visibl": 0.0,
    "addit": 0.0,
    "fire": 0.0,
    "plant": 0.20722187786438637,
    "composit": -0.0,
    "solar": -0.0,
    "sun": 0.0,
    "fine": 0.0,
    "grade": -0.0,
    "bai": 0.0,
    "provinc": 0.0,
    "concentr": 0.0,
    "appear": 0.0,
    "fulli": 0.0,
    "uniqu": 0.0,
    "northeast": 0.0,
    "sold": 0.0,
    "cultiv": 0.0,
    "manufactur": 0.12980352435994696,
    "yellow": -0.0,
    "southern": 0.0,
    "dry": 0.45088842117301503,
    "eastern": 0.005993219413043178,
    "1876": 0.0,
    "pale": -0.0,
    "camellia": 0.13805746125438031,
    "hair": 0.287723858879231,
    "needl": 0.0,
    "agre": 0.0,
    "belong": -0.0,
    "silver": 0.0,
    "lighter": 0.0,
    "dri": 0.022371165675466757,
    "shortli": 0.0,
    "agreement": 0.0,
    "tip": 0.0,
    "tea": 0.3471429262174513,
    "merchant": 0.0,
    "harvest": 0.0,
    "steam": 0.0,
    "india": 0.0,
    "pan": 0.0,
    "nepal": 0.16185957499773107,
    "thailand": 8.795802294581811e-16,
    "yunnan": -0.0,
    "lanka": 0.0,
    "sri": 0.0,
    "gall": 0.001505479420901368,
    "leaf": -0.0,
    "enzym": 0.0,
    "raw": 0.38802875111662855,
    "peoni": 0.0,
    "sweet": 0.0,
    "oxid": 0.10027126211462435,
    "taiwan": 0.01436902583970179,
    "silveri": 0.0,
    "unopen": 0.0,
    "immatur": 0.0,
    "stringent": 0.0,
    "wither": 0.06713465207403131,
    "shake": 0.0,
    "bud": 0.25118330624290897,
    "brew": 0.0,
    "flavor": 0.036235912937467744,
    "pluck": 0.0,
    "mei": 0.0,
    "hao": 0.0,
    "whitish": 0.0,
    "polyphenol": 0.33666064514597166,
    "sinensi": 0.04240177957866606,
    "catechin": 0.0,
    "shou": 0.0,
    "fujian": 0.0,
    "denatur": 0.0,
    "phytonutri": 0.0,
    "mudan": 0.0,
    "peko": 0.0,
    "taliensi": 0.0,
    "yinzhen": 0.0
  }
}