{
  "qid": "113",
  "query": "Computer Scientists",
  "rank": 0,
  "docid": 148033,
  "coef": {
    "list": -0.45837688489187955,
    "peopl": 0.12227283141798077,
    "benefit": 0.28416030646409063,
    "type": 0.0,
    "seen": 0.0,
    "theoret": 0.7028639732456868,
    "can": -0.0,
    "system": 0.16184879434823896,
    "mai": 0.06312207305090861,
    "industri": 0.0,
    "us": 0.0,
    "acquir": 0.1775920543812326,
    "servic": 0.0,
    "includ": -0.05927359593179898,
    "educ": 0.10357554591912971,
    "allow": 0.0,
    "found": 0.0,
    "perform": -0.0,
    "secur": 0.0,
    "area": 0.0,
    "formal": -0.0,
    "follow": -0.10685381090006871,
    "work": 0.23175135161207042,
    "object": 0.0,
    "develop": 0.5414011291887341,
    "complex": -0.0,
    "close": 0.5048927495408864,
    "organ": 0.0,
    "publish": 0.2181537258116407,
    "institut": 0.0,
    "pioneer": 0.0,
    "network": -0.0,
    "field": 0.0947373266025149,
    "deriv": 0.0,
    "see": -0.0,
    "method": -0.0,
    "specif": 0.09389974574604534,
    "overlap": 0.3674034035963729,
    "vision": 0.0,
    "structur": -0.0,
    "new": 0.0,
    "like": 0.2559555468675153,
    "goal": -0.0,
    "similar": 0.0,
    "who": 0.3644026768822166,
    "practic": 0.0,
    "posit": 0.0,
    "yield": 0.5189643641264422,
    "part": 0.0,
    "theori": 0.24337434902737,
    "distribut": -0.0,
    "scientist": 0.2196136691642122,
    "properti": -0.0,
    "oppos": 0.0,
    "studi": 0.04745611452500562,
    "person": 0.0,
    "base": -0.0,
    "scienc": 0.373273824576498,
    "foundat": 0.0,
    "softwar": 0.5768158118534197,
    "ethic": -0.0,
    "technolog": -0.0,
    "emploi": 0.5405711204314637,
    "human": -0.0,
    "physic": 0.01977516767117378,
    "disciplin": 0.0,
    "side": 0.37741348725793816,
    "hire": 0.0,
    "depend": 0.0,
    "program": 0.0,
    "model": 0.09197751895038883,
    "code": 0.5356830011560819,
    "focu": 0.20247659216637887,
    "prospect": 0.0,
    "advanc": 0.0,
    "numer": 0.45153296591550407,
    "interact": 0.3019783013363064,
    "research": 0.11060669574001411,
    "visual": 0.0,
    "attribut": 0.0,
    "univers": -0.16128708525005336,
    "primari": -0.0,
    "typic": 0.0,
    "firm": 0.33733932391094634,
    "data": 0.7094893140026285,
    "special": -0.0,
    "growth": 0.0,
    "valid": 0.0,
    "systemat": 0.0,
    "scientif": 0.0,
    "analysi": 0.4899767225671065,
    "concurr": 0.0,
    "intellig": 0.0,
    "given": 0.18189786283372908,
    "design": 0.0,
    "languag": 0.0,
    "employ": 0.0,
    "grow": 0.0,
    "requir": 0.0,
    "smaller": 0.17273085982096992,
    "applic": 0.2007027036429296,
    "artifici": 0.0,
    "leadership": 0.0,
    "mathemat": 0.32838821772089444,
    "eventu": 0.0,
    "knowledg": 0.8071240637067337,
    "graphic": -0.0,
    "mainli": 0.0,
    "comput": 0.4539328976942293,
    "engin": 0.0,
    "project": 0.45701223724709783,
    "architectur": 0.0,
    "economi": -0.0,
    "possess": 0.0,
    "rapid": 0.0,
    "consult": -0.0836274620901061,
    "fastest": 0.0,
    "discov": 0.0,
    "excel": 0.0,
    "faster": 0.25593462234090164,
    "mathematician": 0.0,
    "precis": 0.0,
    "databas": -0.0,
    "cheaper": 0.08884966621276806,
    "hardwar": 0.0,
    "ph": 0.07513502323719747,
    "processor": -0.0,
    "algorithm": 0.0,
    "ci": 0.0,
    "cryptographi": 0.0,
    "manageri": 0.0
  }
}