{
  "qid": "143",
  "query": "Philanthropy",
  "rank": 4,
  "docid": 1583034,
  "coef": {
    "highli": 0.0,
    "peopl": 0.8452702368587008,
    "seen": 0.6156039152606436,
    "societi": 0.0,
    "focus": 0.8492648618340434,
    "system": 0.20054702618337908,
    "engag": 1.4140261607976876,
    "creat": 0.0,
    "help": 0.4835949675149675,
    "order": 0.2171834625365388,
    "caus": 0.544609113290143,
    "defin": 0.04210493524155395,
    "write": -0.0,
    "servic": 0.37404912950698727,
    "includ": 0.0,
    "address": -0.0,
    "educ": -0.22168947534467798,
    "world": 0.0,
    "school": -0.0,
    "abil": 0.0,
    "larg": 0.0,
    "youth": 0.5770285250968139,
    "chang": 0.0,
    "guid": 0.0,
    "america": -0.0,
    "develop": 0.0,
    "young": -0.0,
    "learn": 0.0,
    "aim": 0.0,
    "feder": -0.0,
    "commun": 0.0,
    "time": 0.33331309432897566,
    "organ": 0.0,
    "institut": -0.0,
    "central": -0.0,
    "network": -0.0,
    "field": 0.24031789865901204,
    "place": 0.0945142084151352,
    "children": 0.0,
    "see": 0.0,
    "particip": 0.16126221899836335,
    "effect": 0.9121600914362261,
    "amount": 0.02853001114729817,
    "accord": 0.0,
    "activ": 0.0,
    "problem": -0.0,
    "wai": 0.7434745322106886,
    "social": 0.0,
    "studi": 0.0,
    "base": 0.0,
    "dai": -0.0,
    "give": -0.0,
    "branch": 0.8649501008058635,
    "success": 0.0,
    "valu": 0.0,
    "voic": -0.0,
    "serv": -0.0,
    "mean": 0.5192573479755279,
    "level": 0.0,
    "talent": 0.0,
    "boi": 0.0,
    "case": 0.0,
    "identifi": 0.8724750518754686,
    "program": 0.03944586561267437,
    "grant": 0.0,
    "resourc": 0.0,
    "opportun": 0.0,
    "adult": -0.0,
    "skill": -0.0,
    "design": 0.06020604944749332,
    "grow": 0.0,
    "entir": -0.0,
    "applic": 0.0,
    "leadership": 0.0,
    "knowledg": 0.5975400059159576,
    "energi": 0.0,
    "synagogu": -0.0,
    "donat": 0.0,
    "treasur": 0.4325580202931409,
    "project": 0.16030879271279852,
    "confid": 0.0,
    "jewish": 0.867693909472311,
    "monei": 0.0,
    "arrow": 0.0,
    "teen": -0.0,
    "strengthen": 0.0,
    "cheer": 0.0,
    "volunt": 0.25431358329955034,
    "civic": 0.0,
    "partnership": -0.0,
    "kid": 0.491413258774079,
    "philanthropi": 0.0,
    "philanthrop": 0.46455147093511995,
    "worthi": 0.0,
    "volunteer": 0.0,
    "solut": 0.35076608709322815,
    "len": 0.0,
    "broadest": 0.3469627832956371,
    "scout": -0.0,
    "burgeon": 0.537462235952335,
    "idol": 0.014143335670160276,
    "funder": -0.0,
    "grantmak": 0.0
  }
}