{
  "qid": "111",
  "query": "Inequality",
  "rank": 7,
  "docid": 2251925,
  "coef": {
    "state": 0.0,
    "possibl": 0.25921609947731933,
    "inequ": 0.19758355550273168,
    "right": 0.0,
    "version": 0.0,
    "type": 0.20594833861565354,
    "exist": 0.0,
    "seen": 0.0,
    "theoret": -0.0,
    "can": 0.28740706913631564,
    "support": 0.0,
    "mai": 0.0,
    "region": 0.0,
    "name": 0.0,
    "difficult": 0.0,
    "attain": 0.0,
    "optim": 0.4551751132902783,
    "product": 0.0,
    "us": 0.08080649310874949,
    "defin": 0.08911077637188229,
    "basic": 0.0,
    "formul": 0.03482427989633025,
    "gener": 0.0,
    "take": 0.0,
    "word": 0.0,
    "later": 0.0,
    "descript": 0.0,
    "call": 0.0,
    "event": 0.0,
    "number": 0.0,
    "import": 0.04714461790722827,
    "open": 0.0,
    "principl": 0.0,
    "distanc": 0.05495053877742091,
    "involv": 0.0,
    "term": 0.01467555770738233,
    "note": 0.0,
    "built": 0.46775228748110576,
    "implement": 0.14644540221291777,
    "follow": 0.1476073306089451,
    "larg": 0.0,
    "respect": 0.15452875501645333,
    "well": 0.0,
    "denot": 0.0,
    "singl": 0.0,
    "close": 0.0,
    "exampl": 0.1454754827541421,
    "mutual": 0.02971234333431858,
    "necessarili": 0.0,
    "break": 0.0,
    "down": 0.0,
    "end": 0.0,
    "relat": 0.04946780684741914,
    "function": 0.35994639958796204,
    "set": 0.23788499934519838,
    "deriv": 0.13245017608238022,
    "see": 0.0,
    "non": 0.005533528629510808,
    "consid": 0.0,
    "collect": 0.0,
    "express": 0.11003897114376333,
    "signific": 0.0,
    "impli": 0.0,
    "known": 0.21583664977398206,
    "determin": 0.0,
    "onli": 0.0,
    "line": 0.05733979905864848,
    "neg": 0.0,
    "featur": 0.0,
    "space": 0.0,
    "first": 0.06815864856698389,
    "web": 0.0,
    "user": 0.0,
    "result": 0.0,
    "part": 0.0,
    "theori": 0.32518114713306306,
    "distribut": 0.12515451841765945,
    "continu": 0.0,
    "studi": 0.0,
    "condit": 0.09573148685380344,
    "reason": 0.0,
    "base": 0.36969270122969955,
    "radic": 0.0,
    "refer": 0.0,
    "replac": 0.17479963676296884,
    "larger": -0.0,
    "combin": 0.08935393915285322,
    "power": -0.0,
    "sourc": 0.0,
    "valu": 0.12366570015950715,
    "broader": 0.0,
    "diverg": -0.0,
    "especi": 0.0,
    "hand": 0.0,
    "increas": 0.0,
    "2": 0.0,
    "random": 0.031488360545301484,
    "absolut": 0.1046146590710452,
    "contain": -0.0,
    "context": 0.07573580255914587,
    "character": 0.15192491418506393,
    "arbitrari": 0.0,
    "probabl": 0.11061828276423834,
    "case": 0.0,
    "total": 0.0,
    "side": 0.0,
    "rare": 0.24596373560169507,
    "depend": 0.0,
    "lower": 0.0,
    "show": 0.0,
    "variat": 0.0,
    "joint": 0.2105611552151018,
    "sensit": 0.0,
    "rate": 0.0,
    "rang": 0.055915967115068584,
    "actual": 0.0,
    "prove": 0.16065993641907475,
    "simpl": 0.21094612561177958,
    "now": 0.0,
    "special": 0.05657465611011847,
    "subset": 0.10228549237271047,
    "categori": 0.0,
    "real": 0.0,
    "valid": 0.0,
    "report": 0.0,
    "consequ": 0.0,
    "factor": 0.0,
    "measur": 0.520749663493377,
    "nbsp": 0.30323014491342365,
    "restrict": 0.0,
    "mix": 0.0,
    "given": 0.0,
    "variabl": 0.29813090616392385,
    "aris": 0.0,
    "differenti": 0.0,
    "languag": 0.14748539975136518,
    "1": 0.08470356662199359,
    "requir": 0.0,
    "topolog": 0.3109240969831461,
    "margin": 0.010793612106277665,
    "zero": 0.40029707634482875,
    "cloud": -0.0,
    "index": 0.0,
    "great": -0.0,
    "upper": 0.0,
    "sum": 0.0,
    "graphic": 0.0,
    "comput": 0.039035982722851796,
    "notat": 0.0,
    "front": 0.0,
    "minu": 0.0,
    "cumul": 0.0,
    "expect": 0.0,
    "insid": 0.0,
    "exceedingli": 0.0,
    "linear": 0.21718772644766046,
    "log": 0.0,
    "satisfi": 0.0,
    "transform": 0.0,
    "strict": 0.0,
    "uncertainti": 0.0,
    "conjectur": 0.0,
    "correct": 0.0,
    "fundament": 0.0,
    "machin": -0.0,
    "moment": 0.0,
    "faster": 0.0,
    "infinit": 0.0,
    "proof": 0.0,
    "1957": 0.0,
    "input": 0.0,
    "canon": 0.0,
    "ndash": -0.0,
    "precis": 0.0,
    "behav": 0.0,
    "stronger": 0.11888802256892332,
    "bound": 0.18042555909938213,
    "closur": 0.0,
    "corollari": 0.0,
    "checker": 0.0,
    "nat": 0.0,
    "bit": 0.37466898220501793,
    "interfac": 0.0,
    "deviat": 0.0,
    "vector": 0.11865168573503292,
    "python": 0.0,
    "zhang": 0.0,
    "conjug": 0.0,
    "interv": 0.0,
    "convex": 0.0,
    "discret": 0.0,
    "tao": 0.0,
    "multivari": -0.0,
    "finit": 0.0,
    "entropi": 0.15486221102797704,
    "algorithm": 0.10269436026560036,
    "empti": 0.0,
    "kraft": -0.0,
    "weyl": 0.006289416619176381,
    "pars": 0.0,
    "gibb": -0.0,
    "shannon": 0.025553156520515295,
    "countabl": -0.0,
    "heisenberg": 0.0,
    "jensen": 0.0,
    "sharper": 0.0,
    "pinsker": -0.0,
    "fourier": 0.29460140093035764,
    "gaussian": 0.0,
    "cram": 0.0,
    "rao": 0.0,
    "solver": 0.0,
    "matlab": 0.0,
    "fano": -0.0,
    "polytop": -0.0,
    "yeung": 0.35332240721057545,
    "tupl": 0.0,
    "backend": 0.0,
    "entrop": 0.09445337011347701,
    "bivari": 0.0,
    "kullback": 0.01385636249280303,
    "leibler": 0.166151226294356,
    "matu": 0.0,
    "hirschman": 0.03296910953076165,
    "gurobi": 0.0,
    "glpk": 0.0,
    "xitip": 0.00014332840396732188
  }
}