{
  "qid": "124",
  "query": "Charity",
  "rank": 9,
  "docid": 2600169,
  "coef": {
    "mai": 0.30533690094951765,
    "nation": 0.0,
    "name": 0.0,
    "previou": 0.0,
    "commun": 0.4883155127160912,
    "see": 0.0,
    "refer": 0.0,
    "match": -0.0,
    "great": 0.0,
    "annual": 0.0,
    "irish": 0.0,
    "cup": 0.044348031028294994,
    "britain": 0.3217126267205205,
    "london": 0.0,
    "shield": 1.095074210407178,
    "leagu": 0.0,
    "sheriff": 0.3391677707060484,
    "award": 2.2516991057847155,
    "chariti": 0.4738703740506476,
    "sultan": 0.0,
    "ahmad": 0.2416555601126063,
    "disambigu": 0.0,
    "fa": 1.6646295016511663,
    "rugbi": -0.0,
    "surrei": -0.0,
    "trinidad": -0.0,
    "singapor": 0.0,
    "shah": 0.09875878440434764,
    "malaysian": -0.0,
    "maldivian": 2.288806905745561e-16,
    "tobago": -0.0,
    "nrl": 0.0,
    "haji": 0.0
  }
}