{
  "qid": "127",
  "query": "Clergy",
  "rank": 9,
  "docid": 2796205,
  "coef": {
    "mai": -0.008847238224938714,
    "christian": 0.0,
    "refer": 0.0,
    "ordin": 0.5328899798484233,
    "judaism": 0.0,
    "clergi": 7.70490506658832,
    "lgbt": 2.6459142098041105e-15
  }
}