{
  "qid": "119",
  "query": "Classical Dance",
  "rank": 2,
  "docid": 1112041,
  "coef": {
    "cultur": 0.6618752516641444,
    "mai": 0.0,
    "classic": 1.2093470728062525,
    "form": 0.0,
    "see": -0.08766242791273436,
    "japanes": 0.0,
    "tradit": 1.525512957974788,
    "refer": 2.1245796953831344,
    "indian": 0.0,
    "danc": 3.9192306553964404,
    "ballroom": -0.0,
    "ballet": 0.21118959412086294,
    "chines": 0.0
  }
}