{
  "qid": "108",
  "query": "1980s",
  "rank": 6,
  "docid": 1347394,
  "coef": {
    "state": 0.0,
    "mai": -0.0,
    "unit": 0.0,
    "refer": -0.0,
    "1980": 0.07379660272922828,
    "elect": 0.8157057515428074,
    "south": 0.35436214533759186,
    "presidenti": 0.8031713894257648,
    "austrian": 0.0,
    "iceland": -0.0,
    "korean": 0.0,
    "portugues": 0.0,
    "iranian": 0.0,
    "cameroonian": 0.0,
    "ivorian": 0.0,
    "honduran": -0.0
  }
}