{
  "qid": "120",
  "query": "Baking",
  "rank": 2,
  "docid": 279731,
  "coef": {
    "can": 0.2588150382139861,
    "order": 0.4031922486258439,
    "us": 0.23227815832072995,
    "pre": 0.13204611013558193,
    "prevent": 0.4394186815331999,
    "call": 0.24284086712259773,
    "allow": 0.0,
    "due": 0.06514770396647486,
    "involv": 0.4416623108504947,
    "work": 0.8635461333549425,
    "second": 0.0,
    "complet": 0.007880033070056103,
    "close": 0.0,
    "time": -0.21918331536686422,
    "process": 0.0,
    "will": 0.0,
    "small": 0.04828157205198636,
    "place": 0.0,
    "see": 0.019249399187497608,
    "method": 0.6656841227042544,
    "line": 0.061035960773800205,
    "produc": 0.0,
    "past": 0.0,
    "shape": 0.4371867567676362,
    "achiev": 0.0,
    "partli": 0.0,
    "techniqu": 0.29607961615407535,
    "blind": -0.0,
    "case": 0.32841007155648333,
    "weight": 0.8199954619284071,
    "remov": 0.0,
    "metal": 0.0,
    "paper": 0.0,
    "repeatedli": 0.012490809479149908,
    "keep": 0.0,
    "top": 0.0,
    "bubbl": 0.0,
    "shorter": 0.0,
    "photograph": 0.0,
    "brown": 0.0,
    "retain": 0.016225329874928137,
    "fulli": -0.0,
    "bird": 1.0546169526821283,
    "escap": 0.0027614448263680023,
    "fill": 0.9250539550735102,
    "ensur": 0.0,
    "hole": 0.004787506814657677,
    "accomplish": 0.0,
    "puls": 0.08374476865338512,
    "dri": 0.024522650528955407,
    "wet": 0.0,
    "shell": -0.0,
    "soft": 0.0,
    "simplifi": 0.002413595449228287,
    "tin": 0.6258851956169124,
    "pierc": 0.004395775469519552,
    "ceram": 0.44587734386375216,
    "pastri": -0.0,
    "pi": 0.0037263143257934813,
    "steam": 0.0,
    "te": 0.0,
    "foil": 0.0,
    "rice": 0.0032928807282937445,
    "pie": 0.08698655510416041,
    "crust": 0.6203853620239413,
    "cream": 0.5745372325486579,
    "bean": 0.29447193662548277,
    "lentil": 0.0,
    "pea": 0.6670598982727172,
    "aluminium": 0.10642836211460922,
    "fork": 0.7756963514825959,
    "bead": 0.05616651121893525,
    "dispens": 0.0,
    "bake": 0.44452026449494886,
    "invert": -0.0,
    "dough": 0.0,
    "pud": 0.3909317490966315,
    "parchment": 0.0,
    "sucr": 0.5893959508762041,
    "tine": 0.6901243166529086,
    "unbak": 0.0,
    "huff": 0.010655420513013266,
    "soggi": 0.6064212943022869
  }
}