{
  "qid": "110",
  "query": "Clean Energy",
  "rank": 3,
  "docid": 3015654,
  "coef": {
    "be": 0.0,
    "state": 1.3733537775979476,
    "current": 0.0,
    "system": 0.6809617412972625,
    "adopt": 0.0,
    "revolut": 0.0,
    "gener": 0.0,
    "challeng": 0.0,
    "big": 0.632254791069576,
    "manipul": 0.0,
    "best": 0.0,
    "need": 0.01090309023382266,
    "larg": 0.0,
    "well": 0.0,
    "academ": 0.0,
    "role": 0.6428844256225058,
    "nuclear": 1.0015975641024673,
    "publish": 0.16212556801726088,
    "consum": 0.0,
    "institut": 0.0,
    "will": 0.0,
    "ecolog": 0.0,
    "network": 0.0,
    "see": 0.5131579025423173,
    "green": 0.0,
    "first": 0.0,
    "rise": 0.0,
    "transit": -0.3159399319760392,
    "part": 0.0,
    "problem": 0.030320553468193515,
    "distribut": 0.0,
    "wai": 0.0,
    "unit": 0.7850863846255405,
    "sabotag": 0.0,
    "natur": 0.0,
    "benjamin": 1.3396279132853866,
    "book": 1.3876829359570988,
    "combin": 0.0,
    "power": 0.7592709228787193,
    "suggest": 1.1726993077196683,
    "valu": 0.0,
    "2008": 0.0,
    "technolog": 0.0,
    "increas": 0.8747887171363967,
    "scale": 0.0,
    "cost": 9.445692560983646e-15,
    "environ": 0.0,
    "pollut": 0.0,
    "identifi": 0.6106533837616951,
    "sustain": -0.0,
    "widespread": 0.0,
    "job": 1.29671807799405,
    "categori": 0.0,
    "fossil": 0.8272660528924208,
    "dirti": 0.0,
    "heat": 0.0,
    "greenhous": 0.0,
    "planet": 0.0,
    "electr": 1.4811456726071568,
    "energi": 1.792991165746273,
    "fuel": 0.0,
    "clean": 0.0,
    "block": 0.0,
    "protect": 0.7396346156948345,
    "vulner": 0.040975575828964377,
    "disast": 3.499066258050338e-17,
    "financi": 0.0,
    "2009": 1.4071413176204373,
    "explor": 0.9051172855901312,
    "edg": 0.0,
    "won": -0.0,
    "overcom": 0.7736381330632855,
    "ineffici": 0.38217840708272677,
    "renew": 0.008637016890250605,
    "silver": 0.0003679730504470618,
    "nautilu": 7.032965497398815e-17,
    "effici": 0.0,
    "transmiss": 0.30314812705237426,
    "award": 0.0,
    "synopsi": 0.16163049053233533,
    "dilemma": 0.0,
    "solut": 0.09972252811629374,
    "trend": 0.0,
    "tech": -1.3344517718063418,
    "barrier": 0.4079051510984037,
    "brittl": 0.0,
    "reactor": 0.004938571451425425,
    "praeger": 0.0,
    "sovacool": 0.0
  }
}