{
  "qid": "113",
  "query": "Computer Scientists",
  "rank": 8,
  "docid": 2696703,
  "coef": {
    "state": 0.012564557535776963,
    "think": 0.0,
    "biolog": 0.0,
    "highli": 9.100941714685694e-06,
    "emerg": 0.3780904274222502,
    "focus": 0.0,
    "can": 0.2509956808287223,
    "support": 0.6931361152685641,
    "nation": 0.0,
    "led": 0.0,
    "help": 0.0,
    "order": 0.0,
    "econom": -0.0,
    "foster": 0.0,
    "head": 0.0,
    "challeng": 0.0,
    "manag": 0.023332541584963208,
    "found": 0.0,
    "bring": 0.012784846818457716,
    "perform": 0.0,
    "need": 0.24135434195717914,
    "establish": 0.5215736545787626,
    "involv": -0.0,
    "kei": 0.43916570336096666,
    "follow": 0.0,
    "david": -0.0,
    "far": 0.35373860004141294,
    "environment": 0.024999197556925267,
    "aim": 0.21316396746836921,
    "colleg": 0.3473307061337821,
    "commun": 0.0,
    "time": 0.0018755479822361954,
    "role": 0.0,
    "plai": 0.0,
    "newli": 0.0,
    "institut": -0.0,
    "will": 0.0,
    "field": 0.21214989381937727,
    "method": -0.0,
    "particip": 0.12826351494490007,
    "vision": 1.734988530970916,
    "new": 0.17571789974678373,
    "effect": 0.0,
    "goal": 0.0,
    "question": -0.0,
    "futur": 0.0,
    "problem": 0.0,
    "wai": 0.0,
    "scientist": 0.32709206199427887,
    "releas": 0.0,
    "natur": 0.0,
    "member": 0.1531109119220013,
    "scienc": 1.091312573375186,
    "foundat": 0.0,
    "associ": -0.0,
    "2008": 0.0,
    "increas": 0.0,
    "techniqu": 0.0,
    "appli": 0.05970446025748988,
    "year": 0.0,
    "sustain": 0.4505488025144378,
    "program": 0.0,
    "research": 0.0,
    "joint": 0.0,
    "univers": 0.0,
    "grant": 0.0,
    "resourc": 0.0,
    "methodolog": 0.39224700590259226,
    "12": 0.0,
    "societ": 0.0,
    "reach": 0.5927360390579901,
    "7": 0.0,
    "fund": 0.0,
    "ic": 0.8408347314292001,
    "balanc": -0.0,
    "mari": 0.0,
    "comput": 0.39108018697287195,
    "press": 0.21162168135900178,
    "northwest": 0.0,
    "engin": 1.5592519426645486,
    "conserv": 1.3247073909145188,
    "team": 0.9694606918703643,
    "pacif": 0.0,
    "expedit": 0.47964295504946236,
    "depart": -0.0,
    "thoma": 0.0,
    "announc": 0.0,
    "transform": 0.0,
    "oregon": 0.3060225540188461,
    "quot": -0.0,
    "economist": 0.0,
    "biologi": 0.0,
    "mathematician": 0.0007470075441501159,
    "effici": 0.250084654939762,
    "solv": 0.0,
    "biologist": 0.0,
    "director": 0.0,
    "laboratori": 0.0,
    "howard": 0.00028460938354049614,
    "inject": 0.0,
    "alloc": 0.448883937144039,
    "ventur": 0.0,
    "interdisciplinari": 0.10228835927341015,
    "insight": -0.0,
    "analog": 0.0,
    "141": 0.005526641983737104,
    "enrich": 1.0115695614526101,
    "nsf": 0.0,
    "deputi": -0.0,
    "cornel": -0.0,
    "08": 0.0009352061103347611,
    "lou": 0.0,
    "vibrant": 0.0,
    "zeeman": 0.0,
    "bowdoin": -0.0,
    "gome": 0.9506046981228402,
    "carla": 1.4408383086487487e-14,
    "osu": 0.0,
    "shmoi": -0.0,
    "dietterich": 0.0
  }
}