{
  "qid": "136",
  "query": "Visual Journalism",
  "rank": 2,
  "docid": 4735034,
  "coef": {
    "current": 0.0,
    "journal": 0.3615594289294482,
    "name": 3.1701667969968885,
    "establish": 3.3801854982253907,
    "art": 0.5897008046053668,
    "review": 0.0,
    "academ": -0.0,
    "publish": 0.0,
    "brighton": 2.4644235440029028,
    "intern": 0.0,
    "social": 0.0,
    "studi": 0.0,
    "scienc": 2.89683895759234,
    "associ": 0.0,
    "human": 0.0,
    "obtain": 0.0,
    "peer": 0.0,
    "visual": 3.2502670961808287,
    "univers": 0.00851824156393513,
    "index": 3.111104731291807,
    "chief": 0.0003431801968041788,
    "2002": 7.861894681117434e-17,
    "1986": 0.0,
    "taylor": 3.2015120380941116,
    "behalf": 0.0,
    "editor": 0.0,
    "sociolog": 0.0,
    "abstract": 0.0,
    "bibliographi": 2.3983998875114776,
    "franci": 0.0,
    "citat": 0.0,
    "newburi": 0.0,
    "darren": 0.0,
    "scopu": 0.0,
    "triannual": 0.20369579774293164
  }
}