{
  "qid": "113",
  "query": "Computer Scientists",
  "rank": 1,
  "docid": 857905,
  "coef": {
    "state": 0.002237248088151123,
    "can": 0.00027603431050494444,
    "nation": 0.0,
    "name": 0.16950019211297807,
    "creat": 0.0,
    "law": 0.352938327927952,
    "econom": 1.448235503887549e-14,
    "task": 1.0493449069398852,
    "concept": 0.08000769094787956,
    "gener": -0.0,
    "form": 0.0,
    "perform": 0.0,
    "area": 0.021653269530704424,
    "work": -0.0,
    "larg": 0.0,
    "art": 0.0012693531732148608,
    "respect": 0.0,
    "academ": 0.0020133979981018595,
    "necessarili": 0.0007490808957921254,
    "influenc": 0.14807315021506035,
    "field": 1.98064194412025,
    "specif": 0.31172545340280783,
    "effect": 0.0,
    "amount": 0.0,
    "who": 0.0,
    "wai": 0.0,
    "increasingli": 1.1127488912466306,
    "scientist": 0.8567674945434697,
    "social": -0.0,
    "person": 0.0,
    "scienc": 1.216228313327049,
    "train": 0.9484887411410854,
    "physic": -0.0,
    "medicin": 0.0,
    "disciplin": 0.0,
    "appli": 0.9963985470971314,
    "model": -0.0,
    "high": 0.0,
    "advanc": 1.3590366830142468,
    "research": 0.8950918995272458,
    "univers": 0.0,
    "typic": 5.543625631312597e-15,
    "data": 1.234891829233464,
    "analyz": 1.5473310956822914,
    "scientif": 1.2693289127129512,
    "analysi": 1.3592555480998574,
    "skill": 0.0,
    "cloud": 0.2797141536577988,
    "artifici": -0.0,
    "clean": 1.398013592491257,
    "comput": 0.8480401797650606,
    "huge": -0.0,
    "engin": 0.0,
    "compani": 1.6279536485644512,
    "biologi": 0.9635740562855122,
    "mathematician": 0.0,
    "calibr": 0.4695872440070995,
    "lab": 0.0,
    "usabl": 0.0,
    "chemistri": -0.0,
    "simul": 1.1609908642849223,
    "forth": 0.10026626668735081,
    "astrophys": 0.39708453040790936,
    "statistician": 0.0,
    "tech": 0.0
  }
}