{
  "qid": "139",
  "query": "European Union Governance",
  "rank": 5,
  "docid": 2554121,
  "coef": {
    "state": 0.0,
    "discuss": 0.0,
    "union": 0.07005029862432433,
    "right": 0.03668650455743272,
    "peopl": 0.021232167231965117,
    "spell": 0.0,
    "primarili": 0.0,
    "nation": 0.09980418851506434,
    "situat": 0.0,
    "led": -0.0,
    "law": 0.1864691860527781,
    "adopt": 0.0,
    "spanish": 0.0,
    "task": 0.0,
    "taken": 0.0857767887307796,
    "conduct": 0.053029501892944246,
    "respons": 0.0,
    "gener": 0.0,
    "includ": 0.0,
    "take": 0.0,
    "attent": 0.0385676204152203,
    "came": -0.0,
    "event": 0.0,
    "manag": 0.0,
    "polit": 0.0,
    "legal": 0.0,
    "forc": 0.0,
    "secur": 0.06068482135634336,
    "oper": 0.13677270898327232,
    "principl": 0.07102918534679392,
    "establish": 0.0,
    "involv": 0.06644596589879116,
    "fail": 0.0,
    "term": 0.0,
    "note": 0.0,
    "peac": 0.0,
    "follow": 0.0,
    "second": -0.0,
    "carri": 0.0,
    "develop": 0.287665390322086,
    "respect": 0.0,
    "govern": 0.1118412063141195,
    "confer": 0.0,
    "issu": 0.0,
    "aim": 0.0,
    "act": 0.11442908525572902,
    "mutual": 0.09564480911426497,
    "common": 0.2409375143546551,
    "plan": 0.0,
    "will": 0.0,
    "acknowledg": 0.0,
    "set": 0.0,
    "see": 0.0,
    "particip": 0.26680311418582886,
    "constitut": 0.005028141209006107,
    "specif": 0.19694172680098362,
    "known": 0.0,
    "line": 0.0,
    "new": 0.0,
    "move": 0.0,
    "like": 0.0,
    "emphasis": -0.0,
    "leader": 0.0,
    "intern": 0.22432154117147732,
    "signal": 0.0,
    "charact": 0.0,
    "accord": 0.2681890370790051,
    "futur": 0.0,
    "posit": 0.056158117318802,
    "first": 0.0,
    "make": 0.0,
    "activ": 0.07863325451668476,
    "part": 0.0,
    "unit": 0.07171834694722316,
    "natur": 0.0,
    "tradit": 0.13440698037462795,
    "made": 0.0,
    "member": 0.04504537903765466,
    "decis": 0.34589116518343166,
    "council": 0.14605667225633695,
    "refer": 0.0,
    "armi": 0.0,
    "declar": 0.2066627169977663,
    "accept": 0.0,
    "met": 0.0,
    "associ": 0.0,
    "meet": 0.0,
    "parti": 0.0,
    "commit": 0.11923549770166886,
    "impos": 0.0,
    "2": 0.13250430045076775,
    "intend": 0.0,
    "present": -0.0,
    "attach": 0.0,
    "background": 0.0,
    "approv": 0.06196525499320385,
    "outcom": 0.0,
    "maintain": 0.0,
    "primari": 0.0,
    "firm": 0.0,
    "instrument": -0.0,
    "understood": 0.11067750846126315,
    "unaffect": 0.0,
    "regard": 0.18601278115120584,
    "measur": 0.0,
    "unchang": 0.0,
    "4": 0.0,
    "3": 0.0,
    "specifi": 0.0,
    "requir": 0.3315900398182088,
    "22": -0.0,
    "capac": 0.12895538808138104,
    "clear": 0.0,
    "neutral": 0.0,
    "foreign": 0.0,
    "european": 0.18652608369686688,
    "irish": 0.2820710578578906,
    "statu": 0.0,
    "confirm": 0.0,
    "presid": 0.0,
    "assembl": 0.0,
    "held": 0.0,
    "militari": 0.10227714670628459,
    "referendum": 0.0,
    "unanim": 0.0,
    "retain": 0.0,
    "treati": 0.2699588194801705,
    "cabinet": 0.0,
    "2002": 0.21636687692820525,
    "charter": 0.012968884012231958,
    "decid": 0.0,
    "depart": 0.0,
    "elector": 0.0,
    "june": 0.036371404983368646,
    "mainten": 0.000777816071443567,
    "21": 0.0,
    "amend": 0.0,
    "polici": 0.06634772734855224,
    "recal": 0.0,
    "statement": 0.0,
    "sovereign": 0.004937618591326735,
    "ratif": 0.0,
    "bind": 0.0,
    "occas": 0.0,
    "crisi": 0.0,
    "oversea": 0.0,
    "recognis": 0.20529382183419656,
    "clearli": 0.0,
    "defenc": 0.17345850327206486,
    "drawn": 0.006371414530353554,
    "agreement": 0.0,
    "humanitarian": 0.024587885812510944,
    "prejudic": 0.0,
    "bound": 0.0,
    "reiter": 0.0,
    "un": -0.0,
    "entri": 0.3454494091947754,
    "lock": 0.0,
    "amsterdam": 0.0,
    "personnel": 0.0,
    "conting": 0.0,
    "eu": 0.07977456718595964,
    "paragraph": 0.0,
    "cogniz": -0.0,
    "ireland": 0.32386651437858777,
    "mandat": 0.0,
    "tripl": 0.060529457725947644,
    "il": 0.0,
    "authoris": 0.0,
    "solemn": -0.0,
    "deploi": 0.0,
    "nice": 0.034452232866543385,
    "reaffirm": 0.0,
    "sevil": 0.10624757816977565,
    "ireann": 0.0,
    "maastricht": 0.0,
    "eu14": 0.0
  }
}