{
  "qid": "132",
  "query": "Literacy",
  "rank": 4,
  "docid": 4195168,
  "coef": {
    "be": 0.0,
    "latin": 0.0,
    "half": 0.0,
    "state": 0.0,
    "discuss": 0.0,
    "5": 0.0,
    "list": 0.0,
    "right": 0.01328549713619114,
    "lead": 0.0,
    "organis": 0.0,
    "mind": 0.0,
    "cultur": 0.0,
    "peopl": 0.07643038770569172,
    "stretch": 0.0,
    "seek": 0.0,
    "inspir": 0.0,
    "societi": 0.0,
    "focus": 0.0,
    "believ": 0.0,
    "can": 0.18468340822130866,
    "sect": 0.0,
    "belief": 0.0,
    "support": 0.0,
    "greatli": 0.0,
    "nation": -0.0,
    "situat": 0.0,
    "creat": 0.0,
    "countri": 0.07136660379723751,
    "help": 0.04409658974915898,
    "order": 0.0,
    "econom": 0.020533320848221227,
    "us": 0.013984684075217132,
    "begin": 0.0,
    "conduct": 0.0,
    "basic": 0.0,
    "acquir": -0.0,
    "write": -0.0,
    "tool": 0.0,
    "servic": 0.0,
    "target": 0.0,
    "includ": 0.0,
    "strong": 0.0,
    "socioeconom": 0.0,
    "word": 0.0,
    "attend": 0.0,
    "educ": 0.245040893481598,
    "call": 0.0,
    "event": 0.035251843433343574,
    "allow": 0.0,
    "number": -0.0,
    "import": 0.0,
    "found": 0.0,
    "world": 0.06658984435455446,
    "bring": 0.0,
    "oper": -0.0,
    "open": 0.0,
    "area": 0.0,
    "best": 0.0,
    "bodi": -0.0,
    "principl": -0.0,
    "come": 0.0,
    "ag": 0.0,
    "need": 0.0,
    "establish": 0.0,
    "align": 0.0,
    "involv": 0.0,
    "limit": 0.0,
    "host": 0.09502687106251857,
    "fail": 0.0,
    "built": 0.0,
    "school": 0.057780381753028444,
    "build": -0.0,
    "charg": 0.0,
    "tend": 0.0,
    "last": 0.0,
    "work": 0.07346550501544562,
    "american": -0.0,
    "just": 0.0,
    "youth": 0.04126997613557146,
    "scholar": 0.0,
    "digit": 0.0,
    "chang": 0.0,
    "elimin": 0.0,
    "long": 0.03767957239010075,
    "america": 0.06345232408461615,
    "develop": -0.0,
    "popular": 0.0,
    "young": 0.0,
    "well": -0.0,
    "learn": 0.0,
    "complet": 0.0,
    "govern": -0.0,
    "reform": -0.0,
    "confer": 0.0,
    "close": 0.0,
    "aim": -0.0,
    "whole": 0.0,
    "group": 0.0,
    "ago": -0.0,
    "effort": 0.0,
    "commun": 0.16908026471291907,
    "academ": 0.0,
    "act": 0.0,
    "afford": 0.0,
    "time": 0.0,
    "rank": -0.0,
    "life": 0.0,
    "process": -0.0,
    "plan": 0.0,
    "organ": 0.013569216279233085,
    "publish": -0.0,
    "recent": 0.0,
    "student": 0.0,
    "end": 0.0,
    "institut": 0.0,
    "will": 0.0,
    "enhanc": 0.0,
    "field": -0.0,
    "place": 0.0,
    "function": -0.0,
    "children": 0.016700733043763513,
    "set": -0.0,
    "non": 0.0,
    "wide": 0.0,
    "live": 0.22319020402149384,
    "local": -0.0,
    "collect": 0.0,
    "english": -0.0,
    "particip": 0.0,
    "specif": 0.0,
    "advoc": 0.0,
    "vision": 0.0,
    "onli": 0.0,
    "new": 0.0,
    "understand": 0.0,
    "like": 0.0,
    "free": 0.0021513248085339495,
    "leader": -0.0,
    "effect": -0.0,
    "intern": -0.0,
    "goal": 0.05741624325611522,
    "who": 0.03784417489459384,
    "accord": 0.0,
    "read": 0.19184308542220796,
    "media": 0.0,
    "class": 0.0,
    "multipl": 0.0,
    "whom": 0.0,
    "first": -0.0,
    "idea": -0.0,
    "result": 0.0,
    "problem": 0.037957368587476885,
    "distribut": 0.0,
    "unit": 0.0,
    "social": 0.007256038918288182,
    "promot": 0.0,
    "matter": 0.0,
    "tradit": -0.0,
    "individu": 0.002915618380853024,
    "made": 0.0,
    "continu": 0.0,
    "member": 0.0,
    "unabl": 0.0,
    "studi": 0.0,
    "motiv": 0.0,
    "potenti": 0.0,
    "spread": 0.0,
    "base": 0.0,
    "promin": 0.03292556281088416,
    "dai": 0.06239414080948349,
    "give": 0.0,
    "foundat": 0.05997548766434267,
    "book": 0.0,
    "declar": 0.03767129890086033,
    "separ": -0.0,
    "regardless": -0.0,
    "relationship": 0.0,
    "combin": -0.0,
    "power": 0.0,
    "valu": 0.0,
    "global": 0.021708088531230997,
    "statist": 0.0,
    "voic": 0.0,
    "human": 0.0,
    "teach": -0.0,
    "sens": 0.0,
    "60": 0.0,
    "benefici": 0.0,
    "level": 0.0,
    "8": -0.0,
    "train": 0.0,
    "mother": 0.0,
    "month": 0.0,
    "low": -0.0,
    "million": 0.0,
    "compil": 0.0,
    "contain": 0.0,
    "scale": 0.0,
    "greater": 0.0,
    "initi": 0.0,
    "uk": 0.1992372283657943,
    "cost": 0.0,
    "year": 0.0,
    "gap": 0.0,
    "parent": 0.08801078414691332,
    "materi": 0.0,
    "roughli": 0.0,
    "program": 0.0,
    "indic": 0.0,
    "lower": 0.0,
    "popul": -0.0,
    "full": 0.0,
    "background": -0.0,
    "high": 0.0,
    "provis": -0.0,
    "000": 0.0,
    "numer": 0.0,
    "research": 0.0,
    "teacher": 0.0,
    "stimul": 0.0,
    "invit": 0.0,
    "schedul": 0.0,
    "rate": 0.0,
    "week": 0.0,
    "univers": 0.0,
    "primari": 0.0,
    "rang": 0.0,
    "document": 0.0,
    "worldwid": 0.0,
    "tailor": 0.0,
    "resourc": 0.020553351148726896,
    "rais": 0.022352598102762532,
    "date": 0.0,
    "significantli": 0.0,
    "50": 0.0,
    "locat": 0.0,
    "30": 0.0,
    "improv": 0.01631442717766803,
    "game": 0.0,
    "15": 0.0,
    "12": -0.0,
    "10": 0.0,
    "specialist": 0.0,
    "24": -0.0,
    "famili": 0.0,
    "report": 0.0,
    "poor": 0.0,
    "surround": -0.0,
    "scientif": -0.0,
    "pair": 0.0,
    "opportun": -0.0,
    "measur": 0.0,
    "essenti": 0.0,
    "divid": -0.0,
    "awar": 0.01981633405986905,
    "deliv": 0.0,
    "earn": 0.05815800832567972,
    "skill": -0.0,
    "qualiti": 0.0,
    "start": 0.0,
    "design": -0.0,
    "2018": 0.0,
    "2016": 0.0,
    "2012": 0.0,
    "languag": 0.0,
    "reach": 0.0,
    "compar": 0.0,
    "standard": 0.0,
    "hope": 0.04525305000363041,
    "grow": 0.0,
    "6": 0.0,
    "4": 0.0,
    "1": 0.06363087769488933,
    "sky": -0.0,
    "requir": 0.0,
    "drive": 0.0,
    "applic": 0.0,
    "35": -0.0,
    "here": 0.0,
    "27": 0.0,
    "run": 0.0027251872700704487,
    "receiv": 0.0,
    "impact": 0.0,
    "2003": 0.0,
    "eventu": 0.0,
    "geograph": 0.0,
    "electr": 0.07432828408478195,
    "annual": 0.0,
    "trap": 0.0,
    "solar": -0.0,
    "content": 0.0,
    "incom": -0.0,
    "sun": 0.0,
    "celebr": 0.0,
    "statu": 0.0,
    "750": 0.0,
    "headquart": 0.0,
    "held": 0.0,
    "racial": 0.0,
    "corpor": 0.0,
    "liter": -0.0,
    "donat": 0.018738847069765276,
    "spend": -0.0,
    "busi": 0.0,
    "dialect": -0.0,
    "gather": 0.0,
    "300": 0.0,
    "prepar": 0.0,
    "expect": 0.0,
    "project": 0.0,
    "novemb": 0.0,
    "campaign": 0.02794292845800085,
    "grown": -0.0,
    "fourth": 0.0,
    "april": 0.06870033091962077,
    "financi": 0.0,
    "150": 0.0,
    "septemb": 0.0,
    "2019": 0.0,
    "on": 0.0,
    "south": -0.0,
    "economi": 0.0,
    "deleg": 0.0,
    "lost": 0.0,
    "billion": 0.03941747434979277,
    "possess": -0.0,
    "shoot": 0.0,
    "poverti": 0.0,
    "26": 0.0,
    "19": 0.0,
    "1965": 0.0,
    "indigen": 0.11269615010527498,
    "literaci": 0.12183922030470906,
    "african": 0.03371382805159,
    "monei": -0.0,
    "februari": 0.0,
    "access": 0.0,
    "star": 0.0,
    "tablet": 0.15169221960713428,
    "cycl": 0.0,
    "evolv": 0.0,
    "entitl": -0.0,
    "internation": 0.0,
    "contin": 0.0,
    "bui": -0.0,
    "monitor": -0.0,
    "profit": 0.0,
    "purpos": 0.0,
    "combat": 0.0,
    "dedic": 0.0,
    "devot": -0.0,
    "enlist": -0.0,
    "partner": 0.0,
    "welfar": 0.0,
    "launch": -0.0,
    "crisi": -0.0,
    "volunt": 0.0,
    "load": 0.0,
    "aspir": 0.0,
    "michigan": 0.0,
    "encourag": 0.021685457707800733,
    "ensur": 0.0,
    "lifelong": 0.0,
    "pound": 0.0,
    "tutor": 0.0,
    "kingdom": -0.0,
    "vital": 0.0,
    "partnership": 0.0,
    "collabor": 0.0,
    "oxford": 0.0,
    "2020": 0.0,
    "certifi": 0.0,
    "ambassador": 0.0,
    "lift": 0.0,
    "gear": 0.0,
    "australia": -0.0,
    "trillion": 0.0,
    "sector": 0.0,
    "passion": 0.0,
    "solut": 0.0,