{
  "qid": "120",
  "query": "Baking",
  "rank": 2,
  "docid": 279731,
  "coef": {
    "can": 0.25512538749781305,
    "order": 0.5390152923112667,
    "us": 0.5641471809838343,
    "pre": 0.0,
    "prevent": 0.6834706340693761,
    "call": 0.23885119018171452,
    "allow": 0.0,
    "due": 0.025441969899758898,
    "involv": 0.0,
    "work": 0.7290005540265287,
    "second": 0.0,
    "complet": 0.0,
    "close": 0.0,
    "time": -0.0,
    "process": 0.0,
    "will": -0.0,
    "small": 0.030734990310154347,
    "place": 0.0,
    "see": 0.0,
    "method": 0.06447830369789072,
    "line": 0.02031263685716189,
    "produc": 0.0,
    "past": 0.0,
    "shape": 0.14070371019059913,
    "achiev": 0.0,
    "partli": 0.0,
    "techniqu": 0.8186355861962399,
    "blind": -0.0,
    "case": 0.2617133150094666,
    "weight": 0.6193278585253507,
    "remov": 0.04368722862402742,
    "metal": 0.0,
    "paper": 0.0,
    "repeatedli": 0.011880787931629189,
    "keep": 0.0,
    "top": 0.0,
    "bubbl": 0.0,
    "shorter": 0.0,
    "photograph": 0.0,
    "brown": 0.0,
    "retain": 0.03163966583772395,
    "fulli": -0.0,
    "bird": 0.3753364550072722,
    "escap": 0.00021170689086052427,
    "fill": 0.9590730108444653,
    "ensur": 0.0,
    "hole": 0.0070159844806036275,
    "accomplish": 0.0,
    "puls": 0.0,
    "dri": 0.021408347316470535,
    "wet": 0.0,
    "shell": 0.0,
    "soft": 0.06001999771296204,
    "simplifi": 0.0,
    "tin": 0.6794093304741765,
    "pierc": 0.0,
    "ceram": 0.8830754644225738,
    "pastri": -0.0,
    "pi": 0.0018355877904240564,
    "steam": 0.0,
    "te": 0.0,
    "foil": 0.0,
    "rice": 0.01786962864720112,
    "pie": 0.0,
    "crust": 0.5179397624192112,
    "cream": 0.08457444466511699,
    "bean": 0.43592165664487237,
    "lentil": 0.0,
    "pea": 0.06508867024859674,
    "aluminium": 0.12322158916168437,
    "fork": 0.7761429100721438,
    "bead": 0.10578819847163273,
    "dispens": 0.0,
    "bake": 0.6076331454532591,
    "invert": -0.0,
    "dough": 0.0,
    "pud": 0.5150662803038483,
    "parchment": 0.0,
    "sucr": 0.5504429108006986,
    "tine": 0.7691698979253745,
    "unbak": 0.0,
    "huff": 0.02476011187045599,
    "soggi": 0.8002021336778251
  }
}