{
  "qid": "121",
  "query": "Racquet Sports",
  "rank": 1,
  "docid": 4369941,
  "coef": {
    "be": 0.0,
    "demonstr": 0.0,
    "state": 0.0,
    "mind": 0.0,
    "highli": -0.0,
    "market": 0.0,
    "disappear": 0.0,
    "stabil": 0.0,
    "emerg": 0.0,
    "exist": 0.0,
    "belief": 0.0,
    "higher": 0.0,
    "extrem": 0.12390975584610722,
    "tendenc": 0.10408961237796262,
    "earli": -0.0,
    "led": 0.0,
    "creat": 0.34527617641706093,
    "classic": 0.0,
    "us": -0.0,
    "begin": 0.0,
    "reduc": 0.0,
    "websit": 0.0,
    "domin": -0.0,
    "gener": 0.02242004882405739,
    "includ": 0.0,
    "strong": 0.0732908348584623,
    "head": 0.2677823229213438,
    "histori": 0.0,
    "call": 0.0,
    "legal": 0.0,
    "form": 0.1405380953410371,
    "allow": 0.0,
    "number": 0.0,
    "world": 0.0,
    "commonli": 0.0,
    "open": 0.0,
    "due": 0.38248782668946113,
    "ag": 0.0,
    "term": 0.17437537190455168,
    "kei": 0.0,
    "note": 0.0,
    "still": 0.0,
    "just": 0.0,
    "larg": 0.0,
    "control": 0.0,
    "chang": 0.0,
    "long": -0.0,
    "influenti": 0.0,
    "develop": 0.0,
    "popular": 0.3136232800309049,
    "career": 0.0,
    "well": 0.04023759897453138,
    "complet": 0.0,
    "feder": 0.0,
    "similarli": 0.0,
    "lack": 0.0,
    "author": 0.0,
    "offer": 0.19041886433723731,
    "time": 0.208319297039131,
    "rank": 0.0,
    "process": 0.0,
    "plai": 0.0,
    "notabl": -0.0,
    "recent": 0.0,
    "end": 0.0,
    "internet": 0.0,
    "find": 0.0,
    "small": -0.12600059375453668,
    "consid": 0.27498732671847914,
    "good": 0.20928124074444088,
    "todai": 0.0,
    "saw": 0.0,
    "20": 0.0,
    "known": 0.0,
    "articl": 0.0,
    "histor": 0.0,
    "onli": 0.41646922858548946,
    "line": 0.0,
    "new": 0.0,
    "produc": 0.23850766413245528,
    "like": 0.0,
    "construct": 0.0,
    "john": 0.0,
    "who": 0.15080177002742748,
    "posit": 0.0,
    "first": 0.0,
    "shown": 0.0,
    "result": 0.0,
    "make": 0.14181962258854264,
    "activ": -0.0,
    "transit": 0.0,
    "wai": 0.0,
    "share": 0.11125020390129717,
    "made": 0.2784942195185646,
    "continu": 0.3322828679305401,
    "littl": 0.0,
    "defeat": 0.0,
    "achiev": 0.0,
    "easi": -0.0,
    "shift": 0.0,
    "success": 0.3888215868535657,
    "larger": 0.0,
    "power": 0.49096009345824054,
    "argu": 0.0,
    "technolog": 0.0,
    "train": 0.0,
    "older": 0.0,
    "low": 0.0,
    "size": 0.31724694866399533,
    "scale": 0.051679112970743825,
    "dramat": 0.0,
    "year": 0.28432559910490096,
    "rare": 0.0,
    "weight": 0.010728496400109715,
    "1987": 0.0,
    "materi": 0.31747452471301707,
    "profession": 0.26722948913907163,
    "resist": 0.10261098009950789,
    "model": 0.0,
    "introduc": 0.0,
    "german": 0.0,
    "prefer": 0.0,
    "show": 0.0,
    "2013": 0.0,
    "metal": 0.0,
    "consider": 0.0,
    "accompani": 0.0,
    "primari": 0.0,
    "typic": 0.0,
    "femal": 0.0,
    "detail": 0.0,
    "90": 0.0,
    "1980": 0.39450726479984377,
    "now": 0.0,
    "1970": 0.0,
    "improv": 0.0,
    "game": 0.40244249313094704,
    "10": 0.22193034797289368,
    "male": 0.0,
    "factor": 0.0,
    "measur": -0.0,
    "successfulli": 0.0,
    "start": 0.0,
    "design": 0.298861755810527,
    "reach": 0.0,
    "2005": 0.0,
    "match": 0.25982351807934506,
    "compar": 0.35639317199220055,
    "commerci": 0.0,
    "standard": 0.0,
    "smaller": 0.03988151084129755,
    "layer": 0.003771227892548988,
    "receiv": 0.0,
    "absorb": 0.0,
    "impact": 0.0,
    "top": 0.0,
    "eventu": 0.001358394724912862,
    "approxim": 0.0,
    "95": -0.0,
    "final": 0.0,
    "prior": 0.0,
    "squar": 0.007710039172340929,
    "held": 0.0,
    "submit": 0.16474032984907142,
    "ban": 0.3136368272898419,
    "sport": 0.1542663264448842,
    "wood": 0.29154953017198026,
    "corpor": 0.0,
    "profil": 0.0,
    "engin": 0.0,
    "nearli": 0.0,
    "largest": 0.0,
    "weed": 0.0,
    "switch": -0.0,
    "file": 0.0,
    "competit": 0.0,
    "roger": 0.3012867708853427,
    "prolifer": 0.12432174068506568,
    "sold": 0.0,
    "super": 0.0,
    "110": -0.0,
    "100": -0.0,
    "budget": 0.0,
    "tommi": 0.0,
    "compani": 0.0,
    "possess": 0.47824819459474227,
    "favor": 0.0,
    "tenni": 0.2519709487750363,
    "1984": 0.0,
    "1978": 0.12966400348539256,
    "1972": 0.0,
    "1963": 0.38692072744119405,
    "solid": 0.0,
    "steel": 0.0,
    "desir": 0.0,
    "princ": 0.28502864562406294,
    "invent": 0.15117587154438697,
    "youngest": 0.0,
    "wilson": 0.0,
    "patent": 0.1669968316567662,
    "agre": 0.0,
    "tad": 0.0,
    "reportedli": 0.0,
    "125": 0.0,
    "impress": 0.0,
    "shock": 0.0,
    "inch": 0.34167935235218494,
    "germani": 0.0,
    "store": 0.0,
    "historian": 0.0,
    "seed": 0.0,
    "lighter": 0.0,
    "twelv": 0.0,
    "machin": 0.0,
    "excel": 0.0,
    "displac": 0.0,
    "extant": 0.0,
    "frame": 0.0035988743852927653,
    "ball": 0.0,
    "soft": 0.0,
    "culmin": -0.0,
    "upheld": 0.0,
    "disqualif": -0.0,
    "1976": 0.0,
    "publicli": 0.0,
    "monica": 0.0,
    "archiv": 0.0,
    "introduct": 0.0,
    "surpris": 0.0,
    "constitu": 0.0,
    "1975": 0.0,
    "player": 0.117593950241631,
    "paramount": 0.0,
    "synthet": -0.0,
    "howard": 0.0,
    "andr": 0.0,
    "cheat": 0.0,
    "recreat": 0.40549249606711724,
    "proven": 0.0,
    "flexibl": 0.0,
    "trend": 0.0,
    "snapshot": 0.0,
    "amateur": 0.0,
    "lucr": 0.0,
    "woodi": 0.0,
    "wooden": -0.0,
    "haa": 0.0,
    "sele": 0.0,
    "sampra": 0.08547914988133228,
    "mcenro": 0.0,
    "seller": -0.0,
    "graphit": 0.29642109983310105,
    "pete": 0.11165520071110552,
    "laver": -0.0,
    "rod": -0.0,
    "agassi": 0.0,
    "racquet": 0.22371974609849443,
    "rivalri": 0.0,
    "smallest": -0.0,
    "warehous": 0.0,
    "marketplac": -0.0,
    "crack": 0.0,
    "aluminum": 0.0,
    "135": 0.0,
    "kurt": 0.0,
    "rariti": 0.0,
    "stiff": 0.0,
    "warp": -0.0,
    "stiffer": 0.0,
    "playabl": 0.0,
    "finalist": 0.0,
    "bentlei": -0.0,
    "overs": 0.2988887624050117,
    "martina": 0.0,
    "pam": 0.0,
    "navratilova": 0.0,
    "shriver": 0.0,
    "fiberglass": 0.29459908517517064,
    "crutch": 0.0700920347749049,
    "sabatini": 0.0,
    "gabriela": 0.0,
    "siegfri": 0.12088908124435957,
    "epoxi": 0.0,
    "walmart": 0.0,
    "widebodi": 0.0,
    "yamaha": 0.0,
    "generalist": 0.0,
    "midsiz": 0.2545128163766359,
    "fortissimo": 0.0,
    "yonex": 0.0,
    "caldon": 0.0,
    "yfg": 0.0,
    "lacost": 0.0,
    "wayback": 0.0,
    "warpag": 0.0,
    "kuebler": 0.0,
    "midplu": 0.0,
    "t2000": -0.0,
    "klemmer": -0.0,
    "stringb": -0.0,
    "spoga": 0.0
  }
}