{
  "qid": "132",
  "query": "Literacy",
  "rank": 6,
  "docid": 4944105,
  "coef": {
    "aspect": 0.0,
    "state": 0.12136450540591037,
    "discuss": 0.0,
    "possibl": -0.0,
    "current": 1.7975602304874645e-16,
    "inequ": -0.0,
    "origin": 0.0,
    "market": 0.0,
    "cultur": 0.0,
    "peopl": 0.0,
    "benefit": 0.0,
    "stabil": 0.0,
    "seek": -0.0,
    "societi": 0.0,
    "can": 0.0,
    "system": 0.16842138777717658,
    "support": 0.01463496525455233,
    "nation": 0.09486457226624763,
    "region": 0.0,
    "evalu": 0.0,
    "creat": 0.0,
    "platform": -0.0,
    "countri": 0.1114914693861031,
    "industri": 0.0,
    "order": 0.0,
    "econom": 6.510150197382583e-05,
    "reduc": 0.0,
    "friendli": -0.0,
    "respons": 0.0,
    "domin": 0.0,
    "servic": -0.0,
    "includ": 0.0,
    "prevent": 0.0,
    "strong": 0.0,
    "began": 0.0,
    "attend": 0.0,
    "educ": 0.12068922154710476,
    "event": 0.0,
    "manag": 0.0,
    "allow": 0.0,
    "civil": -0.0,
    "world": -0.0,
    "hold": 0.0,
    "border": -0.0,
    "best": 0.0,
    "bodi": 0.0,
    "ag": 0.0,
    "establish": 0.0,
    "involv": 0.0,
    "trade": 0.0037863728626785055,
    "term": 0.0,
    "school": -0.0,
    "implement": -0.0,
    "work": 0.0,
    "conscious": -0.0,
    "octob": 0.10175758342163341,
    "experi": 0.0,
    "scholar": 0.21889657500196047,
    "long": 0.0,
    "object": -0.0,
    "develop": 0.0,
    "well": 0.13235200914026893,
    "govern": -0.0,
    "confer": 0.0,
    "close": 0.0,
    "issu": 0.0,
    "aim": 0.0,
    "group": 0.0,
    "effort": 0.0,
    "citi": -0.0,
    "commun": 0.09240406242499723,
    "common": 0.0,
    "organ": 0.0,
    "influenc": 0.0,
    "institut": 0.0,
    "will": 0.21189986791792334,
    "enhanc": 0.0,
    "network": -0.0,
    "field": 0.0,
    "set": 0.0,
    "non": 0.0,
    "live": 0.0,
    "consid": 0.0,
    "english": 0.0,
    "particip": 0.0,
    "20": 0.0,
    "cooper": 0.09333997202881171,
    "direct": 0.0,
    "inform": 0.0,
    "dispar": 0.0,
    "determin": 0.0,
    "onli": 0.0,
    "understand": 0.0,
    "effect": 0.05905715456441329,
    "intern": 0.13544448540482076,
    "similar": 0.0,
    "minor": 0.0,
    "futur": 0.0,
    "media": 0.0,
    "disord": 0.0,
    "first": 0.0,
    "idea": -0.0,
    "result": 0.0,
    "activ": 0.0,
    "wai": 0.0,
    "share": 0.0,
    "social": 0.0,
    "promot": 0.0,
    "individu": 0.0,
    "studi": 0.012878764597403867,
    "motiv": 0.0,
    "council": 0.0,
    "scienc": -0.0,
    "forum": 0.0,
    "prosper": 0.0,
    "associ": 0.027057375835087567,
    "global": -0.0,
    "across": 0.13183542047929991,
    "level": 0.0,
    "8": 0.0,
    "diseas": 0.2177998875268161,
    "distinguish": -0.0,
    "physic": 0.0,
    "initi": 0.0,
    "appli": 0.0,
    "environ": 0.0,
    "identifi": 0.0,
    "caregiv": 0.0,
    "profession": 0.0,
    "nutrit": 0.0,
    "program": 0.0,
    "diabet": 0.0,
    "food": 0.0,
    "high": 0.0,
    "patient": 0.009517648623783952,
    "2013": 0.0,
    "research": 0.10110816335344765,
    "health": 0.21079237563695885,
    "univers": 0.03227935116705291,
    "race": 0.0,
    "coordin": 0.0,
    "improv": 0.13997061792105947,
    "15": 0.0,
    "survei": -0.054142492761169364,
    "risk": 0.04022186145457981,
    "consequ": 0.0,
    "measur": 0.0,
    "mental": -0.0,
    "theme": -0.0,
    "qualiti": 0.0,
    "design": 0.0,
    "2014": 0.0,
    "2012": 0.0,
    "safeti": 0.0,
    "implic": 0.0,
    "compar": 0.0,
    "intervent": -0.005221910898830579,
    "occup": 0.0,
    "hospit": 0.0,
    "7": -0.0,
    "6": 0.0,
    "receiv": 0.0,
    "impact": 0.0,
    "al": 0.0,
    "capac": 0.0,
    "knowledg": 0.0,
    "energi": -0.0,
    "foreign": 0.0,
    "european": 0.1839153190033201,
    "cross": -0.0,
    "statu": -0.0,
    "lao": 0.0,
    "multi": 0.0,
    "held": 0.11151172650927975,
    "corpor": -0.002408233181991287,
    "protect": 0.0,
    "liter": 0.0,
    "vietnam": 0.022139642659490557,
    "team": 0.0,
    "administr": -0.0,
    "busi": -0.0,
    "affair": 0.0,
    "expert": 0.0,
    "counti": 0.0,
    "project": 0.13321672392741182,
    "provid": -0.0,
    "vulner": 0.0,
    "offic": 0.0,
    "asian": 0.0,
    "2009": 0.0,
    "south": 0.0,
    "explor": 0.1373141222432387,
    "depart": -0.0,
    "healthcar": 0.0,
    "agenc": -0.0,
    "literaci": 0.11765817789304907,
    "access": 0.0,
    "cambodia": 0.0,
    "polici": -0.0,
    "seventh": 0.0,
    "1st": 0.0,
    "purpos": 0.0,
    "japan": 0.0,
    "welfar": 0.0,
    "apprais": 0.0,
    "speaker": -0.0,
    "compet": 0.0,
    "deliveri": -0.0,
    "encompass": 0.0,
    "reproduct": 0.0,
    "2nd": 0.0,
    "asia": 0.14814748488726984,
    "effici": 0.0,
    "partnership": 0.1515982110420275,
    "collabor": 0.0,
    "maker": -0.0,
    "healthi": 0.0,
    "inter": 0.0,
    "migrant": 0.0,
    "ministri": 0.08327388770299057,
    "eu": -0.0,
    "disciplinari": 0.0,
    "curriculum": 0.0,
    "overview": 0.0008642056912992387,
    "netherland": 0.0,
    "malaysia": 0.0,
    "myanmar": 0.0,
    "mirror": 0.0,
    "lanka": 0.0,
    "sri": 0.0,
    "pakistan": 0.0,
    "taiwan": 0.08666247285690193,
    "korea": 0.0,
    "stakehold": 0.0,
    "kyrgyzstan": 0.0,
    "philippin": 0.0,
    "mongolia": 0.0,
    "kazakhstan": 0.0,
    "indonesia": 0.0,
    "cardiovascular": 0.0,
    "hl": 0.0,
    "communic": 0.0,
    "ncd": 0.0,
    "renal": 0.0,
    "fp": -0.0,
    "maastricht": 0.0,
    "taipei": 0.0,
    "hypertens": 0.0,
    "ahla": -0.0,
    "kaohsiung": 0.0,
    "taitung": 0.0,
    "fp7": 0.0,
    "hlsa": -0.0,
    "mjgroup": -0.0
  }
}