{
  "qid": "116",
  "query": "Malnutrition",
  "rank": 2,
  "docid": 2292893,
  "coef": {
    "state": 0.0,
    "seen": 0.0,
    "believ": 0.0,
    "caus": 0.0,
    "complex": 0.0,
    "common": 0.0,
    "failur": 1.8810487706915104,
    "known": 3.7320557088689026,
    "surviv": 2.0747347653390666,
    "distinct": 1.8728995915289037,
    "condit": 0.0,
    "diseas": 0.0,
    "revers": 0.0,
    "popul": 0.3829214036758003,
    "patient": 1.1562842085463314,
    "inflamm": 1.723607651227289,
    "syndrom": 6.689214326078779e-15,
    "epidemiolog": 0.0,
    "energi": 0.0,
    "chronic": 3.223283474804485,
    "heart": 0.0,
    "protein": 0.0,
    "kidnei": 0.0,
    "paradox": 1.4006667083382118,
    "malnutrit": 1.6665345619481642,
    "mic": 2.0920738595662804,
    "cachexia": 0.0,
    "urem": 0.2468872923585952
  }
}