{
  "qid": "106",
  "query": "Climate Change Activists",
  "rank": 5,
  "docid": 6247642,
  "coef": {
    "be": 0.0,
    "demonstr": -0.0,
    "terror": 0.0,
    "communist": 0.0,
    "action": 0.0,
    "opposit": -0.0,
    "lead": -0.0,
    "organis": 0.0013490020466926293,
    "peopl": 0.0,
    "inspir": 1.159372160304786,
    "societi": 0.0,
    "can": 0.0,
    "return": -0.0,
    "system": 0.0,
    "support": 0.0,
    "extrem": -0.0,
    "mai": 0.0,
    "nation": 0.0,
    "dismiss": 0.037133428865018275,
    "predict": 0.29849220402269805,
    "difficult": 0.020087597751095043,
    "led": 0.0,
    "creat": 0.02358242904473521,
    "countri": 0.3026935573284548,
    "movement": -0.0,
    "help": -0.10131599463871765,
    "industri": 0.0570274121186272,
    "destroi": 0.0,
    "wave": 0.007804142105225418,
    "target": 0.0,
    "includ": 0.20870794929721423,
    "address": 0.0,
    "talk": 0.5408096132482884,
    "take": 0.4882252772701675,
    "educ": 0.0,
    "call": 0.0,
    "found": -0.11750773411185408,
    "world": 0.0433192047880928,
    "normal": 0.0,
    "due": -0.0,
    "area": 0.6340231564699023,
    "involv": 0.0,
    "alien": 0.0,
    "sever": -0.0,
    "note": 0.07516642466204543,
    "still": 0.0,
    "school": -0.0,
    "follow": 0.0,
    "late": -0.019619906628331976,
    "just": 0.557822466035251,
    "youth": 0.12581430329861099,
    "chang": 0.0,
    "women": 0.0,
    "land": 0.0,
    "govern": 0.0,
    "environment": 0.47412335169789543,
    "argentina": 0.4143051227178128,
    "issu": 0.0,
    "group": 0.0,
    "commun": 0.0,
    "act": 0.0,
    "protest": -0.0,
    "util": 0.0,
    "justic": -0.0,
    "strike": 0.0,
    "organ": 0.0,
    "recent": 0.0,
    "gave": 0.3487886655863998,
    "relat": 0.45506424755990876,
    "set": 0.0,
    "see": 0.0,
    "live": 0.3076129768083721,
    "collect": 0.0,
    "particip": 0.0,
    "advoc": -0.0,
    "new": 0.0,
    "neg": 0.0,
    "move": -0.0,
    "leader": 0.39214895480280676,
    "effect": 0.11460175728740901,
    "green": 0.0,
    "intern": 0.0,
    "space": -0.0,
    "terrorist": 0.0,
    "goal": 0.0,
    "who": 0.0,
    "defend": 0.0,
    "practic": 0.0,
    "futur": 0.22388991976824127,
    "rise": 0.13927153907219214,
    "offici": 0.0,
    "make": 0.729059204583086,
    "activ": 0.7542061079713213,
    "transit": 0.0,
    "part": 0.0,
    "problem": 0.0,
    "gender": 0.0,
    "comment": 0.12445403584753047,
    "made": 0.11685145273332606,
    "spread": 0.0,
    "achiev": 0.13224751201732848,
    "compon": 0.0,
    "bank": 0.0,
    "global": 0.0,
    "activist": 0.4328760874374043,
    "voic": 0.0,
    "meet": 0.0,
    "back": 0.46181609587993266,
    "seri": -1.1903518698935025,
    "approach": 0.0,
    "onlin": 0.0,
    "level": 0.2679971566026817,
    "diseas": 0.4877138642772927,
    "million": 0.5521515092677102,
    "year": 0.0,
    "cope": 0.0,
    "depend": 0.0,
    "request": 0.0,
    "stereotyp": 0.0,
    "food": 0.0,
    "occurr": -0.0,
    "damag": 0.0,
    "face": 0.22554201020480563,
    "2013": 0.5131250481821379,
    "graduat": 0.0,
    "infecti": 0.0,
    "sensit": 0.0,
    "univers": 0.0,
    "typic": 0.048759735530388884,
    "resourc": 0.0,
    "now": 0.0,
    "prone": 0.0,
    "account": 0.23235767597237414,
    "affect": 0.0,
    "frequent": -0.0,
    "start": 0.0,
    "standard": 0.43581665418305343,
    "hospit": 0.0,
    "6": 0.0,
    "1": 0.0,
    "water": 0.4208519187504728,
    "sea": 0.0,
    "margin": 0.0,
    "keep": 0.0,
    "carbon": 0.0,
    "impact": 0.0,
    "climat": 0.6219827684622804,
    "temperatur": -0.0,
    "mathemat": -0.0,
    "equat": 0.0,
    "annual": 0.0,
    "emiss": 0.4917605936428086,
    "clean": 0.0,
    "western": 0.0,
    "held": 0.36874392625029223,
    "coastal": 0.0,
    "infrastructur": 0.0,
    "red": 0.11057401207124978,
    "fever": 0.0,
    "novemb": 0.0,
    "campaign": 0.29988538411957005,
    "super": 0.11489095077255072,
    "2017": 0.0,
    "vulner": 0.02714205796848882,
    "charter": 0.03975162324074765,
    "agricultur": 0.05514343136261396,
    "septemb": 0.0,
    "2019": 0.0,
    "south": 0.0,
    "biodivers": 0.0,
    "economi": 0.0712003375589093,
    "deleg": 0.04527874498807958,
    "compani": 0.34381853367565735,
    "hurrican": 0.0009339425193858179,
    "coal": 0.0,
    "19": 0.6369994936307276,
    "indigen": 0.0,
    "won": 0.6386465906473391,
    "storm": 0.7652773634066867,
    "announc": 0.0,
    "pass": 0.0,
    "cut": 0.0,
    "went": 0.0,
    "safe": -0.0,
    "told": 0.0,
    "realiz": 0.0254932330862134,
    "2030": 0.0015163058895201766,
    "biographi": 0.0,
    "ignor": 0.07209301664307477,
    "bind": 0.0,
    "threaten": 0.2573653601463492,
    "volunt": 0.0,
    "sure": 0.0,
    "danger": 0.0,
    "don": 0.08263171980928005,
    "encourag": 0.0,
    "sexism": 0.0,
    "chanc": 0.0,
    "guardian": 0.0,
    "technic": 0.15632289547177305,
    "metro": 0.33849626304557434,
    "concert": 0.0,
    "2020": 0.06862550674438915,
    "140": 0.0,
    "covid": 0.0,
    "spokesperson": 0.0,
    "fridai": 0.0,
    "rich": 0.0,
    "2021": 0.023340351951912145,
    "brand": -0.0,
    "stronger": 0.0015109714604221668,
    "sector": 0.0,
    "collaps": 0.0,
    "oz": 0.0,
    "spoken": 0.0,
    "pandem": 0.3300467763069193,
    "mu": 0.0,
    "el": 0.0,
    "flood": 0.0,
    "laura": 0.0,
    "divest": 0.0,
    "india": 0.16706264404445048,
    "feed": 0.0,
    "drought": 0.0,
    "mock": 0.06461443072597299,
    "kenya": 0.0,
    "conven": -0.0,
    "hungri": 0.0,
    "fisheri": 0.0,
    "reef": 0.0,
    "archipelago": 0.0,
    "insecur": 0.0,
    "livelihood": 0.0,
    "2050": 0.0,
    "greta": 0.0,
    "coral": 0.0,
    "mitig": 0.0,
    "fisher": 0.0,
    "empow": 0.09061468305948198,
    "amplifi": -0.0,
    "ni": 0.0,
    "filipino": 0.0,
    "kevin": 0.10005167917742294,
    "philippin": 0.462954797466772,
    "indonesian": -0.5976246686145175,
    "colombia": 0.0,
    "dengu": 0.0,
    "yolanda": 0.0,
    "tag": 0.0,
    "instagram": 0.0,
    "typhoon": -0.0,
    "haiyan": 0.0,
    "tan": 0.5363441265168742,
    "manila": 0.017001618146602997,
    "ver": 0.0,
    "nica": 0.0,
    "ravi": 0.024180572556819557,
    "thunberg": 0.0,
    "mic": -0.0,
    "attenborough": 0.41053707879826834,
    "eyal": 0.0,
    "weintraub": 0.0,
    "mitzi": 0.07739418620687329,
    "jonel": 3.479507216577079e-17,
    "fff": 0.0,
    "mapa": 0.0,
    "tokenis": 0.0,
    "disha": 0.001764374798502949,
    "cop26": 0.479222101003313,
    "mtai": 0.2544705012239533,
    "khairunnisa": -0.0,
    "salsabila": -0.0,
    "yacap": -0.0
  }
}