{
  "qid": "124",
  "query": "Charity",
  "rank": 5,
  "docid": 5393171,
  "coef": {
    "be": 0.0,
    "state": 0.0,
    "pai": 0.0,
    "peopl": 0.0,
    "type": 0.0,
    "emerg": 0.0,
    "exist": 0.0,
    "primarili": -0.0,
    "focus": 0.14042416362362922,
    "can": 0.0,
    "emphasi": 0.0,
    "broad": -0.0,
    "nation": 0.0,
    "philosoph": 0.0,
    "evalu": 0.17280025429737367,
    "help": 0.0,
    "mid": 0.0,
    "next": 0.0,
    "concept": 0.0,
    "caus": 0.010356237184197915,
    "websit": 0.0,
    "differ": 0.061482243449415705,
    "robert": 0.001001566168888332,
    "public": 0.0,
    "gener": -0.0,
    "servic": 0.041027111615853616,
    "includ": -0.0,
    "counter": 0.01225026599607723,
    "educ": 0.0,
    "call": 0.0,
    "form": 0.07814057605499869,
    "import": 0.0,
    "found": 0.0,
    "expand": 0.07132187651773647,
    "perform": 0.0,
    "oper": 0.0,
    "open": 0.0,
    "due": -0.0,
    "area": 0.15759308089633156,
    "term": 0.0,
    "build": 0.0014272790471178487,
    "critic": 0.0,
    "work": 0.05985688396925545,
    "american": 0.0,
    "larg": 0.1396045081204009,
    "art": 0.0011262996143583187,
    "america": 0.0,
    "christian": 0.0,
    "creation": 0.0,
    "difficulti": 0.0,
    "choic": 0.0,
    "govern": 0.18156126719184712,
    "review": 0.0,
    "group": 0.15789476382173923,
    "effort": 0.0,
    "william": 0.0,
    "exampl": 0.0,
    "author": 0.0,
    "time": 0.0,
    "protest": 0.0,
    "life": -0.0,
    "process": 0.0,
    "regul": 0.0,
    "organ": 0.10898704550126795,
    "recent": 0.0,
    "end": 0.0,
    "institut": 0.0,
    "find": 0.0,
    "place": 0.0,
    "set": 0.0,
    "see": 0.0,
    "non": 0.0,
    "method": 0.0,
    "local": 0.0,
    "good": 0.04257387829136184,
    "transpar": 0.0,
    "specif": 0.0,
    "known": -0.0,
    "inform": 0.0,
    "advoc": 0.08226748886608089,
    "histor": 0.0,
    "new": 0.0,
    "contribut": 0.0,
    "like": 0.0,
    "effect": 0.16429629586779362,
    "intern": 0.0,
    "similar": 0.0,
    "john": 0.06829406457867301,
    "question": 0.0,
    "defend": 0.0,
    "practic": 0.0,
    "first": -0.0,
    "idea": 0.0,
    "result": -0.0,
    "privaci": 0.0,
    "activ": 0.25175934598862515,
    "wai": 0.0025130960679058006,
    "unit": 0.0,
    "releas": 0.06556929515255518,
    "natur": 0.0,
    "tradit": 0.0,
    "individu": 0.0,
    "made": 0.04148644379429613,
    "claim": 0.0,
    "member": 0.0,
    "base": 0.0,
    "directli": 0.0,
    "give": 0.0,
    "sole": 0.0,
    "canada": 0.09436493448823798,
    "accept": 0.0,
    "wrote": 0.0,
    "execut": 0.0,
    "argu": 0.0,
    "global": 0.0,
    "ethic": 0.0,
    "across": -0.0,
    "8": 0.0,
    "initi": -0.0,
    "2015": -0.0,
    "employe": 0.0,
    "cost": 0.16064932354233138,
    "year": 0.3484162191102579,
    "candid": 0.0,
    "indic": 0.015349550723068003,
    "full": 0.00024728232106284984,
    "guidelin": 0.0,
    "000": 0.0,
    "2013": 0.0010356130608337906,
    "numer": 0.0,
    "health": 0.0,
    "ratio": 0.0,
    "attribut": -0.0,
    "percentag": 0.10719697907504439,
    "rate": 0.136700565648629,
    "criteria": 0.00037473799729597165,
    "typic": 0.0,
    "data": 0.0,
    "50": 0.0,
    "14": 0.0,
    "recommend": 0.0,
    "longer": 0.0,
    "assess": 0.03282479453077283,
    "account": 0.0,
    "weigh": 0.0,
    "select": 0.0,
    "report": 0.03620218471408567,
    "refus": 0.0,
    "analysi": 0.1328340224671317,
    "measur": 0.0,
    "intellig": 0.0,
    "analyst": 0.0,
    "updat": 0.001918185980600563,
    "given": 0.0,
    "quarter": 0.0,
    "aris": -0.0,
    "2016": 0.0,
    "2014": 0.0,
    "2000": 0.0,
    "compar": 0.17427456912143552,
    "standard": 0.0,
    "1": 0.0,
    "fund": 0.2549160177164812,
    "proport": 0.1285692703183409,
    "burn": 0.0,
    "35": 0.0,
    "keep": 0.00045080281812763745,
    "run": 0.0,
    "impact": -0.0,
    "top": 0.0,
    "eventu": 0.0,
    "annual": 0.0,
    "letter": 0.0,
    "least": 0.0,
    "discrimin": 0.0,
    "protect": 0.0,
    "donat": 0.1544485943647875,
    "revenu": 0.0,
    "evangel": 0.0,
    "spent": 0.12121478838495764,
    "spend": 0.20500104067392366,
    "cite": 0.0,
    "record": 8.743400754488222e-05,
    "administr": 0.0,
    "anim": -0.0,
    "2006": -0.0,
    "2001": 0.0,
    "financi": 0.16203601781783972,
    "100": 0.19455867468889962,
    "2009": 0.0,
    "decid": 0.0,
    "budget": 0.0423814989237567,
    "track": 0.0,
    "trust": 0.0,
    "british": 0.0,
    "agenc": 0.0,
    "monei": 0.1860984054176319,
    "announc": 0.0,
    "save": 0.19271561093812728,
    "star": 0.019295344763126082,
    "ceo": 0.0,
    "consult": 0.0068381359986163836,
    "paint": 0.0,
    "urg": 0.0,
    "monitor": 0.14314706328629725,
    "profit": 0.0,
    "statement": 0.0,
    "purpos": 0.0,
    "wealthi": 0.0,
    "watch": 0.0,
    "staff": 0.13356246004507405,
    "audit": 0.0,
    "ran": 0.0,
    "navig": 0.15314246887907534,
    "launch": 0.0,
    "990": 0.0,
    "varianc": 0.0,
    "store": 0.07175387908845227,
    "elitist": 0.0,
    "worth": 0.0,
    "kingdom": 0.0,
    "score": 0.0,
    "berger": 0.0,
    "revel": 0.0,
    "surpris": 0.0,
    "philanthropi": 0.0,
    "philanthrop": 0.0,
    "macaskil": 0.0,
    "altruism": 0.0,
    "tobi": 0.000501806887929763,
    "ord": 9.218202780278655e-16,
    "nonprofit": 0.07171253093810705,
    "colleagu": 0.0,
    "chariti": 0.20107914243113376,
    "charit": 0.0,
    "donor": 0.05838093670279641,
    "galleri": 0.0575285410481508,
    "allianc": 0.0,
    "toronto": 0.0,
    "ministri": 0.07888394836266657,
    "databas": 0.0,
    "salari": 0.0,
    "ken": 0.0,
    "pharmaceut": 0.0,
    "eli": 0.0,
    "wise": 0.0,
    "exce": 0.0,
    "hedg": 0.0,
    "metric": 0.1235734578491005,
    "deploi": 0.0,
    "ci": 0.013259795464592354,
    "holden": 0.0,
    "beneficiari": 0.0,
    "harshli": 0.10683489991446647,
    "overhead": 0.0,
    "philanthropist": 0.0,
    "fundrais": 0.0,
    "moralist": 0.0,
    "watchdog": -0.0,
    "propublica": 0.0,
    "penna": 0.0,
    "searchabl": 0.0,
    "dugan": 0.0,
    "bbb": -0.0,
    "hassenfeld": 0.0,
    "givewel": 0.24476311717855873,
    "charitywatch": -0.0,
    "guidestar": 0.06642273489704388,
    "karnofski": 0.003924223703185532,
    "greatnonprofit": 0.0,
    "gwwc": 0.15448479896163628,
    "impactmatt": 0.0,
    "orghunt": 0.0
  }
}