{
  "qid": "124",
  "query": "Charity",
  "rank": 5,
  "docid": 5393171,
  "coef": {
    "be": 0.0,
    "state": 0.0,
    "pai": 0.0,
    "peopl": 0.0,
    "type": -0.0,
    "emerg": 0.0,
    "exist": 0.0,
    "primarili": 0.0,
    "focus": 0.15621819323324793,
    "can": 0.0,
    "emphasi": 0.0,
    "broad": 0.0,
    "nation": 0.09384767942339284,
    "philosoph": 0.0,
    "evalu": 0.028266256008427363,
    "help": 0.0,
    "mid": 0.21105936136793702,
    "next": 0.0,
    "concept": 0.0,
    "caus": 0.0,
    "websit": 0.0,
    "differ": 0.0,
    "robert": 0.0,
    "public": 0.0,
    "gener": 0.0,
    "servic": 0.17009424774897974,
    "includ": 0.0,
    "counter": 0.0,
    "educ": 0.0,
    "call": 0.0,
    "form": 0.0,
    "import": 0.0,
    "found": 0.0,
    "expand": 0.0,
    "perform": 0.06848692605887018,
    "oper": 0.0,
    "open": 0.0,
    "due": 0.0,
    "area": 0.1994768599682298,
    "term": 0.0,
    "build": 0.0,
    "critic": 0.0,
    "work": 0.0,
    "american": 0.0,
    "larg": 0.0,
    "art": 0.0,
    "america": -0.0,
    "christian": 0.0,
    "creation": 0.0,
    "difficulti": 0.0,
    "choic": 0.002558337689533309,
    "govern": 0.1543350679169063,
    "review": 0.0,
    "group": 0.07512014812775629,
    "effort": 0.0,
    "william": 0.17028201703366394,
    "exampl": 0.1208467701748641,
    "author": 0.0,
    "time": 0.0,
    "protest": 0.0,
    "life": 0.0,
    "process": -0.0,
    "regul": 0.0,
    "organ": 0.143017653215134,
    "recent": -0.0,
    "end": 0.0,
    "institut": 0.0,
    "find": 0.0,
    "place": -0.0,
    "set": 0.0,
    "see": -0.0,
    "non": 0.0,
    "method": 0.014564556245288853,
    "local": 0.0,
    "good": 0.0702683282654941,
    "transpar": 0.0,
    "specif": 0.0,
    "known": 0.0,
    "inform": 0.0,
    "advoc": 0.0,
    "histor": 0.0,
    "new": 0.0,
    "contribut": 0.0,
    "like": 0.0,
    "effect": 0.06060897884871111,
    "intern": 0.0,
    "similar": 0.2163986881552811,
    "john": 0.0,
    "question": 0.0,
    "defend": 0.0183250568705804,
    "practic": 0.0,
    "first": 0.0,
    "idea": 0.0,
    "result": 0.0,
    "privaci": -0.0,
    "activ": 0.0,
    "wai": 0.0,
    "unit": -0.0,
    "releas": 0.0,
    "natur": 0.0,
    "tradit": 0.3166703754194564,
    "individu": 0.0,
    "made": 0.040897660821155354,
    "claim": 0.0,
    "member": 0.0,
    "base": 0.059187347171377615,
    "directli": -0.0,
    "give": 0.0,
    "sole": 0.0,
    "canada": 0.22235488910190024,
    "accept": 0.0,
    "wrote": 0.0,
    "execut": 0.0,
    "argu": 0.0,
    "global": -0.0,
    "ethic": -0.0,
    "across": 0.0,
    "8": 0.026294407615315863,
    "initi": -0.0,
    "2015": 0.0,
    "employe": 0.0,
    "cost": 0.2259657020890169,
    "year": 0.16389786747733992,
    "candid": 0.0,
    "indic": 0.25234414260850063,
    "full": 0.0,
    "guidelin": 0.0,
    "000": 0.00531258313246843,
    "2013": 0.0,
    "numer": 0.0,
    "health": 0.0,
    "ratio": 0.0,
    "attribut": 0.0,
    "percentag": 0.0,
    "rate": 0.04620839271276684,
    "criteria": 0.0,
    "typic": 0.0,
    "data": 0.0,
    "50": 0.0,
    "14": 0.0,
    "recommend": 0.12424700917174407,
    "longer": 0.0,
    "assess": -0.0,
    "account": -0.0,
    "weigh": -0.0,
    "select": 0.19267817562252407,
    "report": 0.049526106595725684,
    "refus": 0.0,
    "analysi": 0.0,
    "measur": 0.0,
    "intellig": 0.0,
    "analyst": 0.0,
    "updat": 0.0,
    "given": 0.0,
    "quarter": 0.0,
    "aris": 0.0,
    "2016": 0.0008433618482490749,
    "2014": 0.0,
    "2000": 0.0,
    "compar": 0.07877322155990382,
    "standard": 0.0,
    "1": 0.0,
    "fund": 0.08337320762272606,
    "proport": 0.0,
    "burn": 0.0,
    "35": 0.0,
    "keep": 0.04857212533302929,
    "run": 0.0,
    "impact": 0.0,
    "top": 0.0,
    "eventu": 0.0,
    "annual": 0.0,
    "letter": 0.0,
    "least": 0.0,
    "discrimin": 0.0,
    "protect": 0.0,
    "donat": 0.0,
    "revenu": 0.0,
    "evangel": 0.0,
    "spent": 0.0,
    "spend": 0.07574318916478243,
    "cite": 0.0,
    "record": 0.001566639400698886,
    "administr": 0.0,
    "anim": -0.0,
    "2006": 0.0,
    "2001": 0.0,
    "financi": 0.1840535894437614,
    "100": 0.0,
    "2009": 0.0,
    "decid": 0.0,
    "budget": 0.19080522659270563,
    "track": 0.0,
    "trust": 0.0,
    "british": 0.0,
    "agenc": 0.0,
    "monei": 0.3433706642437204,
    "announc": 0.0,
    "save": 0.22874836970844395,
    "star": 0.0,
    "ceo": 0.0,
    "consult": 0.0,
    "paint": 0.0,
    "urg": 0.0,
    "monitor": 0.0,
    "profit": 0.0,
    "statement": 0.0,
    "purpos": 0.0,
    "wealthi": 0.0,
    "watch": 0.0,
    "staff": 0.11533167301873377,
    "audit": 0.0,
    "ran": 0.0,
    "navig": 0.16726709783087132,
    "launch": 0.0,
    "990": 0.0,
    "varianc": 0.12174000867490717,
    "store": 0.0,
    "elitist": 0.0,
    "worth": -0.0,
    "kingdom": 0.0,
    "score": 0.0,
    "berger": 0.0,
    "revel": 0.0,
    "surpris": 0.0,
    "philanthropi": -0.0,
    "philanthrop": 0.0,
    "macaskil": 0.04348669438369081,
    "altruism": 0.0,
    "tobi": 0.0,
    "ord": 0.0,
    "nonprofit": 0.0,
    "colleagu": -0.0,
    "chariti": 0.3155793705778783,
    "charit": 0.0,
    "donor": -0.0,
    "galleri": 0.0,
    "allianc": 0.0,
    "toronto": 0.0,
    "ministri": 0.0,
    "databas": 0.0,
    "salari": 0.0,
    "ken": 0.0,
    "pharmaceut": 0.0,
    "eli": 0.0,
    "wise": -0.0,
    "exce": 0.0,
    "hedg": 0.0,
    "metric": 0.07109696837873346,
    "deploi": -0.0,
    "ci": 0.0,
    "holden": 0.0,
    "beneficiari": -0.0,
    "harshli": 0.0,
    "overhead": 0.01968070652754343,
    "philanthropist": 0.0,
    "fundrais": 0.10130661370246365,
    "moralist": 0.0,
    "watchdog": 0.0,
    "propublica": 0.0,
    "penna": 0.0,
    "searchabl": 0.0,
    "dugan": 0.0,
    "bbb": -0.0,
    "hassenfeld": 0.0,
    "givewel": 0.18431579967175804,
    "charitywatch": 0.0,
    "guidestar": 0.0,
    "karnofski": 0.12750056705856777,
    "greatnonprofit": 0.0,
    "gwwc": 0.15265785717492328,
    "impactmatt": 0.0,
    "orghunt": 0.0
  }
}