{
  "qid": "120",
  "query": "Baking",
  "rank": 4,
  "docid": 6191119,
  "coef": {
    "can": 0.0,
    "product": 0.19131115097329526,
    "task": 0.0,
    "challeng": 0.4982178094582395,
    "take": 0.0,
    "best": 0.0,
    "tri": 0.0,
    "follow": 0.0,
    "critic": 0.0,
    "octob": 0.008317265989792053,
    "experi": 0.2942511737674383,
    "elimin": 0.4258527572000857,
    "rank": 0.0,
    "will": 0.0,
    "set": 0.0,
    "instruct": 0.0,
    "saw": 0.1773384224962678,
    "onli": 0.0,
    "produc": 0.0,
    "who": 0.1098176648679938,
    "part": 0.0018815635172452262,
    "made": 0.0,
    "base": 0.0,
    "success": 0.0,
    "seri": 0.0,
    "2": 0.0,
    "talent": 0.0,
    "put": 0.10593027366152181,
    "disciplin": 0.8138659140308129,
    "profession": 0.0,
    "test": 0.0011165262723931775,
    "show": 0.5213082499492557,
    "face": 0.0,
    "look": 0.0,
    "week": 0.05200342902626732,
    "examin": 0.0,
    "10": 0.0,
    "given": 0.0,
    "skill": 0.09311064560449284,
    "consist": 0.0,
    "7": 0.0,
    "1": 0.12784792235769737,
    "home": 0.0,
    "know": -0.0,
    "great": 0.3150596821634278,
    "knowledg": 0.0,
    "season": 0.5031647037646737,
    "format": 0.0,
    "battl": 0.0,
    "baker": 0.49773174869474623,
    "appear": 0.17195753694649038,
    "competit": 0.0,
    "uniqu": 0.0,
    "2019": 0.43096474262278606,
    "judg": 0.613291870175703,
    "british": -0.0,
    "star": 0.0,
    "told": 0.0,
    "choos": 0.0,
    "tast": 0.0,
    "contest": 0.22034328438907466,
    "finish": 0.5436475742210751,
    "twelv": 0.23354523910145067,
    "technic": 0.12955337684217966,
    "chosen": 0.002263588857010203,
    "realiti": 0.16021332515591596,
    "episod": 0.23167170906626736,
    "broadcast": 0.014796743797251648,
    "premier": 0.0,
    "2020": 0.0,
    "tv": 0.25009806156134623,
    "worst": 0.38741797312502313,
    "cook": 0.055806132763680974,
    "recip": 0.6599494351540642,
    "amateur": -0.0,
    "altogeth": 0.0,
    "overview": 0.0,
    "rustic": 0.0,
    "crown": 0.34747491392551155,
    "bbc": 0.0,
    "signatur": -0.013222435980870483,
    "bake": 0.5270812036355925,
    "kenyan": 0.0859076504215463,
    "showstopp": 0.057698283674305365
  }
}