{
  "qid": "148",
  "query": "Tea",
  "rank": 5,
  "docid": 178310,
  "coef": {
    "current": 0.0,
    "type": 0.0,
    "primarili": 0.0,
    "can": 0.0,
    "system": 0.0,
    "extrem": 0.0,
    "mai": 0.0,
    "name": 0.27278886607768965,
    "order": 0.0,
    "product": 0.0,
    "us": 0.0,
    "respons": 0.33139791724219375,
    "public": 0.0,
    "gener": 0.5912699905322361,
    "includ": 0.0,
    "began": 0.0,
    "histori": 0.11991687053907182,
    "allow": 0.0849546703962691,
    "open": 0.0,
    "due": 0.0,
    "come": 0.06442774788197261,
    "term": 0.0,
    "follow": -0.0,
    "minim": 0.0,
    "last": 0.0,
    "scholar": 0.0,
    "creation": 0.027030760410666887,
    "young": 0.12598965745616988,
    "well": 0.3007773395182682,
    "group": 0.0,
    "process": 0.0,
    "disagre": 0.0,
    "thought": 0.02979057947115859,
    "recent": 0.31889316606818313,
    "set": 0.0,
    "deriv": 0.0,
    "see": 0.0,
    "english": 0.0,
    "todai": 0.1834066047257316,
    "known": 0.0,
    "overlap": 0.0,
    "china": 0.21537991089238642,
    "onli": 0.0,
    "white": 0.008999321314813864,
    "featur": 0.0,
    "produc": 0.0,
    "like": -0.0,
    "effect": 0.0,
    "green": 0.08104677764515524,
    "intern": 0.0,
    "amount": -0.0,
    "first": 0.36448833743035475,
    "result": 0.0,
    "make": 0.0,
    "wai": 0.0,
    "centuri": 0.023784463062657628,
    "natur": 0.0,
    "tradit": 0.0,
    "made": 0.004931172737462143,
    "littl": 0.0,
    "base": 0.0,
    "refer": 0.0,
    "mere": 0.0,
    "give": 0.0,
    "accept": 0.0,
    "sourc": 0.0,
    "valu": 0.0,
    "varieti": 0.17404607870095085,
    "style": 0.0,
    "black": 0.0,
    "mean": 0.0,
    "definit": 0.0,
    "categor": 0.0,
    "leav": 0.07532756581142129,
    "techniqu": 0.0,
    "contain": 0.0,
    "mechan": -0.0,
    "character": 0.13079659726813234,
    "pick": 0.26300905690827797,
    "materi": 0.1901683612551085,
    "characterist": 0.0,
    "high": 0.0,
    "health": 0.0,
    "air": 0.0,
    "rang": 0.0,
    "roll": 0.09440947696804156,
    "wild": 0.0,
    "simpl": 0.0037396355787295576,
    "understood": 0.0,
    "categori": 0.0,
    "select": 0.0013640211127969705,
    "qualiti": -0.0,
    "design": 0.0,
    "requir": 0.0,
    "intrins": 0.0,
    "spite": 0.0,
    "fresh": -0.0,
    "visibl": 0.0,
    "addit": 0.0,
    "fire": 0.0,
    "plant": 0.25924123596430804,
    "composit": -0.0,
    "solar": -0.0,
    "sun": 0.0,
    "fine": 0.0,
    "grade": 0.0,
    "bai": 0.0,
    "provinc": 0.004588166352397713,
    "concentr": 0.0,
    "appear": 0.0,
    "fulli": 0.005261129507747068,
    "uniqu": 0.0,
    "northeast": 0.004831172398880688,
    "sold": 0.0,
    "cultiv": 0.0,
    "manufactur": 0.20625457007131667,
    "yellow": 0.0,
    "southern": 0.0,
    "dry": 0.32994244840809017,
    "eastern": 0.09288733308875109,
    "1876": 0.0,
    "pale": 0.0,
    "camellia": 0.4382466653327742,
    "hair": 0.30766364607213054,
    "needl": 0.0,
    "agre": 0.0,
    "belong": -0.26974277571885386,
    "silver": 0.0,
    "lighter": 0.0,
    "dri": 0.0,
    "shortli": 0.0,
    "agreement": 0.0,
    "tip": 0.0,
    "tea": 0.3908457690730595,
    "merchant": 0.0,
    "harvest": -0.0,
    "steam": 0.0,
    "india": 0.0,
    "pan": 0.0,
    "nepal": 0.0,
    "thailand": 0.0,
    "yunnan": 0.0,
    "lanka": 0.0,
    "sri": 0.0,
    "gall": 0.0,
    "leaf": -0.0,
    "enzym": 0.0,
    "raw": 0.008384637508331537,
    "peoni": 0.0,
    "sweet": 0.0,
    "oxid": 0.3671625219998422,
    "taiwan": 0.046945395117335656,
    "silveri": 0.0,
    "unopen": -0.0,
    "immatur": -0.0,
    "stringent": 0.0,
    "wither": 0.0,
    "shake": 0.0,
    "bud": 0.24992337635199727,
    "brew": 0.0,
    "flavor": 0.0,
    "pluck": 0.0,
    "mei": 0.0,
    "hao": 0.0,
    "whitish": 0.0,
    "polyphenol": 0.36751520981278074,
    "sinensi": 0.0,
    "catechin": 0.0,
    "shou": 0.0,
    "fujian": 0.0,
    "denatur": 0.0,
    "phytonutri": 0.0,
    "mudan": 0.0,
    "peko": 0.41860703883234207,
    "taliensi": 0.0,
    "yinzhen": 0.0
  }
}