{
  "qid": "114",
  "query": "Songwriting",
  "rank": 7,
  "docid": 1712320,
  "coef": {
    "nation": 0.001873037743603664,
    "mid": 0.0,
    "music": 0.0,
    "began": 0.004695661003428263,
    "ag": 0.9682035879256392,
    "american": 0.0,
    "church": 0.023252861669587746,
    "popular": 0.0,
    "child": 0.024313514583407955,
    "intern": 0.0,
    "john": 0.09948090256601602,
    "associ": 0.0,
    "present": 0.0,
    "recognit": 0.0,
    "recogn": 0.0,
    "famili": 0.001532997838577727,
    "select": 0.14137124346758834,
    "hall": -0.0,
    "brown": 0.0,
    "washington": 0.0,
    "gospel": 0.0,
    "competit": 0.7533626779922371,
    "2001": 0.0,
    "fourth": 0.7664801122225892,
    "baptist": 0.8505137762061936,
    "southern": 2.870725581948987e-17,
    "won": 0.5739751812326682,
    "born": 0.0,
    "poet": 0.0,
    "sing": 0.7647524386060846,
    "biographi": 0.0,
    "ab": 0.5078708756625285,
    "virginia": 0.0,
    "contest": 0.0,
    "richmond": 0.0,
    "excel": 0.0,
    "academi": 1.1002399135985212,
    "scholarship": 0.058757368194795136,
    "award": 0.7129214195972143,
    "album": 0.0,
    "atlant": 0.0,
    "song": 0.0,
    "1991": 0.5711485676244984,
    "recipi": 0.45834598989010955,
    "singer": -0.0,
    "fame": 0.32034379887379827,
    "songwrit": 1.3689289966359985,
    "billboard": 0.22144223700627103,
    "discographi": 0.0,
    "lennon": 0.11980713702748882,
    "maxin": 1.0212889458918757,
    "nanett": 0.0,
    "oleman": 0.4519333287080237,
    "unisong": 0.0015163800175535859
  }
}