{
  "qid": "147",
  "query": "Discrimination",
  "rank": 0,
  "docid": 6033536,
  "coef": {
    "mai": 0.0,
    "gener": -0.0,
    "form": 1.8557685261888925,
    "number": 0.0,
    "root": 0.0,
    "field": 0.0,
    "function": -2.377389624014477,
    "determin": 2.964824194319673,
    "multipl": 0.0,
    "properti": 1.9010556864983755e-14,
    "refer": 0.0,
    "valu": -0.0,
    "statist": -0.0,
    "medicin": -0.0,
    "psycholog": -0.0,
    "modifi": -0.0,
    "depend": 0.0,
    "real": -0.0,
    "valid": -0.0,
    "analysi": 0.0,
    "mathemat": -0.0,
    "curv": 0.0,
    "algebra": 0.0,
    "quantiti": 2.679988188642245,
    "discrimin": 2.7810107818151635,
    "fundament": -0.0,
    "modular": -0.0,
    "coeffici": 0.0,
    "quadrat": 0.0,
    "fisher": -3.5058339586433673,
    "ellipt": 0.0,
    "polynomi": 0.40288358310017963,
    "kernel": -0.19423323210993612,
    "maddrei": -0.0
  }
}