{
  "qid": "109",
  "query": "Poverty",
  "rank": 4,
  "docid": 3542443,
  "coef": {
    "state": 0.8264466705527836,
    "extrem": -0.04806846835406141,
    "mai": 0.07999313788236563,
    "debat": 0.027235985581995272,
    "address": 0.6117324716947923,
    "import": 0.0,
    "need": 1.0588112143134532,
    "term": 0.0,
    "kind": 0.0,
    "long": 0.0,
    "group": 0.17746131581474392,
    "time": 1.1479817435852109,
    "see": -0.0,
    "consid": 0.9304568441899095,
    "determin": 0.47298721341645966,
    "line": 1.070982558963992,
    "individu": 1.5465989531860247,
    "period": 0.1157241647938559,
    "durat": 0.0,
    "research": -0.0,
    "requir": 1.5680883970232153,
    "extend": 0.0,
    "centr": -0.0,
    "identif": 1.8823877504459128,
    "chronic": 0.0,
    "poverti": 1.0316848384975086,
    "polici": 0.0,
    "cycl": -0.0,
    "phenomenon": 1.0761116168430658,
    "tran": -0.0,
    "implicit": 0.07947014399628956,
    "transient": 0.0
  }
}