{
  "qid": "104",
  "query": "Business Leaders",
  "rank": 1,
  "docid": 5344947,
  "coef": {
    "list": 0.0,
    "current": 0.0,
    "opposit": 0.0,
    "debat": 1.3292547631520781,
    "order": 0.43779841034963385,
    "respons": 0.0,
    "includ": -0.0,
    "manag": 1.0009639666898962,
    "commonli": 0.7604350746250151,
    "reaction": 0.0,
    "govern": 0.850052993042527,
    "issu": 0.3383631452017535,
    "time": 0.0,
    "role": 0.0,
    "see": -0.0,
    "known": 0.3828956566928846,
    "leader": 0.0,
    "tactic": 1.0735764064579967,
    "matter": 2.5305165374815854e-15,
    "member": 1.654370652659342,
    "council": 0.0,
    "hous": 1.2552192874679642,
    "lower": 0.0,
    "schedul": -0.0,
    "counterpart": 0.0,
    "energi": 1.2840792862943833,
    "mine": 8.010628593329716e-17,
    "assembl": 0.0,
    "held": 1.0502772948787384,
    "busi": 0.3855471180671281,
    "cabinet": 0.0002283377959245714,
    "legisl": 0.0,
    "offic": 0.0,
    "south": 0.2719036780441629,
    "bill": 0.0,
    "van": 0.0,
    "negoti": 0.31022611821729934,
    "australia": 0.0,
    "australian": 0.0,
    "parliament": 0.0,
    "minist": 0.0,
    "dan": 0.0,
    "disambigu": 0.0,
    "allot": 0.0,
    "dealt": 2.5176749100510335e-05,
    "impedi": 0.0,
    "holst": 0.0,
    "pellekaan": 0.0
  }
}