{
  "qid": "141",
  "query": "Human Exploration",
  "rank": 1,
  "docid": 5885476,
  "coef": {
    "major": 0.0,
    "list": 0.0,
    "earli": -0.0,
    "europ": 0.0,
    "spanish": 0.0,
    "chronolog": 0.0,
    "includ": 0.2623558633276804,
    "histori": 0.020127305923283295,
    "event": -0.0,
    "ag": 0.0,
    "america": -0.0,
    "land": 0.505148664044134,
    "road": -0.0,
    "see": 0.0,
    "signific": -0.0,
    "china": 0.0,
    "prehistori": 0.571421990013343,
    "slaveri": 0.0,
    "ancient": 0.0,
    "human": 1.4814107742121576,
    "across": 0.5524595828265669,
    "initi": 0.4386739568420317,
    "sea": 1.8908207249902953,
    "great": 0.0,
    "european": -0.0,
    "britain": 0.0,
    "treati": 0.0,
    "treasur": -0.0,
    "colon": 0.0,
    "explor": 1.206925418084794,
    "indian": 0.0,
    "migrat": 0.5343727029641784,
    "columbu": 0.0,
    "settlement": 0.0,
    "voyag": 1.1933261609676524,
    "navig": 0.6610581866411751,
    "naval": -0.0,
    "exchang": -0.0,
    "subsequ": 1.1508593735419175,
    "asia": -0.0,
    "chines": 0.0,
    "christoph": 0.0,
    "discoveri": 0.9085472746886885,
    "africa": 0.0,
    "ireland": 0.12570104209029054,
    "incomplet": 0.5862395901316656,
    "silk": -0.0,
    "timelin": 0.2196531274507981,
    "portugues": 0.0,
    "submerg": 0.35974844445952336,
    "maritim": 0.557085591005011,
    "columbian": -0.0,
    "ming": 0.0,
    "polynesian": 0.0,
    "tordesilla": 0.0
  }
}