{
  "qid": "111",
  "query": "Inequality",
  "rank": 4,
  "docid": 1435734,
  "coef": {
    "possibl": -0.0,
    "inequ": 0.24086562303680092,
    "right": -0.0,
    "origin": 0.0,
    "type": -0.0,
    "exist": 0.038920074333488965,
    "theoret": 0.06049540778545224,
    "can": 0.0,
    "system": 0.06587758700946265,
    "mai": 0.0,
    "name": 0.0,
    "us": 0.0,
    "reduc": 0.0,
    "defin": 0.0,
    "basic": 0.0,
    "write": 0.0,
    "formul": 0.0,
    "includ": -0.0,
    "histori": 0.13413673798458392,
    "form": 0.0,
    "number": 0.30913377980533574,
    "joseph": 0.0,
    "perform": 0.0,
    "commonli": 0.0,
    "avoid": 0.0,
    "open": 0.0,
    "due": 0.0,
    "fals": 0.0,
    "need": 0.18567356775749788,
    "ad": 0.0,
    "involv": 0.0,
    "limit": 0.0,
    "term": 0.10094227514384264,
    "note": -0.0,
    "implement": 0.0,
    "follow": 0.0,
    "minim": 0.0,
    "just": 0.0,
    "chang": 0.0,
    "elimin": 0.07898818028972292,
    "second": -0.0,
    "creation": 0.0,
    "develop": 0.0,
    "well": 0.0,
    "complex": 0.0,
    "denot": 0.0,
    "singl": 0.0,
    "close": 0.0,
    "aim": 0.0,
    "group": 0.0,
    "similarli": 0.0,
    "commun": 0.01629515237730876,
    "exampl": 0.0,
    "rank": 0.14317657456325497,
    "necessarili": -0.0,
    "true": 0.0,
    "role": 0.0,
    "ident": 0.08649712665399514,
    "process": 0.0,
    "plai": -0.0,
    "unnecessari": 0.0,
    "recent": 0.0,
    "relat": -0.0,
    "field": 0.0,
    "constant": 0.0,
    "set": 0.06780154164150501,
    "deriv": 0.0,
    "see": 0.0,
    "non": 0.0,
    "method": 0.0,
    "consid": 0.0,
    "impli": 0.0,
    "sai": 0.0,
    "1936": 0.0,
    "known": -0.0,
    "onli": 0.02893014205086318,
    "new": 0.17655773045546522,
    "neg": 0.2408484929552964,
    "produc": 0.013703213129138483,
    "effect": 0.0,
    "construct": 0.08609751082275739,
    "who": 0.0,
    "practic": 0.0,
    "class": 0.0,
    "posit": 0.0,
    "first": 0.301784920311883,
    "rise": 0.0,
    "offici": -0.0,
    "result": 0.2338370844298199,
    "part": -0.0,
    "problem": 0.0,
    "theori": 0.0,
    "properti": 0.09773806429256067,
    "condit": 0.0,
    "base": 0.10467184223892426,
    "soon": 0.0,
    "refer": 0.11004432584744205,
    "give": 0.0,
    "achiev": 0.0,
    "sole": 0.0,
    "independ": 0.0,
    "success": 0.11746346795866176,
    "softwar": 0.0,
    "execut": 0.025822467225545903,
    "combin": -0.0,
    "sourc": 0.0,
    "remain": -0.0,
    "hand": -0.0,
    "impos": -0.0,
    "2": 0.10469646465742322,
    "9": 0.03305980825260762,
    "random": 0.0,
    "obtain": 0.0,
    "contain": 0.0,
    "initi": 0.0,
    "sign": 0.0,
    "side": 0.17062037261346044,
    "identifi": 0.0,
    "depend": 0.0,
    "program": -0.0,
    "remov": 0.0,
    "code": 0.0,
    "rate": -0.0,
    "rang": 0.2297356340207963,
    "doubl": 0.0,
    "detail": 0.0,
    "prove": 0.0,
    "check": 0.0,
    "now": 0.0,
    "12": 0.0,
    "10": 0.07753553995854143,
    "real": 0.0,
    "detect": 0.14716375999913203,
    "consequ": 0.0,
    "step": 0.0,
    "measur": 0.0,
    "given": 0.0,
    "variabl": 0.14243888649788344,
    "consist": 0.0,
    "design": 0.0,
    "grow": 0.0,
    "7": 0.0,
    "3": 0.10366355547168088,
    "1": 0.009582094413225906,
    "applic": 0.0,
    "here": 0.0,
    "quantifi": 0.0,
    "run": 0.14749901273970067,
    "addit": 0.0,
    "index": 0.0,
    "mathemat": 0.0,
    "formula": 0.0,
    "paramet": 0.0,
    "constraint": 0.15686238015883333,
    "output": 0.11076715361815875,
    "tree": 0.025095706767278795,
    "algebra": 0.0,
    "least": 0.09429933661354009,
    "comput": -0.0,
    "auxiliari": 0.0,
    "decid": -0.0,
    "instanc": 0.0,
    "permit": 0.0,
    "quick": 0.0,
    "linear": 0.046521506590245024,
    "satisfi": 0.29079543083409864,
    "transform": 0.0,
    "suppos": -0.0,
    "purpos": 0.0,
    "scheme": 0.06356218958314654,
    "conjunct": 0.0,
    "theodor": 0.0,
    "1827": 0.0,
    "fundament": 0.0026613630496666913,
    "accid": 0.0,
    "discov": 0.0,
    "proof": 0.0,
    "sort": 0.0,
    "solv": -0.0,
    "transmiss": 0.0,
    "simplifi": 0.0,
    "acceler": 0.0,
    "equival": 0.0019699168106694434,
    "costli": 0.0,
    "bound": 0.0,
    "th": 0.0,
    "solut": 0.25673836538150246,
    "guarante": 0.0,
    "proven": 0.0,
    "aforement": 0.0,
    "decomposit": 0.0,
    "null": 0.0,
    "trivial": -0.0,
    "coeffici": -0.0,
    "cone": 0.0,
    "cylindr": 0.0,
    "curtail": 0.004136225413578409,
    "redund": 0.08201396706373888,
    "criterion": 0.0,
    "partit": -0.0,
    "theorem": -0.0,
    "entropi": 0.0,
    "fm": 0.0,
    "algorithm": 0.16889918059453687,
    "implicitli": -0.002450896658173108,
    "syntact": 0.0,
    "obvious": 0.2292627901326946,
    "exponenti": 0.0,
    "matrix": 0.0,
    "iff": 0.0,
    "polynomi": 0.0,
    "shannon": -0.0,
    "lemma": 0.0,
    "fourier": 0.24306500759687422,
    "farka": 0.0,
    "2x": -0.0,
    "sti": 0.0,
    "imbert": 0.12825317757289895,
    "3x": 0.0,
    "motzkin": 0.11519874768493649,
    "2y": 0.0,
    "2z": -0.0,
    "3z": 0.0,
    "5y": 0.2559006324557462,
    "6y": -0.0,
    "4z": 0.005378754073030369,
    "6z": 0.0,
    "fme": 0.0
  }
}