{
  "qid": "129",
  "query": "Folk Music",
  "rank": 3,
  "docid": 897339,
  "coef": {
    "state": 1.4796962383226092e-16,
    "blend": -0.0,
    "mai": 0.2490761078116067,
    "region": 0.46772506983769385,
    "europ": 0.7673919505913447,
    "music": 0.935739517307216,
    "defin": 0.0,
    "domin": 0.0,
    "includ": 0.0,
    "found": 0.0,
    "area": 0.0,
    "term": 0.0,
    "larg": 0.0,
    "england": 0.0,
    "develop": 0.0,
    "popular": 0.0,
    "orient": 0.0,
    "influenc": 0.0,
    "1960": 0.0,
    "contemporari": 0.0,
    "like": 0.0,
    "greec": 0.0,
    "john": 0.0,
    "part": 1.0484987919164381,
    "unit": 0.0,
    "tradit": 0.13965726517594032,
    "spread": 0.45524869738231305,
    "base": 0.0,
    "style": -0.0,
    "modern": 0.0,
    "especi": 0.0,
    "2": 0.0,
    "ethnic": 0.04866349242722175,
    "rock": 0.0,
    "arrang": 0.47533612054176705,
    "mix": 0.36869186580249996,
    "1": 0.3958386587790082,
    "counterpart": 0.0,
    "jim": 0.05530105345654924,
    "record": 0.0,
    "southeastern": 0.0,
    "seal": 0.0,
    "simon": 0.5281090228538043,
    "ford": 0.16379106005156707,
    "sweep": 0.38071386145957525,
    "danc": -0.7713901303810744,
    "don": 0.8328666695246654,
    "boom": 0.28402243904028185,
    "rhythm": 0.7261277190827203,
    "arab": 0.0,
    "asia": 0.8193464824854181,
    "genr": 0.7886115969861438,
    "pop": 0.5090798472919993,
    "song": 0.5404501922886956,
    "intim": 4.455232990160419e-15,
    "israel": 0.9472661545948485,
    "manel": 0.5418986889218188,
    "folk": 0.22314285291744565,
    "dan": 0.5996728749484577,
    "romania": 0.0,
    "turkei": 0.48621233538432823,
    "junction": 0.4011741247833301,
    "croft": 0.36190985972527023,
    "serbia": 0.0,
    "albania": 1.2679717938365602,
    "umbrella": 0.0,
    "acoust": 0.0,
    "bulgaria": -0.0,
    "balkan": 0.44411757534827,
    "armenia": 0.0268190362550168,
    "romani": 0.0,
    "mizrahi": 0.0,
    "croce": 0.0,
    "turbo": -0.0,
    "mclean": 0.0730330006173631,
    "colei": 0.15996701394760654,
    "lobo": 0.0,
    "arabesqu": 0.0,
    "laika": 0.0,
    "garfunkel": 0.04936202676091314,
    "chalga": -0.0,
    "tallava": 0.0,
    "rabiz": 0.0
  }
}