{
  "qid": "145",
  "query": "Finance",
  "rank": 7,
  "docid": 5140628,
  "coef": {
    "mai": 0.0,
    "trade": -0.0,
    "build": -0.0,
    "follow": 0.0,
    "rose": 0.0,
    "see": 0.0,
    "intern": 0.0,
    "refer": 0.0600164662357511,
    "bank": 0.02929572458333804,
    "rock": 0.0,
    "centr": 0.7603915592550484,
    "center": 0.0,
    "financi": -0.0,
    "station": 0.32323538465962076,
    "financ": 1.0728478219985715,
    "commerc": 1.3499959493571938,
    "kong": 0.0,
    "hong": -0.0,
    "hub": 0.0,
    "shanghai": -0.0,
    "busan": 0.151383230715841,
    "seoul": -0.0,
    "offshor": 0.0,
    "ifc": 0.5150083557491538,
    "ping": 0.0,
    "shenyang": -0.0,
    "guangzhou": 0.03565361921334772,
    "marriott": -0.0,
    "suzhou": -0.0,
    "chongq": -0.0,
    "jw": -0.0
  }
}