{
  "qid": "124",
  "query": "Charity",
  "rank": 7,
  "docid": 5044864,
  "coef": {
    "right": 0.0,
    "organis": 0.6436193946143957,
    "market": 0.0,
    "peopl": 0.0,
    "support": 0.4642293236756439,
    "help": 0.06398575464147321,
    "differ": 0.21753469200674797,
    "tool": 0.0,
    "includ": 0.0,
    "histori": -0.0,
    "came": -0.0,
    "event": 0.0,
    "found": 0.006141927346509172,
    "best": 0.0,
    "tend": 0.17588254300637143,
    "respond": 0.11449971407324808,
    "work": 0.0,
    "larg": 5.380729186822794e-16,
    "digit": 0.0,
    "difficulti": 0.0,
    "well": 0.735173165965512,
    "govern": 0.0,
    "aim": 0.0,
    "commun": 0.0,
    "abl": 0.0,
    "network": 0.02637412136717029,
    "field": 0.0,
    "see": 0.0,
    "wide": 0.0,
    "express": 0.0,
    "saw": 0.2970228972230075,
    "transpar": 0.13485616665402406,
    "20": 0.0,
    "sentiment": 0.0,
    "new": 0.0,
    "effect": 0.0,
    "amount": 0.026224978701357093,
    "similar": 0.0,
    "capit": 0.0,
    "who": 0.0,
    "first": 0.0,
    "idea": 0.0,
    "result": 0.0,
    "wai": 0.0,
    "social": 0.21386215216356916,
    "extens": 0.0,
    "littl": 0.0,
    "achiev": 0.0,
    "foundat": 0.0,
    "independ": 0.0,
    "voic": 0.03162328136251772,
    "across": 0.0,
    "2": 0.0,
    "train": 0.0,
    "year": 0.0,
    "identifi": 0.0,
    "adequ": 0.0,
    "high": -0.0,
    "face": 0.0,
    "research": 0.0,
    "health": 0.0,
    "old": 0.0,
    "rate": 0.18927144213063074,
    "grant": 0.0,
    "rang": 0.0,
    "18": 0.0,
    "assess": 0.12236841102743874,
    "survei": 0.35950758239449976,
    "account": 0.0,
    "categori": 0.0,
    "deal": 0.0,
    "analysi": 0.0,
    "measur": 0.0,
    "2012": 0.0,
    "1": 0.0,
    "fund": 0.0,
    "know": -0.0,
    "applic": 0.0,
    "22": 0.0,
    "impact": 0.205792449564259,
    "manner": 0.0,
    "great": 0.0,
    "color": -0.0,
    "medium": -0.0,
    "clear": 0.6188891015110494,
    "400": -0.0,
    "team": 0.39074375324612326,
    "competit": 0.0,
    "financi": 0.582669002502807,
    "asian": 0.09179840024095044,
    "indian": 0.0,
    "trust": 0.4666125864590388,
    "judg": 0.23245982849908509,
    "34": 0.0,
    "access": 0.11177890758095622,
    "enterpris": 0.1707155284994953,
    "knew": 0.0,
    "highlight": 0.0,
    "conceiv": 0.0,
    "doubt": 0.0,
    "partner": 0.22769575059944006,
    "nomin": 0.3385488151951511,
    "technic": 0.009172785708210233,
    "award": 0.07003758898110635,
    "tv": -0.0,
    "fair": 0.13273742405982702,
    "philanthropi": 0.0,
    "chariti": 0.6214562326116349,
    "charit": 0.0,
    "donor": 0.46417177322302017,
    "pr": 0.0,
    "databas": -0.0,
    "succe": 0.0,
    "clariti": 0.05592040732250187,
    "69": 0.38012966530984926,
    "robust": 0.48002796404709985,
    "metric": 0.0,
    "empow": 0.0,
    "nair": 0.3390886051550238,
    "truste": 0.6559378943937121,
    "mori": 0.4621670685084907,
    "manoj": 0.01525897423538614,
    "npc": 0.0,
    "ipso": 0.0,
    "shortlist": 0.0
  }
}