{
  "qid": "106",
  "query": "Climate Change Activists",
  "rank": 1,
  "docid": 4631026,
  "coef": {
    "aspect": 0.0,
    "third": 0.0,
    "demonstr": 0.0,
    "state": 0.39026931345834076,
    "discuss": 0.003921214297494203,
    "major": 0.0,
    "simultan": -0.0,
    "5": 0.0,
    "list": -0.0,
    "action": 0.2530458659302242,
    "market": 0.0,
    "peopl": 0.5299999257958388,
    "heavili": 0.0,
    "emerg": 0.0,
    "societi": 0.0,
    "can": 0.0,
    "belief": 0.0,
    "system": 0.0,
    "nation": 0.7782897245782857,
    "engag": -0.0,
    "debat": 0.0,
    "difficult": 0.24964858224461406,
    "ralli": 0.26237499895875305,
    "led": 0.0,
    "creat": 0.0,
    "platform": 0.0,
    "connect": 0.0,
    "countri": 0.0,
    "law": 0.0,
    "movement": 0.01847316021646788,
    "industri": 0.0,
    "adopt": 0.5012187420774072,
    "econom": 0.0,
    "attack": 0.0,
    "caus": 0.592669695552499,
    "respons": 0.0,
    "took": 0.0,
    "public": 0.7720265729937852,
    "domin": -0.0,
    "gener": 5.679221212428558e-15,
    "servic": 0.0,
    "target": 0.7450499378292054,
    "includ": 0.46226327085458113,
    "strong": 0.4633381793789322,
    "began": -0.0,
    "challeng": 0.0,
    "histori": 0.0,
    "attend": 0.0,
    "call": 0.14274879363728013,
    "event": 0.0,
    "ii": 0.0,
    "polit": 0.0,
    "21st": 0.0,
    "form": 0.0,
    "allow": 0.0,
    "found": 0.0,
    "world": 0.0,
    "bring": 0.0,
    "perform": -0.0,
    "involv": 0.40883635480981695,
    "term": 0.05338535320717905,
    "school": 0.0,
    "implement": 0.0,
    "american": 0.0,
    "larg": 0.0,
    "youth": 0.0,
    "chang": 0.014529668988296043,
    "interest": 0.039272799460930104,
    "cathol": 0.0,
    "govern": 0.0,
    "environment": 0.2226148419597885,
    "singl": 0.025882898639548648,
    "confer": 0.0,
    "close": 0.0,
    "issu": 0.3921984078740754,
    "aim": 0.0,
    "group": 0.0,
    "effort": 0.0,
    "citi": 0.0,
    "commun": -0.0,
    "democrat": 0.0,
    "root": 0.0,
    "protest": 0.12086840313993762,
    "common": 0.0,
    "role": 0.0,
    "strike": -0.0,
    "organ": 0.3237081661949967,
    "plai": 0.0,
    "publish": 0.0,
    "end": 0.0,
    "institut": 0.03515696550582862,
    "ecolog": 0.0,
    "democraci": 0.26410969453573313,
    "place": 0.0,
    "see": -0.0,
    "method": 0.4005696619399563,
    "wide": 0.0,
    "local": 0.19628209717605372,
    "collect": 0.0,
    "signific": 0.0,
    "specif": 0.0,
    "articl": 0.0,
    "advoc": 0.0,
    "structur": 0.0,
    "new": 0.5030227779800424,
    "mobil": 0.06505539900923515,
    "move": 0.0,
    "like": 0.013197776552906073,
    "free": 0.0,
    "leader": 0.0,
    "effect": 0.0,
    "intern": 0.08629557441258952,
    "space": 0.0,
    "terrorist": 0.0,
    "join": 0.0,
    "goal": 0.0,
    "question": 0.0,
    "who": 0.0,
    "futur": 0.0,
    "first": 0.5336089997906251,
    "past": 0.3735326012444203,
    "make": 0.5828601510979949,
    "activ": 0.0886188258451371,
    "transit": 0.0,
    "part": 0.0,
    "war": 0.3302131507324653,
    "unit": 0.0,
    "social": -0.0,
    "centuri": 0.0,
    "consensu": 0.0,
    "rebellion": 0.0,
    "decad": 0.0,
    "declar": 0.0,
    "grassroot": 0.16343001454744235,
    "emphas": 0.2342832881827685,
    "power": 0.0,
    "valu": 9.795430152197646e-15,
    "argu": 0.005874143809217499,
    "broader": 0.0,
    "global": 0.08997369125754841,
    "attitud": 0.0,
    "activist": -0.0,
    "voic": -0.0,
    "especi": 0.0,
    "parti": 0.0,
    "approach": 0.07149431251066037,
    "level": 0.4414229222613633,
    "scale": 0.3673567786920807,
    "initi": 0.0,
    "2015": 0.0,
    "hire": 0.0,
    "profession": 0.0,
    "sustain": 0.0,
    "unknown": 0.5135191637187868,
    "show": 0.0,
    "provis": 0.0,
    "000": 0.03658455213977189,
    "framework": 0.0,
    "firm": 0.0,
    "behavior": 0.0,
    "investig": 0.0,
    "1990": 0.0,
    "40": 0.0,
    "12": 0.0,
    "subset": 0.0,
    "crucial": 0.0,
    "risk": 0.0,
    "regard": 0.0,
    "assumpt": 0.0,
    "intellig": 0.0,
    "given": 0.0,
    "start": 0.6073495206603757,
    "2018": 0.0,
    "2016": 0.6120092218325812,
    "2014": 0.0,
    "2000": 0.0,
    "grow": 0.0,
    "home": 0.0,
    "fossil": 0.05035565434338821,
    "board": 0.0,
    "greenhous": 0.0,
    "carbon": 0.0,
    "impact": -0.0,
    "climat": 0.37136922401427735,
    "index": -0.0,
    "energi": 0.3604840671544794,
    "grass": 0.0,
    "emiss": 0.0,
    "fuel": 0.0,
    "clean": 0.04460735171274238,
    "mainli": 0.0,
    "brought": 0.002997268502080593,
    "front": 0.0,
    "text": 0.009265228742465414,
    "portion": 0.32344091832696903,
    "racism": -0.0,
    "hundr": 0.05147880751890764,
    "enforc": 0.0,
    "coalit": 0.7978619623963917,
    "thousand": 0.7059483461465632,
    "republ": 0.0,
    "400": 0.0,
    "largest": 0.0,
    "august": -0.0,
    "busi": -0.0,
    "gather": 0.0,
    "300": 0.0,
    "plu": 0.0,
    "faith": -0.0,
    "campaign": 0.2958536183371749,
    "decemb": 0.0,
    "2017": 0.0,
    "succeed": -0.0,
    "york": 0.016068521629170572,
    "septemb": 0.0,
    "100": 0.0,
    "2009": -0.0,
    "2019": 0.0,
    "bill": 0.0,
    "demand": -0.17172305985277495,
    "economi": 0.0,
    "denomin": 0.0,
    "juli": -0.0,
    "diversifi": 0.0,
    "expans": 0.0,
    "21": 5.843455030004039e-07,
    "domest": 0.0,
    "march": -0.0,
    "went": 0.0,
    "evolv": 0.0,
    "monitor": 0.0,
    "extinct": 0.0,
    "ambit": 0.0,
    "strength": 0.0,
    "350": 0.0,
    "actor": 0.0,
    "launch": 0.25981990807234057,
    "promulg": 0.0,
    "germani": 0.0,
    "scope": 0.0,
    "secretli": 0.0,
    "berlin": -0.0,
    "faster": 0.20574247833046794,
    "frame": 0.0,
    "agreement": -0.29823204818008014,
    "org": 0.0,
    "fridai": 0.0,
    "un": 0.0,
    "advocaci": 0.0,
    "solut": 0.04792805677681482,
    "uncommon": 0.7203443111884462,
    "rapidli": 0.6956167217304107,
    "hack": 0.14816448001686727,
    "investor": 0.2392904212171027,
    "airplan": 0.0,
    "divest": -0.0,
    "wwii": 0.0,
    "nongovernment": 0.0,
    "copenhagen": 0.0,
    "mechanist": -0.0,
    "conven": 0.0,
    "banner": 0.0,
    "summit": 0.0,
    "slash": 0.0,
    "mitig": 0.0,
    "emitt": 0.0,
    "environmentalist": 0.0,
    "avers": 3.6270162303948215e-06,
    "instig": 0.0,
    "sharehold": 0.0,
    "hacker": 0.12711292371247007,
    "nde": 0.0,
    "gel": 0.0,
    "phish": 0.0,
    "interfaith": 0.8866531536540446,
    "gcc": 0.06540078897974118,
    "unfccc": 0.0,
    "mckibben": 0.0,
    "watchlist": 0.0,
    "exxonknew": -0.0
  }
}