{
  "qid": "105",
  "query": "Governments",
  "rank": 9,
  "docid": 3699166,
  "coef": {
    "mai": 0.08424142005505553,
    "govern": -0.0,
    "colleg": 0.4523232133146982,
    "rest": 0.0,
    "refer": 0.0,
    "medic": 0.09642705635701791,
    "hospit": 0.438327507931161,
    "india": 0.4053991791031834,
    "kerala": -0.0,
    "aurangabad": -0.0,
    "amritsar": -0.0,
    "patiala": -0.0,
    "kollam": 0.0,
    "kozhikod": 0.0,
    "chandigarh": 0.0,
    "thrissur": 0.2494635696902147,
    "kottayam": -0.0,
    "thiruvananthapuram": 0.0,
    "kota": -0.0,
    "nagpur": -0.0,
    "anantapur": 0.0,
    "srinagar": 0.0,
    "ernakulam": 0.0,
    "latur": -0.0,
    "akola": -0.0,
    "miraj": -0.0,
    "alappuzha": 0.0,
    "malappuram": -0.0
  }
}