{
  "qid": "127",
  "query": "Clergy",
  "rank": 2,
  "docid": 2172718,
  "coef": {
    "be": 0.0,
    "union": 0.03380196119210812,
    "can": -0.0,
    "mai": 0.0,
    "region": -0.0,
    "europ": 0.0,
    "order": 0.0,
    "propos": -0.0,
    "middl": 0.0,
    "gener": 0.0,
    "includ": 0.2997419235753947,
    "take": 0.0,
    "allow": 0.0,
    "forc": 0.0,
    "number": 0.0,
    "hold": 0.0,
    "area": -0.0,
    "limit": 0.0,
    "follow": 0.0,
    "work": 0.296115145502216,
    "church": 0.3865292789886263,
    "england": 0.103201643012469,
    "arm": 0.0,
    "women": 0.3081312003047478,
    "repres": 0.004946570183561995,
    "exampl": 0.0,
    "time": -0.0,
    "rank": 0.0,
    "ident": 0.0,
    "place": 0.0,
    "70": 0.0,
    "sex": 0.0,
    "onli": -0.0,
    "like": 0.0,
    "practic": 0.00483217852459013,
    "first": -0.0,
    "oblig": 0.0,
    "individu": -0.0,
    "member": 0.43013845197579087,
    "decis": 0.0,
    "person": -0.0,
    "religi": 0.0,
    "power": 0.0,
    "hous": 0.20293814343487498,
    "year": 0.0,
    "licens": 0.0,
    "1987": 0.0,
    "lower": 0.23159261810011222,
    "univers": 0.0,
    "select": 0.0,
    "report": 0.4589462844715873,
    "measur": -0.0,
    "aris": 0.11582894020248467,
    "consist": 0.5447786693637094,
    "reach": 0.1712957281842854,
    "composit": 0.0,
    "ordin": 0.0,
    "provinc": 0.0,
    "veto": 0.1157279950659255,
    "elect": 0.35262304864782806,
    "held": 0.0,
    "london": 0.06856890541407466,
    "jointli": 0.3418340608006807,
    "legislatur": 0.0,
    "membership": 0.0,
    "senior": 0.0,
    "elig": 0.0,
    "plu": 0.0,
    "york": -0.0,
    "split": -0.0,
    "british": 0.0,
    "cathedr": 0.0,
    "compris": 0.0,
    "man": 0.0,
    "appoint": 0.0,
    "jersei": 0.13217339518561758,
    "fill": 0.0,
    "ordain": 0.0,
    "fellow": -0.0,
    "retir": 0.08368918023412608,
    "prison": 0.0,
    "cambridg": 0.4185840027684378,
    "oxford": 0.0,
    "homosexu": 0.0,
    "bishop": 0.0,
    "opt": 0.27500555639102137,
    "dioces": 0.6305449301706701,
    "parish": 0.29652646761133683,
    "anglican": 0.23473341858351873,
    "durham": 0.0,
    "newcastl": 0.0,
    "dean": 0.37789206713761553,
    "clergyman": 0.03821849658173382,
    "chaplain": 0.5514493631190852,
    "gibraltar": 0.0,
    "clergi": 0.47890482131036394,
    "synod": 0.5628393976428748,
    "extraprovinci": 0.0,
    "convoc": 0.0,
    "diocesan": -0.0,
    "laiti": 0.014168742020964936,
    "canterburi": 0.4517490569034549,
    "guernsei": 0.0,
    "deacon": 0.0,
    "deaneri": 0.0,
    "officio": 0.0,
    "vacanc": 0.037075712764231994,
    "sodor": 0.0,
    "tricamer": 0.0
  }
}