{
  "qid": "143",
  "query": "Philanthropy",
  "rank": 0,
  "docid": 4990674,
  "coef": {
    "third": 0.0,
    "state": 0.37731469512941973,
    "major": 0.4554463473337532,
    "karl": 0.0,
    "list": -0.0,
    "current": 0.0,
    "origin": 0.0,
    "cultur": 0.0,
    "benefit": 0.0,
    "societi": 0.0,
    "journal": 0.0,
    "higher": 0.0,
    "nation": 0.362033276637646,
    "region": 0.0,
    "demograph": 0.0,
    "creat": 0.0,
    "librari": 0.541041685166695,
    "classic": 0.0,
    "section": 0.0,
    "respons": 0.0,
    "public": 0.0,
    "gener": 0.0,
    "includ": 0.4054752407199205,
    "address": 0.0,
    "histori": 0.0,
    "descript": 0.0,
    "call": 0.0,
    "event": -0.0,
    "forc": 0.0,
    "found": 0.0,
    "privat": 0.1587697360741972,
    "school": 0.0,
    "last": 0.0,
    "critic": 0.0,
    "work": 0.28115399040427946,
    "american": 0.19255947744135965,
    "america": 0.5189455744082547,
    "influenti": 0.0,
    "choic": 0.0,
    "develop": 0.0,
    "well": 0.0,
    "govern": 0.0,
    "review": 0.0,
    "group": 0.0,
    "depict": 0.0,
    "academ": 0.0,
    "author": 0.0,
    "time": 0.31563506718808054,
    "common": 0.0,
    "organ": 0.10460551004373929,
    "publish": 0.0,
    "literatur": 0.15819413336039084,
    "influenc": 0.0,
    "recent": 2.4627027295853596e-14,
    "myth": 0.0,
    "find": 0.0,
    "enhanc": 0.0,
    "field": 0.0,
    "live": 0.0,
    "collect": 0.0,
    "signific": 0.0,
    "direct": -0.0,
    "histor": 0.0,
    "new": 0.0,
    "produc": 0.0,
    "liber": 0.0,
    "free": 0.0,
    "effect": 0.14917366795443496,
    "handl": 0.0,
    "who": 0.0,
    "accord": 0.0,
    "read": 0.0,
    "first": 0.18011701849640313,
    "result": 0.09833248228156499,
    "past": 0.0,
    "part": 0.0,
    "problem": 0.0,
    "distribut": 0.2969700199856793,
    "war": 0.21840080881124369,
    "wai": 0.0,
    "unit": 0.0,
    "social": 0.5875013289962334,
    "centuri": 0.0,
    "individu": -0.0,
    "reason": 0.34439842319058306,
    "refer": 0.0,
    "give": 0.4442152696380493,
    "achiev": 0.0,
    "foundat": 0.0,
    "book": 0.40708494598644235,
    "sale": 0.0,
    "wrote": 0.2181637804215677,
    "associ": 0.0,
    "valu": 0.0,
    "varieti": 0.0,
    "statist": -0.0,
    "modern": -0.0,
    "hard": 0.0,
    "approach": 0.0,
    "definit": 0.0,
    "onlin": 0.0,
    "level": -0.0,
    "8": 0.0,
    "million": 0.0,
    "contain": 0.15300859908477374,
    "bleed": 0.25152752537119866,
    "2015": 0.17485862532513388,
    "present": 0.0,
    "cost": 0.09259663781919285,
    "year": 0.4816009805318035,
    "copi": 0.0,
    "accur": 0.0,
    "000": 0.0,
    "data": 0.06213313065087182,
    "investig": 0.0,
    "50": 0.0,
    "25": 0.0,
    "15": 0.0,
    "recommend": 0.26790686232186345,
    "treatment": 0.13658408696964122,
    "select": 0.07688304393344442,
    "report": 0.029251329140826673,
    "analysi": 0.0,
    "theme": 0.0,
    "divid": 0.0,
    "given": 0.0,
    "comprehens": 0.0,
    "hour": 0.0,
    "2016": 0.0,
    "compar": 0.0,
    "1": 0.12980781090172874,
    "explan": 0.010131251864828801,
    "globe": 0.0,
    "impact": 0.0,
    "great": 0.0,
    "content": 0.0,
    "graphic": 0.3009856376154909,
    "least": 0.0,
    "text": 0.002359675343507853,
    "written": 0.0,
    "hall": 0.0,
    "shatter": 0.18471497604954684,
    "topic": 0.0,
    "thousand": 0.0,
    "13": 0.0,
    "orang": 0.0,
    "profil": -0.0,
    "tax": 0.004025672804311978,
    "donat": 0.15715948108100503,
    "record": 0.0,
    "film": 0.0,
    "380": 0.0,
    "300": 0.0,
    "counti": 0.0016953748578772828,
    "poll": 0.2933948197461611,
    "percent": 0.0,
    "york": 0.0,
    "charter": 0.0,
    "greatest": 0.0,
    "pb": 0.0,
    "eleven": 0.0,
    "regist": 0.00189761201578227,
    "heart": 0.04577615083027499,
    "economi": 0.0,
    "compass": 0.11705160494699404,
    "wall": 0.0,
    "900": 0.0,
    "billion": 0.0,
    "twenti": 0.0,
    "monopoli": 0.0,
    "32": 0.0,
    "street": 0.0,
    "captur": 0.08069945656352855,
    "polici": 0.0,
    "amazon": 0.0,
    "chose": 0.17906758194364028,
    "purpos": 0.00654607779658865,
    "wealthi": 0.0,
    "brief": 0.0,
    "almanac": 0.3894903166719991,
    "boston": 0.0,
    "volunt": 0.0,
    "page": 0.0,
    "worth": 0.0,
    "volum": 0.005533484561111324,
    "47": 0.034151359711005184,
    "solv": 0.0,
    "documentari": 0.0,
    "atlant": 0.14812300873320933,
    "sketch": 0.0,
    "thank": 0.0,
    "introduct": 0.0,
    "philanthropi": 0.37843594497500677,
    "philanthrop": 0.3429155565071628,
    "sector": 0.0,
    "nonprofit": 0.0,
    "chariti": 0.0,
    "charit": 0.11901862524356592,
    "donor": 0.475240475538539,
    "entri": 0.0,
    "fame": 0.0,
    "comic": 0.0,
    "novel": 0.0,
    "nonfict": 0.0,
    "chronicl": 0.0,
    "summar": 0.0,
    "embed": 0.0,
    "trend": 0.0,
    "wealthiest": 0.0,
    "jeff": 0.0,
    "iraq": 0.0,
    "1636": 0.07131402739238484,
    "360": 0.0,
    "overview": 0.0,
    "chart": 0.0,
    "giver": 0.4691865464469612,
    "timelin": 0.0,
    "graph": 0.0,
    "encapsul": 0.0,
    "jacobi": 0.0,
    "quotat": 0.05688986058890837,
    "marvel": 0.0,
    "stingi": 0.0,
    "roundtabl": 0.0,
    "booklist": 0.0,
    "zinsmeist": 0.0
  }
}