{
  "qid": "128",
  "query": "Racing",
  "rank": 9,
  "docid": 262266,
  "coef": {
    "be": 0.0,
    "list": 0.0,
    "system": -0.0,
    "north": 0.18633437412316545,
    "mai": 0.20788595722477396,
    "europ": 0.0,
    "defin": 0.003470846773518426,
    "differ": 0.0,
    "includ": 0.0032957885567609104,
    "rule": 0.0,
    "french": -0.0,
    "allow": 0.05547490831996724,
    "import": 0.1967551556264429,
    "best": 0.0,
    "ag": 0.0,
    "term": 0.0,
    "abil": 0.0,
    "follow": 0.3401413571050814,
    "america": 0.0,
    "carri": 0.18420631512561544,
    "govern": 0.01283655823185849,
    "group": 0.0,
    "exampl": 0.04753461745264886,
    "author": 0.0001930647489288298,
    "down": 0.022215489111199065,
    "sex": 0.0,
    "see": -0.0,
    "known": 0.0,
    "accord": 0.0,
    "offici": 0.0,
    "claim": 0.0,
    "distinct": 0.0,
    "condit": 0.17734302297323065,
    "refer": 0.0005569965339641091,
    "give": -0.0,
    "success": 0.0,
    "valu": 0.0,
    "level": 0.0,
    "older": 0.0,
    "stage": 0.0,
    "younger": 0.0,
    "attach": 0.0,
    "case": 0.0008302850467449904,
    "weight": 0.4637174974488475,
    "provis": 0.0,
    "femal": -0.0,
    "race": 0.3632951753878886,
    "male": -0.0,
    "matur": 0.08092692600449553,
    "rel": 8.019475675548809e-16,
    "restrict": -0.0,
    "qualiti": 0.0,
    "receiv": 0.0,
    "great": 0.030634800547125408,
    "flat": 0.0,
    "grade": -0.0,
    "irish": 0.0,
    "britain": 0.05617506148127539,
    "british": 0.0,
    "won": 0.0,
    "sell": 0.0,
    "hors": 0.26760828932512704,
    "laid": 0.014885681617997124,
    "runner": 0.5313906077435925,
    "australia": 0.06046210106093523,
    "australian": 0.0,
    "handicap": 0.12145339257586464,
    "maiden": -0.0,
    "alloc": 0.31198284830687706,
    "novic": -0.0,
    "entrant": 0.0,
    "equalis": 0.04318261118342471,
    "horserac": 0.16705239135527258,
    "handicapp": 0.012719867491866394
  }
}