{
  "qid": "110",
  "query": "Clean Energy",
  "rank": 8,
  "docid": 3193925,
  "coef": {
    "state": 0.0,
    "major": 0.0,
    "current": 0.0038625197627433637,
    "market": 0.0,
    "benefit": 0.0,
    "stand": 0.0,
    "grew": -0.0,
    "exist": 0.0,
    "primarili": 0.0,
    "focus": 0.0,
    "system": 0.0,
    "support": 0.33180395716460903,
    "north": 0.06850939973405226,
    "nation": 0.3823349203103341,
    "region": 0.2700191238701959,
    "creat": 0.05470403823090551,
    "addition": 0.0,
    "countri": 0.0,
    "help": 0.0,
    "order": 0.0,
    "pre": 0.05802059754178517,
    "reduc": -0.0,
    "defin": 0.0,
    "respons": 0.33760387348357473,
    "public": 0.28345881520431104,
    "servic": 0.0,
    "address": 0.1430313617130532,
    "challeng": -0.0,
    "histori": 0.0,
    "event": 0.00698242588652207,
    "allow": 0.0,
    "import": 0.0,
    "world": 0.296810162166988,
    "bring": 0.0,
    "secur": 0.0,
    "oper": 0.1744094097242045,
    "area": 0.18090781965489253,
    "privat": 0.0002994832873933499,
    "last": 0.00035307422056910913,
    "larg": -0.0,
    "guid": 0.0,
    "america": 0.021784228117537947,
    "interest": 0.0,
    "well": 0.007023252372356326,
    "complet": 0.0,
    "govern": 0.0,
    "affili": 0.0,
    "feder": 0.0,
    "citi": 0.18052594237675984,
    "commun": 0.10293074438261517,
    "act": 0.2009905116042942,
    "exampl": 0.0,
    "time": 0.02082265362512973,
    "organ": 0.0,
    "arrai": 0.0,
    "notabl": 0.0035567738385922335,
    "will": 0.14205801157154901,
    "find": 0.0,
    "subject": 0.0,
    "network": 0.0,
    "function": 0.0,
    "set": 0.0,
    "non": 0.003062914542752115,
    "ideal": 0.0,
    "local": 0.0,
    "collect": 0.0,
    "displai": 0.1272934685501465,
    "particip": 0.0,
    "known": 0.0,
    "advoc": 0.12862383000562147,
    "histor": 0.0,
    "onli": -0.0,
    "featur": 0.002099745500845586,
    "anti": 0.0,
    "leader": 0.0,
    "decreas": 0.0,
    "amount": 0.0,
    "goal": -0.0,
    "practic": 0.0,
    "class": 0.0,
    "incept": 0.0,
    "perspect": 0.0,
    "activ": 0.0,
    "congress": 0.0,
    "share": 0.014852639181701427,
    "promot": 0.31324472403511766,
    "extens": 0.0,
    "natur": 0.01144570017603964,
    "potenti": 0.0,
    "base": 0.0,
    "achiev": 0.0,
    "sole": -0.0,
    "strategi": 0.0,
    "varieti": 0.0,
    "broader": 0.0,
    "rural": -0.0,
    "meet": 0.08512646998545148,
    "divers": 0.16370619408720016,
    "technolog": 0.048464677611732614,
    "harm": 0.0,
    "serv": 0.0,
    "altern": 0.11778479013355127,
    "period": 0.03429362588548578,
    "consumpt": 0.0,
    "increas": 0.00035930973458443705,
    "across": 0.0,
    "million": 0.0,
    "greater": 0.469068737589948,
    "initi": 0.0,
    "present": 0.0,
    "sign": 0.0,
    "pollut": 0.0,
    "sustain": 0.3942165801324806,
    "depend": 0.0006575932038087859,
    "program": -0.0,
    "lessen": 0.0,
    "recognit": 0.0,
    "high": 0.0,
    "impair": 0.010622652034515165,
    "advanc": -0.0,
    "old": 0.0,
    "air": 0.2154376453423831,
    "maintain": 0.0,
    "rang": 0.012683168831292887,
    "accommod": 0.0,
    "resourc": 0.0,
    "exposur": 0.0,
    "90": 0.06725389542274504,
    "coordin": 0.0,
    "elev": 0.0,
    "improv": -0.0,
    "12": 0.0,
    "special": 0.0,
    "integr": 0.0,
    "surround": 0.3345798266277663,
    "opportun": 0.0,
    "successfulli": 0.06589314116981015,
    "consist": 0.05326480064004083,
    "qualiti": -0.0,
    "design": 0.0,
    "commerci": 0.00012437704455678736,
    "1": 0.0,
    "home": 0.0,
    "fund": 0.0,
    "ski": 0.0,
    "burn": 0.0,
    "thermal": 0.0,
    "board": 0.0,
    "forest": 0.0,
    "highest": 0.0,
    "desert": 0.0,
    "receiv": 0.0,
    "impact": 0.0,
    "ga": 0.0,
    "temper": 0.0,
    "electr": 0.0,
    "annual": 0.0,
    "oil": 0.0,
    "energi": 0.223276081802567,
    "ground": 0.0,
    "emiss": 0.0,
    "fuel": 0.29279084585438525,
    "clean": 0.07066673022154196,
    "western": 0.08000165192917728,
    "statu": 0.0,
    "usa": -0.0,
    "mountain": 0.0,
    "presid": 0.0,
    "portion": 0.0,
    "site": 0.0,
    "tour": 0.0,
    "coalit": 0.2546026083987778,
    "georg": 0.0,
    "corpor": 0.0,
    "protect": 0.4402477744617313,
    "owner": 0.0,
    "profil": 0.0,
    "nearli": 0.2685664028099967,
    "west": 0.16165553579950592,
    "conserv": 0.0,
    "lake": 0.0,
    "largest": 0.0,
    "speci": 0.0,
    "fish": 0.37770101881735013,
    "concentr": 0.1657635438751845,
    "busi": 0.0,
    "resid": 0.0,
    "uniqu": 0.0,
    "red": 0.0,
    "faith": 0.0,
    "anim": 0.0,
    "project": 0.0,
    "1992": 0.0,
    "2002": 0.24189405778308393,
    "jackson": 0.033383796309774956,
    "septemb": 0.0,
    "peak": 0.0,
    "100": 0.0,
    "visitor": 0.5917970953153351,
    "boast": 0.0,
    "administ": 0.15782851392074318,
    "depart": 0.3887726203413508,
    "refug": 0.0,
    "wildlif": 0.0,
    "ceremoni": 0.0,
    "vehicl": 0.380354619530082,
    "airport": 0.0,
    "agenc": 0.4745197706435884,
    "eastern": 0.0,
    "pass": 0.0,
    "park": 0.19027346559830097,
    "access": 0.34161486894728227,
    "transport": 0.25284297218930823,
    "purchas": 0.08492973178740525,
    "polici": 0.0,
    "tremend": 0.0,
    "profit": 0.06681884388289738,
    "1977": 0.0,
    "bush": 0.2485313133736377,
    "capabl": -0.0,
    "duboi": 0.10593873718258154,
    "intact": 0.10977691304296201,
    "hybrid": 0.0,
    "accomplish": 0.0,
    "encompass": 0.0,
    "displac": 0.0,
    "effici": 0.0,
    "collabor": 0.2287747136889108,
    "director": 0.0,
    "adjac": 0.0,
    "stronger": 0.0,
    "sector": 0.0,
    "detriment": 0.0,
    "truli": 0.11104040216196648,
    "dozen": -0.0,
    "gatewai": 0.23671102398608942,
    "solut": 0.0,
    "exhaust": 0.00018293889213340998,
    "grand": 0.0,
    "montana": 0.024566668797931897,
    "mission": 0.0,
    "southwest": 0.0,
    "resort": 0.3428023443348896,
    "petroleum": 0.33239727284262693,
    "crude": 0.0,
    "deploy": 0.0,
    "degrad": 0.0,
    "mandat": 0.0,
    "livingston": 0.023791817934162813,
    "idaho": 0.0538384096411276,
    "alpin": 0.0,
    "ecosystem": 0.2389890482843405,
    "wyom": 0.3303132024760335,
    "southwestern": 0.0,
    "propan": 0.0,
    "gasolin": 0.0,
    "ethanol": 0.0701183866842736,
    "scenario": 0.0,
    "mandatori": 0.0,
    "stakehold": 0.20551239664186086,
    "deploi": 0.0,
    "afv": -0.0,
    "bridger": 0.0,
    "elk": 0.0,
    "geo": 0.0,
    "gardin": 0.0,
    "portfolio": 0.0,
    "email": 0.10795082532697362,
    "cornerston": 0.0,
    "codi": 0.0,
    "manmad": 0.0,
    "biodiesel": 0.007149029448288604,
    "gallatin": 0.0,
    "custer": 0.0,
    "bozeman": 0.0,
    "yellowston": 0.05945325057024686,
    "shoshon": 0.0,
    "outfitt": 0.0,
    "concession": -0.0,
    "gya": 0.0,
    "teton": 0.2082748943613049,
    "designe": -0.0,
    "targhe": 0.0,
    "hev": 0.0,
    "deerlodg": 0.0,
    "permitte": 0.03194808255625638,
    "ytcec": 0.19810181884923686
  }
}