{
  "qid": "134",
  "query": "Botany",
  "rank": 0,
  "docid": 937662,
  "coef": {
    "state": 0.8138649905659775,
    "north": 0.0,
    "mai": 0.0,
    "nation": 0.0,
    "name": 0.0,
    "preserv": 0.035976331790107896,
    "st": 0.0,
    "robert": 0.0,
    "manag": 0.0,
    "found": 0.0,
    "commonli": 0.0,
    "area": 0.8490442698633349,
    "england": -0.0,
    "land": -0.13950346529996882,
    "govern": 0.0,
    "colleg": -0.0,
    "citi": -0.0,
    "commun": 0.0,
    "small": 0.0,
    "place": 0.0,
    "see": 0.005478961882587587,
    "fiction": 0.0,
    "local": 0.0,
    "known": 0.0,
    "new": 0.020021483673036158,
    "free": 0.0,
    "unit": -0.0,
    "refer": 0.0,
    "illeg": 0.0,
    "residenti": -0.0,
    "univers": -0.0,
    "locat": 0.7212060951073098,
    "3": 0.0,
    "antarctica": -0.0,
    "planet": 0.0,
    "peninsula": 0.18410775453516637,
    "bai": 0.40053755615886527,
    "seaport": -0.0,
    "hall": 0.0,
    "bob": 0.07949899899995755,
    "london": 0.2784764213928941,
    "weevil": 0.04950484201544937,
    "suburb": 0.0,
    "west": 0.4181988471535204,
    "jim": 0.2137925594308159,
    "ladd": 0.0,
    "record": 0.0,
    "speci": 0.4085796809718504,
    "vallei": 0.0,
    "fish": 0.0,
    "film": 0.15334488406622715,
    "jone": 0.4039046277535588,
    "movi": 0.34487673336540925,
    "port": -0.0,
    "entertain": 0.0,
    "south": 0.0,
    "island": 0.0,
    "thoma": 0.0,
    "wildlif": 0.0,
    "shore": 0.0,
    "1941": 0.0,
    "jame": 0.0,
    "eastern": 0.0,
    "park": 0.30390696353213537,
    "plantat": 0.0,
    "star": 0.42780381831223846,
    "boat": 0.42698180415766096,
    "harri": 0.0,
    "carolina": -0.0,
    "willi": 0.0,
    "charl": 0.0,
    "norman": 0.0,
    "botani": 0.4795152179266196,
    "kingdom": -0.0,
    "1953": 0.035342709580977544,
    "rescu": 0.020897811802959868,
    "song": 0.3936659907046566,
    "fridai": 0.0,
    "australia": 0.625482286952758,
    "alan": 0.03404541851135799,
    "novel": 0.5890050199060166,
    "whale": 0.022121000349766155,
    "folk": 0.0,
    "rolf": 0.0,
    "hamlet": 0.0,
    "virgin": 0.0,
    "villag": 0.07361342595645849,
    "wale": 0.04619671611487256,
    "borough": -0.0,
    "ss": 0.0,
    "diamond": 0.0,
    "harpoon": 0.0,
    "trek": -0.0,
    "victoria": -0.0,
    "triniti": 0.0,
    "dublin": -0.0,
    "dylan": 0.07885678453509867,
    "heinlein": 0.0,
    "spaceship": 0.0,
    "kent": 0.0,
    "nordhoff": 0.0,
    "bristol": 0.0,
    "enfield": -0.0,
    "derbyshir": 0.0,
    "quadrangl": 0.0,
    "monmouthshir": 0.0,
    "wye": 0.0,
    "chorlei": 0.0,
    "broadstair": 0.0,
    "spectabili": 0.0,
    "edisto": 0.0,
    "henburi": -0.0,
    "chrysolopu": 0.0
  }
}