{
  "qid": "123",
  "query": "Currency",
  "rank": 6,
  "docid": 4666122,
  "coef": {
    "third": 0.0,
    "state": 0.0,
    "major": 0.021982705927265624,
    "pai": 0.0,
    "simultan": 0.0,
    "union": 0.0,
    "currenc": 0.2570636377388655,
    "highli": -0.0,
    "market": 0.323984692012634,
    "can": 0.0,
    "mai": 0.0,
    "nation": 0.04072869327000284,
    "creat": 0.04079231187128683,
    "stabl": 0.02011839439502671,
    "countri": 0.1668429751742406,
    "order": 0.0,
    "econom": 0.0,
    "reduc": 0.23251964702087752,
    "taken": 0.06753050640664195,
    "differ": 0.0,
    "gener": 0.15522014217997465,
    "target": 0.0,
    "take": 0.06705303639636273,
    "polit": 0.016257238395773622,
    "allow": 0.0,
    "world": -0.0,
    "open": 0.0,
    "due": -0.0,
    "need": 0.0,
    "involv": 0.0,
    "trade": 0.3059875558801631,
    "advantag": 0.0,
    "larg": 0.0,
    "interest": 0.35840690341317893,
    "carri": 0.05868502749810114,
    "canadian": -0.0,
    "exampl": 0.0,
    "offer": 0.0,
    "common": 0.04600938097613678,
    "institut": 0.0,
    "place": 0.018844401054394225,
    "franc": 0.0,
    "see": 0.0,
    "non": -0.0,
    "wide": 0.0,
    "specif": 0.00036599377695908464,
    "known": -0.0,
    "new": 0.0,
    "neg": 0.2737284563985663,
    "japanes": 0.11445971343747956,
    "like": 0.0,
    "effect": 0.0,
    "mention": 0.0,
    "intern": -0.0,
    "amount": 0.06367273975826518,
    "similar": 0.0,
    "practic": 0.09012429040557585,
    "posit": 0.35766776573198805,
    "offici": 0.0,
    "activ": 0.2567190463671019,
    "problem": 0.0,
    "wai": 0.0,
    "unit": 0.03544728655962752,
    "spread": 0.2878120782228575,
    "directli": 0.0,
    "soon": 0.0,
    "give": 0.0,
    "exact": 0.0,
    "accept": 0.10649402241201907,
    "separ": 0.0,
    "global": 0.0,
    "back": 0.0,
    "mean": 0.0,
    "altern": 0.0,
    "increas": 0.0,
    "across": 0.0,
    "size": 0.0,
    "put": 0.03998970524951051,
    "cost": 0.0,
    "depend": 0.0,
    "swiss": 0.0,
    "rate": 0.0,
    "rang": 0.0,
    "worldwid": 0.00124593255833988,
    "typic": -0.0,
    "avail": 0.0,
    "doubl": 0.008758764477793909,
    "exposur": 0.0,
    "relev": 0.0,
    "18": -0.0,
    "account": 0.0,
    "pair": 0.2629675320844133,
    "opportun": 0.0,
    "differenti": 0.0,
    "requir": 0.04398288558654386,
    "margin": 0.0,
    "impact": 0.0,
    "artifici": -0.0,
    "offset": 0.0,
    "foreign": 0.0,
    "cross": -0.0,
    "retail": 0.0,
    "28": 0.0,
    "trader": 0.36082398717164427,
    "dollar": 0.39324133057680616,
    "financi": 0.0,
    "demand": 0.0,
    "economi": 0.0,
    "rout": 0.0,
    "british": 0.0,
    "financ": -0.0,
    "desir": -0.0,
    "sell": 0.0,
    "bui": 0.0,
    "overnight": 0.0,
    "intermediari": 0.0,
    "profit": 0.03592072471471351,
    "strength": 0.0024799345788999666,
    "quot": 0.0,
    "wish": 0.3315226678127264,
    "pound": 0.0,
    "exchang": -0.0,
    "tie": 0.08022712749772384,
    "liquid": 0.21523914713729317,
    "maker": 0.0,
    "australian": 0.0,
    "synthet": 0.0,
    "solut": 0.24870887150334345,
    "euro": 0.0,
    "trend": -0.0,
    "eur": 0.3478455490045727,
    "broker": 0.4036575539149197,
    "interfac": 0.0,
    "overview": 0.0,
    "zealand": 0.0,
    "scenario": 0.0,
    "yen": 0.07552318224150092,
    "overhead": 0.0,
    "gbp": 0.0,
    "usd": 0.131658763333675,
    "cleaner": 0.0,
    "cad": -0.0,
    "nzd": 0.0,
    "chf": 0.0,
    "aud": 0.04074891721277027,
    "forex": 0.04416779191093153,
    "jpy": 0.0
  }
}