{
  "qid": "141",
  "query": "Human Exploration",
  "rank": 8,
  "docid": 14104,
  "coef": {
    "be": 0.0,
    "state": 0.0,
    "union": 0.2415742987243185,
    "current": 0.0,
    "seen": 0.0,
    "primarili": -0.0,
    "return": 0.0,
    "system": 0.0,
    "earli": 0.0,
    "nation": 0.0,
    "name": 0.0,
    "leo": 0.0,
    "countri": 0.0,
    "classic": 0.0,
    "mid": 0.0,
    "20th": 0.0,
    "anchor": -0.0,
    "propos": 0.0,
    "reduc": 0.0,
    "st": -0.0,
    "taken": 0.0,
    "conduct": 0.0,
    "public": -0.0,
    "gener": 0.0,
    "includ": -0.0,
    "began": 0.0,
    "histori": -0.0,
    "take": 0.03658269718981818,
    "21st": 0.0,
    "form": 0.12927706051448953,
    "allow": 0.0,
    "oper": 0.0,
    "bodi": 0.04218470358356299,
    "privat": 0.0,
    "follow": -0.0,
    "american": 0.0,
    "advantag": 0.006445889441141136,
    "larg": 0.0,
    "octob": 0.0,
    "enabl": 0.0,
    "land": 0.12595324089436044,
    "interest": 0.0,
    "carri": 0.0,
    "object": 0.04731144981125995,
    "develop": 0.410218189764775,
    "complet": 0.0,
    "review": 0.0019486845342420389,
    "close": 0.0,
    "reliabl": 0.0,
    "common": 0.0,
    "era": 0.0,
    "plan": -0.0,
    "student": 0.0,
    "atmospher": 0.16972369357701805,
    "small": 0.0,
    "place": 0.025928386198329347,
    "see": 0.0,
    "live": 0.0,
    "20": 0.0,
    "unrealist": 0.0,
    "cooper": 0.0,
    "known": 0.011924972432580352,
    "surviv": -0.0,
    "advoc": -0.0,
    "soviet": 0.1130492603239181,
    "russia": 0.0,
    "china": 0.0,
    "constel": 0.46053213510080265,
    "like": 0.0,
    "intern": 0.0,
    "space": 0.21987953786291953,
    "futur": 0.0,
    "first": 0.185305091164916,
    "post": 0.0,
    "war": 0.0,
    "wai": 0.0,
    "unit": 0.0,
    "promot": 0.0,
    "centuri": 0.25239169240601683,
    "made": -0.0,
    "scienc": 0.0,
    "achiev": 0.2858583752788022,
    "shift": -0.0,
    "success": 0.0,
    "sourc": -0.0,
    "technolog": 0.0,
    "remain": 0.0,
    "especi": 0.0,
    "human": 0.10828404980932829,
    "period": -0.0,
    "han": 0.0,
    "2": 0.04006763168304305,
    "estim": 0.0,
    "low": 0.0,
    "physic": 0.0,
    "contain": 0.0,
    "scale": 0.0,
    "stage": 0.0,
    "initi": 0.0,
    "cost": 0.0,
    "year": -0.0,
    "program": 0.11618517531588174,
    "focu": 0.0,
    "test": -0.0,
    "advanc": -0.0,
    "revis": 0.0,
    "research": 0.5036758677311644,
    "attribut": 0.0,
    "air": 0.0,
    "observ": 0.39077489161763107,
    "univers": 0.0,
    "actual": 0.11602200453070584,
    "race": -0.0,
    "1990": 0.0,
    "18": 0.0032858219935438145,
    "11": 0.0,
    "substanti": 0.0,
    "mileston": 0.0,
    "report": 0.17026327092276555,
    "scientif": -0.0,
    "measur": 0.0,
    "nbsp": 0.0,
    "mar": 0.0,
    "consist": 0.0,
    "2010": 0.0,
    "reach": 0.00024142858549562192,
    "2000": 0.0,
    "7": 0.0,
    "4": 0.0,
    "3": 0.0,
    "1": 0.0,
    "fund": 0.0,
    "moon": 0.34974338966640967,
    "layer": 0.0,
    "astronom": 0.06388481115055468,
    "astronomi": 0.16553561750492563,
    "near": 0.0,
    "planet": 0.2295467684708001,
    "extend": 0.0,
    "outer": 0.0,
    "impact": 0.0,
    "temperatur": 0.31416164640216804,
    "panel": 0.06766423886977545,
    "flux": 0.0,
    "top": 0.0,
    "upper": 0.0,
    "electr": 0.0,
    "nasa": 0.0,
    "asteroid": 0.0,
    "planetari": -0.0,
    "earth": 0.24758595530904465,
    "solar": 0.3865305128193667,
    "telescop": -0.0,
    "surfac": 0.0,
    "sun": 0.0,
    "belt": 0.0,
    "european": 0.0,
    "rai": 0.014347838276448038,
    "mainli": 0.0,
    "least": 0.0005732820247815458,
    "confirm": 0.0,
    "corpor": 0.004063832254204429,
    "militari": 0.0,
    "400": 0.20439330916058188,
    "onward": 0.0,
    "record": -0.0,
    "administr": 0.1896462036850181,
    "expert": 0.045404817072579345,
    "competit": 0.0,
    "fulli": 0.0,
    "rocket": 0.1282053905876161,
    "florida": 0.0,
    "expect": 0.0,
    "decemb": 0.011089756235886303,
    "2011": 0.0,
    "100": 0.0,
    "2009": 0.0,
    "2019": 0.31716746996053946,
    "massiv": 0.0,
    "explor": 0.2106687590166673,
    "shuttl": 0.0,
    "compani": 0.00843401103614928,
    "twentieth": 0.1296438800294061,
    "billion": 0.0,
    "station": 0.0,
    "juli": 0.0,
    "flight": 0.5611794354058907,
    "vehicl": 0.0,
    "judg": 0.09647006311071037,
    "tourism": -0.0,
    "1966": 0.0,
    "1965": 0.0,
    "1961": 0.0,
    "1950": 0.0,
    "februari": 0.0,
    "visit": 0.0,
    "man": -0.0,
    "march": 0.21045273820128063,
    "star": 0.0,
    "apollo": 0.30870793423084847,
    "invent": 0.0,
    "strateg": 0.23827379688366837,
    "landmark": 0.0,
    "driven": -0.0,
    "prestig": 0.0,
    "japan": 0.2544187559732739,
    "bush": 0.0,
    "obama": 0.0,
    "envis": 0.0,
    "capabl": 0.0,
    "133": -0.0,
    "launch": 0.03156424416110284,
    "1968": 0.022906572989450112,
    "ensur": 0.15291246509640655,
    "renew": 0.0,
    "milki": 0.0,
    "km": 0.0,
    "discov": 0.0,
    "realiti": 0.0,
    "effici": 0.0,
    "2020": -0.0,
    "predat": 0.0,
    "transfer": 0.0,
    "1969": 0.0,
    "1957": 0.0,
    "prize": 0.0,
    "maker": 0.0839711162201362,
    "trillion": 0.0,
    "observatori": 0.0,
    "1971": 0.0,
    "altitud": 0.0,
    "sector": -0.0,
    "mission": 0.38461702977737017,
    "crew": 0.0,
    "inadequ": 0.0,
    "india": -0.0,
    "1608": 0.0,
    "galaxi": 0.0,
    "celesti": 0.0,
    "automat": 0.0,
    "hardwar": 0.0,
    "robot": 0.0,
    "netherland": 0.0,
    "orbit": 0.2208947298673711,
    "spaceflight": 0.11959496235527903,
    "aboard": 0.0,
    "lunar": 0.0,
    "timelin": 0.0,
    "cape": 0.0,
    "alexei": 0.04309823164320552,
    "891": 0.0,
    "probe": 0.0,
    "rational": 0.0,
    "googl": 0.0,
    "sputnik": -0.0,
    "gagarin": 0.0,
    "yuri": 0.0,
    "spacewalk": 0.0,
    "vostok": 0.0,
    "iss": 0.23163257752421973,
    "payload": 0.0,
    "exoplanet": 0.0,
    "phobo": 0.0,
    "kuiper": 0.0,
    "unman": 0.0,
    "bumper": 0.25700406002281145,
    "cosmic": 0.0035706939438335345,
    "farthest": 0.0,
    "eyeglass": 0.0,
    "sed": 0.0,
    "spacex": 0.0,
    "l2": 0.0,
    "l1": 0.0,
    "canaver": 0.0,
    "reusabl": 0.0,
    "leonov": 0.0,
    "starship": 0.0,
    "salyut": 0.0,
    "wac": 0.0,
    "arrokoth": 0.0,
    "thermospher": 0.0,
    "lippershei": 0.0,
    "chandraayan": -0.0
  }
}