{
  "qid": "111",
  "query": "Inequality",
  "rank": 1,
  "docid": 4054998,
  "coef": {
    "state": 0.5552919648723311,
    "inequ": 0.22225118079462702,
    "support": 0.0,
    "element": 0.04146286870515356,
    "differ": 0.0,
    "form": 0.2616011536962682,
    "number": 0.0,
    "formal": 0.0,
    "follow": 0.05581278212337369,
    "young": 0.8061561006582997,
    "singl": 0.0,
    "treat": 0.0,
    "exampl": 0.07300391085692523,
    "field": 0.026148926400710572,
    "constant": 0.0,
    "function": 0.4264948613221245,
    "deriv": 0.0,
    "non": 0.0,
    "consid": 0.0,
    "impli": 0.0,
    "friedrich": 0.0,
    "onli": 0.1592190394207058,
    "structur": 0.008541275608844275,
    "space": 0.18085053030323808,
    "notion": -0.0,
    "theori": 0.0,
    "distinct": -0.0,
    "independ": 1.045866438514162,
    "power": 0.9705333096994144,
    "norm": 0.8848067416071149,
    "landau": 0.0,
    "simpl": 0.0,
    "subset": 0.7273344080123922,
    "real": 0.0,
    "valid": 0.6345972609000035,
    "integr": 0.0,
    "analysi": 0.0,
    "nbsp": 0.14843201618822177,
    "1": 0.0,
    "sub": 0.0,
    "applic": 0.0,
    "mathemat": 0.6542978369376485,
    "alpha": 0.24007576799596406,
    "squar": 0.33457180672506037,
    "fourth": 0.0,
    "equival": 0.0,
    "integ": 0.0,
    "ge": 0.0,
    "lie": -0.0,
    "equip": 0.0,
    "abstract": 0.33964117114027226,
    "interpol": 0.7276867015844314,
    "vector": 0.0,
    "theorem": -0.434571542620603,
    "compactli": 0.5568817529532675,
    "gradient": 0.24709363021005085,
    "convolut": 0.8059233101127525,
    "expon": 0.0,
    "nash": -0.0,
    "kolmogorov": 0.0,
    "nirenberg": -0.2212338054126031,
    "riesz": -0.0,
    "rarr": -0.0,
    "nabla": 0.5038632005946286,
    "middot": 0.0,
    "marcinkiewicz": -0.0,
    "thorin": -0.0,
    "sobolev": 0.7201186988743575,
    "ladyzhenskaya": 0.04851452530178937,
    "agmon": -0.6714346884516571,
    "gagliardo": -8.51961260549652e-17
  }
}