{
  "qid": "126",
  "query": "Political Theory",
  "rank": 5,
  "docid": 3254815,
  "coef": {
    "be": 0.0,
    "aspect": 0.0,
    "demonstr": 0.0,
    "half": 0.0012900411175144134,
    "state": 0.0,
    "pursu": -0.0,
    "suffrag": 0.0,
    "possibl": 0.0,
    "oppress": 0.08788416425265183,
    "inequ": 0.0,
    "right": -0.0,
    "lead": 0.0,
    "organis": 0.0,
    "version": 0.0,
    "cultur": 0.22473813171094753,
    "theoris": 0.0,
    "peopl": 0.0,
    "emerg": 0.0,
    "primarili": 0.0,
    "societi": 0.0,
    "theoret": 0.0,
    "can": 0.0,
    "emphasi": 0.0,
    "system": 0.0,
    "support": -0.0,
    "journal": -0.0,
    "broad": 0.0,
    "reject": 0.0,
    "earli": 0.0,
    "debat": 0.0,
    "situat": -0.0,
    "led": 0.0,
    "philosoph": 0.0,
    "evalu": 0.0,
    "movement": 0.0,
    "classic": 0.0,
    "20th": 0.0,
    "econom": 0.0,
    "socialist": -0.0,
    "concept": 0.0,
    "caus": 0.0,
    "basic": 0.0,
    "write": -0.0,
    "differ": 0.0,
    "respons": 0.0,
    "public": 0.0,
    "domin": 0.0,
    "includ": 0.2286137306656217,
    "address": 0.0,
    "challeng": 0.0,
    "histori": 0.04860984798483712,
    "take": 0.0,
    "feminist": 0.15276807801867795,
    "call": 0.0,
    "ii": -0.0,
    "polit": 0.1562392889776133,
    "legal": 0.0,
    "form": -0.0,
    "allow": 0.0,
    "import": 0.0,
    "expand": 0.039677162639404615,
    "world": 0.14100148439532367,
    "reflect": 0.0,
    "exclud": 0.0,
    "de": 0.0,
    "area": 0.0,
    "come": 0.0,
    "try": 0.0,
    "involv": 0.0699240593873627,
    "term": 0.0,
    "kei": 0.27612667375585653,
    "kind": 0.0,
    "note": -0.0,
    "privat": 0.0,
    "explicitli": -0.0,
    "still": 0.0,
    "formal": 0.0,
    "previou": -0.0,
    "critic": 0.0,
    "work": 0.07596548628968934,
    "just": 0.0,
    "conscious": 0.0,
    "experi": 0.0,
    "scholar": 0.0,
    "women": 0.20946088954934367,
    "land": 0.008451686523228474,
    "second": 0.0,
    "interest": 0.1597949450965891,
    "object": -0.0,
    "develop": 0.14763844592633188,
    "young": 0.0,
    "well": -0.0,
    "govern": 0.0,
    "far": 0.0,
    "issu": 0.0,
    "whole": 0.03830422078331973,
    "group": 0.15148536431221682,
    "lack": 0.12736676788339882,
    "isol": 0.0,
    "commun": 0.0,
    "eurocentr": 0.0,
    "exampl": 0.0,
    "author": 0.0,
    "femin": 0.187887181536547,
    "root": 0.0,
    "time": 0.0,
    "life": 0.0,
    "common": 0.09521116417823235,
    "role": 0.0,
    "judith": 0.0,
    "ident": 0.0593488594460411,
    "process": -0.0,
    "organ": 0.06142429603366856,
    "nuclear": 0.0,
    "publish": 0.0,
    "notabl": 0.0,
    "literatur": 0.0,
    "thought": 0.0,
    "institut": 0.0010370642964916427,
    "dynam": 0.0,
    "central": -0.0,
    "subject": 0.2021360363117881,
    "struggl": -0.0,
    "ecolog": 0.0,
    "relat": 0.0,
    "field": 0.0,
    "articul": 0.0007296653062524677,
    "70": 0.0,
    "sex": 0.0,
    "see": -0.016453893415268223,
    "method": -0.0,
    "ideal": 0.0,
    "1960": 0.0,
    "live": 0.0,
    "consid": 0.03966705674097687,
    "contemporari": 0.0,
    "constitut": 0.0,
    "equal": 0.0,
    "conclus": 0.0,
    "specif": 0.0,
    "conclud": -0.0,
    "known": 0.0,
    "direct": 0.0,
    "overlap": 0.0,
    "surviv": 0.0,
    "histor": 0.16113825579631225,
    "onli": 0.0,
    "new": 0.0,
    "understand": -0.0,
    "profound": 0.0,
    "anti": 0.0,
    "liber": -0.008480926195105444,
    "construct": 0.0,
    "intern": -0.0,
    "marx": 0.0,
    "mark": 0.0,
    "goal": 0.0,
    "similar": 0.0,
    "theorist": 0.0,
    "john": 0.0,
    "question": -0.0,
    "who": -0.0,
    "accord": 0.0,
    "marxist": 0.0,
    "marxism": 0.0,
    "practic": 0.0777593762561577,
    "class": 0.0,
    "critiqu": 0.027916668412444137,
    "posit": 0.0,
    "first": 0.06745742852034457,
    "empir": 0.0,
    "post": -0.0,
    "past": 0.0,
    "patriarchi": 0.33115848582162305,
    "make": -0.0,
    "philosophi": 0.0,
    "activ": 0.0,
    "transit": 0.0,
    "part": 0.0,
    "theori": 0.0961695592654874,
    "war": 0.0,
    "wai": 0.0,
    "increasingli": 0.0,
    "gender": 0.18751136504171056,
    "social": 0.028814275326473238,
    "centuri": 0.0,
    "matter": -0.0,
    "natur": 0.0,
    "individu": 0.0,
    "continu": 0.0,
    "studi": 0.0,
    "distinct": 0.2680773058236913,
    "condit": 0.0,
    "reason": 0.0,
    "promin": 0.0,
    "scienc": 0.09218521816271204,
    "embrac": 0.0,
    "radic": -0.0,
    "foundat": 0.0,
    "book": 0.0,
    "realm": 0.0,
    "broadli": -0.0,
    "grassroot": 0.09836942266023392,
    "execut": 0.0,
    "power": 0.0,
    "suggest": 0.0,
    "sourc": 0.0,
    "ethic": 0.0,
    "voic": 0.0,
    "divers": -0.0,
    "heterosexu": 0.0,
    "modern": 0.0,
    "technolog": -0.0,
    "remain": 0.0,
    "especi": 0.0,
    "serv": 0.0,
    "approach": 0.1805900323628533,
    "occur": 0.0,
    "mean": 0.0,
    "human": 0.0,
    "definit": 0.0,
    "commit": 0.0,
    "ultim": -0.0,
    "sens": 0.0,
    "inher": 0.0,
    "across": 0.0,
    "level": 0.0,
    "distinguish": 0.0,
    "norm": 0.0,
    "scale": 0.0,
    "stage": 0.0,
    "experienc": 0.0,
    "present": 0.0,
    "pick": 0.0,
    "death": 0.0,
    "sign": -0.0,
    "pollut": 0.0,
    "identifi": -0.0,
    "stereotyp": -0.0,
    "model": 0.0,
    "pervas": 0.0,
    "focu": 0.0,
    "test": 0.09391904844994675,
    "background": 0.0,
    "show": 0.0,
    "previous": 0.0,
    "face": 0.0,
    "look": 0.0,
    "research": -0.0,
    "attribut": 0.0,
    "explain": 0.0,
    "examin": 0.0,
    "primari": 0.0,
    "femal": 0.0,
    "methodolog": 0.0,
    "relev": 0.0,
    "1990": -0.0,
    "1980": -0.0,
    "1970": -0.0,
    "understood": 0.0,
    "account": 0.0,
    "famili": 0.0,
    "male": 0.0,
    "surround": 0.0,
    "consequ": 0.0,
    "opportun": 0.0,
    "disabl": 0.0,
    "mix": 0.0,
    "theme": 0.0,
    "frequent": -0.0,
    "consist": 0.0,
    "presum": -0.0,
    "standard": 0.0,
    "entir": 0.0,
    "counterpart": 0.0,
    "light": 0.0,
    "addit": 0.18107167804571175,
    "expos": 0.0,
    "impact": 0.21354253432428943,
    "leadership": 0.0,
    "knowledg": -0.0,
    "planetari": 0.0,
    "earth": 0.0,
    "ground": 0.0,
    "mari": 0.0,
    "everydai": 0.0,
    "cross": -0.0,
    "statu": 0.0,
    "except": 0.0,
    "usa": 0.0,
    "mill": 0.0,
    "reconstruct": 0.0,
    "breakdown": 0.0,
    "topic": -0.0,
    "racial": 0.0,
    "protect": -0.0,
    "latino": 0.0,
    "west": -0.0,
    "convent": 0.007538354647140196,
    "retain": 0.0,
    "campaign": -0.0,
    "center": 0.0,
    "legisl": 0.0,
    "offic": 0.0,
    "explor": 0.0,
    "overlook": 0.0,
    "consolid": 0.0,
    "twentieth": 0.04907319589369314,
    "judg": 0.06454701115682186,
    "indigen": 0.00023752494394493594,
    "1861": 0.0,
    "summari": 0.0,
    "iri": 0.0,
    "constru": 0.0,
    "earlier": 0.0,
    "contin": 0.0,
    "agre": 0.0,
    "inquiri": -0.0,
    "stuart": 0.3453229021348403,
    "statement": 0.0,
    "credibl": 0.0,
    "bind": 0.0,
    "aliv": 0.0,
    "simon": 0.0,
    "postmodern": 0.2783066873938179,
    "germani": 0.0,
    "1869": 0.0,
    "scope": 0.0,
    "facet": -0.0,
    "encompass": 0.0,
    "reproduct": 0.14767393506877968,
    "woman": 0.0,
    "laid": 0.0,
    "masculin": 0.0,
    "convention": 0.0,
    "subsequ": 0.0,
    "contend": 0.0,
    "sort": 0.0,
    "frame": 0.0,
    "epistemolog": 0.0,
    "undergo": 0.003820802112725578,
    "scholarship": 0.0,
    "fair": 0.0,
    "strip": 0.0,
    "justif": 0.0,
    "sketch": 0.0,
    "carolyn": 0.0,
    "1949": 0.0,
    "stai": 0.0,
    "maria": 0.0,
    "australia": -0.0,
    "encyclopedia": 0.2230889716452317,
    "quo": 0.0,
    "marion": 0.0,
    "solut": 0.0,
    "1792": 0.0,
    "weapon": 5.344580786101195e-05,
    "merchant": 0.0,
    "neighbourhood": 0.0,
    "innov": 0.0,
    "subfield": -0.0,
    "intersect": -0.0,
    "multidisciplinari": 0.0,
    "india": 0.0,
    "toxic": 0.0,
    "shiva": 0.0,
    "andrea": 0.0,