{
  "qid": "110",
  "query": "Clean Energy",
  "rank": 8,
  "docid": 3193925,
  "coef": {
    "state": 0.0,
    "major": 0.0,
    "current": 0.0,
    "market": 0.0,
    "benefit": 0.0,
    "stand": -0.0,
    "grew": 0.0,
    "exist": 0.0,
    "primarili": 0.0,
    "focus": 0.0,
    "system": 0.0,
    "support": 0.39616360847097354,
    "north": 0.0,
    "nation": 0.3989254613491293,
    "region": 0.5221551571529993,
    "creat": -0.0,
    "addition": 0.0,
    "countri": 0.0,
    "help": 0.17110071290623954,
    "order": 0.0,
    "pre": 0.0,
    "reduc": 0.22680377566105672,
    "defin": 0.0,
    "respons": 0.1350640440375171,
    "public": 0.0,
    "servic": 0.0,
    "address": 0.0,
    "challeng": -0.0,
    "histori": 0.0,
    "event": 0.0,
    "allow": 0.0,
    "import": 0.0,
    "world": 0.36195084315289733,
    "bring": 0.0,
    "secur": 0.0,
    "oper": 0.3182555745465826,
    "area": 0.342828511066778,
    "privat": 0.0,
    "last": 0.0,
    "larg": 0.0,
    "guid": 0.0,
    "america": 0.008577623946773354,
    "interest": 0.0,
    "well": -0.0,
    "complet": 0.0,
    "govern": -0.0,
    "affili": 0.0,
    "feder": -0.0,
    "citi": 0.0861915621815629,
    "commun": 0.0,
    "act": 0.46070059314382833,
    "exampl": 0.0,
    "time": 0.0,
    "organ": 0.0,
    "arrai": 0.0,
    "notabl": -0.0,
    "will": 0.04142336032328949,
    "find": 0.3070243019736502,
    "subject": 0.0,
    "network": -0.0,
    "function": 0.16571139432060378,
    "set": 0.16682756006698596,
    "non": 0.27639800009923865,
    "ideal": 0.0,
    "local": 0.007119744519233651,
    "collect": 0.0,
    "displai": 0.37594735669741675,
    "particip": 0.0,
    "known": 0.0,
    "advoc": 0.21021287921105336,
    "histor": 0.0,
    "onli": 0.0,
    "featur": 0.16436874446419258,
    "anti": 0.0,
    "leader": 0.0,
    "decreas": -0.0,
    "amount": 0.2938054151364254,
    "goal": -0.0,
    "practic": 0.0,
    "class": 0.0,
    "incept": -0.0,
    "perspect": 0.0,
    "activ": -0.0,
    "congress": 0.0,
    "share": 0.0,
    "promot": -0.0,
    "extens": 0.0,
    "natur": 0.0,
    "potenti": 0.0009628316385595662,
    "base": 0.0,
    "achiev": 0.0,
    "sole": 0.0,
    "strategi": -0.0,
    "varieti": 0.0,
    "broader": 0.07424779298135312,
    "rural": -0.0,
    "meet": 0.0,
    "divers": 0.3241634523794301,
    "technolog": 0.0,
    "harm": 0.0,
    "serv": 0.0,
    "altern": 0.12274266041535697,
    "period": 0.0,
    "consumpt": -0.0,
    "increas": 0.10389156267483311,
    "across": 0.0,
    "million": 0.11834865582367193,
    "greater": 0.4521788349282102,
    "initi": 0.0,
    "present": 0.0,
    "sign": 0.0,
    "pollut": -0.0,
    "sustain": 0.6088332163421697,
    "depend": 0.0,
    "program": 0.0,
    "lessen": 0.0,
    "recognit": 0.0,
    "high": 0.0,
    "impair": -0.0,
    "advanc": 0.27380021026092377,
    "old": 0.0,
    "air": 0.34673209719632747,
    "maintain": 0.0,
    "rang": 0.0,
    "accommod": 0.0,
    "resourc": 0.0,
    "exposur": 0.0,
    "90": 0.03676337661684978,
    "coordin": 0.4847151188482091,
    "elev": 0.0,
    "improv": 0.0,
    "12": 0.3646159248497917,
    "special": 0.0,
    "integr": 0.0,
    "surround": 0.0,
    "opportun": 0.12701636139602476,
    "successfulli": 0.037735804782975925,
    "consist": 0.28995096368496465,
    "qualiti": 0.0,
    "design": 0.0,
    "commerci": 0.0,
    "1": 0.0,
    "home": 0.0,
    "fund": 0.0,
    "ski": 0.0,
    "burn": 0.0,
    "thermal": 0.05487214701716905,
    "board": 0.0,
    "forest": 0.0,
    "highest": 0.0,
    "desert": 0.04687432720601295,
    "receiv": 0.0,
    "impact": 0.0,
    "ga": 0.0,
    "temper": 0.0,
    "electr": 0.0,
    "annual": 0.0,
    "oil": 0.01045933384265307,
    "energi": 0.25192986625284214,
    "ground": 0.0,
    "emiss": 0.03833037073124079,
    "fuel": 0.0,
    "clean": 0.45030177751948713,
    "western": 0.0,
    "statu": 0.0,
    "usa": 0.0,
    "mountain": 0.014718790127432515,
    "presid": 0.0,
    "portion": 0.0,
    "site": 0.0,
    "tour": 0.0,
    "coalit": 0.03751953105972846,
    "georg": 0.0,
    "corpor": 0.014534563370822746,
    "protect": -0.0,
    "owner": 0.058689631180749255,
    "profil": 0.0,
    "nearli": 0.0,
    "west": 0.026940319829266056,
    "conserv": -0.0,
    "lake": 0.0,
    "largest": 0.0,
    "speci": 0.0,
    "fish": 0.0,
    "concentr": 0.0,
    "busi": 0.45931136437976233,
    "resid": 0.0,
    "uniqu": 0.0,
    "red": 0.0,
    "faith": 0.0,
    "anim": 0.0,
    "project": 0.0,
    "1992": 0.0,
    "2002": 0.056620979622096085,
    "jackson": 0.007820554383686508,
    "septemb": 0.01457183186536195,
    "peak": 0.0,
    "100": 0.0,
    "visitor": 0.33169523799998846,
    "boast": 0.0,
    "administ": 0.0,
    "depart": 0.22385643358854374,
    "refug": 0.0,
    "wildlif": 0.0,
    "ceremoni": 0.0,
    "vehicl": 0.5703419282602293,
    "airport": 0.0,
    "agenc": 0.0,
    "eastern": 0.0,
    "pass": 0.0,
    "park": 0.15253807816123408,
    "access": 0.24421145583177256,
    "transport": 0.19967797857532285,
    "purchas": 0.03651641542945195,
    "polici": 0.0,
    "tremend": 0.0,
    "profit": 0.0,
    "1977": 0.0,
    "bush": 0.0,
    "capabl": -0.0,
    "duboi": 0.0,
    "intact": 0.0,
    "hybrid": 0.0,
    "accomplish": 0.0,
    "encompass": 0.17673996074043544,
    "displac": 0.0,
    "effici": 0.0,
    "collabor": 0.06519368466925123,
    "director": 0.0,
    "adjac": 0.0,
    "stronger": 0.0,
    "sector": -0.0,
    "detriment": 0.0,
    "truli": 0.0,
    "dozen": 0.0,
    "gatewai": 0.0,
    "solut": 0.0,
    "exhaust": 0.0,
    "grand": 0.0,
    "montana": 0.3349808976495527,
    "mission": 0.0,
    "southwest": 0.0,
    "resort": 0.0,
    "petroleum": 0.0,
    "crude": 0.0,
    "deploy": 0.0,
    "degrad": 0.0,
    "mandat": 0.0,
    "livingston": 0.0,
    "idaho": 0.0,
    "alpin": 0.0,
    "ecosystem": 0.27951187033227987,
    "wyom": 0.0,
    "southwestern": 0.0,
    "propan": 0.0,
    "gasolin": -0.0,
    "ethanol": 0.0,
    "scenario": 0.0,
    "mandatori": 0.0,
    "stakehold": 0.08743670399349515,
    "deploi": -0.0,
    "afv": -0.0,
    "bridger": 0.2348195373875997,
    "elk": 0.0,
    "geo": 0.44283369453871224,
    "gardin": 0.10807271711503667,
    "portfolio": 0.0,
    "email": 0.0,
    "cornerston": 0.0,
    "codi": 0.10281434724994147,
    "manmad": -0.0,
    "biodiesel": 0.0,
    "gallatin": 0.09619086723844648,
    "custer": 3.145656420031094e-17,
    "bozeman": 0.0,
    "yellowston": -0.0,
    "shoshon": 0.0008307962572352993,
    "outfitt": 0.0,
    "concession": 0.0,
    "gya": 0.040510967479377324,
    "teton": 0.11629150444024537,
    "designe": 0.0,
    "targhe": 0.08492513836338134,
    "hev": 0.0,
    "deerlodg": 0.0,
    "permitte": 0.0,
    "ytcec": 0.0
  }
}