{
  "qid": "122",
  "query": "Monarchy",
  "rank": 0,
  "docid": 2453002,
  "coef": {
    "be": 0.4101835386195011,
    "latin": 0.0,
    "state": 0.4440870045834724,
    "major": 0.0,
    "self": -0.0,
    "current": 0.0,
    "conflict": 0.07975416613284489,
    "exist": -0.0,
    "primarili": 0.0,
    "societi": -0.0,
    "system": 0.0,
    "region": 0.0,
    "figur": 0.22405708654848358,
    "europ": 0.14448110284980026,
    "creat": 0.0,
    "countri": 0.1123679428713735,
    "law": 7.493148342778699e-06,
    "mid": 9.265309961824548e-05,
    "revolut": 0.0,
    "spanish": 0.0,
    "begin": 3.9181194496064816e-17,
    "pre": 0.0,
    "mexico": 0.0,
    "gener": 0.3859745409772819,
    "head": 0.0,
    "histori": 0.0,
    "later": 0.0,
    "ii": 0.0,
    "form": -0.0,
    "number": 0.22402082240502214,
    "expand": 0.4110782553389997,
    "ag": 0.0,
    "sever": 0.0,
    "still": 0.0,
    "late": 0.0,
    "american": 0.3490807441736105,
    "control": 0.0,
    "arm": 0.014331782266041634,
    "america": 0.20741013041163042,
    "repres": 0.0,
    "carri": 0.0,
    "duti": 0.0,
    "respect": 0.08701027318997798,
    "complex": 0.0,
    "govern": 0.0,
    "group": 0.0003372954453602326,
    "territori": 0.0,
    "william": 0.0,
    "author": 0.16997069839171602,
    "root": 0.0,
    "process": 0.0,
    "newli": 0.0,
    "recent": 0.11587367554911895,
    "central": 0.0,
    "place": 0.14684751561660625,
    "local": 0.0,
    "collect": 0.0,
    "contemporari": 0.0,
    "constitut": 0.09843997519106173,
    "equal": 0.0,
    "known": 0.0,
    "histor": 0.2554311698748324,
    "gain": 0.23910858802603036,
    "capit": 0.0,
    "who": 0.0,
    "coloni": 0.30035372919528314,
    "first": 0.0,
    "empir": 0.0,
    "make": 0.0,
    "part": 0.0004457517336097233,
    "war": 0.0,
    "share": 0.2289880728711418,
    "unit": 0.24366801015038067,
    "centuri": 0.4392426473643792,
    "extens": 0.0,
    "continu": 0.0,
    "monarchi": 0.4751788220875689,
    "distinct": 0.0,
    "person": 0.0,
    "spread": 0.0,
    "ruler": 0.14412240841664942,
    "dai": 0.08310318822928403,
    "achiev": 0.0,
    "realm": 0.02710469968629688,
    "canada": 0.0,
    "independ": 0.30547337900409527,
    "power": 0.3285972049299794,
    "global": 0.12870538477776303,
    "2008": 0.0,
    "back": -0.0,
    "across": 0.04338131023334988,
    "mother": 0.0,
    "inherit": 0.0,
    "death": 0.2165027402536386,
    "exercis": 0.07522463099250658,
    "case": 0.0,
    "depend": 0.0,
    "full": 0.0,
    "date": 0.0,
    "1981": 0.0676547170369215,
    "reach": 0.3224763868891402,
    "1": 0.005174961324339513,
    "keep": 0.0,
    "ocean": 0.2577569674610338,
    "perman": 0.0,
    "european": 0.25692739901252176,
    "descend": 0.0,
    "15th": 0.0,
    "brought": 0.0,
    "governor": 0.0,
    "14th": 0.0,
    "13": 0.0,
    "republ": 0.06634346567161237,
    "custom": 0.13735169360680313,
    "retain": 0.0,
    "resid": 0.2676700227608668,
    "colon": 0.44999844679085677,
    "novemb": 0.022973109139479916,
    "predominantli": 0.0,
    "legisl": 0.0,
    "offic": 0.0,
    "ti": 0.0,
    "seat": 0.0,
    "incumb": -0.12121412803073417,
    "brazil": 0.0,
    "island": 0.041977089342821544,
    "ceremoni": 0.0,
    "british": 0.0,
    "19": 0.0,
    "tribal": 0.17631468176986356,
    "queen": 0.0,
    "vast": 0.0,
    "king": 0.0,
    "pretend": 0.0,
    "appoint": 0.0,
    "sovereignti": 0.0,
    "sovereign": 0.48179611798540134,
    "oversea": 0.0,
    "royal": 0.0,
    "subsequ": 0.0,
    "kingdom": 0.0,
    "elizabeth": 0.0,
    "atlant": 0.0,
    "archiv": 0.0,
    "discoveri": 0.0,
    "bound": 0.0,
    "path": 0.05243410393539105,
    "remaind": 0.08476209364253978,
    "caribbean": 0.0,
    "chieftain": 0.04327976756480565,
    "reign": 0.0,
    "viceroi": 0.0,
    "commonwealth": 0.12960179764496546,
    "government": 0.0,
    "sir": 0.16327693538353588,
    "crown": -0.0,
    "haiti": 0.0,
    "monarch": 0.5670841061093523,
    "abdic": 0.014319682184998765,
    "decentr": 0.09697235250083074,
    "columbian": 0.0,
    "endem": 0.0,
    "rodnei": 0.0015620400710307806,
    "hereditari": 0.0,
    "antigua": 0.2800414339799225,
    "barbuda": 0.0,
    "beliz": 0.0,
    "metropol": 0.10314644343851342,
    "patriat": 0.0
  }
}