{
  "qid": "149",
  "query": "Public Transport",
  "rank": 4,
  "docid": 5482937,
  "coef": {
    "demonstr": 0.0,
    "state": 0.0,
    "list": 0.0,
    "union": 0.0,
    "action": 0.0,
    "urban": -0.0,
    "draw": 0.0,
    "peopl": 0.26259919264367443,
    "type": 0.11686231699477076,
    "can": 0.10633284422812472,
    "system": 0.10384734005779331,
    "mai": 0.0,
    "region": 0.0,
    "name": 0.0,
    "movement": 0.0,
    "industri": 0.0,
    "order": 0.0,
    "revolut": 0.0,
    "propos": 0.0,
    "reduc": 0.0,
    "concept": -0.0,
    "tool": 0.0,
    "robert": 0.0,
    "public": 0.12360373329284136,
    "domin": 0.0,
    "gener": -0.0,
    "servic": 0.0,
    "includ": 0.0,
    "histori": 0.0,
    "take": 0.0,
    "manag": 0.0,
    "form": 0.1906249849465101,
    "polic": -0.0,
    "found": 0.0,
    "world": 0.0,
    "perform": 0.04215750083171901,
    "commonli": 0.0,
    "secur": -0.0,
    "oper": 0.23345533692546463,
    "open": 0.0669358928836959,
    "tri": 0.0,
    "establish": 0.0,
    "kei": 0.09743776598268475,
    "built": 0.0,
    "follow": 0.0,
    "charg": 0.011345424902938312,
    "town": 0.0,
    "fix": 0.0,
    "guid": 0.0,
    "influenti": 0.0,
    "carri": 0.0,
    "develop": 0.22156623607997997,
    "well": 0.0,
    "orient": 0.0,
    "singl": 0.0,
    "group": 0.0,
    "citi": 0.08898005378973234,
    "time": 0.0,
    "plan": 0.0,
    "organ": 0.0,
    "institut": 0.06751271809899086,
    "network": 0.0,
    "small": 0.0,
    "function": 0.0,
    "see": 0.0,
    "non": 0.0,
    "method": 0.11699691343169638,
    "local": 0.0,
    "collect": 0.06572277594181536,
    "express": 0.0,
    "good": 0.0,
    "20": 0.1498401325843601,
    "specif": 0.0,
    "known": 0.0,
    "1901": 0.0,
    "line": 0.0,
    "new": 0.0,
    "featur": 0.0,
    "produc": 0.0,
    "free": 0.0,
    "intern": 0.0,
    "john": 0.28405081145241395,
    "who": 0.0,
    "first": 0.23900697924405745,
    "post": 0.034333889781419706,
    "make": 0.0,
    "transit": 0.005022114484152119,
    "problem": 0.056122762770984255,
    "extern": -0.0,
    "wai": 0.0,
    "usag": 0.0,
    "share": 0.0,
    "tradit": 0.0,
    "person": 0.0,
    "condit": 0.0,
    "refer": 0.0,
    "replac": 0.0,
    "1809": 0.0,
    "canada": 0.0,
    "east": 0.003508768903183922,
    "associ": 0.0,
    "power": 0.0,
    "global": 0.0020089365165191575,
    "technolog": 0.0,
    "mean": 0.04352684252520676,
    "human": 0.29230668358554346,
    "travel": 0.19028797052409938,
    "train": 0.0,
    "techniqu": 0.0,
    "procedur": -0.0,
    "compil": 0.0,
    "car": 0.04863050123284845,
    "hire": 0.21254072129351453,
    "sustain": -0.0,
    "payment": 0.0,
    "test": 0.0,
    "high": 0.0,
    "ratio": 0.0,
    "schedul": 0.0,
    "father": 0.0272560642437207,
    "typic": 0.2906815341026176,
    "outlin": 0.0,
    "supplement": 0.0,
    "locat": 0.0,
    "18": 0.13569013867996663,
    "special": 0.0,
    "link": 0.0,
    "row": 0.0,
    "heavi": -0.0,
    "motor": 0.0,
    "integr": 0.0,
    "mode": 0.0,
    "factor": 0.0,
    "disabl": 0.0,
    "consist": 0.0,
    "6": 0.2973880918235808,
    "4": 0.0,
    "water": 0.0,
    "topolog": 0.0,
    "smaller": 0.0,
    "board": 0.0,
    "22": 0.0,
    "light": 0.054987385096600366,
    "run": 0.0,
    "airlin": 0.0,
    "semi": 0.0,
    "top": 0.0015802071476953682,
    "capac": -0.0,
    "ocean": 0.0,
    "electr": 0.0,
    "medium": -0.0,
    "knowledg": 0.0,
    "flat": 0.0,
    "usa": 0.0,
    "topic": 0.12397810271886531,
    "1842": 0.0,
    "london": 0.0,
    "speed": 0.09349771940409683,
    "13": 0.026641996544743737,
    "georg": 0.0,
    "29": 0.0,
    "engin": 0.0,
    "admiss": 0.0,
    "automobil": 0.0,
    "rail": 0.18866824083291736,
    "richard": 0.0,
    "anim": 0.0,
    "novemb": 0.0,
    "campaign": 0.03313535247889417,
    "decemb": 0.0,
    "rubber": 0.0,
    "ride": 0.17740757705501015,
    "underground": 0.0,
    "april": 0.3018267634908581,
    "septemb": 0.014991362788330768,
    "ti": 0.0,
    "seat": 0.19290314622127183,
    "south": 0.2732343631010708,
    "instal": 0.0,
    "auto": 0.0,
    "bu": 0.07850889310676404,
    "aerial": -0.0,
    "depart": 0.0,
    "shuttl": 0.0,
    "compani": 0.0,
    "june": 0.0,
    "juli": 0.0,
    "passeng": 0.27909021047471005,
    "track": 0.0,
    "vehicl": 0.05770557685434736,
    "rout": 0.0,
    "26": 0.0,
    "21": 0.0,
    "1974": 0.0,
    "agenc": 0.0,
    "street": -0.0,
    "heritag": -0.0,
    "februari": 0.0,
    "pass": 0.0,
    "1833": 0.0,
    "von": 0.0,
    "transport": 0.11297065196274006,
    "1804": 0.0765476255173169,
    "gross": 0.033262485115753505,
    "map": 0.0,
    "march": 0.0,
    "rapid": 0.0,
    "steel": 0.0,
    "polici": 0.0,
    "cycl": 0.04925274114444009,
    "angel": 0.0,
    "went": 0.0,
    "ship": 0.0,
    "lo": 0.0,
    "hors": 0.0,
    "invent": 0.032308652632939604,
    "boat": 0.0,
    "harri": 0.0,
    "carriag": 0.0,
    "1839": 0.0,
    "driven": 0.0,
    "railwai": 0.0,
    "ticket": 0.07246425861720963,
    "bush": 0.0,
    "fill": 0.11581261234970901,
    "commut": 0.0,
    "load": 0.0,
    "pull": 0.0,
    "mason": 0.0,
    "1853": 0.0,
    "1832": 0.0,
    "1816": 0.0,
    "1800": 0.0,
    "patronag": 0.0,
    "lagoon": 0.0,
    "locomot": 0.2963534602736645,
    "machin": 0.0,
    "bottom": 0.0,
    "proof": 0.0,
    "solv": 0.014659387574954297,
    "trip": 0.0,
    "craft": 0.0,
    "taxi": 0.10877003570491536,
    "fee": 0.0,
    "1998": 0.0,
    "metro": 0.0,
    "conductor": 0.0,
    "runner": 0.0,
    "publicli": 0.0,
    "suit": 0.0,
    "lift": -0.0,
    "ndash": 0.1131260866232278,
    "creator": 0.0,
    "1902": 0.0,
    "coach": 0.0,
    "advocaci": -0.0,
    "allianc": 0.0,
    "vancouv": 0.0,
    "ferri": 0.0,
    "1892": 0.010433864179526312,
    "flexibl": 0.0,
    "africa": 0.0,
    "steam": 0.0,
    "emul": 0.08560311112824412,
    "builder": 0.0,
    "airplan": -0.0,
    "inventor": 0.15336749075249598,
    "1771": 0.0,
    "scottish": 0.0,
    "driver": 0.07659706240247117,
    "overview": 0.0012005942872780164,
    "autom": 0.0,
    "cabl": -0.0,
    "luxuri": 0.0,
    "wheel": 0.021504090619829486,
    "recoveri": 0.0,
    "hub": -0.0,
    "edinburgh": 0.1066134822248598,
    "cart": 0.0,
    "liner": 0.0,
    "wale": 0.002070179737236163,
    "zealand": 0.0,
    "subsidi": 0.0,
    "machineri": -0.0,
    "1894": 0.0,
    "tramwai": 0.0,
    "partit": 0.05107336882047567,
    "1893": 0.0,
    "beck": 0.0,
    "bicycl": 0.0,
    "rider": 0.0,
    "streetcar": -0.0,
    "buse": 0.004210355788692455,
    "bullet": 0.0,
    "sleeper": 0.0,
    "rickshaw": 0.19559838598598808,
    "venetian": 0.18187296951128173,
    "werner": 0.0,
    "subwai": 0.0,
    "tyre": 0.0,
    "gondola": 0.0,
    "timet": 0.1560126277258993,
    "chauffeur": 0.0,
    "pedal": 0.0,
    "sedan": 0.0,
    "compart": -0.0,
    "ballast": 0.0,
    "saloon": 0.0,
    "motorcycl": 0.033327581343905725,
    "siemen": 0.0,
    "hydrofoil": 0.0,
    "stephenson": 0.0,
    "ironwork": 0.0027882817833243495,
    "shima": 0.0,
    "hideo": 0.0,
    "glasgow": 0.017479746557506455,
    "winnipeg": 0.0,
    "jockei": 0.0,
    "hacknei": 0.0,
    "taxicab": 0.0,
    "interc": 0.0,
    "tram": 0.0,
    "watchdog": 0.0,
    "davidson": 0.0,
    "bradshaw": 0.16073847036227148,
    "trolleybu": 0.0,
    "trolleybus": 0.0,
    "paratransit": 0.0,
    "headwai": 0.0,
    "tru": 0.0,
    "limousin": 0.0,
    "interurban": -0.0,
    "trevithick": 0.0,
    "galvani": 0.0,
    "carpool": 0.0,
    "slug": 0.0,
    "monorail": -0.0,
    "boda": 0.039243871265528904,
    "shinkansen": 0.0,
    "convey": 0.0,
    "horsecar": -0.0,
    "lichterfeld": 0.0,
    "funicular": -0.0,
    "intermod": -0.0,
    "hovercraft": 0.0,
    "guidewai": 0.0,
    "vanpool": 0.0,
    "pillion": 0.0,
    "rideshar": 0.0,
    "penydarren": 0.0,
    "farebox": 0.0,
    "charabanc": 0.0,
    "ecomobl": 0.0,
    "straphang": 0.0,
    "4mph": 0.0,
    "ttcrider": 0.0
  }
}