{
  "qid": "142",
  "query": "Physiotherapy",
  "rank": 6,
  "docid": 3921793,
  "coef": {
    "higher": 0.0,
    "region": 0.0,
    "law": 0.0,
    "histori": 0.0,
    "later": 1.9808273666280414,
    "educ": 2.7071844383809114,
    "found": 0.0,
    "school": 1.8968328562106684,
    "build": 0.0,
    "institut": 0.0,
    "onli": 0.0792487066396811,
    "new": 0.06817457491411183,
    "post": 0.0,
    "unit": 0.0,
    "physic": 0.0,
    "appli": 0.30380877616393126,
    "year": 0.3371780907622768,
    "high": -0.2332074053320276,
    "univers": -0.0,
    "locat": 0.0,
    "therapi": 0.18077035504102326,
    "2004": 0.0,
    "complianc": 0.486195859447661,
    "secondari": 0.0,
    "transform": 1.3239479191694778,
    "faculti": 0.5599547807018669,
    "renam": 0.0,
    "1976": 0.0,
    "organiz": 2.5180048313324317,
    "montenegro": 2.463270640659351,
    "montenegrin": 1.6979972308738478,
    "igalo": 1.571443367859991,
    "physiotherapi": 1.0763820686037746,
    "fakultet": 0.0,
    "primijenjen": 0.0,
    "fizioterapij": 0.0
  }
}