{
  "qid": "104",
  "query": "Business Leaders",
  "rank": 5,
  "docid": 3237298,
  "coef": {
    "be": 0.03414445505171931,
    "aspect": 0.0,
    "discuss": 0.16229435720853275,
    "5": 0.0,
    "current": 0.0,
    "lead": -0.0,
    "market": 0.0,
    "cultur": 0.0,
    "inspir": 0.0,
    "can": 0.0,
    "system": 0.0,
    "journal": 0.0,
    "region": 0.0,
    "europ": 0.0,
    "industri": 0.08829779593224583,
    "order": 0.0,
    "creativ": 0.0,
    "econom": 0.1827096722931721,
    "segment": 0.035389491310067835,
    "us": 0.0,
    "foster": 0.0,
    "next": 0.0,
    "websit": -0.0,
    "tool": 0.0,
    "robert": 0.0,
    "gener": 0.0,
    "servic": 0.041047550694913976,
    "includ": 0.0,
    "address": 0.0,
    "head": 0.08061175661322134,
    "talk": 0.17091940875199155,
    "challeng": 0.0,
    "histori": 0.0,
    "le": 0.0,
    "big": 0.19566311411511828,
    "proper": 0.0,
    "event": 0.0,
    "manag": 0.1614378069053253,
    "polic": 0.0,
    "world": -0.0,
    "bring": -0.0,
    "perform": 0.09782247809156253,
    "secur": 0.0,
    "professor": 0.22078184478218382,
    "oper": 0.17756971316069128,
    "open": 0.0,
    "area": -0.0,
    "best": 0.0,
    "video": 0.0,
    "michael": 0.0,
    "establish": -0.0,
    "host": 0.0,
    "kei": 0.009917449502769543,
    "school": 0.0,
    "build": 0.0,
    "implement": 0.17234692107693067,
    "follow": 0.0,
    "minim": 0.0,
    "octob": 0.19742773542840195,
    "futurist": 0.0,
    "digit": 0.0,
    "chang": 0.0,
    "art": 0.0,
    "repres": -0.0,
    "develop": 0.0,
    "coverag": -0.0,
    "portal": 0.0,
    "issu": 0.0,
    "group": 0.0,
    "opinion": 0.0,
    "commun": -0.0,
    "princip": 0.0,
    "russian": 0.08589813090568588,
    "author": 0.0,
    "time": 0.0,
    "rank": 0.0,
    "mikhail": 0.0,
    "process": 0.0,
    "organ": 0.0,
    "moscow": 0.08393546599998573,
    "institut": 0.0,
    "will": 0.0,
    "find": -0.0,
    "see": 0.0,
    "peter": 0.0,
    "particip": 0.1576964604398482,
    "todai": 0.0,
    "vision": 0.0,
    "russia": 0.008290503411491594,
    "gain": 0.0,
    "new": 0.0,
    "contribut": 0.0,
    "featur": 0.0,
    "leader": 0.10640413593550295,
    "intern": 0.2484009451373166,
    "join": 0.0,
    "goal": 0.0,
    "who": 0.0,
    "futur": 0.06407666710401994,
    "media": -0.0,
    "first": 0.0,
    "web": 0.0,
    "offici": -0.0,
    "idea": 0.0,
    "post": 0.0,
    "activ": 0.0,
    "part": 0.0,
    "extern": 0.0,
    "wai": 0.0,
    "share": 0.0,
    "oppos": 0.0,
    "promot": 0.0,
    "continu": 0.0,
    "studi": 0.0,
    "person": 0.0,
    "condit": 0.0,
    "founder": 0.22089798331305546,
    "base": 0.0,
    "directli": 0.0,
    "forum": 0.15577967697271847,
    "achiev": 0.0,
    "foundat": 0.0,
    "bank": 0.03140886865756713,
    "decad": 0.0,
    "execut": 0.0,
    "combin": 0.0,
    "sourc": 0.0,
    "max": -0.0,
    "global": 0.14446814882830772,
    "2008": 0.0,
    "modern": 0.010245437966804147,
    "technolog": 0.14930964039193267,
    "seri": 0.0,
    "approach": -0.0,
    "period": 0.2066243245470804,
    "increas": -0.0,
    "across": -0.0,
    "level": 0.0,
    "9": -0.0,
    "contact": 0.0,
    "adapt": 0.0,
    "2015": 0.0,
    "present": 0.0,
    "uk": 0.0,
    "interview": 0.0,
    "cost": 0.0,
    "case": 0.0,
    "year": 0.0,
    "fantasi": 0.0,
    "side": 0.0,
    "environ": 0.11326822504773848,
    "profession": 0.0,
    "model": 0.0059107308804670885,
    "tabl": 0.0,
    "focu": 0.0,
    "preced": 0.0,
    "peer": -0.0,
    "show": 0.0,
    "2013": 0.2210522649488232,
    "research": 0.0,
    "avail": 0.0,
    "data": 0.0,
    "detail": 0.08669294227461342,
    "14": 0.0,
    "10": 0.0,
    "special": 3.064632985001461e-17,
    "link": -0.0,
    "growth": -0.0,
    "audienc": 0.0,
    "risk": 0.020878865018853988,
    "opportun": 0.0,
    "restrict": 0.0,
    "analyst": 0.0,
    "theme": 0.035105357384398524,
    "given": 0.0,
    "consist": 0.0,
    "start": 0.0,
    "design": 0.0,
    "2014": -0.0,
    "2012": 0.0,
    "2010": 0.03561804521261566,
    "2007": 0.02597522243988175,
    "2005": 0.0,
    "standard": 0.0,
    "drive": 0.0,
    "ga": 0.005136488273604828,
    "panel": 0.09047776832201693,
    "top": 0.0,
    "annual": 0.11662040815761854,
    "oil": 0.0,
    "energi": 1.0788983697800917e-05,
    "2004": 0.0,
    "centr": 0.0,
    "round": 0.0,
    "format": 0.0,
    "8th": 0.04481528151123808,
    "comput": 0.0,
    "presid": 0.0,
    "held": 0.11308517863811239,
    "topic": 0.0,
    "wood": 0.0,
    "corpor": 0.23158192823395193,
    "protect": -0.0,
    "invest": 0.0,
    "engin": 0.0,
    "legendari": 0.0,
    "senior": 0.17161799753901333,
    "west": 0.0,
    "jim": -0.0,
    "team": -0.0,
    "retain": -0.0,
    "retail": 0.0,
    "busi": 0.2609697391323468,
    "session": 0.20974314672900654,
    "300": -0.0,
    "12th": -0.0,
    "expert": 0.0,
    "competit": 0.0,
    "midland": 0.0,
    "roger": 0.0,
    "project": 0.0,
    "center": 0.0,
    "200": -0.0,
    "2011": 0.0067875756034603526,
    "toyota": 0.0,
    "2006": 0.0,
    "alexand": 0.0,
    "manufactur": 0.0,
    "financi": 0.0,
    "2009": -0.0,
    "economi": 0.0,
    "depart": 0.0,
    "wall": 0.0,
    "thoma": 0.0,
    "edg": 0.0,
    "motorsport": 0.0,
    "street": 0.0,
    "financ": 0.0,
    "announc": 0.0,
    "jame": 0.0,
    "forrest": 0.0,
    "steve": 0.0,
    "enterpris": 0.0,
    "transport": 0.0,
    "cut": 0.0,
    "ceo": 0.0,
    "hidden": -0.0,
    "consult": 0.0,
    "amazon": 0.0,
    "lo": 0.0,
    "guest": 0.001524133087213355,
    "strateg": 0.0,
    "told": 0.0,
    "vice": 0.0,
    "highlight": 0.0,
    "johnson": 0.0,
    "devot": 0.0,
    "partner": 0.0,
    "en": -0.0,
    "strategist": 0.0,
    "crisi": 0.0,
    "speaker": 0.0,
    "titl": 0.0,
    "uncertainti": 0.0,
    "ronald": 0.0,
    "deliveri": 0.0,
    "exchang": 0.0,
    "appl": 0.0,
    "analyt": -0.0,
    "technic": 0.0,
    "realiti": 0.0,
    "effici": 0.0,
    "radio": 0.0,
    "director": 0.1819867604774912,
    "tv": 0.0,
    "berger": 0.0,
    "dr": 0.0,
    "nelson": 0.0,
    "spirit": 0.0,
    "josep": 0.05433071809092553,
    "stockholm": 0.0,
    "graem": 0.0,
    "www": -0.0,
    "http": -0.0,
    "bestsel": -0.0,
    "spur": 0.0,
    "ed": 0.0,
    "howard": 0.0,
    "solut": 0.07514201557081307,
    "plenari": 0.07759288200258685,
    "programm": -0.0,
    "10th": 0.0,
    "elli": 0.0,
    "innov": 0.0,
    "madrid": 0.0,
    "entrepreneuri": 0.0,
    "jona": 0.0,
    "ru": -0.0,
    "matt": 0.0,
    "loo": 0.0,
    "advisor": 0.0,
    "breakthrough": 0.0,
    "diego": 0.0,
    "dean": 0.0,
    "fm": 0.0,
    "expertis": 0.0,
    "susan": 0.0,
    "attende": 0.03338867304193103,
    "theo": 0.0,
    "cio": -0.0,
    "ci": 0.04817311033595126,
    "forb": 0.0,
    "evangelist": 0.0,
    "conferenc": 0.0,
    "logist": 0.0,
    "vodafon": 0.0,
    "f1": 0.0,
    "leverag": 0.0,
    "workshop": 0.0,
    "breakout": -0.0,
    "eng": -0.0,
    "renault": 0.0,
    "emea": 0.0,
    "vendor": -0.0,
    "wozniak": 0.0,
    "energ": 0.0,
    "grubb": 0.0,
    "downturn": 0.0,
    "frei": 0.0,
    "waldemar": 0.0,
    "gartner": 0.0,
    "ebai": 0.0,
    "barclai": 0.0,
    "kjell": 0.0,
    "delfo": 0.0,
    "3com": 0.0,
    "klemm": 0.0,
    "palmol": 0.0,
    "colgat": 0.0,
    "kpmg": 0.0,
    "funki": -0.0,
    "mcloughlin": 0.0,
    "nordstr": 0.0,
    "polinski": 0.0,
    "holmstrom": 0.0,
    "giudic": 0.0,
    "idc": 0.0,
    "farish": 0.0,
    "reengin": 0.0,
    "davinci": 0.0,
    "bfm": 0.0,
    "cornei": -0.0,
    "ridderstr": 0.0,
    "eija": 0.0,
    "anslei": 0.0,
    "curto": 0.0,
    "toben": 0.0,
    "hackland": 0.0,
    "rumedia": 0.0,
    "tomanei": -0.0,
    "hinssen": -0.0,
    "zuijdwijk": 0.0,
    "itlead": -0.0
  }
}