{
  "qid": "107",
  "query": "Seafood",
  "rank": 0,
  "docid": 2593297,
  "coef": {
    "be": 0.0,
    "demonstr": 0.0,
    "state": 0.0,
    "discuss": 0.0,
    "current": 0.0,
    "lead": 0.24332876504113363,
    "origin": 0.30786084594994234,
    "version": 0.0,
    "progress": 0.0,
    "market": 0.21436879235187753,
    "seek": 0.1661049031416801,
    "attempt": 0.0,
    "focus": 0.0,
    "support": 0.08342762228734922,
    "element": 0.1888263194025565,
    "north": 0.0,
    "europ": 0.0,
    "led": 0.0,
    "connect": 0.0,
    "movement": 0.0,
    "industri": -0.0,
    "econom": 0.0,
    "segment": 0.27516185434416746,
    "task": 0.02723139119435784,
    "respons": 0.26044786560596883,
    "public": 0.2851447096976665,
    "includ": 0.0,
    "began": 0.33626088692609135,
    "talk": 0.0,
    "histori": 0.0,
    "later": 0.0,
    "event": 0.2954775997093125,
    "manag": 0.14595462420277489,
    "french": 0.16044763575323406,
    "expand": 0.0,
    "world": 0.0,
    "bring": 0.4127950310987997,
    "perform": 0.056014761165989045,
    "principl": 0.2600246940380901,
    "need": 0.0,
    "establish": 0.058985846382881554,
    "host": -0.0,
    "term": 0.0,
    "kei": 0.024757560065637056,
    "follow": 0.0,
    "work": 0.1728060288192263,
    "american": 0.0,
    "just": 0.0478669058670388,
    "enabl": 0.0,
    "chang": 0.0,
    "guid": 0.5900991596059875,
    "long": 0.0,
    "repres": 0.0,
    "creation": 0.0,
    "choic": 0.2980715802248611,
    "young": 0.19376058038241623,
    "complex": 0.0,
    "govern": -0.0,
    "environment": 0.2546963783151156,
    "issu": -0.25216705503610404,
    "effort": 0.045593400924308636,
    "commun": 0.5553138519815896,
    "time": 0.0,
    "break": 0.0,
    "organ": 0.0,
    "publish": 0.0,
    "consum": 0.31235011020493947,
    "network": 0.0,
    "see": 0.0,
    "non": 0.0,
    "wide": 0.0,
    "todai": 0.0,
    "dispar": 0.0,
    "onli": 0.0,
    "contribut": 0.0,
    "effect": 0.0,
    "intern": 0.0,
    "join": 0.0,
    "goal": 0.05566771376187785,
    "practic": 0.0,
    "multipl": 0.0,
    "first": 0.5828129607282112,
    "result": 0.0,
    "past": 0.0,
    "make": 0.012466340872036985,
    "distribut": 0.0,
    "extern": 0.33541101920798283,
    "unit": 0.0,
    "social": 0.03918681120005212,
    "promot": 0.024331314855818346,
    "natur": 0.0,
    "individu": 0.0,
    "base": 0.0,
    "council": 0.0,
    "give": 0.0,
    "sole": 0.020285702085497175,
    "label": 0.1400872820987183,
    "easi": 0.09925869574930093,
    "illeg": 0.0,
    "sourc": 0.0,
    "valu": 0.08531292320762916,
    "broader": -0.0,
    "global": 0.12242754083599343,
    "latest": -0.0,
    "divers": 0.022129178858454977,
    "back": 0.06104518286077819,
    "serv": 0.2582199155219335,
    "seri": 0.0,
    "approach": 0.0,
    "commit": 0.0,
    "ultim": 0.40625251228585024,
    "across": 0.0,
    "intend": 0.0,
    "initi": 0.050629868843870864,
    "present": 0.42585411578402677,
    "year": 0.0,
    "identifi": 0.0,
    "profession": 0.0,
    "sustain": 0.36064865745120656,
    "program": 0.10330549411606163,
    "focu": 0.26187567930019495,
    "trace": 0.0,
    "consider": 0.11004689408616675,
    "research": 0.0,
    "recogn": 0.0,
    "primari": 0.0070809812625093685,
    "data": 0.0,
    "1996": 0.0,
    "now": 0.0,
    "coordin": 0.0,
    "improv": 0.0,
    "traceabl": 0.0,
    "audienc": 0.0,
    "report": 0.0,
    "integr": 0.01762833191902048,
    "measur": 0.0,
    "speak": 0.0,
    "comprehens": 0.0,
    "start": 0.0002686631432306759,
    "2005": 0.0,
    "grow": 0.0,
    "fund": 0.43764919070649305,
    "climat": 0.0,
    "leadership": 0.0,
    "ocean": 0.0,
    "annual": 0.0,
    "clear": 0.11166156700454434,
    "european": 0.0,
    "format": 0.0,
    "restaur": 0.014960303735154602,
    "statu": 0.23912763669812348,
    "bai": 0.0,
    "usa": 0.0003751702615318094,
    "champion": 0.0,
    "conserv": 0.0,
    "fish": 0.22591817110158446,
    "concentr": 0.7837420005234433,
    "retail": 0.0,
    "busi": -0.0,
    "project": 0.01601657266372664,
    "campaign": 0.0,
    "2006": 0.2808323379075583,
    "2001": 0.0,
    "provid": 0.0,
    "compani": 0.37865218325922856,
    "wildlif": 0.0,
    "short": 0.0,
    "diversifi": 0.0,
    "british": 0.0,
    "announc": 0.32389717443295324,
    "giant": 0.0,
    "heel": 0.0,
    "bad": 0.15516167346780624,
    "honor": 0.0,
    "agre": 0.445782346153624,
    "watch": 0.0,
    "assur": 0.0,
    "devot": 0.0,
    "1997": 0.0,
    "outstand": 0.0,
    "chain": 0.0,
    "depth": 0.0,
    "partnership": 0.0,
    "award": 0.0,
    "1998": 0.0,
    "certifi": 0.0,
    "buyer": 0.0,
    "constitu": 0.0,
    "healthi": 0.0961741711738279,
    "nonprofit": 0.19555579653685737,
    "solut": 0.0,
    "allianc": -0.0,
    "card": 0.0,
    "stock": 0.04860965800038674,
    "innov": 0.0,
    "government": 0.0,
    "aquacultur": 0.0,
    "distil": 0.0,
    "unregul": 0.0,
    "mart": 0.0,
    "wwf": 0.0,
    "ecosystem": 0.0,
    "marin": 0.4855189156991091,
    "stewardship": 0.0,
    "seafood": 0.31575276457117235,
    "summit": -0.0,
    "fisheri": 0.09986320743256308,
    "marketplac": 0.013841804006410094,
    "unreport": 0.0,
    "catalyst": 0.19691188559333556,
    "stakehold": 0.0,
    "msc": 0.0,
    "overfish": 0.0,
    "prerequisit": 0.0,
    "swordfish": 0.0,
    "eco": 0.0,
    "ngo": 0.31535007802319437,
    "workshop": 0.00867574231501679,
    "spate": 0.0,
    "mcdonald": 0.0,
    "monterei": 0.0,
    "benchmark": 0.0,
    "gri": 0.0,
    "wal": 0.0,
    "aquarium": 0.0,
    "unilev": 0.0,
    "darden": 0.34516230032253703,
    "wallet": 0.06068825746313639,
    "ahold": 0.0,
    "seaweb": 0.4342560979391633
  }
}