{
  "qid": "119",
  "query": "Classical Dance",
  "rank": 8,
  "docid": 2633358,
  "coef": {
    "third": 0.0,
    "state": -0.0,
    "lead": 0.0,
    "version": 0.0,
    "cultur": 0.0,
    "stand": 0.034936874964000164,
    "journal": 0.0,
    "earli": 0.0,
    "mai": 0.0,
    "nation": 0.06966701411387385,
    "name": 0.0,
    "classic": 0.033761167509994375,
    "basic": 0.0,
    "wave": 0.0,
    "big": -0.0,
    "later": -0.0,
    "event": 0.0,
    "expand": 0.04345096660856743,
    "perform": 0.10414909548829344,
    "de": 0.0,
    "open": 0.12058570670893434,
    "due": 0.0,
    "best": 0.0,
    "bodi": 0.0,
    "ag": 0.0,
    "involv": 0.0,
    "kind": -0.0,
    "love": 0.0,
    "school": 0.22612716928704654,
    "critic": 0.0,
    "height": 0.0,
    "youth": 0.07718626406360998,
    "enabl": 0.0,
    "art": -0.0,
    "long": 0.0,
    "popular": -0.0,
    "career": 0.0,
    "well": 0.0,
    "reform": 0.0,
    "group": -0.0,
    "commun": 0.021221024227961852,
    "time": 0.0,
    "life": 0.0,
    "role": 0.0,
    "cours": 0.16552350524992337,
    "plai": 0.0,
    "institut": -0.0,
    "small": -0.0,
    "franc": 0.0,
    "live": 0.0,
    "contemporari": -0.0,
    "displai": 0.0,
    "known": 0.0,
    "surviv": 0.0,
    "china": 0.22600370864898744,
    "onli": 0.0,
    "intern": -0.0,
    "space": 0.10587387632520474,
    "join": -0.0,
    "win": 0.0,
    "practic": 0.0,
    "multipl": 0.0,
    "first": 0.0,
    "make": -0.0,
    "activ": 0.0,
    "part": -0.0,
    "unit": 0.0,
    "continu": -0.0,
    "littl": 0.043745391497977924,
    "decis": 0.41062361861467045,
    "dai": 0.0,
    "aesthet": 0.0,
    "give": 0.0,
    "success": 0.0,
    "style": -0.0,
    "2008": -0.0,
    "modern": 0.0,
    "hard": 0.0,
    "harmoni": 0.0,
    "happen": 0.0,
    "han": 0.0,
    "level": 0.0,
    "9": 0.0,
    "train": 0.27167658015249446,
    "leav": 0.0,
    "month": -0.0,
    "car": 0.0,
    "stage": 0.0,
    "present": 0.06563035643955026,
    "boi": 0.0007340230225541362,
    "year": -0.0,
    "repeat": 0.0,
    "show": 0.009245602470169825,
    "numer": 0.0,
    "graduat": -0.0,
    "teacher": 0.0,
    "invit": 0.0,
    "week": 0.0,
    "loneli": 0.0,
    "rock": 0.0,
    "harder": 0.0,
    "now": 0.0,
    "16": 0.0,
    "10": 0.0,
    "special": 0.0,
    "categori": 0.0,
    "famili": 0.0,
    "audienc": 0.0,
    "select": 0.0,
    "nbsp": 0.0,
    "mix": -0.0,
    "rhythmic": 0.0,
    "bone": 0.0,
    "theme": 0.0,
    "skill": 0.0,
    "mar": -0.0,
    "start": 0.0,
    "2007": -0.0,
    "2005": -0.0,
    "2000": -0.0,
    "exhibit": 0.0,
    "6": 0.0,
    "home": 0.0,
    "awai": 0.0,
    "09": -0.0,
    "highest": 0.00818503116126503,
    "kilomet": 0.0,
    "addit": 0.0,
    "receiv": 0.0,
    "top": 0.0,
    "2003": 0.0,
    "ocean": 0.0,
    "earth": 0.0,
    "sun": 0.0,
    "itali": 0.0,
    "5th": 0.0,
    "brought": 0.0,
    "final": -0.0,
    "8th": 0.0,
    "cup": 0.0,
    "huge": 0.0,
    "provinc": 0.0,
    "mount": 0.0,
    "pine": 0.0,
    "flower": 0.0,
    "tour": -0.0,
    "struck": -0.0,
    "thousand": 0.0,
    "partial": 0.0,
    "senior": 0.0,
    "fractur": -0.0,
    "competit": 0.0,
    "festiv": 0.20314700269695815,
    "uniqu": 0.0,
    "peach": -0.0,
    "novemb": 0.0,
    "vote": 0.0,
    "entertain": 0.0,
    "2006": 0.0,
    "2001": -0.0,
    "spring": 0.16925176718883767,
    "2009": 0.0,
    "yellow": 0.0,
    "fan": 0.06874217787111826,
    "plum": 0.0,
    "ceremoni": -0.0,
    "river": -0.0,
    "1000": 0.0,
    "1984": 0.0,
    "bridg": 0.0,
    "won": 0.0,
    "30th": 0.025621753552961837,
    "secondari": 0.0,
    "born": 0.0,
    "admit": 0.0,
    "legend": 0.0,
    "immort": 0.0,
    "pain": 0.0,
    "phoenix": -0.0,
    "poem": 0.0,
    "honor": 0.0,
    "internation": 0.0,
    "resum": -0.0,
    "sing": 0.0,
    "strength": 0.0,
    "japan": 0.0,
    "doom": 0.0,
    "gold": 0.0,
    "favorit": -0.0,
    "17th": 0.0,
    "familiar": 0.043505816207536595,
    "di": 0.0,
    "7th": -0.05724334243506417,
    "theatr": 0.03251133875446514,
    "editor": 0.0,
    "theater": -0.0,
    "danc": 0.22561585246164545,
    "stood": 0.0,
    "outstand": 0.0,
    "finish": 0.0,
    "dream": 0.0,
    "silver": 0.23922143031614854,
    "tragic": 0.0,
    "accid": 0.2787608584670215,
    "arab": 0.021757777556288507,
    "tragedi": 0.0,
    "heaven": 0.0,
    "excel": -0.13766847049751982,
    "academi": 0.0,
    "jan": 0.0,
    "rehabilit": 0.0,
    "chosen": 0.0,
    "soul": 0.0,
    "drama": 0.04494412517993463,
    "bronz": 0.0,
    "award": 0.05233067993231582,
    "solo": 0.0,
    "night": 0.019708646454486622,
    "drum": -0.0,
    "ballet": 0.0,
    "melodi": 0.0,
    "3rd": 0.0,
    "sword": 0.0,
    "tv": 0.0,
    "song": 0.21372114036107798,
    "olymp": 0.0,
    "roma": 0.0,
    "6th": -0.0,
    "chines": 0.0,
    "cm": 0.03982780000175223,
    "juvenil": 0.0,
    "spirit": 0.0,
    "fashion": 0.0,
    "australia": -0.0,
    "kid": 0.0,
    "butterfli": 0.07921218162967913,
    "anniversari": 0.33557834846648005,
    "chariti": 0.0,
    "junior": 0.0,
    "passion": -0.0,
    "bachelor": 0.0,
    "wind": -0.0,
    "apr": 0.0,
    "emir": 0.0,
    "ministri": 0.0,
    "dynasti": 0.20301281816875374,
    "flexibl": 0.21830282969734946,
    "aug": -0.0,
    "dec": 0.26658619353127994,
    "chant": 0.0,
    "mascot": 0.0,
    "debut": 0.0,
    "journei": 0.0,
    "earthquak": 0.0,
    "podium": 0.0,
    "hometown": 0.0,
    "tough": -0.0,
    "diari": 0.19498261302193493,
    "gymnast": 0.0,
    "stir": 0.0,
    "shanghai": 0.0,
    "60th": 0.0,
    "dancer": 0.17556725764094938,
    "beij": 0.20987654049351753,
    "tang": -0.0,
    "bamboo": 0.04729987453873785,
    "countdown": 0.0,
    "sydnei": 0.0,
    "pelvi": 0.0,
    "cann": 0.0,
    "wan": -0.0,
    "lotu": 0.0,
    "liu": -0.0,
    "nov": -0.0,
    "hu": 0.0,
    "disclosur": 0.0,
    "183": 0.0,
    "wei": 0.0,
    "vcd": 0.0,
    "gala": 0.0,
    "feb": -0.0,
    "wen": 0.0,
    "troup": 0.0,
    "hua": 0.0,
    "dalian": 0.0,
    "wuhan": 0.0,
    "jul": 0.0,
    "sep": 0.0,
    "rui": 0.07967699488970413,
    "internazional": 0.0,
    "magpi": 0.0,
    "cctv": 0.2944690713349705,
    "danza": 0.0,
    "zeng": 0.0,
    "hubei": 0.0,
    "premio": 0.0,
    "wenchuan": 0.0,
    "concorso": 0.0,
    "mengmei": 0.0
  }
}