{
  "qid": "114",
  "query": "Songwriting",
  "rank": 8,
  "docid": 3324560,
  "coef": {
    "societi": -0.0,
    "mai": 0.0,
    "music": 0.0,
    "write": 0.010740831263450148,
    "direct": 1.0792266626471954,
    "who": 0.0,
    "individu": 0.5875065400268626,
    "refer": 0.0,
    "2018": 0.0,
    "film": 0.7148157251992664,
    "bill": -0.0,
    "1984": 0.0,
    "anderson": -0.0,
    "lyric": 1.983552262833595,
    "album": -0.19065449747765034,
    "documentari": 0.8139333947105631,
    "song": 1.143926122936232,
    "alan": 0.0,
    "ed": 0.258641036989121,
    "murrai": 0.0,
    "rudolph": 0.0,
    "hayward": -0.0,
    "songwrit": 1.5741571362324613,
    "hike": 0.0,
    "cum": 2.044103665547897,
    "justin": -0.0,
    "sheeran": 0.0,
    "apo": -0.0
  }
}