{
  "qid": "145",
  "query": "Finance",
  "rank": 7,
  "docid": 5140628,
  "coef": {
    "mai": 0.4299464773009033,
    "trade": 0.0,
    "build": -0.0,
    "follow": 0.0,
    "rose": 0.06787689420086121,
    "see": 0.0,
    "intern": 0.34941194107375645,
    "refer": 0.1737892303985328,
    "bank": 0.0,
    "rock": 0.0,
    "centr": 0.41255322404225897,
    "center": 0.0,
    "financi": -0.0,
    "station": 0.3844552830905298,
    "financ": 0.9295410996359749,
    "commerc": 1.5980794559170706,
    "kong": 0.0,
    "hong": -0.0,
    "hub": 0.0,
    "shanghai": -0.0,
    "busan": 0.0,
    "seoul": -0.0,
    "offshor": 0.0,
    "ifc": 0.8239527896247766,
    "ping": 0.0,
    "shenyang": -0.0,
    "guangzhou": 0.2841085242743623,
    "marriott": 0.0,
    "suzhou": -0.0,
    "chongq": 0.0,
    "jw": 0.0
  }
}