{
  "qid": "136",
  "query": "Visual Journalism",
  "rank": 0,
  "docid": 5608382,
  "coef": {
    "be": -0.0,
    "218": 0.0,
    "state": 0.0,
    "5": 0.002108859650393542,
    "self": 0.0,
    "list": 0.10298106283762905,
    "current": 0.0,
    "cultur": 0.0,
    "peopl": 0.5055734936747003,
    "seen": 0.12599543429266913,
    "societi": 0.0,
    "support": -0.0,
    "journal": 0.3427037643771059,
    "nation": 0.02054943662199031,
    "engag": -0.0,
    "led": 0.0,
    "daili": 0.0,
    "platform": 0.04895137977453413,
    "product": 0.0,
    "acquir": 0.0,
    "write": 0.009142659426034457,
    "public": 0.0,
    "servic": 0.0,
    "gai": 0.0,
    "includ": 0.1862817080531957,
    "challeng": 0.0,
    "educ": -0.0,
    "call": 0.019947425246605883,
    "view": 0.0,
    "number": 0.0,
    "world": 0.1609644362068999,
    "enter": 0.0,
    "reaction": -0.0,
    "school": 0.0,
    "emot": 0.5671426437639906,
    "work": 0.0,
    "experi": 0.0,
    "scholar": 0.0,
    "control": -0.0,
    "digit": -0.0,
    "america": 2.6040341276409555e-05,
    "influenti": 0.0,
    "develop": 0.0,
    "well": 0.0,
    "learn": 0.3508125230799881,
    "coverag": 0.0,
    "review": 0.0,
    "whole": 0.0,
    "colleg": 0.0,
    "commun": 0.3121218777979947,
    "time": 0.0,
    "protest": -0.0,
    "life": 0.0,
    "cours": -0.0,
    "ident": 0.06311180740482124,
    "process": 0.0,
    "organ": -0.0,
    "influenc": 0.0,
    "recent": 0.0,
    "institut": -0.0,
    "find": 0.0,
    "subject": 0.0,
    "network": 0.0,
    "field": 0.023787808243844848,
    "see": 0.0,
    "method": 0.0,
    "live": 0.0,
    "express": 0.0,
    "articl": 0.0,
    "china": 0.0,
    "white": 0.010860832018457748,
    "new": 0.0,
    "understand": 0.0,
    "evolut": 0.0,
    "produc": -0.0,
    "like": 0.0,
    "mass": 0.0,
    "lectur": 0.0,
    "intern": 0.41711679696321197,
    "accord": -0.0,
    "read": 0.0,
    "practic": 0.0,
    "futur": -0.0,
    "media": 0.4063229264748333,
    "critiqu": 0.0,
    "post": 0.0,
    "theori": 0.0,
    "war": 0.0,
    "academia": 0.0,
    "gender": 0.0,
    "social": 0.0,
    "comment": 0.0,
    "promot": -0.0,
    "studi": 0.15773544242603663,
    "scienc": 0.0,
    "achiev": 0.0,
    "book": 0.2432793977684236,
    "independ": 0.0,
    "associ": 0.0,
    "ethic": 0.0,
    "technolog": 0.0,
    "black": 0.0,
    "especi": -0.0,
    "serv": 0.21777901110130252,
    "approach": 0.1254136759075344,
    "human": -0.0,
    "teach": 0.0,
    "travel": 0.0,
    "across": 0.0,
    "stori": 0.0,
    "obtain": 0.0,
    "million": 0.0,
    "adapt": 0.0,
    "2015": 0.06757491720359003,
    "interview": 0.17104613702743007,
    "year": 0.0,
    "side": -0.0,
    "environ": 0.027801196587786035,
    "profession": 0.0,
    "characterist": 0.0,
    "lessen": 0.0,
    "show": 0.0,
    "advanc": 0.0,
    "interact": 0.0,
    "consider": 0.2124077449034981,
    "graduat": 0.0,
    "cover": 0.0,
    "research": 0.0,
    "visual": 0.076892803117426,
    "invit": 0.6452653346409649,
    "recogn": 0.0,
    "examin": -0.0,
    "univers": 0.35835189518709654,
    "roll": 0.0,
    "document": 0.0,
    "verbal": 0.0,
    "data": 0.0,
    "race": 0.0,
    "investig": 0.0,
    "40": 0.0,
    "25": -0.0,
    "18": -0.0,
    "11": 0.0,
    "pride": 0.31088041393148297,
    "account": 0.0,
    "24": 0.0,
    "affect": 0.0,
    "societ": 0.0,
    "analysi": -0.0,
    "opportun": -0.0,
    "imag": 0.34115327492632175,
    "design": 0.0,
    "2018": 0.3289450697217393,
    "2016": 0.0,
    "reach": 0.0,
    "hope": 0.0,
    "6": 0.08947029101137668,
    "4": -0.0,
    "1": 0.0,
    "27": -0.0,
    "extend": 0.0,
    "addit": 0.0,
    "impact": 0.0,
    "fire": 0.27748287068804695,
    "content": 0.06776199041686735,
    "centr": 0.0,
    "represent": 0.0,
    "front": 0.0,
    "press": 0.0,
    "chief": 0.0,
    "photograph": 0.08087742915328254,
    "topic": -0.0,
    "london": 0.0,
    "toll": 0.09638525356161531,
    "jointli": 0.0,
    "politician": 0.0,
    "corpor": 0.0,
    "profil": 0.0,
    "senior": -0.0,
    "largest": 0.05386978076127273,
    "washington": 0.0,
    "busi": 0.10781093457672752,
    "appear": -0.0,
    "expect": 0.19098137847470636,
    "pope": -0.0,
    "2017": 0.24850702026303834,
    "trauma": 0.0,
    "offic": 0.0,
    "2019": 0.0,
    "ma": 0.0,
    "explor": 0.004392867366252303,
    "fl": -0.0,
    "indian": -0.0,
    "labor": 0.0,
    "island": 0.027254692637685186,
    "migrat": 0.0,
    "insid": 0.0,
    "65": 0.0,
    "46": -0.0,
    "23": 0.0,
    "21": 0.08531280246435569,
    "19": 0.0,
    "agenc": 0.0,
    "won": 0.0,
    "announc": 0.0,
    "beach": 0.0,
    "visit": 0.0,
    "map": -0.0,
    "cycl": 0.0,
    "virtual": 0.028885096508730734,
    "honor": 0.0,
    "625": 0.0424978811774008,
    "grai": 0.0,
    "pennsylvania": 0.250938852571098,
    "spearhead": 0.0,
    "ann": 0.0,
    "highlight": 0.0,
    "client": 0.0,
    "246": 8.230019429117428e-16,
    "missouri": 0.0,
    "smith": 0.0,
    "editor": -0.0,
    "823": 0.0,
    "photo": 0.0,
    "journalist": 0.0,
    "narr": 0.0,
    "oversea": 0.0,
    "qualit": 0.0,
    "excel": 0.0,
    "academi": 0.0,
    "camera": 0.0,
    "frame": 0.2086491844910732,
    "pictur": 0.0,
    "flee": 0.0,
    "kelli": 0.5130178937025622,
    "award": 0.0,
    "2020": 0.0936536642775146,
    "94": -0.0,
    "1983": 0.0,
    "certif": 0.0,
    "recipi": -0.0,
    "2021": 0.0,
    "australia": 0.36632175006426004,
    "australian": 0.0,
    "1975": 0.013139005066533541,
    "colorado": 0.0,
    "facebook": 0.22610252946600376,
    "biggest": 0.0,
    "ed": 0.0,
    "monograph": 0.010964402798150853,
    "photographi": -0.0,
    "bibliographi": 0.0,
    "franci": 0.0,
    "india": 0.0,
    "absent": -0.0,
    "phd": 0.0,
    "len": 0.014152467333978607,
    "signatur": 0.0,
    "modal": 0.0,
    "manifest": 0.0,
    "closet": 0.3448714346115131,
    "disinform": -0.0,
    "ian": 0.0,
    "angu": 0.27474402426623096,
    "thomson": 0.17167148051277964,
    "zealand": 0.0,
    "ba": 0.0,
    "handbook": -0.0,
    "heartland": 0.0,
    "queensland": 0.0,
    "xinhua": 0.045027458761322345,
    "persecut": 0.0,
    "223": 0.0,
    "josephson": 0.0,
    "mi": -0.0,
    "inund": -0.0,
    "cuba": 0.0,
    "smartphon": 0.0,
    "verif": 0.0,
    "203": 0.0,
    "outlet": -0.0,
    "dian": 0.0,
    "dunn": 0.01616156600072677,
    "greenwood": 0.34136800060630385,
    "herald": 0.0,
    "644": 0.06921222075670053,
    "quarterli": -0.0,
    "huffington": 0.0,
    "freelanc": 0.0021924595677603066,
    "233": 0.0,
    "liverpool": 0.0,
    "duffi": 0.0,
    "803": 0.0,
    "gazett": 0.0,
    "crux": 0.0,
    "brisban": 0.0,
    "newswir": 5.4440684472313545e-05,
    "boca": -0.0,
    "stirl": -0.0,
    "comm": 0.01781303286530656,
    "littlefield": 0.0,
    "omaha": 0.0,
    "raton": -0.0,
    "crc": -0.0,
    "photojournalist": 0.16856586464037462,
    "quickfir": 0.0,
    "faceless": 0.003798884219961678,
    "nca": 0.0,
    "loughborough": 0.0,
    "mizzou": 0.0,
    "rowman": 0.0,
    "photojourn": 0.0,
    "perreault": 0.0,
    "cision": 0.6174079651204663,
    "chadron": 0.0,
    "hurcomb": -0.0,
    "hoteltonight": 0.0,
    "dootson": 0.0,
    "jou9jr": -0.0,
    "j8006": 0.0
  }
}