{
  "qid": "102",
  "query": "Disco Music",
  "rank": 3,
  "docid": 389133,
  "coef": {
    "state": 0.0,
    "self": 0.0,
    "list": 0.0,
    "current": 0.0,
    "origin": 0.023445940078314173,
    "version": -0.0,
    "market": 0.10060206007136897,
    "cultur": 0.0,
    "peopl": -0.0,
    "heavili": 0.0,
    "type": 0.0,
    "mainstream": 0.0,
    "ration": 0.0,
    "emerg": -0.0,
    "exist": -0.0,
    "primarili": 0.0,
    "inspir": 0.0,
    "can": 0.0,
    "emphasi": 0.0,
    "system": 0.0,
    "element": 0.0,
    "earli": 0.11043988851469573,
    "mai": 0.0,
    "nation": 0.0,
    "europ": 0.18948396283986865,
    "name": 0.0,
    "led": 0.0,
    "creat": 0.0,
    "sharpli": 0.0,
    "countri": -0.0,
    "mid": 0.0021327216474344595,
    "adopt": 0.0,
    "order": 0.0,
    "product": 0.0,
    "music": 0.13973739896127932,
    "spanish": 0.0,
    "us": 0.0,
    "italian": 0.024758221217922302,
    "respons": 0.0,
    "gener": 0.0,
    "scene": 0.0,
    "includ": -0.0,
    "began": 0.02527327483413437,
    "talk": 0.06505908993359337,
    "challeng": -0.0,
    "histori": 0.0,
    "take": 0.0,
    "big": 0.0,
    "later": 0.0,
    "came": -0.0,
    "credit": 0.0,
    "call": 0.0,
    "french": 0.05980587387246146,
    "form": 0.07808884595386295,
    "number": 0.0,
    "import": 0.0,
    "found": 0.0,
    "coin": 0.0,
    "world": 0.0,
    "exclus": 0.0,
    "enter": 0.0,
    "due": 0.0,
    "best": -0.0,
    "video": 0.0,
    "limit": 0.0,
    "term": 0.083316949049915,
    "note": 0.0,
    "love": 0.0,
    "still": 0.0,
    "late": 0.0,
    "work": 0.0,
    "american": 0.20216045014442768,
    "youth": 0.0,
    "futurist": 0.0,
    "experi": -0.0,
    "control": 0.0,
    "chang": 0.0,
    "electron": 0.2756408288362126,
    "reviv": 0.0,
    "america": 0.0,
    "expens": 0.0,
    "interest": 0.0,
    "influenti": 0.0,
    "develop": 0.13011583040761457,
    "popular": 0.27633876230568594,
    "well": 0.0,
    "exemplifi": 0.0,
    "singl": 0.1638019293851651,
    "canadian": -0.0,
    "effort": 0.0,
    "citi": 0.0,
    "act": 0.0,
    "exampl": 0.0,
    "doctor": 0.0,
    "feel": 0.0,
    "root": -0.0,
    "time": 0.0,
    "plai": 0.0,
    "artist": 0.02746932175259039,
    "influenc": 0.1075679777950008,
    "worker": 0.0,
    "deriv": 0.0,
    "see": 0.08679705913217456,
    "fiction": 0.05001603287816012,
    "wide": 0.0,
    "live": 0.0,
    "english": 0.3514342041071404,
    "constitut": 0.0,
    "northern": 0.0,
    "known": 0.016428085320589203,
    "overlap": 0.0,
    "surviv": 0.0,
    "reli": 0.0,
    "spain": 0.0,
    "onli": 0.0,
    "white": 0.008373035929122655,
    "new": 0.0,
    "japanes": 0.0,
    "featur": 0.0,
    "produc": 0.24356469943394796,
    "like": 0.0,
    "terminolog": 0.0,
    "space": 0.0652841287156988,
    "similar": 0.0,
    "capit": 0.0,
    "who": 0.09039620364089891,
    "futur": 0.0,
    "multipl": 0.0,
    "paul": 0.0,
    "first": 0.0,
    "post": -0.0,
    "pari": 0.0,
    "distribut": 0.0,
    "war": 0.0,
    "releas": 0.12632832424639495,
    "tradit": -0.0,
    "prefix": 0.07855435979409811,
    "base": 0.0,
    "scienc": 0.05548992178470169,
    "refer": 0.0,
    "consensu": 0.0,
    "fusion": 0.0,
    "band": 0.0,
    "canada": 0.0,
    "independ": 0.0,
    "label": 0.1394572516285248,
    "success": 0.0,
    "associ": 0.0,
    "combin": -0.0,
    "hous": 0.0,
    "style": 0.13517802882431326,
    "divers": 0.0,
    "modern": 0.0,
    "emploi": 0.0,
    "harmoni": 0.0,
    "seri": 0.0,
    "approach": 0.0,
    "mean": 0.0,
    "francisco": 0.0,
    "onlin": 0.0,
    "compil": -0.0,
    "character": 0.0,
    "greater": 0.0,
    "adapt": 0.0,
    "present": 0.0,
    "uk": 0.02751138208298407,
    "boi": 0.1952114745110006,
    "case": 0.0,
    "year": 0.20990065953834286,
    "gap": 0.0,
    "declin": 0.0,
    "licens": 0.0,
    "pet": 0.023771902588926273,
    "incorpor": 0.0,
    "ey": 0.0,
    "program": 0.27954678506999175,
    "german": 0.0,
    "full": 0.0,
    "silent": 0.0,
    "earliest": 0.022518802080931904,
    "trace": 0.0,
    "show": -0.0,
    "phrase": 0.0,
    "cover": 0.0,
    "old": 0.0,
    "maintain": 0.0,
    "sensat": 0.0,
    "grant": 0.0,
    "document": 0.0,
    "worldwid": -0.0,
    "twin": 0.0,
    "prove": 0.0,
    "occasion": 0.12981352601730828,
    "rock": 0.0,
    "harder": -0.0,
    "1990": 0.0,
    "1980": 0.0029055602209771335,
    "1970": 0.0,
    "instrument": 0.0,
    "16": 0.0,
    "vocal": 0.0,
    "special": 0.0,
    "24": 0.0,
    "systemat": 0.0,
    "heavi": 0.0,
    "extent": 0.0,
    "deal": -0.0,
    "thirti": 0.0,
    "disco": 0.17518858443755772,
    "mix": 0.1785998094591761,
    "speak": -0.0,
    "theme": 0.10966803546871723,
    "girl": 0.0,
    "frequent": 0.0,
    "degre": 0.0,
    "start": 0.0,
    "reach": 0.0,
    "2000": 0.0,
    "4": 0.0,
    "drive": 0.0,
    "dirti": 0.0,
    "heat": 0.0,
    "outer": 0.0,
    "impact": -0.0,
    "top": 0.0,
    "strongli": 0.0,
    "surg": 0.0,
    "energi": 0.0,
    "blue": 0.1011911520227724,
    "itali": 0.045413972755592134,
    "foreign": 0.0,
    "european": 0.0,
    "rai": 0.0,
    "sound": 0.16127723696173799,
    "anglo": 0.042930284030374695,
    "mainli": 0.0,
    "least": 0.0,
    "circl": 0.0,
    "usa": 0.0,
    "prohibit": 0.0,
    "mike": 0.0,
    "london": 0.0,
    "fade": -0.0,
    "shop": 0.01996205687099296,
    "radiu": 0.0,
    "record": 0.14885845471632245,
    "san": 0.0,
    "parker": -0.0,
    "predominantli": 0.0,
    "hit": 0.07135406310263852,
    "sold": 0.0,
    "entertain": 0.0,
    "super": -0.0,
    "underground": 0.0,
    "york": 0.0,
    "split": 0.0,
    "sleev": 0.0,
    "ti": 0.0,
    "thoma": 0.0,
    "station": 0.0,
    "track": 0.0,
    "domest": 0.0,
    "british": -0.0,
    "1984": -0.0,
    "1982": 0.16055672247876288,
    "1978": -0.0,
    "wonder": 0.0,
    "bridg": 0.0,
    "stream": 0.0,
    "disc": 0.0,
    "born": 0.0,
    "star": 0.0,
    "angel": 0.0,
    "bear": 0.021193983946335385,
    "voyag": 0.0,
    "sell": 0.0,
    "evolv": 0.0,
    "da": 0.0,
    "famou": 0.0,
    "bad": 0.0,
    "beat": 0.0,
    "remark": 0.0,
    "exagger": 0.0,
    "1977": 0.0,
    "japan": 0.0,
    "readi": 0.0,
    "miller": 0.0,
    "invad": 0.0,
    "reunit": 0.0,
    "tast": 0.0,
    "am": 0.0,
    "want": 0.0,
    "likewis": 0.0,
    "proceed": 0.0,
    "titl": 0.0,
    "patrick": 0.0,
    "danc": 0.0,
    "germani": 0.0,
    "renew": -0.0,
    "legaci": 0.0,
    "rhythm": 0.0,
    "edit": 0.0,
    "machin": 0.0,
    "chanc": 0.0,
    "woman": 0.0,
    "channel": 0.16052981988226947,
    "volum": 0.0,
    "subsequ": 0.0,
    "genr": 0.10972432404750981,
    "lyric": 0.0,
    "catch": 0.0,
    "cd": 0.0,
    "drawn": 0.0,
    "radio": 0.0,
    "night": 0.0,
    "1998": 0.0,
    "culmin": 0.0,
    "pop": 0.0,
    "broadcast": 0.0,
    "drum": 0.0,
    "album": 0.0,
    "heard": -0.0,
    "melodi": 0.27571113023787724,
    "jazz": 0.0,
    "orchestra": 0.037456169152909766,
    "tv": 0.0,
    "agreement": 0.0,
    "dub": 0.0,
    "charli": 0.0,
    "song": 0.13303845501230607,
    "flash": 0.0,
    "brooklyn": 0.0,
    "1991": 0.0,
    "1989": 0.0,
    "1983": 0.08094431245551847,
    "crash": -0.0,
    "artwork": 0.0,
    "inhabit": 0.0,
    "singer": 0.0,
    "1979": -0.0,
    "musician": 0.19136341538001833,
    "forbidden": 0.0,
    "lie": -0.0,
    "joi": 0.0,
    "mr": 0.0,
    "infus": 0.0,
    "caribbean": 0.000999999180164789,
    "euro": -0.0,
    "dj": 0.0,
    "sung": 0.009000542144744798,
    "tran": 0.0,
    "mainland": 0.12219247855500256,
    "laura": 0.0,
    "cyber": -0.0,
    "spawn": 0.0,
    "purpl": 0.0,
    "belgium": 0.0,
    "synthes": 0.0,
    "humanoid": 0.0,
    "erasur": 0.0,
    "sabrina": -0.0,
    "accent": 0.0,
    "disk": 0.0,
    "ross": 0.0,
    "chart": 0.0,
    "quebec": 0.0,
    "plausibl": 0.0,
    "cat": 0.0,
    "robot": 0.062208631180121286,
    "netherland": 0.0,
    "sylvest": 0.0,
    "subgenr": 0.14298329565445855,