{
  "qid": "135",
  "query": "Violent Crime",
  "rank": 6,
  "docid": 2548130,
  "coef": {
    "state": 0.12062989616697783,
    "terror": 0.0,
    "current": 0.0,
    "lead": 0.0,
    "progress": 0.0,
    "benefit": 0.0,
    "type": -0.0,
    "exist": 0.141517912959016,
    "seek": 0.0,
    "primarili": 0.0,
    "system": 0.0,
    "support": 0.0883235893163098,
    "north": 0.0,
    "assist": 0.0,
    "mai": 0.0,
    "nation": 0.15492593154985773,
    "evalu": 0.0,
    "creat": -0.0,
    "countri": 0.0,
    "law": 0.0,
    "help": 0.0,
    "propos": 0.0,
    "pre": -0.0,
    "task": 0.0,
    "reduc": 0.1377501682464053,
    "defin": 0.0,
    "conduct": 0.0,
    "fight": 0.0,
    "respons": 0.0,
    "tool": 0.0,
    "public": 0.0,
    "mexico": 0.0,
    "gener": 0.28886311212089116,
    "scene": 0.0,
    "servic": 0.0,
    "target": 0.0769773232375592,
    "includ": 0.07881932083012524,
    "prevent": 0.0,
    "take": 0.0,
    "violent": 0.16692651767821104,
    "violenc": 0.0,
    "manag": 0.0,
    "form": -0.0,
    "polic": 0.0,
    "allow": -0.06889860017877959,
    "forc": 0.0,
    "number": 0.21321838307977667,
    "expand": -0.0,
    "perform": 0.0,
    "oper": 0.02170017758443485,
    "due": 0.0,
    "area": 0.0,
    "best": 0.0,
    "disrupt": 0.0,
    "ad": 0.0,
    "drug": 0.0,
    "establish": 0.0,
    "marshal": 0.0,
    "built": 0.0,
    "abil": 0.0,
    "implement": 0.24876701805694712,
    "charg": 0.0,
    "respond": 0.0,
    "work": 0.09146832026397286,
    "control": 0.0,
    "arm": 0.0,
    "carl": 0.0,
    "object": -0.0,
    "develop": 0.012196333634240955,
    "career": 0.0,
    "orient": 0.0,
    "review": 0.0,
    "aim": 0.0,
    "feder": 0.1210590921453875,
    "suppress": -0.0,
    "effort": 0.002826083847316773,
    "citi": 0.14328024305569564,
    "commun": 0.12252690100943993,
    "act": 0.13045811893745843,
    "author": 0.0,
    "life": 0.0,
    "util": 0.0,
    "justic": 0.0,
    "process": 0.0,
    "organ": 0.0,
    "arrai": 0.0,
    "dynam": 0.0,
    "network": 0.0,
    "field": 0.01671255016223235,
    "articul": 0.0,
    "set": 0.0,
    "priorit": -0.0,
    "see": 0.0,
    "local": 0.0,
    "collect": 0.0,
    "particip": 0.0,
    "20": -0.0,
    "specif": 0.0,
    "determin": -0.0,
    "new": 0.09285121957200512,
    "contribut": 0.0,
    "understand": 0.0,
    "arrest": 0.19212486777072493,
    "anti": 0.1963096895878596,
    "produc": 0.0,
    "leader": -0.0,
    "effect": 0.11166089610859056,
    "decreas": 0.0,
    "goal": 0.0,
    "john": -0.0,
    "accord": 0.025439036839482197,
    "defend": 0.09604246643659828,
    "practic": 0.08858853446037909,
    "futur": -0.0,
    "posit": 0.0,
    "result": 0.0,
    "activ": -0.0,
    "part": 0.0,
    "problem": 0.0,
    "distribut": 0.0,
    "unit": 0.2573510555989907,
    "social": 0.0,
    "individu": 0.19965904751976946,
    "claim": 0.0,
    "member": 0.0,
    "potenti": 0.0,
    "point": 0.0,
    "achiev": 0.0,
    "inconsist": 0.0,
    "branch": 0.0,
    "relationship": -0.0,
    "success": 0.14797018771609435,
    "execut": 0.013359710258540504,
    "associ": 0.0,
    "strategi": 0.1642997149698522,
    "power": 0.0,
    "sourc": -0.0,
    "technolog": 0.0452846328628885,
    "approach": 0.2445489740718127,
    "human": 0.0,
    "definit": 0.0,
    "commit": 0.0,
    "impos": 0.0,
    "increas": 0.017497955819740348,
    "across": -0.0,
    "level": -0.0,
    "2": 0.0,
    "stori": 0.0,
    "train": 0.0,
    "month": 0.08238432842919416,
    "million": -0.0,
    "initi": 0.0,
    "adapt": 0.0,
    "probabl": 0.0,
    "modifi": 0.0,
    "case": 0.0,
    "identifi": 0.06553942353504702,
    "program": 0.06164142212442866,
    "adequ": 0.0,
    "full": 0.0,
    "test": 0.0,
    "background": 0.0,
    "guidelin": 0.0,
    "high": -0.0,
    "trace": -0.0,
    "show": 0.0,
    "advanc": -0.0,
    "provis": 0.0,
    "agent": 0.0,
    "000": 0.0,
    "alcohol": 0.0,
    "look": 0.0,
    "rate": 0.0,
    "evid": -0.0,
    "maintain": 0.0,
    "primari": 0.0,
    "paper": 0.0,
    "resourc": 0.2851251443053515,
    "data": 0.0,
    "analyz": 0.180338741083752,
    "detail": 0.0,
    "investig": 0.010802817040806368,
    "coordin": 0.0,
    "locat": -0.0,
    "improv": 0.0021619279541168065,
    "15": 0.0,
    "recommend": 0.0,
    "assess": 0.0,
    "special": 0.0,
    "link": 0.0,
    "account": 0.0,
    "dissemin": 0.0,
    "24": 0.09000925787990174,
    "routin": -0.0,
    "risk": 0.0,
    "systemat": 0.0,
    "select": 0.0,
    "report": 0.0,
    "integr": 0.0,
    "analysi": 0.0,
    "measur": 0.11874601804176167,
    "intellig": 0.0,
    "essenti": -0.0,
    "successfulli": 0.0,
    "comprehens": 0.0,
    "consist": 0.0,
    "qualiti": 0.0,
    "hour": 0.0,
    "design": -0.0,
    "2007": 0.0,
    "2005": 0.0,
    "4": 0.0,
    "fund": -0.0,
    "maximum": 0.0,
    "applic": 0.0,
    "35": 0.0,
    "addit": 0.1793304148092705,
    "receiv": -0.0,
    "impact": -0.0,
    "regularli": 0.0,
    "geograph": 0.0,
    "composit": -0.0,
    "knowledg": 0.029411210088261537,
    "2004": -0.0,
    "clear": 0.0,
    "incid": 0.0,
    "alabama": 0.0,
    "650": 0.13627122112147222,
    "jurisdict": 0.0,
    "attornei": 0.0,
    "overse": 0.0,
    "enforc": 0.2537826882034109,
    "texa": 0.0,
    "packag": 0.0,
    "team": 0.0,
    "divis": 0.0,
    "crimin": 0.16570134769279474,
    "washington": 0.0,
    "administr": 0.0,
    "oversight": 0.0,
    "san": 0.028288990716048772,
    "bureau": 0.0,
    "resid": 0.0,
    "florida": 0.0,
    "philadelphia": 0.0,
    "project": 0.0,
    "hot": 0.0,
    "gun": 0.0945657692419852,
    "orlean": 0.0,
    "atlanta": 0.0,
    "2006": -0.0,
    "cultiv": 0.0,
    "penalti": 0.11126017596689475,
    "legisl": 0.033247950881296576,
    "louisiana": 0.0,
    "ohio": 0.0,
    "offic": 0.01629241017847349,
    "peak": 0.0,
    "birmingham": 0.0,
    "vega": 0.0,
    "la": 0.0,
    "oklahoma": 0.0,
    "tennesse": 0.0,
    "depart": 0.0,
    "900": 0.0,
    "georgia": 0.0,
    "june": -0.0,
    "possess": 0.0,
    "roug": 0.0,
    "nationwid": 0.0,
    "31": 0.0,
    "parol": -0.0,
    "agenc": 0.10087023135896535,
    "street": 0.0,
    "columbu": 0.0,
    "announc": 0.0,
    "jame": 0.0,
    "amend": 0.0,
    "march": 0.0,
    "angel": 0.0,
    "safe": 0.0,
    "deem": -0.0,
    "lo": 0.0,
    "chattanooga": 0.0,
    "wisconsin": -0.0,
    "pennsylvania": 0.13494447003901158,
    "jersei": 0.0,
    "purpos": 0.0,
    "nevada": 0.0,
    "combat": 0.0,
    "spot": 0.03873747663409235,
    "strengthen": 0.042544242123652445,
    "capabl": 0.018834725293722224,
    "carolina": 0.0,
    "california": 0.3079148188681738,
    "maryland": 0.0,
    "partner": 0.0,
    "launch": 0.0,
    "virginia": 0.0,
    "prosecut": 0.06811971569357247,
    "crime": 0.10929407618874866,
    "ensur": -0.0,
    "patrol": 0.0,
    "richmond": 0.0,
    "baltimor": 0.0,
    "accomplish": 0.0,
    "analyt": 0.0,
    "displac": 0.0,
    "recov": 0.0,
    "solv": 0.0,
    "partnership": 0.02438809481091289,
    "collabor": 0.0,
    "director": 0.0,
    "agreement": -0.0,
    "offend": 0.19140142155901646,
    "gear": 0.0,
    "violat": 0.0,
    "stronger": 0.0,
    "valuabl": 0.0,
    "worst": 0.0,
    "houston": 0.0,
    "likelihood": 0.0,
    "pittsburgh": 0.0,
    "solut": 0.0,
    "explos": 0.0,
    "mesa": 0.0,
    "deploy": -0.0,
    "personnel": -0.0,
    "flexibl": 0.0,
    "trend": 0.0,
    "connecticut": 0.0,
    "innov": -0.0,
    "outreach": 0.0,
    "pilot": 0.0,
    "alberto": 0.0,
    "allot": 0.0,
    "arizona": 0.0,
    "gonzal": 0.0,
    "juan": 0.0,
    "miami": 0.0,
    "camden": 0.0,
    "asset": 0.0,
    "firearm": 0.10993333355577288,
    "tobacco": 0.0,
    "tampa": 0.0,
    "neighborhood": 0.0,
    "gang": 0.0,
    "statut": -0.0,
    "prosecutor": 0.0,
    "interag": -0.0,
    "deploi": 0.0,
    "deputi": 0.0,
    "milwauke": -0.0,
    "rico": 0.0,
    "puerto": 0.0,
    "inspector": 0.0,
    "dealer": 0.0,