{
  "qid": "132",
  "query": "Literacy",
  "rank": 6,
  "docid": 4944105,
  "coef": {
    "aspect": 0.0,
    "state": 0.0,
    "discuss": 0.0,
    "possibl": 0.0,
    "current": 0.0,
    "inequ": -0.0,
    "origin": 0.0,
    "market": 0.0,
    "cultur": 0.18475766696287751,
    "peopl": 0.0,
    "benefit": 0.0,
    "stabil": 0.0,
    "seek": 0.0,
    "societi": -0.0,
    "can": 0.0,
    "system": 0.03408030259785407,
    "support": 0.0,
    "nation": 0.090892693088056,
    "region": 0.0,
    "evalu": 0.0,
    "creat": 0.0,
    "platform": 0.0,
    "countri": 0.22313051519511304,
    "industri": 0.0,
    "order": 0.0,
    "econom": 0.0,
    "reduc": 0.0,
    "friendli": 0.0,
    "respons": -0.0,
    "domin": 0.0,
    "servic": 0.04808348184206122,
    "includ": 0.0,
    "prevent": 0.0,
    "strong": 0.0,
    "began": 0.0,
    "attend": 0.0,
    "educ": 0.11191429250844373,
    "event": 0.0,
    "manag": -0.0,
    "allow": 0.0,
    "civil": -0.0,
    "world": 0.0,
    "hold": -0.0,
    "border": -0.0,
    "best": 0.0,
    "bodi": 0.0,
    "ag": 0.0,
    "establish": 0.0,
    "involv": 0.0,
    "trade": 0.0,
    "term": 0.0,
    "school": 0.0,
    "implement": -0.0,
    "work": -0.0,
    "conscious": -0.0,
    "octob": 0.04732732381184325,
    "experi": 0.0,
    "scholar": -0.0,
    "long": 0.0,
    "object": -0.0,
    "develop": 0.0,
    "well": 0.0,
    "govern": 0.0,
    "confer": 0.0,
    "close": 0.0,
    "issu": 0.16933379645794144,
    "aim": 0.0,
    "group": 0.0,
    "effort": 0.0,
    "citi": 0.13396445957989747,
    "commun": 0.0,
    "common": 0.0,
    "organ": 0.17270357533197656,
    "influenc": -0.0,
    "institut": 0.0,
    "will": 0.254892251938652,
    "enhanc": -0.0,
    "network": 0.0,
    "field": 0.0,
    "set": 0.0,
    "non": -0.0,
    "live": 0.0,
    "consid": 0.0,
    "english": 0.14149969680224922,
    "particip": 0.0,
    "20": 0.0,
    "cooper": 0.0,
    "direct": 0.018337156439301974,
    "inform": 5.423874902465909e-17,
    "dispar": 0.0,
    "determin": 0.0,
    "onli": -0.0,
    "understand": 0.0,
    "effect": 0.05450629623138224,
    "intern": 0.259283229273464,
    "similar": 0.0,
    "minor": 0.0,
    "futur": 0.0359855989606338,
    "media": 0.0,
    "disord": 0.0,
    "first": 0.0,
    "idea": 0.0,
    "result": 0.0,
    "activ": 0.0,
    "wai": 0.0,
    "share": 0.0,
    "social": 0.009212751583374756,
    "promot": 0.04626360257926429,
    "individu": 0.0,
    "studi": 0.02015214664807953,
    "motiv": 0.0,
    "council": 0.0,
    "scienc": 0.0,
    "forum": -0.0,
    "prosper": 0.0,
    "associ": 0.07743449201894427,
    "global": -0.0,
    "across": 0.08497294245778918,
    "level": 0.0,
    "8": 0.0,
    "diseas": 0.15941611371163067,
    "distinguish": 0.0,
    "physic": 0.0,
    "initi": 0.0,
    "appli": 0.0,
    "environ": 0.003631416764513095,
    "identifi": 0.0,
    "caregiv": 0.0,
    "profession": 0.0,
    "nutrit": 0.001701994432323821,
    "program": 0.0,
    "diabet": 0.0,
    "food": 1.3406720409506436e-16,
    "high": 0.0,
    "patient": 0.0,
    "2013": 0.0,
    "research": 0.11515982293818611,
    "health": 0.2085875245912258,
    "univers": 0.16206733150292477,
    "race": 0.0,
    "coordin": 0.0,
    "improv": 0.05413765896034881,
    "15": 0.0,
    "survei": -0.0,
    "risk": 0.012571256300985881,
    "consequ": 0.0,
    "measur": 0.1357248325466547,
    "mental": -0.0,
    "theme": 0.0,
    "qualiti": 0.0,
    "design": 0.0,
    "2014": 0.0,
    "2012": 0.0,
    "safeti": 0.0,
    "implic": 0.0,
    "compar": 0.0,
    "intervent": 0.0,
    "occup": -0.0,
    "hospit": 0.0,
    "7": 0.0,
    "6": 0.0,
    "receiv": 0.0,
    "impact": 0.0,
    "al": 0.0,
    "capac": 0.0,
    "knowledg": 0.0,
    "energi": -0.0,
    "foreign": 0.0,
    "european": 0.1415224783884303,
    "cross": -0.0,
    "statu": 0.0,
    "lao": -0.0,
    "multi": 0.0,
    "held": 0.010428956809221252,
    "corpor": -0.0,
    "protect": 0.0,
    "liter": 0.0,
    "vietnam": -0.0,
    "team": 0.0,
    "administr": 0.0,
    "busi": 0.0,
    "affair": 0.0,
    "expert": -0.0,
    "counti": 0.0,
    "project": 0.19405585674976386,
    "provid": 0.0,
    "vulner": 0.0,
    "offic": 0.0,
    "asian": 0.0,
    "2009": 0.0,
    "south": 0.0,
    "explor": 0.0,
    "depart": 0.0,
    "healthcar": 0.145694133889406,
    "agenc": 0.0,
    "literaci": 0.01730412272191692,
    "access": 0.0,
    "cambodia": 0.0,
    "polici": 0.005715374892004894,
    "seventh": 0.0,
    "1st": 0.0,
    "purpos": -0.0,
    "japan": 0.0,
    "welfar": -0.0,
    "apprais": 0.0,
    "speaker": 0.0,
    "compet": 0.0,
    "deliveri": -0.0,
    "encompass": 0.0,
    "reproduct": 0.0,
    "2nd": 0.0,
    "asia": 0.07654067343192746,
    "effici": 0.0,
    "partnership": 0.0,
    "collabor": 0.0,
    "maker": 0.0,
    "healthi": 0.0,
    "inter": 0.0,
    "migrant": 0.0,
    "ministri": 0.06304606658471804,
    "eu": 0.0,
    "disciplinari": 0.0,
    "curriculum": 0.0,
    "overview": 0.06098399509284694,
    "netherland": 0.0,
    "malaysia": -0.0,
    "myanmar": -0.0,
    "mirror": 0.0,
    "lanka": -0.0,
    "sri": -0.0,
    "pakistan": 0.0,
    "taiwan": 0.022636877766447717,
    "korea": 0.0,
    "stakehold": 0.0,
    "kyrgyzstan": 0.0,
    "philippin": 0.0,
    "mongolia": 0.0,
    "kazakhstan": 0.0,
    "indonesia": 0.0,
    "cardiovascular": 0.0,
    "hl": 0.06426958088028573,
    "communic": -0.0,
    "ncd": -0.0,
    "renal": 0.0,
    "fp": 0.0,
    "maastricht": 0.0,
    "taipei": 0.0,
    "hypertens": 0.0,
    "ahla": 0.0,
    "kaohsiung": 0.0,
    "taitung": 0.0,
    "fp7": 0.0,
    "hlsa": 0.0,
    "mjgroup": -0.0
  }
}