{
  "qid": "144",
  "query": "Child Development",
  "rank": 6,
  "docid": 5506790,
  "coef": {
    "list": -0.0,
    "head": 0.0,
    "establish": 0.0964977477336173,
    "youth": 0.0,
    "develop": 1.8189462311203812,
    "commun": -0.0,
    "child": 0.11683694641757135,
    "gender": 0.6356962226591382,
    "combin": 0.0,
    "mother": -0.0,
    "health": 0.0,
    "2016": 0.0,
    "2012": 1.4351369158775356,
    "sport": 0.0,
    "divis": -0.0,
    "cabinet": 2.1013842430573106,
    "offic": 5.109484440247213e-15,
    "depart": 0.0,
    "renam": -0.0,
    "transfer": 0.9875953038625265,
    "ministri": 1.1773802220014646,
    "minist": 1.0900649269408396,
    "zambia": 1.1201669659099687,
    "deputi": -0.0
  }
}