{
  "qid": "141",
  "query": "Human Exploration",
  "rank": 9,
  "docid": 2263021,
  "coef": {
    "state": 0.4773391248199356,
    "simultan": 0.0,
    "current": 0.0,
    "draw": 0.0,
    "emphasi": 0.7786391953562165,
    "belief": -0.0,
    "system": -0.0,
    "situat": 0.0,
    "concept": 0.0,
    "defin": 0.0,
    "acquir": 0.0,
    "includ": 0.0,
    "area": 0.0,
    "kei": 0.0,
    "minim": 0.0,
    "work": 0.0,
    "art": -0.0,
    "guid": -0.0,
    "develop": -0.0,
    "far": 0.09374653288875412,
    "push": 0.039085904865872,
    "util": 0.0,
    "field": 0.5657851102992154,
    "function": 0.017762887241644428,
    "see": -0.0,
    "local": 0.03638203841814149,
    "cooper": -0.0,
    "known": 0.0,
    "gain": 0.7474430294205829,
    "mass": 0.0,
    "amount": 0.07305892488251099,
    "uniform": 0.0,
    "notion": 0.0,
    "activ": 0.09688359028841464,
    "problem": 0.0,
    "theori": 0.020870474120410046,
    "distribut": 1.4320812401470604,
    "natur": 0.0,
    "studi": 0.0,
    "decis": 0.0,
    "base": -0.0,
    "point": 0.0,
    "shift": 0.0,
    "back": 0.0,
    "human": 0.0,
    "distinguish": 0.0,
    "techniqu": 0.6491526684086332,
    "context": 0.0,
    "environ": 0.0,
    "earliest": 0.0,
    "advanc": 0.31549898112033964,
    "agent": -0.0,
    "primari": 0.4893455885108313,
    "simpl": 0.0,
    "survei": 1.130213466677296,
    "deal": 0.0,
    "measur": 0.0,
    "aris": 0.3767028095363903,
    "design": 0.8827949086694865,
    "knowledg": 0.6655656933860324,
    "mine": 0.0,
    "multi": -0.0,
    "abandon": 0.0,
    "gather": 0.2954869828909308,
    "expect": -0.0,
    "frontier": 0.5473623255311638,
    "explor": 0.5647566902396539,
    "1950": 0.0,
    "map": 0.5141605183956767,
    "volcano": 0.0,
    "danger": 0.2796206722716952,
    "domain": 0.0,
    "search": 0.0,
    "wake": -0.0,
    "rescu": 0.7668279747262899,
    "maxim": 0.4587584593184609,
    "overview": 0.0,
    "automata": 0.6810771772583905,
    "robot": 0.6029494237335554,
    "kidnap": 0.0,
    "slam": 0.0,
    "inaccess": 0.13228793270043962,
    "finit": 0.0,
    "entropi": 0.5477302462691358,
    "algorithm": 0.0,
    "automaton": -0.0,
    "bandit": 0.6716175653939965,
    "probabilist": 0.0
  }
}