{
  "qid": "134",
  "query": "Botany",
  "rank": 4,
  "docid": 218029,
  "coef": {
    "state": 0.0,
    "major": 0.3014595975004904,
    "5": 0.0,
    "list": 0.0,
    "flag": 0.0,
    "religion": 0.0,
    "origin": 0.0,
    "market": 0.0,
    "peopl": 0.2942787047012696,
    "stand": 0.0,
    "journal": 0.0,
    "assist": 0.0,
    "nation": 0.0,
    "europ": 0.0,
    "name": 0.02372634979695897,
    "led": 0.0,
    "demograph": 0.0,
    "creat": 0.0,
    "connect": 0.0,
    "countri": 0.0,
    "industri": 0.0,
    "daniel": 0.0,
    "section": 0.0,
    "1903": 0.0,
    "product": 0.0,
    "spanish": 0.0,
    "next": 0.0,
    "st": 0.0,
    "respons": 0.0,
    "public": -0.0,
    "gener": 0.0,
    "servic": 0.048081260955937594,
    "includ": 0.056115727133891055,
    "challeng": 0.0,
    "histori": -0.0,
    "take": 0.0,
    "later": 0.0,
    "call": 0.0,
    "event": 0.0,
    "form": 0.0,
    "allow": 0.0,
    "number": 0.0,
    "import": 0.0,
    "joseph": 0.0,
    "reflect": -0.0,
    "oper": -0.0,
    "open": 0.0,
    "area": 0.2347876123308637,
    "attract": 0.0,
    "come": 0.0,
    "establish": 0.0,
    "privat": 0.10189532998643962,
    "birth": 0.0,
    "built": 0.2349360571659009,
    "school": 0.0,
    "build": 0.09542139771910972,
    "follow": 0.0,
    "work": 0.0,
    "advantag": 0.0,
    "church": 0.0,
    "larg": 0.10172112615643732,
    "england": 0.19568266942185247,
    "reclaim": -0.0,
    "land": 0.0,
    "repres": 0.0,
    "onc": 0.0,
    "cathol": 0.0,
    "develop": 0.17826824805910196,
    "popular": 0.0,
    "well": 0.0012349392135230345,
    "singl": -0.0,
    "close": -0.0,
    "matthew": 0.0,
    "citi": 0.0,
    "depict": 0.0,
    "life": 0.0,
    "down": 0.0,
    "common": 0.1685760537018446,
    "plan": 0.0,
    "plai": 0.0,
    "influenc": 0.0,
    "central": -0.0,
    "network": -0.0,
    "road": -0.05317034331556874,
    "small": 0.0,
    "rest": 0.0,
    "1960": 0.0,
    "local": 0.22218705000194403,
    "collect": 0.0,
    "good": 0.0,
    "english": 0.0,
    "20": 0.1859460451494768,
    "northern": 0.0,
    "known": 0.04917758983835128,
    "histor": 0.0,
    "china": 0.0,
    "onli": 0.0,
    "line": 0.24744898498229773,
    "new": 0.0,
    "contribut": 0.0,
    "featur": 0.10494763712286134,
    "green": 0.0,
    "greek": 0.0,
    "intern": 0.0,
    "join": 0.0,
    "who": 0.0,
    "accord": 0.0,
    "first": 0.0,
    "result": 0.0,
    "post": 0.0,
    "past": 0.0,
    "part": 0.0,
    "wai": 0.10917302662084193,
    "increasingli": 0.0,
    "extens": 0.0,
    "made": 0.0,
    "pleasur": 0.0,
    "council": 0.0,
    "promin": 0.0,
    "1840": 0.0,
    "refer": 0.0,
    "dai": 0.0,
    "point": 0.0,
    "replac": 0.0,
    "1809": 0.0,
    "bank": 0.02580384976691854,
    "branch": 0.0,
    "east": 0.0,
    "power": 0.0,
    "hous": 0.0,
    "back": 0.0,
    "increas": 0.050163140259660795,
    "0": 0.0,
    "2": 0.048846387047127134,
    "8": 0.21344025394609492,
    "9": 0.0,
    "low": 0.0,
    "size": 0.043713802703938195,
    "stage": 0.0,
    "initi": 0.4530466514743088,
    "present": 0.0,
    "pollut": 0.0,
    "walk": 0.02220017367866751,
    "unknown": 0.0,
    "popul": 0.039302711325924396,
    "full": -0.0,
    "previous": 0.1740497141331111,
    "old": 0.0,
    "plastic": 0.0,
    "examin": 0.0,
    "grant": 0.05758322259659443,
    "doubl": 0.0,
    "race": 0.0,
    "68": -0.0,
    "now": 0.3348008232171705,
    "locat": 0.0,
    "11": 0.0,
    "10": -0.0,
    "real": -0.0,
    "surround": 0.0,
    "solvent": 0.0,
    "2016": 0.1689089191860624,
    "languag": 0.0,
    "commerci": -0.0,
    "7": 0.0,
    "6": 0.0,
    "4": 0.0,
    "3": 0.03596069846503035,
    "1": 0.033482915133202514,
    "home": 0.0,
    "entir": 0.0,
    "here": 0.0,
    "22": -0.0,
    "run": 0.0,
    "plant": 0.11226102513289085,
    "electr": -0.0,
    "annual": 0.0,
    "medium": 0.0,
    "centr": 0.08978425550800873,
    "rai": 0.0,
    "irish": 0.0,
    "final": 0.0,
    "gothic": 0.0,
    "cross": -0.0,
    "statu": 0.0,
    "squar": 0.0,
    "bai": 0.14640680173034673,
    "1770": 0.1536897267446604,
    "lee": 0.03870030831548922,
    "mill": -0.0,
    "site": 0.012265446317227117,
    "1868": -0.0,
    "sport": 0.3714415345242426,
    "29": 0.001236402590213622,
    "spoke": -0.0,
    "protect": 0.0,
    "militari": 0.0,
    "shop": 0.0,
    "ancestri": 0.0,
    "suburb": 0.3828308203627498,
    "lake": 0.0,
    "spent": 0.0,
    "team": 0.0,
    "proxim": 0.0,
    "sit": 0.0,
    "busi": 0.0,
    "28": 0.0,
    "golf": 0.17098670176395694,
    "hotel": 0.290072493150046,
    "anim": 0.011973014698592403,
    "censu": 0.01135046644341672,
    "port": 0.15111181753231862,
    "corner": -0.0,
    "length": 0.0,
    "ride": 0.0,
    "manufactur": 0.0,
    "perri": 0.0,
    "zoo": 0.025423966089729938,
    "april": 0.0852453396481186,
    "offic": 0.0,
    "agricultur": 0.0,
    "restor": 0.0,
    "visitor": 0.0,
    "la": 0.13507655798013277,
    "south": 0.0,
    "regist": 0.0,
    "district": 0.0,
    "shuttl": 0.0,
    "densiti": 0.0,
    "compani": 0.0,
    "island": 0.0,
    "settl": 0.0,
    "georgia": 0.0,
    "station": 0.0,
    "track": 0.1323490158097163,
    "short": 0.0,
    "shore": 0.043367819159943526,
    "footbal": 0.0,
    "rout": 0.0,
    "airport": 0.0,
    "36": 0.0,
    "23": 0.0,
    "facil": 0.022289610285510096,
    "1940": 0.2768863249039428,
    "street": 0.12399950371481104,
    "heritag": 0.0,
    "compris": -0.0,
    "jame": 0.06570241054747915,
    "eastern": 0.0,
    "beach": 0.0,
    "pass": 0.0,
    "park": 0.0,
    "1850": 0.0,
    "access": 0.0,
    "born": 0.0,
    "map": 0.0,
    "cut": -0.0,
    "athlet": 0.17756021278648343,
    "vast": 0.0,
    "ship": 0.0,
    "paint": 0.0,
    "1862": 0.0,
    "hors": 0.0,
    "mosaic": 0.0,
    "gift": 0.0,
    "reserv": 0.006890194982538447,
    "township": 0.0,
    "eddi": 0.019471628134434673,
    "landmark": 0.0,
    "estat": 0.18062042277952683,
    "railwai": 0.0,
    "robinson": -0.0,
    "captain": 0.15760374453283588,
    "navig": 0.0,
    "1997": 0.0,
    "simeon": 0.0,
    "1933": 0.0,
    "slaughter": 0.0,
    "1859": 0.0,
    "1858": -0.0,
    "botanist": 0.3019067609768319,
    "brick": 0.0,
    "chemic": 0.0,
    "circular": 0.044151160562096656,
    "botani": 0.23919001758162425,
    "elizabeth": 0.14288022763012698,
    "decor": 0.0,
    "avenu": 0.04749852241760957,
    "adjac": 0.0,
    "ladi": -0.0,
    "1935": 0.0,
    "chines": 0.0,
    "australia": 0.0,
    "anniversari": 0.0,
    "1988": 0.0,
    "australian": 0.0,
    "1902": 0.0,
    "63": 0.0,
    "handicap": 0.0,
    "apart": 0.0,
    "club": 0.08105204878121725,
    "sand": 0.0,
    "mr": 0.0,
    "1882": 0.0,
    "harbour": 0.0,
    "regent": 0.027708795155078868,
    "hectar": 0.0,
    "spoken": 0.0,
    "recreat": 0.0,
    "endeavour": 0.0,
    "dune": 0.0,
    "lord": 0.0,
    "chalmer": 0.06646698048857849,
    "cook": 0.11407638194055333,
    "steam": 0.0,
    "freight": 0.0,
    "aborigin": -0.0,
    "specimen": 0.0,
    "1887": 0.0,
    "sir": 0.015017179075647858,
    "1771": 0.0,
    "swedish": 0.0,
    "scottish": 0.0,
    "mascot": -0.0,
    "1907": -0.0,
    "yard": 0.0,
    "journei": 0.0,
    "dea": 0.0,
    "commenc": -0.0,
    "garden": 0.294351655693671,
    "subdivid": 0.0,
    "bonni": 0.0,
    "anglican": -0.0,
    "cricket": 0.0,
    "cleveland": 0.0,
    "oval": 0.0,
    "pond": -0.0,
    "strait": 0.0,
    "wale": -0.0,
    "junction": 0.0,
    "wetland": 0.0,
    "zealand": 0.0,
    "groundwat": 0.0,
    "terrac": 0.0,
    "botan": 0.0,
    "1815": 0.0,
    "tramwai": -0.0,
    "sydnei": 0.2140022558709142,
    "mandarin": 0.0,
    "sting": -0.0,
    "bushland": 0.0,
    "ram": -0.0,
    "playground": -0.0,
    "philippin": 0.0,
    "indonesian": 0.0,
    "indonesia": -0.0,
    "soccer": 0.0,
    "cantones": 0.0,
    "buse": -0.0,
    "plume": 0.0,
    "redevelop": 0.0,
    "refurbish": 0.0,
    "kilometr": 0.0,
    "cbd": 0.0,