{
  "qid": "129",
  "query": "Folk Music",
  "rank": 3,
  "docid": 897339,
  "coef": {
    "state": 0.0,
    "blend": -0.0,
    "mai": 0.0,
    "region": 0.4576485699266998,
    "europ": 0.11545991637963401,
    "music": 1.16451653002335,
    "defin": 0.13373357941984712,
    "domin": 0.018752168672238945,
    "includ": 0.0,
    "found": -0.0,
    "area": 0.0,
    "term": 0.0,
    "larg": 0.0,
    "england": 0.08968025617200086,
    "develop": 0.0,
    "popular": 0.0,
    "orient": 0.0,
    "influenc": 0.0,
    "1960": -0.0,
    "contemporari": 0.0,
    "like": 0.0,
    "greec": 0.0,
    "john": 0.0,
    "part": 0.5600936001345039,
    "unit": 0.0,
    "tradit": 0.0,
    "spread": 0.0,
    "base": 0.0,
    "style": 0.31484473151113146,
    "modern": 0.8871814675251924,
    "especi": 0.0,
    "2": 0.0,
    "ethnic": 0.0,
    "rock": 0.0,
    "arrang": 0.18624233385729175,
    "mix": 0.5245740196055438,
    "1": 0.36196078096791795,
    "counterpart": -0.0,
    "jim": 0.0523969029404986,
    "record": 0.020366457348370323,
    "southeastern": 0.0,
    "seal": 0.0,
    "simon": 0.79483651357714,
    "ford": 0.0663729837491742,
    "sweep": 0.0,
    "danc": -1.0012602594677815,
    "don": 0.8203657372071964,
    "boom": -0.0,
    "rhythm": 1.7608054551838763,
    "arab": 0.0,
    "asia": 0.3015210102977254,
    "genr": 0.4199464339778338,
    "pop": 0.6735671767580766,
    "song": 0.5513530901027405,
    "intim": 6.451597162852342e-15,
    "israel": 1.0162914502166949,
    "manel": 1.0849013011447313,
    "folk": 0.3226739783267044,
    "dan": 1.0436133160749812,
    "romania": 0.0,
    "turkei": -0.020803265600218317,
    "junction": 0.042979524019967984,
    "croft": 0.016392070224514804,
    "serbia": 0.0,
    "albania": 0.3360718624775688,
    "umbrella": 0.0,
    "acoust": 0.0,
    "bulgaria": 0.0,
    "balkan": -0.0,
    "armenia": 0.0,
    "romani": 0.16770749724844028,
    "mizrahi": -0.09688936851173131,
    "croce": 0.0,
    "turbo": 0.0,
    "mclean": 0.028866972051404767,
    "colei": 0.02163733079887466,
    "lobo": 0.0,
    "arabesqu": -0.02886763804674036,
    "laika": 0.0,
    "garfunkel": 0.012109373739575642,
    "chalga": 0.0,
    "tallava": 0.0,
    "rabiz": 0.0
  }
}