{
  "qid": "119",
  "query": "Classical Dance",
  "rank": 0,
  "docid": 4180072,
  "coef": {
    "list": 0.25899869309973966,
    "origin": 0.0,
    "north": 0.035451605309791925,
    "region": 0.0,
    "creat": 0.0,
    "classic": -0.0,
    "music": -0.0,
    "st": 0.29760813727012564,
    "event": -0.0,
    "form": 0.028363295207414756,
    "perform": 0.04981522294137133,
    "art": 0.0,
    "christian": 0.0,
    "commun": -0.0,
    "see": 0.0,
    "tradit": 0.0,
    "east": 0.0,
    "ethnic": 0.0,
    "incorpor": -0.0,
    "semi": -0.0,
    "tribe": 0.0,
    "west": 0.47494569667143566,
    "south": 0.1441854250852199,
    "indian": 0.2335809562036502,
    "thoma": 0.16485648140853468,
    "tribal": 0.0,
    "danc": 0.15494550995802575,
    "asia": 0.0,
    "tamil": 0.11296897688039083,
    "guru": 0.0,
    "folk": 0.15089381942964986,
    "india": 0.31020512923220944,
    "gujarat": 0.018608440402931564,
    "shiva": 0.0,
    "koraput": 0.0,
    "nandi": -0.0,
    "bengal": 0.0,
    "kerala": 0.4116650982265159,
    "aka": 0.0,
    "punjab": -0.0,
    "manipuri": -0.0,
    "soma": 0.0,
    "manipur": 0.0,
    "odisha": -0.0,
    "nadu": 0.3731694113955112,
    "arunach": 0.006844021863053293,
    "pradesh": 0.281700024013359,
    "uttar": 0.0,
    "madhya": 0.0,
    "assam": 0.25807496318323075,
    "maharashtra": 0.0,
    "karnataka": 0.25026648001462176,
    "bihar": 0.0,
    "tera": 0.0,
    "andhra": 0.0,
    "uttarakhand": 0.0,
    "telangana": 0.18041528283006983,
    "bihu": 0.0,
    "perini": -0.0,
    "chhattisgarh": 0.0,
    "lambadi": -0.0,
    "natyam": 0.0,
    "kuchipudi": 0.0,
    "rajasthan": -0.0,
    "himach": -0.0,
    "odissi": 0.0,
    "kathak": -0.0,
    "bhangra": -0.0,
    "raut": 0.0,
    "jharkhand": 0.014362749289341538,
    "gaudiya": 0.0,
    "yakshagana": -0.0,
    "orissi": 0.06628578474850588,
    "nritya": 0.0,
    "madurai": 0.17105701296282796,
    "matki": 0.0,
    "koli": -0.0,
    "bharatnatyam": 0.0,
    "nati": 0.0,
    "patta": 0.07345381185991542,
    "thiruvathira": 0.0,
    "garba": 0.0,
    "chhau": 0.0,
    "chholiya": -0.0,
    "lavani": -0.0,
    "domkach": 0.0,
    "sattriya": -0.0,
    "maharastra": 0.0,
    "ghoomar": 0.0,
    "jhumair": -0.0,
    "dandiya": 0.0,
    "nautanki": 0.0,
    "kathakali": 0.04004064857756552,
    "giddha": 0.0,
    "parai": -0.0,
    "dollu": 0.0,
    "gopinath": 0.0,
    "kamsal": 0.0,
    "kunitha": 0.0,
    "karavali": 0.0,
    "thirayattam": -0.0,
    "mardana": 0.18431319821897926,
    "nacha": 0.0,
    "vaikuntha": -0.0,
    "attam": -0.0,
    "panthi": -0.0,
    "sambalpuri": 0.0,
    "ojapali": -0.0,
    "bagurumba": 0.0,
    "bhortal": 0.0,
    "deodhani": 0.0,
    "kunita": 0.0,
    "krishnanattam": 0.0,
    "tamasa": 0.0,
    "ghumura": -0.0,
    "pulikali": 0.35821262758618194,
    "kolattam": -0.0,
    "mohiniattam": -0.0,
    "jhumar": 0.0,
    "natanam": -0.0,
    "karakattam": 0.0,
    "puliyattam": -0.0,
    "taali": 0.0,
    "bathukamma": -0.0,
    "vilasini": -0.0,
    "thandavam": 0.0,
    "sivatandavam": 0.0002647551389038559,
    "oyilattam": 0.0,
    "dhangari": 0.0,
    "popir": 3.70084351990098e-17,
    "kanyarkali": 0.0,
    "dwaja": -0.0,
    "rathwa": -0.25730256064458584,
    "dhemsa": 0.0,
    "veeragaas": 0.0,
    "geraiya": 0.0,
    "margamk": 0.0004223175540329416
  }
}