{
  "qid": "106",
  "query": "Climate Change Activists",
  "rank": 0,
  "docid": 6034450,
  "coef": {
    "state": 0.0,
    "action": 0.03945649217467959,
    "right": 0.5753693986442583,
    "peopl": 0.0,
    "criticis": 0.26748000674199696,
    "debat": 0.0,
    "creat": 0.0,
    "platform": 0.0,
    "connect": 0.0,
    "countri": 0.0,
    "movement": 0.8538136215519362,
    "econom": 0.0,
    "concern": 0.0,
    "caus": 0.28995828806937995,
    "taken": 0.0,
    "destroi": 0.039694873309875596,
    "fight": 0.782366402615389,
    "public": 0.3932144024679541,
    "gener": 3.5923549798672086e-17,
    "includ": 0.051956212811928845,
    "strong": 0.0,
    "began": 0.023960937950949092,
    "attent": 0.15647059179534967,
    "event": 0.0,
    "form": 0.0,
    "found": 0.07353550359798229,
    "world": 0.7670440083878055,
    "border": 1.1219686600780068,
    "need": 0.5832340117204462,
    "sever": 0.0,
    "school": 0.0,
    "youth": 0.17923441353189398,
    "octob": 0.0,
    "digit": 0.04574059168823776,
    "chang": 0.0,
    "women": 0.6305297305683775,
    "young": 6.615902894756365e-15,
    "well": 0.0,
    "environment": 0.13698450149099148,
    "felt": 0.0,
    "lack": 0.9514479737739778,
    "citi": 0.0,
    "commun": 0.009850482137582078,
    "act": 0.0,
    "time": 0.0,
    "protest": 0.11063910504037378,
    "strike": 0.062162533645300895,
    "leon": 0.011495818913517931,
    "equal": 0.30003578402668396,
    "advoc": 0.0,
    "onli": 0.020228452056697124,
    "white": 4.6980922338819997e-17,
    "new": 1.6257776082903825,
    "featur": 0.34596037499530513,
    "leader": 0.0,
    "effect": -0.0,
    "green": 1.1877682429252951,
    "intern": 0.0,
    "join": 0.0,
    "who": 0.0,
    "futur": 0.0,
    "media": 0.0,
    "activ": 0.0,
    "part": 0.0,
    "gender": 2.18153436372529e-05,
    "made": 0.0,
    "member": 0.0,
    "spread": 0.0,
    "soon": 0.0,
    "promin": 0.0,
    "forum": 0.0,
    "give": 0.09871130980031936,
    "east": 0.0,
    "activist": 0.48254370574393757,
    "divers": 0.09232187319856296,
    "onlin": 0.0,
    "across": 0.8528637455798738,
    "greater": 0.5774124642632262,
    "year": -0.2071566420435151,
    "show": -0.0,
    "000": 0.0,
    "old": -8.932119971059608e-16,
    "invit": 0.0,
    "univers": 0.8677645247616925,
    "now": 0.0,
    "50": 0.0,
    "15": 0.0,
    "11": 0.0,
    "speech": 0.5497033438157449,
    "imag": -0.0,
    "awar": 0.7503770324572542,
    "farm": 0.5007320735456259,
    "receiv": 0.2832173629388401,
    "climat": 0.9655803224778627,
    "weather": 0.8260439879669959,
    "discrimin": 0.0,
    "racism": 0.0,
    "racial": 0.0,
    "17": -0.0,
    "lake": 0.6703812849886289,
    "largest": 0.0,
    "crop": 0.0,
    "campaign": 0.1886120129836926,
    "meant": -0.0,
    "2017": -0.0,
    "april": 0.0,
    "2019": 0.4348112162737231,
    "demand": 0.658796194444573,
    "visit": 0.0,
    "save": 0.29510114560919704,
    "born": 0.0,
    "januari": 1.4544541452782327,
    "neighbour": 0.0,
    "gate": 0.0,
    "fellow": -0.0,
    "dedic": -0.0,
    "denounc": 0.0,
    "crisi": 0.0,
    "volunt": 0.4941925197008852,
    "1997": -0.0,
    "absenc": -0.0,
    "photo": 0.0,
    "encourag": 0.4944779725886114,
    "dialogu": 0.3444172600533302,
    "realis": 0.0,
    "evok": -0.0,
    "2020": 0.0,
    "fridai": 0.0,
    "crash": 0.0,
    "stronger": -0.0,
    "52": 0.0,
    "nigeria": 0.8216678162505587,
    "spoken": 0.0,
    "africa": 0.0,
    "striker": 0.0,
    "mayor": 0.3690921505423935,
    "gabon": 0.017619202997897532,
    "copenhagen": 0.022864980702302664,
    "grandmoth": 0.0,
    "bbc": 0.0,
    "kenya": 0.0,
    "diari": 0.0,
    "summit": 0.012513344842031461,
    "greta": -0.0,
    "sierra": 0.004863911186845402,
    "empow": 0.8715865093872499,
    "urgent": 0.5347241509341083,
    "angola": 0.019382487943990757,
    "denmark": 0.006649475580172307,
    "mobilis": 0.0,
    "outlet": 0.0,
    "victoria": 0.0,
    "vanessa": 0.9239609075343128,
    "uganda": 0.6432584547106581,
    "davo": 0.0,
    "hilda": 0.0,
    "thunberg": -0.0,
    "flavia": 0.0,
    "vox": 0.0,
    "ugandan": 0.0,
    "nakat": 0.0,
    "kampala": -0.0,
    "c40": 0.0,
    "gcca": 0.0,
    "nakabuy": 0.7534339530503931
  }
}