{
  "qid": "116",
  "query": "Malnutrition",
  "rank": 8,
  "docid": 2131264,
  "coef": {
    "demonstr": 0.26431457280454174,
    "major": 0.5968532816899499,
    "decentralis": 0.0,
    "ration": 0.0,
    "emerg": 0.25234997688226196,
    "can": 0.0,
    "earli": 0.0,
    "situat": 0.0,
    "reduc": 0.040786570273953604,
    "take": -0.0,
    "distanc": -0.0,
    "sever": 0.0,
    "larg": 0.0,
    "long": -0.0,
    "develop": 0.0903815953809697,
    "coverag": 1.1474946840506028,
    "aim": 0.0,
    "treat": 0.0,
    "commun": 0.7427167614588345,
    "recent": 0.0,
    "central": 0.0,
    "network": 0.0,
    "children": 0.7208021366889705,
    "rest": 0.0,
    "known": 0.027846563852056447,
    "gain": 0.0,
    "onli": 0.0,
    "new": 0.0,
    "wai": 0.8514020010253436,
    "tradit": 1.1533232033495277e-14,
    "base": 0.0,
    "dai": 0.017805434369673613,
    "achiev": 0.12913601914285197,
    "accept": 0.3093081223451606,
    "easi": 0.0,
    "associ": 0.0,
    "approach": 0.0,
    "travel": -0.0,
    "increas": 0.0,
    "leav": 0.0,
    "averag": 0.0,
    "context": 0.0,
    "medicin": 0.0,
    "cost": 0.0,
    "case": 0.0,
    "year": 0.0,
    "care": 0.0,
    "program": 0.0,
    "widespread": 1.1319959257580279,
    "model": 0.39351041870891296,
    "focu": 0.20598846039716293,
    "food": 0.0,
    "high": 0.0,
    "prefer": 0.0001038213014478532,
    "patient": 0.0,
    "rate": 0.0,
    "week": 0.0,
    "therapeut": 0.627550189186901,
    "data": 0.0,
    "morbid": 0.8011624570479748,
    "now": 0.5981816449358623,
    "30": 0.48559825957215147,
    "improv": 0.0,
    "longer": 1.0400418847061617,
    "routin": 1.4238132418526475,
    "treatment": 0.4495945321649748,
    "medic": 0.0,
    "select": 0.17754508792553586,
    "deal": 0.3218258641896942,
    "mode": 0.0,
    "opportun": 0.009395980451228919,
    "restrict": 0.0,
    "intervent": 0.0,
    "home": 0.8977152212929126,
    "complic": 0.45287283667992384,
    "requir": 0.0,
    "impact": 0.0,
    "enrol": 0.9752783566408443,
    "site": 0.0,
    "center": 0.5764302632980322,
    "mortal": 0.801706512112513,
    "access": 0.508820399124736,
    "admit": 0.0,
    "suffer": 1.1726792168817657,
    "rapid": 0.0,
    "acut": 0.911167444886977,
    "readi": 0.0663675940758832,
    "excel": 0.33908169020632234,
    "humanitarian": 0.0,
    "stai": 0.0,
    "sector": 0.0,
    "programm": -0.0,
    "innov": 0.0,
    "feed": 0.21328773972007464,
    "recoveri": 0.0,
    "malnutrit": 0.4008577943959936,
    "outpati": 0.0,
    "inpati": 0.640304122901371,
    "ctc": 0.3345966566040966,
    "rutf": 0.0,
    "malnourish": 0.0283214222670846,
    "carer": 0.0
  }
}