{
  "qid": "149",
  "query": "Public Transport",
  "rank": 8,
  "docid": 2178114,
  "coef": {
    "be": 0.0,
    "state": 0.10047121232702522,
    "major": 0.0,
    "union": 0.0,
    "current": 0.16149317573760458,
    "organis": 0.0,
    "origin": 0.0803408202061774,
    "market": 0.0,
    "exist": 0.0,
    "nation": -0.0,
    "name": 0.0,
    "led": 0.0,
    "order": 0.0,
    "propos": 0.07430959673592319,
    "us": 0.0,
    "taken": 0.0,
    "defin": 0.0,
    "respons": 0.0,
    "took": 0.0,
    "public": 0.0,
    "servic": 0.1330237183920255,
    "includ": 0.0,
    "take": 0.016494643610422594,
    "manag": 0.0,
    "legal": 0.0,
    "view": 0.0,
    "normal": 0.0,
    "oper": 0.10051931708273533,
    "area": 0.19417807244196236,
    "bodi": 0.17317557216981308,
    "come": 0.0,
    "establish": 0.21898092498374666,
    "trade": 0.0,
    "note": 0.0,
    "privat": 0.0,
    "built": 0.0,
    "charg": 0.0,
    "octob": 0.0,
    "chang": 0.0,
    "repres": 0.0003948696911496088,
    "interest": 0.0,
    "develop": 0.0,
    "duti": 0.03172684445908741,
    "respect": 0.0,
    "govern": 0.1494251279308524,
    "far": 0.0,
    "review": 0.0,
    "felt": 0.0,
    "citi": 0.11888725483858267,
    "commun": 0.0,
    "act": 0.0,
    "author": 0.08386502918876736,
    "contract": 0.0,
    "time": 0.12917470572258996,
    "role": 0.0,
    "regul": 0.03738492138269805,
    "plan": 0.0,
    "publish": 0.10610630654660448,
    "consum": 0.0,
    "subject": 0.0,
    "gave": 0.0,
    "network": 0.0,
    "road": -0.0,
    "place": 0.0,
    "function": 0.11687504371500332,
    "set": 0.0,
    "local": 0.0,
    "specif": 0.0,
    "direct": 0.008024631564164926,
    "structur": 0.0,
    "new": 0.0,
    "like": 0.0,
    "effect": 0.0,
    "john": 0.0,
    "posit": 0.0,
    "first": 0.0,
    "abolit": 0.0,
    "offici": 0.0,
    "activ": 0.0,
    "part": 0.04589322820351154,
    "oblig": 0.0,
    "congress": 0.0,
    "extens": 0.0,
    "made": 0.1474707371072365,
    "continu": 0.0,
    "member": 0.0,
    "council": 0.04300641059862993,
    "dai": 0.0,
    "separ": 0.0,
    "execut": 0.04428976519879355,
    "2008": 0.05405329155434077,
    "intend": 0.0,
    "greater": 0.09205406332184567,
    "interview": -0.0,
    "case": 0.0,
    "year": 0.0,
    "licens": 0.0,
    "incorpor": 0.0,
    "introduc": 0.0,
    "provis": 0.0,
    "face": 0.0,
    "2013": 0.0,
    "cover": 0.0,
    "grant": 0.0007893964895685698,
    "actual": 0.0,
    "now": 0.0,
    "14": 0.0,
    "10": 0.0,
    "integr": 0.0,
    "surround": 0.0,
    "forward": 0.0,
    "consist": 0.0,
    "design": 0.0,
    "2016": 0.0,
    "2012": 0.0,
    "6": 0.0,
    "4": 0.04656094627657224,
    "1": 0.0,
    "entir": 0.030451305500815005,
    "reveal": 0.0,
    "27": 0.0,
    "addit": 0.0,
    "circumst": 0.0,
    "assign": 0.0,
    "irish": 0.11172219752050502,
    "brought": 0.0,
    "statu": 0.0,
    "confirm": 0.0,
    "chief": 0.2075014408318933,
    "london": 0.0,
    "corpor": 0.0,
    "lobbi": 0.0,
    "senior": 0.0,
    "team": 0.0,
    "retain": 0.2049274252705532,
    "busi": 0.0,
    "infrastructur": -0.0,
    "competit": 0.13629834063424234,
    "counti": 0.10363747854551125,
    "novemb": -0.0,
    "campaign": 0.0,
    "decemb": 0.07795976170154928,
    "2011": 0.0,
    "offic": -0.0,
    "septemb": 0.0,
    "2009": 0.16548655656344313,
    "aviat": 0.0,
    "south": 0.0,
    "bill": 0.004637114090653002,
    "budget": 0.0,
    "bu": 0.061861153675944906,
    "depart": 0.0,
    "compani": 0.0,
    "passeng": -0.0,
    "rout": 0.0,
    "commiss": 0.0,
    "agenc": 0.09602905416960224,
    "announc": 0.13575454587227825,
    "save": 0.0,
    "access": 0.0,
    "transport": 0.1657138771876662,
    "januari": -0.0,
    "advertis": 0.0,
    "cycl": 0.1773149908942533,
    "appoint": 0.07173775500320362,
    "ann": 0.0,
    "railwai": 0.0,
    "chairman": 0.1909080912963908,
    "dissolv": 0.0,
    "ticket": 0.0,
    "promulg": 0.0,
    "scheme": 0.0,
    "intent": 0.0,
    "procur": 0.08695615347743636,
    "award": 0.0,
    "taxi": 0.20450924985942895,
    "renam": 0.0,
    "transfer": 0.10310828185146508,
    "fitzgerald": 0.0,
    "brand": 0.0,
    "leap": 0.0,
    "path": 0.0,
    "na": 0.0165454047909287,
    "card": 0.0,
    "ra": -0.0,
    "fleet": 0.0,
    "merg": 0.0,
    "annex": 0.0,
    "minist": 0.0,
    "amalgam": 0.0,
    "ireland": 0.0,
    "commenc": 0.0,
    "timelin": 0.0,
    "tender": 0.03393821345341748,
    "councillor": 0.0,
    "graham": 0.0,
    "noel": 0.0,
    "bicycl": 0.0,
    "ci": 0.0,
    "advisori": 0.0,
    "nta": 0.15426802707428725,
    "murphi": 0.0,
    "oversaw": 0.0,
    "dublin": 0.12846898479295402,
    "och": 0.0,
    "chairperson": 0.0,
    "gerri": 0.0,
    "garda": 0.0,
    "greenwai": 0.0,
    "ireann": 0.10843100234294292,
    "subsum": 0.0,
    "kildar": -0.0,
    "rebrand": 0.003928213472118898,
    "meath": 0.0,
    "wicklow": -0.0,
    "cyclewai": 0.0,
    "laoghair": 0.0,
    "dempsei": 0.0,
    "rathdown": 0.0,
    "iarnr": 0.0,
    "fingal": -0.0,
    "dta": 0.21078986522289955,
    "ratp": 0.0,
    "iompair": -0.0
  }
}