{
  "qid": "139",
  "query": "European Union Governance",
  "rank": 4,
  "docid": 5310713,
  "coef": {
    "state": 4.3997330413962725,
    "list": -0.0,
    "union": 4.547821624948505,
    "organis": 4.9645328941436055,
    "repres": 0.9517425766462569,
    "govern": 0.0,
    "relat": 2.0958306885743645,
    "offici": 0.022615116150867604,
    "foreign": 0.0,
    "european": 0.0,
    "eastern": 0.001469574112706516,
    "ambassador": 0.0,
    "saint": 0.0,
    "caribbean": 2.5286069082809664e-17,
    "lucia": 0.0
  }
}