{
  "qid": "139",
  "query": "European Union Governance",
  "rank": 0,
  "docid": 4301271,
  "coef": {
    "aspect": 0.0,
    "union": 0.1415457800490702,
    "assist": 0.0,
    "adopt": 0.6817042314462175,
    "econom": 0.0,
    "public": 0.0,
    "formul": 0.0,
    "educ": 0.0,
    "legal": 1.1223527150259873,
    "form": -0.0,
    "civil": 0.0,
    "bodi": 0.0,
    "establish": 0.0,
    "implement": -0.0,
    "charg": -0.0,
    "develop": 0.0,
    "well": 0.22834641873212133,
    "govern": 0.39441941637525463,
    "prioriti": 0.0,
    "act": 0.059515563330027665,
    "process": 0.20877727874557725,
    "regul": 0.4226078579716977,
    "plan": 0.31987401503335855,
    "organ": 0.6660785257764962,
    "institut": 0.43189881211509873,
    "relat": 0.0,
    "english": 0.0,
    "particip": 0.0,
    "constitut": 0.00640143767236295,
    "conclus": 0.0,
    "cooper": 0.07956098900251479,
    "direct": 0.1811846005853902,
    "intern": 0.0,
    "accord": 0.0,
    "activ": 0.69676695702029,
    "oblig": 0.0,
    "promot": 0.0,
    "associ": 0.0,
    "strategi": 0.005142664029876379,
    "screen": 0.07834979287542615,
    "year": 0.4533402227308879,
    "translat": -0.0,
    "supervis": 0.0,
    "program": 0.0,
    "stimul": 0.0,
    "coordin": 0.8366964091559909,
    "14": 0.0,
    "special": 0.060952467762725976,
    "integr": -0.0,
    "analysi": 0.0,
    "design": 0.2861375316589569,
    "languag": 0.0,
    "standard": 0.8719708263065752,
    "fund": 0.0,
    "requir": 0.0,
    "capac": 0.0,
    "2004": 0.0,
    "foreign": 0.0,
    "european": 0.5163188245002955,
    "jurisdict": 0.4637903658703168,
    "29": 0.0,
    "republ": 0.3626937040635029,
    "donat": 0.3756326599174565,
    "prepar": 0.0,
    "2017": 0.7517174853699415,
    "legisl": 0.41279468530360863,
    "offic": 0.7531152930030269,
    "deleg": 0.0,
    "june": 0.0,
    "domest": 0.0,
    "access": 0.9230530800144046,
    "march": 0.0,
    "appoint": 0.18824312754192007,
    "monitor": 0.3157094976318001,
    "servant": 0.4836096559355432,
    "realiz": 0.0,
    "dissolv": 0.0,
    "negoti": 0.30542982641532435,
    "technic": 0.0,
    "director": -0.0,
    "agreement": 0.9023010737185196,
    "harmon": 0.0,
    "stabilis": 0.0,
    "ministri": 0.5690290021077617,
    "eu": -0.914683439925436,
    "mandat": 0.0,
    "partak": 0.0,
    "serbia": 0.4161249342059528,
    "statut": 0.0,
    "serbian": 0.0,
    "harmonis": 0.045530247795420246,
    "seio": 0.0
  }
}