{
  "qid": "130",
  "query": "Basketball",
  "rank": 3,
  "docid": 5371185,
  "coef": {
    "5": 0.0,
    "current": 0.3441231384980108,
    "system": 0.22846146012457907,
    "region": 0.2430772006419741,
    "men": 0.0,
    "spanish": 0.0,
    "italian": 0.0,
    "french": 0.0,
    "hierarch": 0.12374349887663812,
    "follow": 0.0,
    "american": -0.0,
    "women": 0.0,
    "second": 0.07104574637630606,
    "feder": -0.0,
    "russian": -0.0,
    "organ": 0.4174383709848312,
    "see": 0.0,
    "local": 0.0,
    "greek": 0.0,
    "first": 0.2534644570686226,
    "promot": 0.0,
    "compos": 0.010286278981946527,
    "interconnect": 0.4288464660038871,
    "seri": 2.8586118206045766e-14,
    "level": 0.2872943969897263,
    "profession": 0.0,
    "german": 0.0,
    "lower": 0.0,
    "10": 0.06350427508871065,
    "2018": 0.0,
    "summer": 0.0,
    "season": 0.011993978100133069,
    "european": 0.0,
    "format": 0.32042379560224393,
    "cup": 0.13772282275900202,
    "4th": 0.0,
    "team": 0.25527497514221303,
    "divis": 0.0,
    "competit": 0.3396391726838076,
    "2006": 0.003935414147980666,
    "leagu": 0.27925982578853353,
    "south": -0.0,
    "tier": 0.12584934136936338,
    "19": 0.0,
    "compris": -0.0,
    "1st": -0.0,
    "2nd": 0.21929645871553965,
    "3rd": 0.0,
    "basketbal": 0.04887651373461984,
    "polish": 0.0,
    "turkish": -0.0,
    "club": 0.02882549102885721,
    "hungarian": -0.0,
    "demot": 0.0,
    "serbia": 0.2774721396878073,
    "07": 0.1335347061824909,
    "serbian": 0.0,
    "milan": 0.0,
    "pyramid": 0.06589919342723896,
    "kora": -0.0,
    "vasojevi": 0.0,
    "radivoj": -0.0,
    "ciga": 0.0
  }
}