{
  "qid": "136",
  "query": "Visual Journalism",
  "rank": 7,
  "docid": 3604836,
  "coef": {
    "aspect": 0.0,
    "major": 0.1936025310528598,
    "possibl": 0.0,
    "lead": 0.06404473021079318,
    "type": 0.0,
    "emerg": 0.0,
    "can": 0.0,
    "system": 0.0,
    "journal": 0.34623558918152764,
    "assist": -0.06313836993367365,
    "mai": 0.0,
    "nation": 0.0,
    "predict": 0.0,
    "optim": 0.0,
    "help": 0.0,
    "adopt": 0.0,
    "order": 0.0,
    "product": 0.24003338524940948,
    "us": 0.0,
    "concept": 0.0,
    "middl": 0.0,
    "defin": -0.0,
    "write": -0.0,
    "tool": 0.0,
    "took": 0.0,
    "public": 0.0,
    "includ": 0.0,
    "began": 0.00582436149193435,
    "take": 0.0,
    "big": 0.0,
    "later": 0.0,
    "event": 0.0,
    "manag": 0.0,
    "form": 0.0,
    "view": 0.0,
    "world": 0.0,
    "reflect": 0.0,
    "area": 0.0,
    "term": 0.0,
    "formal": 0.0,
    "school": 0.0,
    "work": 0.0,
    "advantag": 0.0,
    "larg": 0.2603360620631577,
    "digit": 0.0,
    "repres": 0.0,
    "interest": 0.0,
    "complex": 0.0,
    "coverag": 0.0,
    "singl": 0.0,
    "confer": 0.0,
    "issu": 0.0,
    "prioriti": 0.0,
    "citi": 0.023380102046913542,
    "exampl": 0.1584937977465176,
    "author": 0.0,
    "time": 0.35949154908147446,
    "disput": 0.0,
    "common": 0.0,
    "role": 0.0,
    "era": 0.36970022303225786,
    "process": 0.23273925530233905,
    "organ": 0.35954029981692887,
    "end": 0.0,
    "institut": 0.0,
    "enhanc": -0.0,
    "field": 0.12487369457732105,
    "set": 0.30987629556316626,
    "see": 0.0,
    "method": 0.0,
    "wide": 0.1270016885071143,
    "constitut": 0.0,
    "signific": 0.0,
    "inform": 0.0,
    "overlap": 0.0,
    "dispar": -0.0,
    "advoc": 0.0,
    "structur": 0.0,
    "new": 0.2856614487001649,
    "produc": 0.0,
    "like": -0.0,
    "free": 0.0,
    "amount": 0.0,
    "accord": 0.0,
    "first": 0.05094172582014551,
    "result": 0.28667941020623505,
    "part": 0.0,
    "problem": 0.06561745392267411,
    "distribut": 0.08559933722744065,
    "riot": 0.19317184222264777,
    "war": 0.4177194218170189,
    "wai": 0.0,
    "oppos": 0.0,
    "unit": 0.0,
    "tradit": 0.0,
    "spread": 0.009230161958694832,
    "base": 0.0,
    "scienc": 0.1302774239507995,
    "point": 0.0,
    "book": 0.0,
    "fusion": 0.0,
    "bank": 0.12015001379587063,
    "decad": -0.0,
    "wrote": 0.0,
    "combin": -0.0,
    "statist": 0.08139251269257632,
    "back": 0.0,
    "technolog": 0.0,
    "black": 0.12479468380706342,
    "seri": 0.0,
    "occur": 0.0,
    "definit": 0.20998219180559308,
    "sens": 0.0,
    "onlin": 0.0,
    "increas": 0.1883083194880131,
    "level": 0.0,
    "stori": 0.4462934637498706,
    "techniqu": 0.1611451148580064,
    "car": 0.2970209602130834,
    "stage": 0.0,
    "pattern": 0.0,
    "tabl": 0.1934197424882229,
    "focu": 0.18255508029669926,
    "earliest": 0.16741741363670978,
    "preced": 0.0,
    "numer": 0.0,
    "interact": 0.3812771982612431,
    "look": 0.0,
    "cover": 0.0,
    "research": 0.0,
    "visual": 0.401168597401827,
    "outcom": 0.1698412479295607,
    "observ": 0.019437694001296704,
    "examin": 0.20514784190853122,
    "univers": 0.0,
    "document": 0.0,
    "date": -0.0,
    "data": 0.15816205986451295,
    "analyz": 0.0,
    "relev": 0.08246743140164642,
    "investig": 0.0007219607227070828,
    "1990": 0.0,
    "1980": 0.0,
    "now": 0.0,
    "1970": 0.0,
    "improv": 0.0,
    "game": -0.0,
    "link": 0.0,
    "dissemin": 0.0,
    "report": 0.3390457514614211,
    "analysi": 0.0,
    "step": 0.0,
    "design": 0.0,
    "2010": 0.0,
    "reveal": 0.0,
    "addit": 0.0,
    "color": 0.1998148148411889,
    "annual": 0.0,
    "content": 0.0,
    "incom": 0.04152117156854608,
    "clear": 0.013681310073180944,
    "comput": 0.13957710185174502,
    "press": 0.0,
    "discrimin": 0.0,
    "elect": 0.053639215942429576,
    "held": 0.21827766063295698,
    "topic": 0.0,
    "brown": 0.0,
    "racial": 0.0,
    "largest": 0.0,
    "record": 0.039132864821743545,
    "gather": 0.0,
    "philadelphia": 0.0,
    "roger": -0.0,
    "atlanta": 0.0,
    "financi": 0.07014453755999427,
    "2009": 0.0,
    "bill": 0.0,
    "sentenc": 0.0,
    "cb": 0.0,
    "juli": 0.0,
    "won": 0.0,
    "monei": 0.0,
    "philip": 0.0,
    "jame": 0.3247369500587681,
    "convict": 0.0,
    "map": 0.0,
    "march": 0.0,
    "steel": 0.0,
    "hidden": 0.0,
    "piec": 0.0,
    "van": 0.0,
    "sacr": 0.0,
    "log": 0.0,
    "driven": -0.0,
    "highlight": 0.0,
    "patern": 0.0,
    "presidenti": 0.0,
    "indiana": 0.0,
    "donald": 0.0,
    "dedic": 0.0,
    "missouri": 0.0,
    "launch": 0.0,
    "simon": 0.0,
    "titl": 0.0,
    "editor": 0.05967896615177957,
    "compet": 0.0,
    "journalist": 0.210579415676703,
    "conjunct": 0.0,
    "guardian": 0.06119878284014942,
    "textual": 0.033888010431235134,
    "analyt": 0.0,
    "depth": 0.0,
    "drawn": 0.0,
    "collabor": 0.04230386928873456,
    "leak": 0.0,
    "1989": 0.0,
    "prize": 0.0,
    "doesn": 0.0,
    "1988": 0.0,
    "1967": 0.0,
    "precis": 0.0,
    "concret": 0.018595958025069942,
    "detroit": 0.0,
    "1952": 0.15966431598065345,
    "trend": 0.0,
    "databas": 0.07970061201405594,
    "endeavor": 0.09917235290362136,
    "practition": 0.0,
    "insight": 0.0,
    "trainer": 0.0,
    "meyer": 0.0,
    "deeper": 0.0,
    "graph": 0.0,
    "neighborhood": 0.0,
    "wasn": 0.0,
    "organiz": 0.0,
    "simpler": 0.0,
    "se": 0.01297624304384568,
    "googl": 0.0,
    "ir": 0.0,
    "afghan": 0.0,
    "mortgag": 0.009210725508603542,
    "seemingli": 0.1492781303212563,
    "pulitz": 0.0,
    "centric": 0.0,
    "henk": 0.0,
    "wikileak": 0.0,
    "ess": 0.0,
    "infograph": 0.0,
    "mainfram": 0.14697289231467464,
    "lender": 0.0,
    "cybercrim": 0.0,
    "dedman": 0.0,
    "barlett": 0.0,
    "microsit": 0.0,
    "nicar": 0.0,
    "datablog": 0.2877458265104346
  }
}