{
  "qid": "107",
  "query": "Seafood",
  "rank": 8,
  "docid": 2484373,
  "coef": {
    "be": 0.07914879109932126,
    "list": 0.0,
    "market": -0.0,
    "consumer": 0.011204788126072968,
    "societi": 0.4635933658401367,
    "system": -0.0,
    "region": 0.0,
    "product": 0.0,
    "us": 0.36004158317393115,
    "websit": 0.17687398852518257,
    "includ": 0.8882609902521287,
    "oper": -0.0,
    "best": 0.28703185397239944,
    "guid": 0.3095834935536065,
    "choic": 0.0,
    "develop": 0.9140416494022112,
    "environment": 0.6621481515101244,
    "aim": 0.26741348467643683,
    "citi": -0.0,
    "justic": 0.0,
    "organ": 0.0,
    "publish": 0.1209291715471571,
    "consum": 0.2165523186540759,
    "institut": 0.3530158733628631,
    "see": 0.3712279174475262,
    "known": 0.0,
    "advoc": -0.0,
    "new": 0.0,
    "produc": 0.3370863076003819,
    "social": 0.37423879170625374,
    "base": 0.044440962278985266,
    "council": 0.0,
    "foundat": 0.0,
    "canada": 0.14808509212039508,
    "independ": 0.0,
    "label": 0.0,
    "ethic": 4.738110667714488e-05,
    "onlin": -0.0,
    "increas": 0.00018555743624806557,
    "initi": 0.0,
    "uk": 0.6633410017637851,
    "sustain": 0.40980542432724,
    "program": 0.17830234186520483,
    "health": 0.0,
    "reduct": 0.0,
    "recommend": 0.3671052535222606,
    "assess": 0.0031210331418097467,
    "account": 0.0,
    "awar": 0.00022055567302603827,
    "standard": 0.0,
    "traffic": 0.0,
    "forest": 0.0,
    "light": -0.0,
    "carbon": 0.0,
    "impact": 5.375872062088248e-17,
    "ocean": 0.0,
    "blue": 0.0,
    "restaur": 0.0,
    "statu": 0.0,
    "bai": 0.0,
    "usa": 0.07544680002341998,
    "protect": 0.051135319018804956,
    "west": 0.0,
    "conserv": 0.19157527081351144,
    "speci": 0.8041727017722731,
    "fish": 0.5721218328943666,
    "retail": 0.0,
    "coast": 0.0,
    "northeast": 0.0,
    "york": 0.0,
    "bird": 0.0,
    "purchas": -0.0,
    "watch": 0.0,
    "california": 0.0,
    "danger": 0.0,
    "scheme": 0.4052848300040906,
    "advis": 0.0,
    "royal": 0.008585134179291526,
    "amc": 0.0005432420922195158,
    "certifi": 0.8977087275619492,
    "atlant": 0.0,
    "certif": 0.5868877081852201,
    "australia": 0.0,
    "australian": 0.2504637401638706,
    "vancouv": 0.9659202202010446,
    "footprint": 0.0,
    "dine": 0.0,
    "india": -0.0,
    "aquacultur": 0.12834995309056715,
    "mc": 0.0,
    "wise": 0.5930846150914052,
    "marin": 0.30043516477421384,
    "stewardship": 0.7272452328689872,
    "seafood": 0.5627855531779103,
    "zealand": 0.0,
    "fisheri": -0.0,
    "advisori": 0.0,
    "overfish": 0.0,
    "greenpeac": 0.0,
    "monterei": 0.0,
    "audubon": -0.0,
    "aquarium": 0.0,
    "oceana": 0.0,
    "ecolabel": 0.0,
    "ejf": 0.0,
    "seachoic": 0.0
  }
}