{
  "qid": "103",
  "query": "European Novelists",
  "rank": 1,
  "docid": 4920606,
  "coef": {
    "half": 0.0,
    "major": 0.0,
    "version": 0.0,
    "next": 0.0,
    "write": 0.0,
    "french": 0.0,
    "number": 0.0,
    "best": 0.0,
    "school": 0.0,
    "turn": 0.0,
    "work": 0.0,
    "act": 0.0,
    "time": 0.0,
    "plai": 1.881615537510139,
    "novelist": 1.7579925324725927,
    "fiction": 0.0,
    "english": 0.2519403390694407,
    "northern": 1.9811535730259031,
    "greek": 0.0,
    "greec": 0.11830316214799778,
    "made": 0.13917717374445515,
    "book": 0.0,
    "independ": 1.697595881754743,
    "year": 0.6222028443501193,
    "translat": 2.0247083456766535,
    "graduat": 1.9782864918107708,
    "univers": 3.7378256285769156e-17,
    "languag": 1.9909593943212056,
    "foreign": 0.05976667578403932,
    "european": 0.0,
    "mari": 0.748313370923351,
    "written": 0.0,
    "2001": -0.0,
    "wall": 1.3759942367179085,
    "won": 0.6847684858831334,
    "born": 1.698372037327906,
    "went": 0.41726279843491504,
    "ann": 0.20014430808098221,
    "stanton": 7.660834137476e-17,
    "actor": 1.0182899658008993,
    "nomin": 1.0482386974344235,
    "edit": 0.08815003294559795,
    "athen": 0.0,
    "prize": 0.05546150846495239,
    "1967": 0.0007359734716410745,
    "dozen": 0.11614877550174296,
    "serr": 0.17304964299610928,
    "debut": 0.0,
    "stolen": 0.0,
    "playwright": 0.0,
    "vang": 0.0,
    "if": 0.0,
    "laur": 0.0,
    "bataillon": 0.0,
    "hatziyannidi": 0.0
  }
}