{
  "qid": "145",
  "query": "Finance",
  "rank": 7,
  "docid": 5140628,
  "coef": {
    "mai": 0.0,
    "trade": 0.0,
    "build": -0.0,
    "follow": 0.0,
    "rose": 0.10959791501421906,
    "see": 0.0,
    "intern": 0.21596450663648104,
    "refer": 0.0,
    "bank": 0.0,
    "rock": 0.0,
    "centr": 0.419729510337368,
    "center": 0.0,
    "financi": -0.0,
    "station": 0.2812000074728809,
    "financ": 1.0609821817456921,
    "commerc": 1.51188523410466,
    "kong": 0.0,
    "hong": -0.0,
    "hub": 0.05674353629143443,
    "shanghai": 0.0,
    "busan": 0.0,
    "seoul": -0.0,
    "offshor": 0.0,
    "ifc": 0.9106180418010134,
    "ping": 0.0,
    "shenyang": 0.0,
    "guangzhou": 0.09046609422656653,
    "marriott": -0.0,
    "suzhou": 0.0,
    "chongq": 0.15102591267183327,
    "jw": -0.0
  }
}