{
  "qid": "111",
  "query": "Inequality",
  "rank": 5,
  "docid": 426342,
  "coef": {
    "inequ": 1.1520892982482027,
    "version": 0.23336418976218243,
    "seen": 1.2469170180845877,
    "can": 0.41998769086197235,
    "name": 0.2438861091235827,
    "optim": -0.0,
    "write": 0.0998157313168992,
    "call": -0.0,
    "form": 0.0,
    "follow": -0.38331027622856595,
    "second": 0.0,
    "close": 0.07012258448474927,
    "ident": 0.7650019650291539,
    "constant": 0.0,
    "function": 0.8604960233699642,
    "deriv": 0.6243211655896007,
    "see": 0.0,
    "todai": 0.557732002032252,
    "equal": 0.741202447173154,
    "known": 0.0,
    "histor": 0.0,
    "friedrich": 0.0,
    "onli": 0.005517219660401212,
    "similar": 1.0296682554533405,
    "first": 0.0,
    "result": 0.058795486657068546,
    "continu": 1.2898636162749417,
    "condit": 0.0,
    "wilhelm": 1.8064231925273562,
    "met": 0.15861980941984152,
    "varieti": 0.019809299891480968,
    "period": 0.0,
    "0": 0.0,
    "2": 0.3484834155079373,
    "prove": 0.0,
    "real": -0.08386196744540952,
    "integr": 0.7149833618625349,
    "analysi": 0.0,
    "nbsp": 0.0,
    "sub": -0.022344729190319,
    "here": 0.24477820562897457,
    "mathemat": 0.0,
    "desir": 0.10643781557969312,
    "let": -0.0,
    "sin": 1.0799404316391366,
    "proof": 0.19976030442663975,
    "vanish": 0.1803184602103236,
    "equival": 0.0,
    "dimension": 0.04396882729286584,
    "1904": 0.6528551388840853,
    "theorem": -0.0,
    "co": 0.055539508159774285,
    "poincar": -0.0,
    "fourier": 0.02613193777528536,
    "isoperimetr": 0.12785685806512503,
    "parsev": 0.007235070177131745,
    "dirichlet": 0.0,
    "summand": 0.6234599762668926,
    "wirting": 0.0
  }
}