{
  "qid": "125",
  "query": "Doctor",
  "rank": 3,
  "docid": 3988893,
  "coef": {
    "third": -0.0,
    "simultan": 0.006439260993517069,
    "list": 0.0,
    "origin": 0.0,
    "exist": 0.0,
    "illustr": -0.0,
    "support": 0.004439867936043855,
    "public": 0.39052384122740624,
    "ag": 0.12619481642667205,
    "american": 0.0,
    "second": -0.0,
    "doctor": 0.3043379409973174,
    "time": -0.0,
    "publish": 0.0,
    "see": -0.0,
    "onli": 0.058957587077035856,
    "featur": 0.0,
    "who": 0.1418267165329359,
    "first": 0.18009926201487206,
    "war": 0.0,
    "chao": 0.2945686339546255,
    "seri": 0.0,
    "happen": 0.0,
    "stori": -0.0,
    "inherit": 0.0,
    "fifth": -0.20437280793368326,
    "week": 0.1219220951616517,
    "start": 0.3583953943982605,
    "monthli": 0.0,
    "regularli": 0.5000281621399619,
    "annual": 0.05282166962886872,
    "graphic": 0.09951626463876148,
    "least": 0.3991831602704481,
    "multi": 0.0,
    "appear": 0.31828902249278973,
    "magazin": 0.0,
    "sixth": 0.0,
    "2011": -0.0,
    "eighth": 0.06285459484386412,
    "fourth": -0.3823604827665961,
    "ninth": -0.0,
    "adventur": -0.0,
    "short": -0.0,
    "tenth": 0.029204044792398392,
    "seventh": -0.0,
    "titan": -0.0,
    "ran": 0.0,
    "launch": 0.06707301751947549,
    "titl": 0.009925370335081915,
    "eleventh": 0.21380531241571196,
    "twelfth": 0.0,
    "radio": -0.0,
    "premier": 0.0,
    "strip": 0.37575115019553657,
    "honour": 0.14329130783102378,
    "comic": 0.23363143699437572,
    "novel": -0.0,
    "debut": 0.0,
    "incarn": 0.31741544186755305,
    "hadn": 0.13881973452909357,
    "dalek": 0.0,
    "storybook": 0.0,
    "dwm": 0.021649120442844238
  }
}