{
  "qid": "132",
  "query": "Literacy",
  "rank": 3,
  "docid": 1571413,
  "coef": {
    "discuss": 0.0,
    "major": 0.042664813286312935,
    "current": 0.0,
    "organis": 0.0,
    "highli": 0.0,
    "cultur": 0.1292371632643978,
    "peopl": 0.0,
    "emerg": -0.0,
    "exist": 0.0,
    "inspir": 0.0,
    "support": 0.1701724059910772,
    "nation": 0.02926242461945833,
    "token": 0.0,
    "creat": 0.0,
    "librari": 0.11331166101282919,
    "us": 0.0,
    "task": 0.0,
    "conduct": -0.0,
    "write": 0.024622783178120836,
    "took": -0.0,
    "core": 0.0,
    "public": 0.30891749476606634,
    "servic": 0.0,
    "target": 0.0,
    "includ": -0.0,
    "address": 0.0,
    "head": 0.0,
    "histori": -0.0,
    "educ": 0.0,
    "polit": 0.023746810127674208,
    "legal": 0.0,
    "form": 0.0,
    "number": 0.209054647707279,
    "import": 0.0,
    "found": 0.0,
    "hold": 0.0,
    "bring": 0.0,
    "secur": 0.0,
    "oper": 0.04409875717662883,
    "area": 0.0,
    "bodi": 0.0,
    "ag": 0.12825640253196732,
    "need": 0.0,
    "establish": 0.0,
    "kei": -0.0,
    "formal": 0.0,
    "school": 0.045020393136278994,
    "follow": 0.035365686770149035,
    "work": 0.1957497804363986,
    "octob": 0.0,
    "england": 0.0,
    "interest": 0.0,
    "object": 0.0,
    "develop": 0.0,
    "young": 0.0879204081585676,
    "well": 0.0,
    "learn": 0.0,
    "complet": 0.0,
    "govern": 0.0,
    "issu": 0.21099317475861332,
    "group": 0.0,
    "prioriti": 0.0,
    "commun": 0.0,
    "push": 0.0,
    "author": 0.0,
    "time": 0.08341665795702348,
    "life": 0.0,
    "role": 0.0,
    "process": 0.0,
    "end": 0.0,
    "network": 0.0,
    "relat": 0.0,
    "field": 0.0,
    "children": 0.07150574672468735,
    "live": 0.0,
    "local": 0.09111860168767896,
    "signific": 0.0,
    "ownership": 0.0,
    "conclus": 0.024963762069685303,
    "specif": 0.04989563141785066,
    "cooper": 0.0,
    "known": 0.0,
    "direct": 0.15894320678030618,
    "pupil": 0.0,
    "voluntari": 0.0647296846319675,
    "new": 0.0,
    "understand": 0.0,
    "produc": 0.0,
    "effect": 0.0,
    "similar": 0.0,
    "who": 0.0,
    "read": 0.12847461053137765,
    "practic": 0.0,
    "posit": 0.026112684806027235,
    "first": 0.0,
    "offici": 0.0,
    "idea": 0.0,
    "activ": 0.0,
    "part": 0.0,
    "share": 0.0,
    "social": 0.0,
    "promot": 0.0,
    "extens": 0.0,
    "studi": 0.0,
    "motiv": 0.0,
    "committe": 0.0,
    "base": 0.0,
    "council": 0.0011671439447988052,
    "directli": 0.0,
    "forum": 0.0,
    "book": 0.0,
    "compon": 0.0,
    "independ": 0.0,
    "execut": 0.0,
    "associ": 0.0,
    "attitud": -0.0,
    "meet": 0.0,
    "parti": 0.0,
    "approach": 0.0,
    "mean": 0.0,
    "onlin": 0.0,
    "across": 0.0,
    "level": 0.0,
    "2": -0.0,
    "low": 0.0,
    "million": -0.0,
    "initi": 0.0,
    "uk": 0.1940744656961183,
    "interview": -0.0,
    "year": 0.18547133440259636,
    "parent": 0.0,
    "profession": 0.0,
    "full": 0.0,
    "previous": 0.0,
    "advanc": 0.0,
    "research": 0.12466833532328973,
    "teacher": 0.0,
    "old": 0.0,
    "outcom": 0.0,
    "stimul": -0.0,
    "joint": 0.0,
    "examin": -0.0,
    "primari": 0.014162322510216324,
    "rang": 0.0,
    "rais": 0.0,
    "now": 0.10171250721605744,
    "improv": 0.0,
    "18": 0.025487530528591314,
    "specialist": 0.0,
    "link": 0.0,
    "survei": 0.0,
    "famili": 0.0219812894716297,
    "select": 0.0,
    "report": 0.0,
    "theme": -0.0,
    "awar": 0.0,
    "deliv": 0.0,
    "skill": 0.0,
    "2007": 0.0,
    "standard": 0.0,
    "fund": 0.0,
    "run": 0.10120282068024841,
    "impact": 0.06856764378248559,
    "2003": 0.0,
    "capac": 0.0,
    "annual": 0.0,
    "press": 0.018153274884149282,
    "chief": 0.0,
    "nurseri": 0.0,
    "governor": 0.0,
    "london": 0.007259797607665522,
    "reader": 0.12385183471438124,
    "sport": -0.0,
    "politician": 0.0,
    "profil": -0.0,
    "retail": 0.0,
    "busi": 0.0,
    "museum": 0.0,
    "expect": 0.0,
    "project": 0.0,
    "novemb": 0.0,
    "campaign": 0.023326345990063214,
    "1992": 0.0,
    "2017": 0.0,
    "2011": 0.0,
    "succeed": 0.0,
    "2006": 0.0,
    "leagu": 0.2488750891227437,
    "septemb": 0.0,
    "twice": 0.0,
    "regist": 0.05219460761876017,
    "depart": 0.0,
    "trent": -0.0,
    "trust": 0.030895100206329344,
    "footbal": 0.0,
    "commiss": 0.0,
    "1993": 0.11279589268930942,
    "british": 0.0,
    "19": 0.0,
    "agenc": 0.06490227764953006,
    "literaci": 0.26045020557822707,
    "access": 0.0,
    "man": 0.0,
    "star": 0.0,
    "januari": 0.0,
    "polici": 0.0,
    "gift": 0.0,
    "appoint": 0.0,
    "advic": 0.0,
    "dougla": 0.2262857017363702,
    "strateg": 0.0,
    "chairman": 0.0,
    "fellow": 0.0,
    "partner": 0.0,
    "launch": 0.0,
    "simon": 0.2082482978097583,
    "pledg": 0.0,
    "retir": 0.0,
    "reluct": 0.0,
    "1997": 0.0,
    "encourag": 0.0,
    "deliveri": -0.0,
    "bradford": 0.007366249838519561,
    "exchang": 0.0,
    "chain": 0.0,
    "jonathan": 0.0,
    "fragment": 0.0,
    "serious": 0.0,
    "47": 0.0,
    "vital": 0.0,
    "collabor": 0.0,
    "director": 0.029416572979518937,
    "premier": 0.0,
    "dimens": 0.0,
    "prize": 0.0,
    "archiv": 0.0,
    "sector": 0.0,
    "chariti": 0.17282451039574712,
    "charit": 0.1109716656252743,
    "player": 0.0,
    "neil": 0.21541646420978897,
    "chair": 0.0,
    "club": 0.0,
    "habit": 0.0,
    "programm": 0.08438609899560447,
    "tackl": -0.0,
    "parliamentari": 0.0,
    "sir": 0.0,
    "scotland": 0.04663431457661461,
    "disadvantag": 0.20331276583327157,
    "hub": -0.0,
    "conven": -0.0,
    "favourit": 0.0,
    "wale": 0.0,
    "statutori": 0.0,
    "borough": 0.0951208970235973,
    "remit": 0.1213512562916956,
    "pearson": 0.0,
    "stoke": -0.0,
    "schoolchildren": 0.0,
    "advisori": 0.0,
    "enjoy": -0.0,
    "786": 0.0,
    "westminst": -0.0,
    "truste": 0.11685231491950183,
    "lambeth": -0.0,
    "secretariat": 0.13664704201790556,
    "booker": 0.0,
    "baro": 0.0,
    "nottingham": 0.049456874027974176,
    "librarian": 0.0,
    "plc": 0.1601359026006681,
    "hornbi": 0.0,
    "peterborough": 0.002133196829745298,
    "usha": 0.0,
    "unequivoc": 0.06679540015713974,
    "runnymed": 0.0,
    "policymak": -0.0,
    "middlesbrough": 0.015137269851907715,
    "swindon": 3.6819838111141e-17,
    "whsmith": 0.1532212499166419,
    "mcclelland": 0.019959178233527736,
    "dyslexia": 0.0,
    "10million": 0.0,
    "vauxhal": 0.0,
    "prashar": 0.0
  }
}