{
  "qid": "150",
  "query": "Street Art",
  "rank": 2,
  "docid": 5573124,
  "coef": {
    "be": 0.0,
    "major": -0.013113699057082318,
    "urban": 0.0,
    "market": 0.0943595027432553,
    "peopl": -0.0,
    "type": 0.0,
    "seen": 0.0,
    "can": 0.0,
    "support": 0.19978421460421383,
    "extrem": 0.0,
    "element": 0.0,
    "europ": 0.0,
    "creat": 0.060406270139575544,
    "countri": 0.0,
    "movement": -0.0,
    "adopt": 0.36107692848475287,
    "creativ": 0.0,
    "caus": 0.0,
    "public": 0.0,
    "histori": 0.0,
    "attent": 0.0,
    "later": 0.0,
    "came": 0.0,
    "call": 0.0,
    "polit": -0.0,
    "form": 0.205474729512272,
    "import": 0.0,
    "found": -0.0,
    "perform": 0.0,
    "ad": 0.0,
    "host": 0.20497620913635023,
    "formal": 0.0,
    "follow": 0.0,
    "last": 0.17912634218624682,
    "work": 0.0,
    "larg": 0.0,
    "subcultur": 0.0,
    "youth": -0.0,
    "art": 0.11334177987279234,
    "long": 0.0,
    "land": 0.0,
    "creation": 0.0031382254137452053,
    "develop": 0.07985469057914597,
    "popular": 0.0,
    "well": 0.0,
    "govern": 0.0,
    "confer": 0.0,
    "group": 0.0,
    "preval": 0.2903802304744612,
    "effort": 0.0,
    "rose": 0.0,
    "citi": 0.1910255629301999,
    "act": 0.0,
    "exampl": 0.0,
    "time": 0.0,
    "punk": 0.0,
    "common": 0.0,
    "guerrilla": 0.0773926984574835,
    "organ": 0.0,
    "artist": 0.3692095773199648,
    "influenc": -0.0,
    "institut": 0.0,
    "method": 0.0,
    "local": 0.0,
    "collect": 0.0,
    "express": 0.0,
    "todai": 0.0,
    "known": 0.0,
    "gain": 0.0,
    "onli": 0.0,
    "line": 0.18563891420255485,
    "new": 0.0,
    "move": 0.0016871786715277146,
    "evolut": 0.0,
    "featur": 0.0,
    "anti": 0.0,
    "intern": 0.1362075436310167,
    "space": 0.0,
    "mark": -0.0,
    "capit": 0.0,
    "first": 0.270687056411214,
    "rise": 0.2860807630824156,
    "shown": 0.010708205727800159,
    "result": 0.0,
    "philosophi": 0.0,
    "part": 0.0,
    "war": 0.11023613031705706,
    "increasingli": 2.7936431097539595e-06,
    "tradit": -0.0,
    "individu": -0.0,
    "made": -0.0,
    "continu": 0.0,
    "member": 0.0,
    "reason": 0.13007196939845211,
    "dai": 0.0,
    "point": -0.0,
    "associ": 0.0,
    "attitud": 0.06854591449346809,
    "style": 0.00293872959878536,
    "divers": -0.0,
    "parti": 0.0,
    "happen": 0.0,
    "endors": 0.0,
    "across": -0.0,
    "techniqu": -0.0,
    "present": -0.0,
    "death": -0.0,
    "pattern": 0.0,
    "year": 0.01441278558500258,
    "focal": -0.0,
    "damag": -0.0,
    "numer": 0.22079202758549257,
    "look": 0.002431910943575563,
    "rang": -0.0,
    "arrang": 9.756091232879638e-16,
    "1980": 0.0,
    "1970": 0.1597374108775838,
    "intens": 0.0,
    "imag": 0.0,
    "memori": -0.0,
    "quarter": 0.0,
    "mar": 0.0,
    "consist": 0.0,
    "start": 0.0,
    "2012": 0.0,
    "exhibit": -0.0,
    "6": 0.0,
    "primit": -0.0,
    "awai": 0.0,
    "al": 0.0,
    "colour": 0.0,
    "fine": 0.0,
    "round": 0.0,
    "european": 0.0,
    "clean": 0.0,
    "suburban": 0.0,
    "site": 0.0,
    "battl": 0.0,
    "held": 0.15290691564111622,
    "thousand": 0.0,
    "suburb": 0.09971220517953475,
    "team": 0.0,
    "festiv": 0.0,
    "uniqu": 0.322500681358859,
    "hunt": 0.12582089699385596,
    "red": 0.0,
    "showcas": 0.0,
    "predominantli": -0.0,
    "center": 0.0,
    "1992": 0.0284678701747632,
    "york": 0.0,
    "southeastern": 0.0,
    "april": 0.0,
    "ti": 0.05507881052017958,
    "upright": 0.0,
    "la": -0.0,
    "instal": -0.0,
    "wall": 0.0,
    "fan": 0.0,
    "juli": 0.0,
    "footbal": 0.39194764806573235,
    "street": 0.15050208323948122,
    "suffer": 0.0,
    "paint": 0.0,
    "piec": 0.0,
    "arriv": 0.0,
    "regular": 0.0,
    "sieg": -0.0,
    "railwai": 0.0,
    "fill": 0.22134687565181263,
    "dedic": 0.0,
    "poster": 0.0,
    "renown": 0.0,
    "lenient": 0.20101125762446073,
    "warfar": 0.0,
    "edit": -0.0,
    "academi": 0.0,
    "fragment": 0.0,
    "subsequ": 0.0,
    "distract": 0.0,
    "shell": 0.15025872272730637,
    "pop": 0.0,
    "concert": 0.0,
    "decor": 0.0,
    "toni": -0.0,
    "olymp": -0.0,
    "3d": 0.0,
    "brand": 0.0,
    "commemor": 0.0,
    "inner": 0.0,
    "victim": 0.0,
    "truli": 0.0,
    "chair": 0.0,
    "concret": 0.0,
    "floral": 0.04693797345406178,
    "club": 0.0,
    "explos": 0.2510889958092921,
    "mu": 0.0,
    "eras": 0.0,
    "vera": 0.0,
    "yugoslavia": 0.020067187592768723,
    "fest": 0.0,
    "ar": 0.0,
    "scar": 0.0,
    "mural": 0.033371731232548635,
    "resin": 0.0,
    "derelict": 0.0,
    "ultra": 0.17654009766103743,
    "bosnian": 0.08918116860376285,
    "mortar": 0.12743284275173244,
    "hord": 0.0,
    "manuel": 0.0,
    "hotb": 0.0,
    "bosnia": 0.015362943294509174,
    "herzegovina": 0.041978096061651975,
    "tag": 0.0,
    "graffiti": 0.18457309074692366,
    "workshop": 0.0,
    "besieg": 0.0,
    "fk": 0.006342247061880454,
    "sarajevo": 0.16062164249646957,
    "notorieti": 0.0,
    "fanat": 0.0,
    "tram": 0.0,
    "partaken": 0.0,
    "crumbl": 0.0,
    "tito": 0.0,
    "bugatti": 0.0,
    "collegium": 0.0,
    "mod": 0.0,
    "eljezni": 0.0,
    "sarajevan": 0.0,
    "anovi": 0.0,
    "pietra": -0.0,
    "giovanna": -0.0,
    "bobsl": -0.0,
    "beton": 0.0,
    "unrepair": -0.0,
    "kerim": 0.0,
    "zla": 0.0,
    "bastant": 0.0,
    "manijaci": 0.0,
    "cuboliquido": -0.0,
    "artisticum": 0.0
  }
}