{
  "qid": "104",
  "query": "Business Leaders",
  "rank": 6,
  "docid": 4057596,
  "coef": {
    "list": -0.0,
    "opposit": 0.6094510480783165,
    "debat": 0.19870525632427793,
    "order": 0.0023542557808470606,
    "respons": 1.070757942268396,
    "includ": 4.938328187863995e-14,
    "manag": 0.6457580740619482,
    "involv": 0.9154346879522919,
    "govern": 0.5626964919723327,
    "time": 1.079704145889365,
    "see": -0.0,
    "leader": 0.9725895809612874,
    "posit": 0.3541113684543345,
    "member": 0.0,
    "distinct": 0.5710494719106486,
    "hous": 1.5527005558661569,
    "parti": 0.146683860950781,
    "item": 0.0,
    "busi": 0.6638107886693313,
    "bill": 0.598494891389248,
    "senat": 1.5907867919798064,
    "negoti": 0.7047660846100041,
    "proceed": 0.0611166938428535,
    "australia": 0.0,
    "australian": 0.0,
    "parliament": 1.5464302363899418,
    "minist": 0.415172024648303,
    "allot": -0.0,
    "whip": 0.0,
    "deputi": 0.0
  }
}