{
  "qid": "105",
  "query": "Governments",
  "rank": 7,
  "docid": 6222610,
  "coef": {
    "state": 0.2747083742455911,
    "region": 0.608119855749437,
    "number": 0.0,
    "due": 0.0,
    "area": 0.0,
    "need": 0.0,
    "develop": 0.0,
    "govern": 0.47150217893482627,
    "citi": 0.021594438974193445,
    "author": 0.38635730789595435,
    "role": 0.0,
    "process": 0.0,
    "plan": 0.0,
    "organ": 0.13716902107188406,
    "plai": 0.04146465854868857,
    "santa": 0.0,
    "local": 0.0035779900510286363,
    "specif": 0.0,
    "voluntari": 0.0,
    "offici": 0.0,
    "member": 0.13839797325446512,
    "council": 0.0,
    "associ": 0.03759477177944945,
    "power": 0.0,
    "hous": 0.0,
    "joint": 0.0,
    "fund": 0.0,
    "western": -0.0,
    "bai": 0.030802362424764366,
    "orang": -0.0,
    "lake": 0.0,
    "vallei": -0.0,
    "san": 0.0,
    "counti": 0.0,
    "south": 0.0,
    "southern": 0.0,
    "23": 0.0,
    "california": 0.0,
    "merc": 0.0,
    "barbara": 0.0,
    "alloc": 0.0,
    "government": 0.0,
    "lui": -0.0,
    "riversid": -0.0,
    "humboldt": -0.0,
    "sacramento": -0.0,
    "kern": -0.0,
    "joaquin": 0.0,
    "butt": 0.0,
    "monterei": 0.0,
    "bernardino": -0.0,
    "stanislau": 0.0,
    "benito": 0.0,
    "mendocino": 0.0,
    "obispo": -0.0,
    "fresno": 0.0,
    "coachella": -0.0,
    "tular": 0.0,
    "calavera": 0.0,
    "rhna": 0.0
  }
}