{
  "qid": "144",
  "query": "Child Development",
  "rank": 1,
  "docid": 2483994,
  "coef": {
    "state": 0.0,
    "discuss": 0.0,
    "5": -0.0,
    "list": 4.474421923370283e-16,
    "progress": 0.0,
    "societi": 0.29279301742809394,
    "focus": 0.0,
    "can": 0.0,
    "journal": 0.0,
    "nation": 0.33867861630542323,
    "librari": 0.0,
    "countri": 0.2505560772265092,
    "help": -0.0,
    "foster": 0.0,
    "conduct": -0.0,
    "robert": 9.206223244064104e-06,
    "public": 0.0,
    "formul": 0.0,
    "includ": 0.0010000176448444773,
    "began": 0.0,
    "histori": 0.0,
    "attend": -0.0,
    "educ": 0.04030975428596819,
    "number": -0.0,
    "import": 0.0,
    "world": 0.004628544694863108,
    "bring": 0.0,
    "establish": 0.0,
    "formal": 0.0,
    "work": 0.0,
    "american": 0.0,
    "repres": 0.19845183535010735,
    "develop": 0.327850398844369,
    "confer": 0.40151804805225694,
    "issu": 0.27708905936560335,
    "feder": 0.0,
    "group": 0.0,
    "effort": 0.0,
    "commun": 0.44541596564626956,
    "time": 0.25388935824332026,
    "organ": 0.1143711446413386,
    "publish": 0.0,
    "newli": 0.0,
    "student": 0.13924067223665723,
    "find": 0.0,
    "relat": 0.0,
    "field": 0.3780116561857115,
    "children": 0.06011297142615381,
    "see": -0.0,
    "collect": 0.0,
    "20": 0.0,
    "specif": 0.0,
    "direct": 0.1806984395422139,
    "histor": 0.0,
    "child": 0.0,
    "contribut": 0.15080890784894727,
    "effect": 0.0,
    "lectur": 0.147301895604052,
    "intern": 0.0,
    "goal": 0.0,
    "who": 0.0,
    "perspect": -0.0,
    "first": 0.14156948889343515,
    "result": 0.0,
    "activ": 0.2041177598515609,
    "part": 0.0,
    "wai": 0.013733547484985828,
    "scientist": 0.3548918452155124,
    "unit": 0.14415663052980537,
    "social": -0.0,
    "promot": 0.0,
    "individu": 0.02492146322168129,
    "made": 0.2569904842446942,
    "member": 0.1339682351659006,
    "committe": 0.3717284964454283,
    "council": 0.0,
    "scienc": 0.2036704217513156,
    "larger": 0.0,
    "associ": 0.1534566419111339,
    "ethic": 0.23720146410407555,
    "meet": 0.0,
    "divers": 0.13032368366650868,
    "human": 0.0,
    "commit": 0.0,
    "increas": 0.20988016694592002,
    "train": 0.03214277599247179,
    "odd": 0.0,
    "ethnic": 0.0,
    "psychologist": 0.1380061081814153,
    "medicin": 0.0,
    "initi": 0.0,
    "disciplin": 0.0,
    "present": 0.05726141845557339,
    "appli": 0.0,
    "year": 0.3754189315516132,
    "translat": 0.0,
    "profession": 0.2586158089655709,
    "program": 0.2827092336449133,
    "recognit": 0.0,
    "advanc": 0.055320389185093355,
    "000": -0.0,
    "interact": 0.0,
    "research": 0.21432097748102555,
    "stimul": 0.0,
    "invit": 0.014443779760321613,
    "typic": -0.0,
    "50": 0.06376069136152021,
    "improv": 0.0,
    "1925": 0.0,
    "special": 0.0,
    "dissemin": -0.0,
    "famili": 0.0005488645655841259,
    "affect": 0.0,
    "report": 0.0,
    "integr": 0.0,
    "scientif": 0.01836510346166572,
    "standard": 0.0,
    "applic": 0.0,
    "receiv": 0.0,
    "great": 0.0,
    "knowledg": 8.232736081274909e-17,
    "approxim": 0.1787063907008131,
    "held": 0.0,
    "racial": 0.0,
    "membership": 0.08397578592416644,
    "nearli": 0.0,
    "spend": 0.0,
    "record": 0.0,
    "session": 0.00268652989338407,
    "spring": 0.0,
    "offic": 0.0,
    "administ": 0.0,
    "mainten": 0.0,
    "23": 0.056460890872460305,
    "1978": 0.05447777487485492,
    "agenc": 0.0,
    "pass": -0.0,
    "polici": 0.3283377743744834,
    "bear": 0.0,
    "500": 0.0,
    "appoint": 0.0,
    "begun": 0.038600806867143386,
    "profit": 0.0,
    "425": 0.0,
    "purpos": 0.0,
    "staff": 0.0,
    "fellow": 0.0,
    "maryland": 0.0,
    "aid": 0.0,
    "sponsor": -0.0,
    "promulg": 0.0,
    "1933": 0.0,
    "1922": 0.04346232954675124,
    "encourag": 0.0,
    "experiment": 0.0,
    "faculti": 9.804935162506055e-05,
    "exchang": 0.0,
    "academi": -0.0,
    "volum": 0.0,
    "award": 0.0,
    "1927": 0.0,
    "fellowship": 0.03426561222036041,
    "monograph": -0.0,
    "torch": 0.0,
    "disband": -0.0,
    "practition": 0.0,
    "abstract": 0.0,
    "bibliographi": 0.0,
    "multidisciplinari": 0.0,
    "emin": 0.0,
    "subcommitte": 0.0,
    "guidanc": 0.0,
    "liaison": -0.0,
    "exce": -0.0,
    "directori": 0.003928693175600711,
    "biennial": 0.0,
    "woodworth": 0.0,
    "symposia": 0.0,
    "bethesda": 0.0,
    "srcd": 0.0,
    "cdab": 0.0
  }
}