{
  "qid": "119",
  "query": "Classical Dance",
  "rank": 2,
  "docid": 1112041,
  "coef": {
    "cultur": 3.6783157689696955,
    "mai": 0.0,
    "classic": 0.3397163000768271,
    "form": 0.0,
    "see": -0.0,
    "japanes": 1.0045221983413313,
    "tradit": 2.1179188963082107,
    "refer": 2.482623666841302,
    "indian": 0.0,
    "danc": 3.577570346069996,
    "ballroom": -0.0,
    "ballet": 0.0,
    "chines": 0.0
  }
}