{
  "qid": "129",
  "query": "Folk Music",
  "rank": 3,
  "docid": 897339,
  "coef": {
    "state": 1.8502301802514392e-15,
    "blend": -0.0,
    "mai": 0.4908014781160135,
    "region": 0.7445142892527311,
    "europ": 0.8155251866164965,
    "music": 0.9683317623376769,
    "defin": 0.0,
    "domin": 0.0,
    "includ": -0.0,
    "found": 0.0,
    "area": 0.0,
    "term": 0.944658546055201,
    "larg": 0.0,
    "england": 0.0,
    "develop": 0.0,
    "popular": 0.0,
    "orient": 0.0,
    "influenc": 0.0,
    "1960": -0.0,
    "contemporari": 0.0,
    "like": 0.0,
    "greec": 0.0,
    "john": 0.0,
    "part": 0.7351842051156242,
    "unit": 0.0,
    "tradit": 0.22120628114601865,
    "spread": 0.0,
    "base": 0.0,
    "style": -0.0,
    "modern": 0.0,
    "especi": 0.0,
    "2": 0.0,
    "ethnic": 0.0,
    "rock": 0.0,
    "arrang": 0.6116163745632476,
    "mix": 0.6200786796718442,
    "1": 0.6842172226105644,
    "counterpart": -0.0,
    "jim": 0.0,
    "record": 0.0,
    "southeastern": 0.0,
    "seal": 0.0,
    "simon": 0.022489474759601075,
    "ford": 0.0,
    "sweep": 0.0,
    "danc": -0.7939415542705325,
    "don": 0.0,
    "boom": 0.0,
    "rhythm": 0.8182928089848274,
    "arab": 0.14782169086071073,
    "asia": 0.2675621221813263,
    "genr": 0.44274889560212616,
    "pop": 0.6651148900732807,
    "song": 0.5506966280354864,
    "intim": 2.746022705878399e-14,
    "israel": 0.9434328289011765,
    "manel": 0.8639862201564491,
    "folk": 0.2305884237846463,
    "dan": 1.18304438137744,
    "romania": 0.0,
    "turkei": 0.0,
    "junction": 0.6007433654138834,
    "croft": 0.5599092951104342,
    "serbia": 0.0,
    "albania": 1.4843881711741838,
    "umbrella": 0.0,
    "acoust": 0.0,
    "bulgaria": -0.0,
    "balkan": 0.0,
    "armenia": 0.05941691508267095,
    "romani": 0.0,
    "mizrahi": 0.0,
    "croce": 0.0,
    "turbo": -0.0,
    "mclean": 0.18354092021520824,
    "colei": 0.40917120950299984,
    "lobo": 0.0,
    "arabesqu": 0.0,
    "laika": 0.0006869937864979289,
    "garfunkel": 0.4740402403889275,
    "chalga": -0.0,
    "tallava": 0.0,
    "rabiz": 0.0
  }
}