{
  "qid": "141",
  "query": "Human Exploration",
  "rank": 4,
  "docid": 1280022,
  "coef": {
    "list": 0.18917728902100228,
    "market": 0.0568495223186903,
    "emerg": 4.038016322892533e-17,
    "return": -0.0,
    "system": 0.07575482713134235,
    "nation": 0.0,
    "europ": 0.0,
    "name": 0.0522339236087688,
    "men": -0.0,
    "countri": 0.0,
    "st": -0.0,
    "concept": -0.0,
    "conduct": 0.0,
    "gener": -0.0,
    "histori": 0.0,
    "forc": 0.0,
    "oper": -0.0,
    "bodi": 0.0,
    "privat": -0.0,
    "follow": 0.0,
    "autonom": 0.0,
    "fix": 0.0,
    "scholar": -0.0,
    "chang": -0.0,
    "guid": -0.0,
    "long": -0.0,
    "land": -0.0,
    "object": 0.0,
    "govern": -0.0,
    "commun": 0.038754990127119915,
    "russian": -0.0,
    "nuclear": 0.0,
    "see": 0.0,
    "express": -0.0,
    "soviet": 0.0,
    "russia": 0.0,
    "china": 0.0,
    "constel": -0.0,
    "new": -0.0,
    "leader": -0.0,
    "intern": -0.0,
    "space": 0.19618956057473355,
    "john": 0.0,
    "futur": 0.0,
    "first": 0.0,
    "activ": 0.0,
    "scienc": -0.0,
    "point": 0.0,
    "fusion": 0.0,
    "branch": 0.0,
    "2008": -0.0,
    "essenc": 0.0,
    "technolog": 0.04705226101510759,
    "black": -0.0,
    "human": 0.0,
    "travel": 0.21001349063157065,
    "sens": 0.0,
    "2": 0.0,
    "9": 0.0,
    "physic": -0.0,
    "program": -0.06567093351967794,
    "walk": -0.0,
    "remot": 0.0,
    "full": 0.0,
    "test": 0.0,
    "modul": 0.0,
    "research": 0.0,
    "observ": -0.0,
    "outlin": 0.01660540702071181,
    "data": 0.0,
    "race": -0.0,
    "sampl": 0.0,
    "heavi": 0.0,
    "select": 0.12468706388439915,
    "scientif": 0.0,
    "mar": -0.0,
    "7": -0.0966103941562046,
    "4": -0.0,
    "1": 0.0,
    "drive": -0.0,
    "moon": 0.2702759161275524,
    "terrestri": 0.0,
    "astronomi": 0.0,
    "saturn": 0.0,
    "outer": 0.10453050875989978,
    "artifici": 0.0,
    "extra": 0.0,
    "nasa": 0.04855979449486854,
    "asteroid": -0.0,
    "satellit": 0.2883395613438425,
    "earth": -0.0,
    "solar": 0.06634046016465973,
    "surfac": 0.0,
    "sun": 0.0,
    "european": 0.003356691858399147,
    "statu": 0.0,
    "usa": 0.0,
    "aerospac": 0.0,
    "assembl": 0.0,
    "topic": -0.0,
    "oldest": -0.0,
    "largest": 0.0,
    "record": 0.08053372813201475,
    "cumul": 0.0,
    "parker": 0.0,
    "rocket": 0.0,
    "colon": 0.16372857547126818,
    "project": 0.10628410020265966,
    "manufactur": -0.0,
    "visitor": 0.0,
    "expedit": -0.0,
    "explor": 0.05283890986086242,
    "shuttl": 0.2245233092614222,
    "compani": 0.0,
    "june": 0.0,
    "station": -0.0,
    "vehicl": 0.0,
    "agenc": -0.0,
    "bridg": -0.0,
    "columbu": 0.036289027603058355,
    "visit": 0.0,
    "man": -0.0,
    "march": -0.0,
    "titan": 0.0,
    "voyag": 0.0,
    "apollo": 0.0,
    "japan": 0.0,
    "capabl": 0.0,
    "launch": 0.0,
    "armstrong": 0.0,
    "mercuri": 0.0,
    "delta": 0.0,
    "2020": 0.2777271905934812,
    "venu": 0.0,
    "laboratori": 0.0,
    "stai": 0.0,
    "ndash": 0.05960536939741608,
    "horizon": 0.0,
    "neil": 0.0,
    "atla": 0.0,
    "israel": 0.0,
    "outpost": -0.0,
    "mission": 0.07942199865635549,
    "sail": -0.0,
    "emir": 0.0,
    "crew": -0.0,
    "122": -0.0,
    "insight": -0.0,
    "india": 0.0,
    "osiri": 0.0,
    "extraterrestri": 0.0,
    "overview": 0.0,
    "robot": 0.061163609517913255,
    "orbit": 0.16825992359102432,
    "spaceflight": 0.1690976931451864,
    "cosmo": 0.0,
    "astronaut": 0.07947596791563576,
    "artemi": 0.0,
    "lunar": 0.0,
    "timelin": 0.0,
    "esa": -0.0,
    "helicopt": 0.0,
    "glenn": -0.0,
    "jupit": -0.0,
    "uranu": 0.0,
    "proton": 0.0,
    "interstellar": 0.0,
    "probe": 0.0,
    "neptun": 0.0,
    "interplanetari": -0.0,
    "gemini": 0.0,
    "gagarin": -0.0,
    "buzz": 0.0,
    "aldrin": 0.0,
    "spacecraft": -0.0,
    "yuri": 0.0,
    "spacewalk": 0.0,
    "moonwalk": 0.0,
    "reconnaiss": -0.0,
    "uncrew": -0.0,
    "vostok": -0.0,
    "shenzhou": 0.0,
    "einstein": -0.0,
    "odyssei": 0.0,
    "iss": -0.0,
    "zenit": -0.0,
    "roscosmo": -0.0,
    "scout": 0.0,
    "rosen": -0.0,
    "lagrangian": 0.0,
    "missil": 0.0,
    "isa": 0.0,
    "arian": 0.0,
    "mir": 0.08630896536156105,
    "thor": 0.0,
    "brant": -0.0,
    "intergalact": -0.0,
    "pluto": 0.0,
    "jaxa": 0.18453278099793152,
    "hayabusa2": 0.0,
    "juno": 0.0,
    "bennu": 0.0,
    "ryugu": 0.0,
    "rex": 0.0,
    "rotorcraft": -0.0,
    "rover": 0.0,
    "falcon": 0.29700973343984405,
    "geosynchron": 0.0,
    "soyuz": -0.0,
    "voskhod": -0.0,
    "chandrayaan": -0.0,
    "exomar": 0.0,
    "spaceport": 0.0,
    "magnetospher": 0.0,
    "cnsa": 0.0,
    "maven": -0.0,
    "akatsuki": 0.0031704104457656547,
    "bepicolombo": -0.0,
    "isro": 0.1182885872561745,
    "alcubierr": -0.0,
    "tianwen": 0.0,
    "sundiv": -0.0,
    "rfsa": 0.0
  }
}