{
  "qid": "104",
  "query": "Business Leaders",
  "rank": 8,
  "docid": 3704055,
  "coef": {
    "half": -0.0,
    "discuss": 0.38636544601087636,
    "5": 0.0,
    "peopl": 0.0,
    "believ": 0.0,
    "name": 0.0,
    "order": 0.0,
    "task": 0.0,
    "taken": 0.0,
    "differ": 0.0,
    "includ": 0.0,
    "challeng": 0.22087271204142842,
    "take": 0.0,
    "big": 0.0,
    "proper": 0.0,
    "manag": 0.0,
    "view": 0.0,
    "forc": 0.0,
    "found": 0.0,
    "joseph": 0.24895263778593085,
    "perform": 0.33340365986032156,
    "adam": 0.2631004704362755,
    "come": 0.018537698963417656,
    "host": 0.0,
    "fail": 0.22098054396590847,
    "follow": 0.0,
    "previou": -0.0,
    "turn": 0.0,
    "work": 0.0,
    "brian": 0.05942118495672718,
    "american": 0.0,
    "art": 0.0,
    "elimin": 0.411572938746161,
    "expens": -0.0,
    "respect": 0.0,
    "felt": 0.0,
    "canadian": 0.0,
    "offer": 0.0003412682114336473,
    "rank": 0.07578628486161128,
    "down": 0.08069156888279658,
    "plan": 0.29865638676304757,
    "artist": 0.0,
    "end": 0.0026272039837346326,
    "will": 0.0,
    "gave": 0.2212479939207536,
    "left": 0.0,
    "lesli": 0.0,
    "see": 0.0,
    "particip": 0.37167936811115676,
    "sai": 0.0,
    "known": 0.0,
    "china": 0.13954164174259087,
    "produc": 0.34072246397492956,
    "like": 0.0,
    "leader": 0.2253995213321956,
    "handl": 0.0,
    "amount": -0.0,
    "win": 0.0,
    "multipl": 0.0,
    "idea": 0.0,
    "result": 0.0,
    "part": 0.0,
    "problem": 0.0,
    "comment": 0.21514913431862825,
    "made": 0.4336238876352149,
    "decis": 0.0,
    "reason": 0.0,
    "dai": 0.0,
    "give": 0.0,
    "declar": 0.23307637466470862,
    "accept": 0.0,
    "success": 0.0,
    "attitud": 0.4294977353193522,
    "style": 0.0,
    "meet": 0.0,
    "hard": 0.0,
    "remain": 0.0,
    "televis": -0.0,
    "train": 0.0,
    "leav": 0.2291299327466669,
    "low": 0.12718829759293396,
    "car": 0.21376100196583553,
    "present": 0.0,
    "case": 0.0,
    "declin": 0.0,
    "tabl": 0.0,
    "show": 0.2617293146688523,
    "000": 0.0,
    "ask": 0.028789205462231102,
    "rate": 0.0,
    "week": -0.0,
    "fraud": 0.0,
    "prove": 0.40100330726144995,
    "game": 0.2717140428002986,
    "10": -0.0,
    "assess": 0.0,
    "proce": 0.0,
    "select": -0.0,
    "opportun": 0.0,
    "given": 0.11972436916048552,
    "earn": 0.0,
    "start": 0.0,
    "design": 0.0,
    "cocain": 0.0,
    "6": 0.0,
    "reveal": 0.0,
    "receiv": 0.0,
    "panel": 0.094334049382517,
    "leadership": 0.0,
    "exit": 0.305539135096421,
    "format": -0.0,
    "assign": -0.0,
    "aaron": 0.04122586921346725,
    "final": 0.0,
    "least": -0.0,
    "owner": 0.24585291937300588,
    "packag": 0.2646891957374761,
    "team": 0.08963627673676582,
    "busi": 0.34233432024626453,
    "competit": 0.0,
    "100": 0.0,
    "decid": -0.0,
    "monei": 0.0,
    "star": -0.0,
    "alia": 0.011474030733150304,
    "sell": 0.0,
    "chose": -0.0,
    "didn": 0.0,
    "told": 0.0,
    "consol": 0.0,
    "profit": 0.491147958490697,
    "samuel": 0.1805998236471743,
    "fellow": 0.1718529106918383,
    "launch": 0.0,
    "store": 0.0,
    "contest": 0.37260959390048204,
    "chanc": 4.2828623515410856e-05,
    "realiti": 0.0,
    "shark": 2.802705339459494e-05,
    "episod": 0.0,
    "broadcast": 0.0,
    "studio": 0.0,
    "con": 0.0,
    "winner": 0.5153412338630642,
    "runner": 0.0,
    "tv": 0.0,
    "competitor": 0.0,
    "stai": 0.0,
    "crash": 0.0,
    "viewership": 0.0,
    "player": 0.0,
    "quit": -0.0,
    "den": 0.0,
    "excus": 0.2199443830190828,
    "anymor": 0.0,
    "inventor": 0.0,
    "jeff": 0.0,
    "dragon": 0.0,
    "redempt": 0.0,
    "couldn": 0.0,
    "incarcer": 0.0,
    "tank": 0.0,
    "kevin": 0.15756921384336342,
    "ryan": 0.0001598244457310389,
    "plung": 0.0,
    "unfavor": 5.313337115826853e-07,
    "dealer": 0.0,
    "pro": 0.21906208514000516,
    "nicol": 0.0,
    "leari": 0.17248577941643004,
    "cbc": 0.0,
    "boardroom": 0.37949648624725923
  }
}