{
  "qid": "107",
  "query": "Seafood",
  "rank": 1,
  "docid": 1153939,
  "coef": {
    "aspect": 0.0,
    "state": 0.0,
    "list": 0.2523183196810229,
    "current": 0.0,
    "market": 0.0,
    "peopl": 0.0,
    "societi": 0.5103458110263503,
    "north": 0.0,
    "assist": 0.0,
    "mai": 0.0,
    "nation": 0.0,
    "region": 0.16593080681742492,
    "countri": 0.0,
    "industri": 0.0,
    "econom": 0.0,
    "product": 0.0,
    "contradictori": 0.0,
    "spanish": -0.0,
    "websit": 0.33556634624052895,
    "friendli": 0.0,
    "respons": 0.0,
    "public": -0.0,
    "servic": 0.0,
    "target": 0.25415592533573494,
    "includ": 0.0,
    "take": 0.0,
    "came": 0.0,
    "educ": 0.45033290887947514,
    "manag": 0.2744882091506899,
    "allow": 0.0,
    "world": 0.26199420301348436,
    "avoid": 0.0,
    "oper": 0.04068296741512833,
    "best": 0.0,
    "ad": 0.20621508558827964,
    "trade": 0.0,
    "note": 0.0,
    "late": 0.0,
    "critic": 0.0,
    "work": 0.0,
    "american": 0.0,
    "guid": 0.5048567183285195,
    "elimin": 0.0,
    "long": -0.0,
    "choic": 0.0,
    "develop": 0.0,
    "environment": 0.0,
    "group": 0.0,
    "effort": -0.0,
    "push": 0.0,
    "root": 0.0,
    "life": 0.0,
    "organ": 0.0,
    "consum": 0.0,
    "influenc": 0.00847476879634396,
    "institut": -0.0,
    "find": 0.0,
    "1999": 0.0,
    "see": 0.0,
    "non": 0.0,
    "wide": 0.0,
    "known": 0.0,
    "inform": 0.0,
    "advoc": 0.0,
    "move": 0.2051542982591877,
    "featur": 0.4221733171448278,
    "produc": 0.05078887665974667,
    "green": 0.18079327309306406,
    "similar": 0.22227333841011662,
    "first": 0.2094676589987269,
    "web": 0.5273361277215024,
    "result": 0.4310336709917505,
    "wai": 0.0,
    "unit": 0.0,
    "social": 0.0,
    "promot": 0.0,
    "natur": 0.07076982922708516,
    "decis": 0.0,
    "base": 0.0,
    "scienc": 0.25511534486542803,
    "illeg": 0.0,
    "wrote": 0.1028939370126714,
    "suggest": 0.0,
    "sourc": 0.0,
    "global": 0.0729518373185753,
    "back": 0.2128741606085359,
    "harm": 0.02128338401576638,
    "serv": 0.0,
    "human": 0.0,
    "altern": 0.43196523024946676,
    "level": 0.0,
    "caught": 0.0,
    "low": 0.17713985875202443,
    "acid": -0.0,
    "initi": 0.0,
    "environ": 0.0,
    "profession": 0.1809614675294439,
    "sustain": 0.0104909144864664,
    "pcb": 0.05501239037356573,
    "program": 0.23400434957565064,
    "focu": -0.0,
    "popul": 0.0,
    "food": 0.0,
    "high": 0.0,
    "confus": -0.0,
    "advanc": 0.6482296538942738,
    "health": 0.08862499659812133,
    "rate": 0.06299438101517821,
    "resourc": 0.06384074177072063,
    "wild": 0.0,
    "1990": 0.0,
    "improv": 0.0,
    "eat": 0.31460397626671144,
    "recommend": -0.0,
    "assess": 0.2674907576300404,
    "account": 0.3156279625923904,
    "categori": 0.5812355032253188,
    "traceabl": 0.0,
    "measur": 0.0,
    "updat": -0.0,
    "2010": 0.0,
    "exhibit": 0.6818866794243491,
    "3": -0.0,
    "farm": 0.24638082067553724,
    "near": 0.0,
    "impact": 0.0,
    "ocean": 0.510202418200148,
    "calcul": 0.0,
    "annual": 0.0,
    "final": 0.09598268417342533,
    "restaur": 0.3962070050302296,
    "statu": 0.0,
    "bai": 0.0,
    "site": 0.09620865476392491,
    "conserv": -0.0,
    "suppli": 0.021369856736451052,
    "team": 0.06495744821549404,
    "fish": 0.3328299157808559,
    "retail": 0.015896678590141395,
    "busi": 0.14753423497239895,
    "museum": 0.0,
    "fulli": 0.0,
    "red": 0.0,
    "center": 0.013990509286404496,
    "super": -0.0,
    "zoo": 0.0,
    "twice": 0.0,
    "restor": 0.4032053841236978,
    "freshwat": 0.0,
    "yellow": 0.0,
    "purchas": 0.0,
    "polici": 0.0,
    "profit": 0.0,
    "highlight": 0.0,
    "watch": 0.2579875316789751,
    "strengthen": 0.0,
    "ran": 0.0,
    "partner": 0.0,
    "mercuri": -0.0,
    "1997": 0.04824069186406037,
    "store": 0.0,
    "chain": 0.0,
    "shark": 0.026373317448294357,
    "score": 0.0,
    "certif": -0.0,
    "buyer": 0.0,
    "iphon": 0.16545011681462257,
    "tuna": 0.0,
    "solut": 0.0,
    "allianc": -0.0,
    "aquacultur": 0.0,
    "alert": 0.0,
    "android": 0.0,
    "lover": 0.0,
    "chef": 0.0,
    "unregul": 0.0,
    "ecosystem": 0.0,
    "marin": 0.3334360557231458,
    "seafood": 0.49827058570937666,
    "fisheri": 0.5152749146637652,
    "marketplac": 0.00043734004011022556,
    "unreport": 0.0,
    "pocket": 0.0,
    "app": 0.0,
    "omega": -0.0,
    "fatti": -0.0,
    "contamin": 0.24917402645116302,
    "advisori": -0.0,
    "overfish": -0.0,
    "culinari": 0.0,
    "blog": 0.0,
    "distributor": 0.0,
    "monterei": 0.0,
    "sushi": 0.0,
    "audubon": 0.21770992765957553,
    "bluefin": 0.06566251398884507,
    "aquarium": 0.43288579932665405,
    "notoc": -0.0,
    "dioxin": 0.0
  }
}