{
  "qid": "104",
  "query": "Business Leaders",
  "rank": 1,
  "docid": 5344947,
  "coef": {
    "list": 0.0,
    "current": 0.0,
    "opposit": 0.0,
    "debat": 0.27712052040956897,
    "order": 0.0,
    "respons": -0.0,
    "includ": -0.0,
    "manag": 0.9777825524635241,
    "commonli": 1.3788947892597543,
    "reaction": 0.0,
    "govern": 1.3093286413210914,
    "issu": 0.15831836093613427,
    "time": 0.0,
    "role": 0.996448116017051,
    "see": -0.0,
    "known": 0.01200505884575165,
    "leader": -0.294449856528869,
    "tactic": 0.9927817541954796,
    "matter": 8.409561538629833e-16,
    "member": 0.2956771424151244,
    "council": 0.0,
    "hous": 1.3973054374052434,
    "lower": 0.0,
    "schedul": -0.0,
    "counterpart": 0.0,
    "energi": 0.7525432604115094,
    "mine": 3.2856546255256285e-16,
    "assembl": 0.0,
    "held": 0.8478066257959093,
    "busi": 0.4795106650012131,
    "cabinet": 0.28700405011364116,
    "legisl": 0.0,
    "offic": 0.0,
    "south": 0.22687719764429903,
    "bill": 0.0,
    "van": 0.18985408903170978,
    "negoti": 0.0,
    "australia": 0.0,
    "australian": 0.0,
    "parliament": 0.2782909686274393,
    "minist": 0.1471830464539891,
    "dan": 0.0,
    "disambigu": 0.0,
    "allot": 0.36937551251442974,
    "dealt": 0.07720952442463565,
    "impedi": 0.0,
    "holst": 0.0,
    "pellekaan": 0.0
  }
}