{
  "qid": "127",
  "query": "Clergy",
  "rank": 8,
  "docid": 2256455,
  "coef": {
    "henri": -0.0,
    "assist": 0.3062828118758159,
    "name": 0.2313296222363788,
    "order": 0.0,
    "st": 0.3203395766376549,
    "take": 0.0,
    "michael": 0.12004392849883909,
    "still": 0.0,
    "charg": 0.22728181595949448,
    "david": 0.0,
    "church": 0.0,
    "youth": 0.0,
    "women": 0.0,
    "christian": 0.0,
    "carl": 0.0,
    "matthew": 0.0,
    "citi": 0.28569932102524587,
    "commun": -0.0,
    "central": -0.0,
    "network": 0.0,
    "peter": 0.0,
    "lawrenc": -0.0,
    "chri": 0.0,
    "leader": 0.0,
    "mark": 0.0,
    "john": 0.0,
    "paul": 0.0,
    "extern": 0.0,
    "share": 0.0,
    "tradit": 0.5008254882172647,
    "andrew": 0.0,
    "associ": 0.0,
    "cover": 0.0,
    "link": 0.0,
    "step": 0.0,
    "design": 0.0,
    "22": 0.0,
    "semi": 0.049371010174965646,
    "mari": -0.0,
    "stephen": -0.0,
    "lee": 0.0,
    "mike": -0.0,
    "exet": 0.004105275295128771,
    "hall": 0.0,
    "tom": 0.0,
    "georg": -0.0,
    "team": 0.19413033426129622,
    "edward": 0.0,
    "convent": 0.0,
    "wear": 0.0,
    "richard": 0.0,
    "treasur": 0.0,
    "roi": 0.2217990534194096,
    "2019": 0.0,
    "bird": -0.0,
    "district": 0.056773096508945194,
    "turner": 0.0,
    "thoma": 0.004742326488925712,
    "juli": 0.0,
    "cathedr": 0.0,
    "philip": 0.0,
    "jame": -0.0,
    "angel": 0.0,
    "leonard": 0.0,
    "holi": 0.0022579892043844627,
    "seward": 0.0,
    "ann": 0.0,
    "staff": 0.0,
    "rev": -0.0,
    "simon": 0.0,
    "armstrong": 0.0,
    "retir": 0.0026451603653326575,
    "jonathan": 0.0,
    "vincent": 0.005684810010017682,
    "curat": 0.21342680136288905,
    "canon": 0.3697549764791207,
    "robin": 0.0,
    "lane": 0.0,
    "ed": -0.0,
    "austin": 0.0,
    "nichola": 0.0,
    "mission": 0.0,
    "arch": -0.0,
    "bishop": 0.0,
    "ministri": 0.0,
    "minist": 0.17289871236195561,
    "priest": 0.13205481710299374,
    "emmanuel": 0.07930884298690377,
    "theologian": 0.0,
    "jerri": -0.0,
    "raven": 0.0,
    "ida": -0.0,
    "sidwel": -0.0,
    "hodg": -0.0,
    "dioces": 0.0,
    "parish": 0.2417758533502263,
    "ian": 0.0,
    "jo": 0.0,
    "morrel": 0.0,
    "app": 0.0,
    "dean": 0.0,
    "id": -0.0,
    "draper": 0.0,
    "luke": 0.0,
    "vicar": 0.1620104613918643,
    "helen": 0.0,
    "jon": 0.0,
    "apostl": 0.0,
    "rachel": 0.0,
    "chancellor": -0.0,
    "heath": 0.0,
    "clergi": 0.16007925315433086,
    "triniti": 0.3063123032844463,
    "georgina": 0.0,
    "partridg": -0.0,
    "countess": 0.0,
    "morrissei": 0.0,
    "sophi": 0.0,
    "benefic": 0.26335337652572904,
    "sheila": 0.0,
    "tanya": 0.0,
    "clare": -0.0,
    "joanna": 0.0,
    "olav": -0.0,
    "jonni": 0.005508260869139956,
    "deaneri": 0.606182945148411,
    "gower": 0.0,
    "fairweath": 0.019608353781683584,
    "kean": 0.0,
    "rector": 0.0,
    "archdeaconri": -0.0,
    "jefferi": 0.0,
    "avi": -0.0,
    "gillett": 0.0,
    "hocklei": 0.0,
    "bonifac": 0.0,
    "byatt": 0.0,
    "pancra": 0.04682428245818993,
    "swarbrick": 0.0,
    "precentor": 0.0,
    "elvin": 0.0,
    "pryse": -0.0,
    "soper": 0.07056898640040486,
    "nsm": 0.0,
    "alphington": -0.0,
    "vye": 0.0,
    "jolyon": 0.0,
    "dowdeswel": 0.0,
    "petrock": 0.0,
    "shillingford": -0.0,
    "morter": 0.0,
    "clyst": 0.0,
    "heavitre": 0.14006869646179848,
    "easto": 0.0,
    "godsal": 0.0,
    "exwick": 0.0,
    "burnthous": 0.0,
    "whipton": 0.0,
    "holyom": 0.0
  }
}