{
  "qid": "106",
  "query": "Climate Change Activists",
  "rank": 8,
  "docid": 5815097,
  "coef": {
    "be": 0.0,
    "state": 0.9141816197400136,
    "possibl": 0.0,
    "action": 0.6916941165784994,
    "right": 0.0,
    "lead": 0.0,
    "peopl": 0.4886361760888487,
    "focus": 0.0,
    "believ": 0.5372356049555932,
    "nation": 0.0,
    "name": 0.0,
    "creat": -0.6979700869507154,
    "stabl": 0.0,
    "help": 0.6338316807687786,
    "order": -0.0,
    "us": 0.0,
    "concern": 0.0,
    "next": 0.0,
    "taken": 0.0,
    "fight": 0.0,
    "write": -0.9651820146421757,
    "respons": 0.0029353032232517728,
    "public": 0.9513103115420475,
    "gener": 1.3185099792238548,
    "includ": 0.0,
    "educ": 0.29824151291909395,
    "call": 0.0,
    "found": -0.01942874200884008,
    "world": 0.0,
    "reaction": 0.024172295435812917,
    "ag": 0.0,
    "need": 0.0,
    "try": 0.0,
    "involv": 0.0,
    "messag": 0.0,
    "term": -0.0,
    "follow": 0.0,
    "american": 0.0,
    "youth": 0.9023306326578197,
    "experi": 0.8101597350459883,
    "chang": 0.18893027976986923,
    "women": 0.0,
    "america": 0.0,
    "land": 0.0,
    "govern": 0.5190065225592332,
    "environment": 0.0,
    "issu": 0.45615460482115927,
    "group": 0.9129320570989671,
    "lack": 0.0,
    "commun": 0.33650247666531174,
    "abl": 0.0,
    "time": 0.0,
    "justic": 0.0,
    "organ": 0.20924141505795077,
    "non": 0.0,
    "saw": 0.26737405501955963,
    "constitut": 0.0,
    "impli": 0.0,
    "gain": 0.0,
    "mass": 0.09341467119974568,
    "intern": 0.012526714203567412,
    "goal": 0.8937268759642958,
    "media": 0.0,
    "class": 0.0,
    "first": -0.24963216046046743,
    "offici": 0.6132754600437482,
    "post": 0.0,
    "activ": -0.0,
    "part": 0.0,
    "individu": 0.0,
    "claim": 0.0,
    "member": -0.0,
    "person": 0.3916217959207033,
    "basi": 0.2652005297287022,
    "soon": 0.06326768407535727,
    "dai": 0.0007106072917831494,
    "execut": 0.26525833057333564,
    "global": 0.0,
    "activist": 0.31003865111247364,
    "voic": 0.0,
    "serv": 0.1975780278416988,
    "happen": 0.36364127513596023,
    "human": 0.0,
    "younger": 0.0,
    "put": 0.0,
    "case": 0.0,
    "environ": 0.38310937815517976,
    "identifi": 0.0,
    "focu": 0.0,
    "background": -0.0,
    "face": 0.0,
    "ask": 0.0,
    "health": 0.3039408800942042,
    "air": 0.15363723987253725,
    "explain": 0.0,
    "25": 0.0,
    "15": -0.0,
    "14": 0.0,
    "10": 0.13620016542498273,
    "surround": 0.025196320794765855,
    "speak": 0.26991476820416177,
    "hour": 0.6649157045102614,
    "2018": 0.3033438791637733,
    "2016": 0.0,
    "hope": 0.004961634275967432,
    "water": 0.0,
    "zero": 0.0,
    "greenhous": 0.12188710578348363,
    "planet": 0.0,
    "climat": 0.5262981916590261,
    "ga": 0.003999144119845881,
    "panel": 0.0,
    "emiss": 0.0,
    "clean": 0.0,
    "written": 0.21882712819127528,
    "inact": 0.0,
    "governor": 0.0,
    "corpor": 0.0,
    "washington": 0.052647392327905954,
    "magazin": 0.0,
    "decemb": 0.0,
    "2017": 0.00988722027459734,
    "2001": 0.0,
    "septemb": 0.0,
    "2019": 0.0,
    "su": -0.0,
    "jewish": 0.0,
    "wast": 0.0,
    "hurrican": 0.0009074054836851355,
    "lawsuit": 0.4258784092241343,
    "21": 0.432474866553654,
    "access": 0.0,
    "born": 0.0,
    "testifi": 1.1794817877515884,
    "profit": 0.00015425475352516467,
    "teen": 0.2789167323374068,
    "statement": 0.0,
    "combat": 0.0,
    "deni": 0.0,
    "dedic": 0.0,
    "crisi": 0.0,
    "openli": 0.002059731999179821,
    "director": 0.0,
    "nadia": 0.35411537086366446,
    "maria": 0.0,
    "jai": 0.0,
    "junior": 0.0,
    "mission": 0.0,
    "teenag": 0.0,
    "vogu": 0.3493335163197508,
    "jami": 0.0,
    "ink": -0.0,
    "nazar": 0.11355151878816062,
    "wildfir": 0.2816317632011535,
    "rico": 0.0,
    "puerto": 0.0,
    "garner": 0.5698014537850372,
    "outlet": 0.6735572663779916,
    "lgbt": 0.0,
    "huffington": 0.0,
    "notorieti": 0.14476000777304054,
    "cnn": 0.1995121701975968,
    "lesbian": 0.053339422406298596,
    "liveabl": 0.23997944455600725,
    "huffpost": 0.0,
    "latinx": -0.0,
    "margolin": 0.5256971236379248,
    "aji": 0.5947790847556761,
    "insle": 0.11567433995681259,
    "thisiszerohour": 0.0
  }
}