{
  "qid": "144",
  "query": "Child Development",
  "rank": 8,
  "docid": 5192931,
  "coef": {
    "state": 0.0,
    "societi": 0.26261252091259973,
    "focus": 0.0,
    "support": 0.0,
    "assist": 0.0,
    "earli": 0.0,
    "nation": 0.2436650507269552,
    "name": 0.05053511271523849,
    "addition": 0.02042494242103759,
    "help": 0.1795038230636603,
    "begin": 0.0,
    "next": 0.0,
    "reduc": 0.0,
    "conduct": 0.0,
    "public": 0.0,
    "gener": 0.0,
    "servic": 0.0,
    "includ": 0.11583085031128784,
    "address": 0.0,
    "educ": 0.04196671973641849,
    "number": 0.0,
    "found": 0.026323475883393527,
    "professor": 0.09787094404576034,
    "area": 0.0,
    "work": 0.33057163463781464,
    "american": 0.08465969336800089,
    "youth": 0.0,
    "women": 0.06460370641193684,
    "develop": 0.2263592999190755,
    "career": 0.0,
    "issu": 0.011828826302877446,
    "aim": 0.0,
    "commun": 0.0,
    "princip": 0.0,
    "exampl": 0.0,
    "break": 0.0,
    "life": 0.0,
    "role": 0.0,
    "organ": 0.0,
    "influenc": 0.0,
    "institut": 0.046038121522863566,
    "field": 0.0,
    "children": 0.21928490616667226,
    "1960": 0.0,
    "known": 0.0,
    "direct": 0.0,
    "child": 0.2294240980003068,
    "new": 0.0,
    "contribut": 0.0,
    "effect": 0.08185711109268617,
    "intern": 0.05413224416393138,
    "join": 0.0500584129128977,
    "media": 0.1369381759185678,
    "multipl": 0.0,
    "usag": -0.0,
    "gender": 0.0,
    "member": 0.25677296893345464,
    "studi": 0.11447182471266225,
    "base": 0.0,
    "council": 0.0,
    "soon": 0.062252378751467996,
    "scienc": 0.017249299191470942,
    "achiev": 0.0,
    "associ": 0.053387797953535085,
    "serv": 0.0,
    "human": 0.0,
    "televis": 0.2734932205609569,
    "train": 0.0,
    "mechan": -0.0,
    "templ": -0.0,
    "psychologist": 0.0,
    "psycholog": 0.19200274822019314,
    "appli": 0.0,
    "care": 0.10378129990146041,
    "program": 0.06887616859098152,
    "durat": 0.015849184590000787,
    "recognit": 0.0,
    "numer": -0.0,
    "development": 0.23027200907016993,
    "research": 0.20672714613735016,
    "health": 0.0,
    "outcom": 0.0,
    "univers": 0.339958278963182,
    "investig": 0.29452017012416326,
    "1990": 0.0,
    "special": 0.0,
    "famili": 0.0,
    "affect": 0.0,
    "consequ": 0.0,
    "mental": 0.03011929872170904,
    "employ": -0.0,
    "hope": 0.0,
    "hospit": 0.0,
    "7": 0.0,
    "board": 0.0,
    "receiv": 0.23425652405016892,
    "impact": 0.0,
    "incom": 0.0,
    "ground": 0.0,
    "presid": 0.0,
    "texa": 0.0,
    "spent": 0.0,
    "divis": 0.0,
    "calvert": 0.0,
    "project": 0.0,
    "center": 0.11651210079222771,
    "depart": 0.0,
    "poverti": 0.08607319023942193,
    "1978": 0.06603609525359035,
    "1974": 0.0,
    "1973": 0.0,
    "1965": 0.10631185232680405,
    "1964": 0.0,
    "1963": 0.0,
    "1961": 0.0,
    "visit": -0.0,
    "polici": 0.15653563282596053,
    "pennsylvania": 0.0,
    "reward": -0.0,
    "kansa": 0.0,
    "fellow": 0.0,
    "biographi": 0.0,
    "minnesota": 0.0,
    "theater": 0.05782786520629932,
    "1968": 0.1265249612512524,
    "outstand": 0.0,
    "lifetim": 0.0,
    "faculti": 0.07867994407136845,
    "academi": 0.0,
    "award": 0.3967145794026039,
    "collabor": 0.10544812393140825,
    "director": 0.08371928545646387,
    "1976": 0.018659433313974544,
    "fellowship": 0.0,
    "1988": 0.0,
    "advocaci": 0.0,
    "austin": 0.0,
    "allianc": 0.0,
    "nichola": 0.0,
    "regent": 0.0,
    "emin": 0.0,
    "ph": 0.0,
    "pond": 0.024945341354412374,
    "southwestern": 0.0,
    "huston": 0.2244216618587317,
    "ba": 0.0,
    "stanford": 0.0,
    "advisori": 0.0,
    "emeritu": -0.0,
    "hobb": 0.0,
    "irvin": 0.0,
    "cornel": 0.0,
    "ellen": 0.0,
    "rosemari": 0.0,
    "apa": 0.0,
    "uri": 0.0,
    "priscilla": 0.029661439563406812,
    "hallmark": 0.0,
    "accolad": -0.0,
    "sandra": 0.0,
    "truglio": 0.0,
    "bronfenbrenn": 0.0,
    "predoctor": 0.0,
    "aletha": 0.0,
    "srcd": 0.0,
    "youngberg": 0.0,
    "flawn": 4.464583518869371e-16,
    "nichd": 0.0,
    "wartella": 0.0,
    "critc": -0.0
  }
}