{
  "qid": "126",
  "query": "Political Theory",
  "rank": 4,
  "docid": 2363468,
  "coef": {
    "be": 0.4792219542893055,
    "third": 0.0032851575516423307,
    "discuss": 0.0,
    "think": 0.15019144345111474,
    "list": 0.0,
    "communist": 0.0,
    "right": 0.2172795181607946,
    "opposit": 0.02718624054264127,
    "conflict": 0.2500413748955508,
    "origin": 0.0,
    "cultur": 0.0,
    "seen": 0.0,
    "spectrum": 0.0,
    "support": 0.0,
    "extrem": -0.0,
    "tendenc": 0.0,
    "muslim": 0.20371884333456475,
    "earli": 0.07324138474777579,
    "mai": 0.4025481799035269,
    "nation": 0.0,
    "ukrain": -0.0,
    "philosoph": 0.0,
    "fascist": 0.17525333450124883,
    "countri": 0.0,
    "daniel": 0.13965372081890098,
    "socialist": 0.2596979502689844,
    "us": 0.020583854339792568,
    "propon": 0.0,
    "attack": 0.0,
    "caus": 0.0,
    "differ": 0.2384999174353041,
    "writer": 0.0,
    "includ": 0.0,
    "histori": 0.0,
    "le": 0.0,
    "word": 0.0,
    "later": 0.0,
    "ideolog": 0.28142988589914564,
    "polit": 0.3473924255006732,
    "french": -0.0,
    "view": 0.0,
    "number": 0.0,
    "found": 0.0,
    "world": -0.0,
    "essai": 0.0,
    "de": 0.016290455187372155,
    "closer": 0.0,
    "open": -0.0,
    "come": -0.0,
    "ad": 0.0,
    "term": 0.11307399553022777,
    "school": 0.02466502955776987,
    "critic": 0.0913786222612267,
    "american": 0.09612629747198667,
    "popular": 0.27246271132768085,
    "well": 0.006609135113250855,
    "far": 0.06121212419087079,
    "authoritarian": 0.0,
    "close": 0.0,
    "issu": 0.0,
    "aim": 0.0,
    "group": 0.0,
    "reformist": 0.03720989216535084,
    "democrat": 0.0,
    "exampl": 0.0798707760883214,
    "root": 0.24410954999248516,
    "common": 0.2725162586077445,
    "publish": 0.0,
    "recent": 0.0,
    "end": 0.21926449800295697,
    "institut": 0.0,
    "pierr": 0.0,
    "left": 0.395110569794011,
    "argument": 0.008930636999325043,
    "elit": 0.3287674017653403,
    "see": 0.0020487506400588716,
    "consid": 0.0,
    "specif": 0.0,
    "articl": 0.0,
    "onli": 0.34656825924877227,
    "line": 0.0,
    "new": 0.0,
    "like": 0.0,
    "liber": 0.0,
    "greek": 0.26274736124907094,
    "lectur": 0.0,
    "marx": 0.0,
    "bolshev": -0.0,
    "resurg": 0.04454293425956818,
    "similar": 0.15459794057127865,
    "who": 0.0,
    "posit": 0.0,
    "leftist": 0.0,
    "perspect": 0.0,
    "rise": 0.0,
    "philosophi": 0.0,
    "theori": 0.4309374567618015,
    "wai": 0.0,
    "usag": 0.005474430838184605,
    "share": 0.00010962127362888298,
    "scientist": 0.0,
    "oppos": 0.0,
    "centuri": 0.0033254254665446886,
    "shape": 0.0,
    "reason": 0.14036504739399036,
    "resembl": 0.0,
    "scienc": 0.0,
    "refer": 0.0,
    "point": 0.17941874619906864,
    "book": 0.07669684640236012,
    "compon": -0.0,
    "wrote": 0.0,
    "stalin": 0.3909975671961988,
    "power": 0.0,
    "argu": 0.0,
    "global": 0.35651569054141924,
    "2008": 0.0,
    "modern": 7.4569721326579685e-06,
    "black": 0.0,
    "sens": 0.0,
    "compil": 0.0,
    "martin": 0.0,
    "2015": 2.867632462418217e-05,
    "comparison": 0.0,
    "year": 0.0,
    "side": 0.0,
    "german": 0.0,
    "popul": 0.0,
    "prefer": -0.0,
    "marri": 0.29668981246049897,
    "attribut": -0.0,
    "moder": 0.0,
    "univers": -0.0,
    "pair": 8.927366774735087e-05,
    "jean": 0.0,
    "2018": 0.0,
    "languag": 0.0,
    "polar": 0.0,
    "si": 8.748622951599294e-05,
    "receiv": 0.0,
    "neutral": -0.0,
    "front": 0.0,
    "statu": 0.0,
    "republ": 0.0,
    "senior": 0.0,
    "conserv": 0.0,
    "horsesho": 0.18510047611871772,
    "cite": 0.0,
    "resid": 0.0,
    "jess": 0.0,
    "center": 0.0,
    "2006": 0.0,
    "2002": 0.0,
    "alleg": 0.0,
    "on": 9.590324859208619e-07,
    "compass": 0.0,
    "jew": 0.0,
    "hoover": 0.0,
    "visit": 1.9989973727716972e-05,
    "map": 0.0,
    "linear": 0.0,
    "bell": 0.00027049493838637655,
    "lament": -0.0,
    "assert": -0.0,
    "suppos": 0.0,
    "taylor": 0.0,
    "gravit": 0.0,
    "fellow": 0.0,
    "sociologist": 0.0,
    "ignor": 0.05225322075026661,
    "simon": 0.0,
    "hostil": 0.009666942083484863,
    "regim": 0.4252048291526647,
    "titl": 0.0,
    "germani": 0.0,
    "discours": 0.0,
    "fundament": 0.055266674981617026,
    "overton": -0.0,
    "nietzsch": 0.0,
    "fay": 0.1879591009689055,
    "foe": 0.0,
    "quo": 0.0,
    "nazism": 0.0,
    "contributor": 0.048192643968129445,
    "nolan": -0.0,
    "totalitarian": 0.0,
    "metaphor": 0.0,
    "jeff": 0.0,
    "neoliber": 0.0,
    "analog": 0.0,
    "invok": 0.0,
    "chart": -0.0,
    "window": -0.0,
    "weimar": 0.0,
    "straight": 0.0,
    "continuum": 0.0,
    "hitler": 0.0,
    "propens": 0.0,
    "tank": 0.0,
    "id": 0.0,
    "josef": 0.0,
    "seymour": 0.0,
    "kingston": -0.0,
    "collus": 0.002129950107455214,
    "centrist": 0.0,
    "pluralist": 0.19633851165554486,
    "antisemit": 0.0,
    "cle": 0.09316130421438794,
    "joff": 0.16454519517728414,
    "strasser": 0.21090286523537405,
    "hemicycl": 0.0,
    "choat": 0.4572734935874048,
    "lipset": 0.0,
    "nawaz": 0.0,
    "ologi": 0.014039700942017447,
    "eckhard": 0.16410941344856997,
    "inglehart": 0.0,
    "kyrylo": 0.0,
    "oversimplif": -0.0,
    "vaguest": 0.0,
    "centrism": 0.0,
    "maajid": 0.0,
    "welzel": 0.0,
    "tkachenko": 0.0,
    "eurozin": 0.0
  }
}