{
  "qid": "110",
  "query": "Clean Energy",
  "rank": 6,
  "docid": 2128589,
  "coef": {
    "state": 0.0,
    "conflict": 3.174458980261687e-17,
    "emerg": 0.0,
    "focus": 0.22935712142963147,
    "law": 0.3697350482921528,
    "industri": 0.0,
    "econom": 0.0,
    "defin": 0.0,
    "basic": 0.7112525928889716,
    "fight": 0.0,
    "gener": 0.0,
    "servic": 0.0,
    "includ": -0.2573111418148722,
    "address": -0.0,
    "histori": 0.0,
    "legal": 0.9598342854876118,
    "area": 0.18810159800484527,
    "term": 0.34446069059822354,
    "follow": 0.0,
    "octob": 0.0,
    "chang": 0.0,
    "land": 0.0,
    "creation": 0.0,
    "develop": 1.2144523382380386,
    "environment": 0.0,
    "issu": 0.0,
    "feder": 0.0,
    "break": 0.0,
    "down": 0.0,
    "field": 0.0,
    "set": 0.0,
    "see": 0.0,
    "consid": 0.0,
    "ownership": 0.0,
    "new": 0.6696343102724055,
    "like": 0.0,
    "green": 0.0,
    "multipl": 0.0,
    "first": 0.0,
    "properti": -0.0,
    "social": 0.0,
    "natur": 0.8757807067047739,
    "tradit": 0.0,
    "intellectu": -0.0,
    "strategi": 0.0,
    "ethic": 0.546825118684506,
    "divers": 0.0,
    "technolog": 0.8822643045409979,
    "genom": 0.0,
    "liabil": 1.2163437209555503,
    "side": 0.0,
    "environ": 0.0,
    "pollut": 0.0,
    "licens": 0.0,
    "materi": 0.35772856442811707,
    "sustain": 0.0,
    "model": 0.9399518829888639,
    "advanc": 0.7440170681686663,
    "air": 0.0,
    "job": 1.3921226330095557,
    "rang": 0.0,
    "resourc": 0.4856318761245282,
    "1990": 1.309540071045292,
    "now": 0.0,
    "10": 7.019208486488603e-17,
    "infanc": 0.9311843498186904,
    "categori": 0.0,
    "surround": 0.6135899447285409,
    "litig": 0.0,
    "commerci": 0.0,
    "water": 0.0,
    "addit": 0.597152161998004,
    "climat": 0.7089844213191256,
    "panel": 0.0,
    "energi": 0.1930280659249385,
    "solar": 0.0,
    "clean": 0.0,
    "abbrevi": 0.9328358563295698,
    "corpor": 0.02928358343986458,
    "protect": 0.4863531627206083,
    "convent": 0.0,
    "busi": 0.14204164107773823,
    "infrastructur": 0.0,
    "manufactur": 0.0,
    "legisl": 0.5766993919226645,
    "frontier": 0.0,
    "agricultur": 0.0,
    "wast": 0.0,
    "short": 0.0,
    "edg": 0.5470773178454307,
    "transport": 0.2981518756441331,
    "cut": 0.01755511807564423,
    "polici": 0.0,
    "patent": 0.0,
    "pose": 0.4172304153965959,
    "familiar": 0.10461585148555237,
    "renew": 0.214280214770858,
    "contempl": 0.0,
    "insepar": 0.0,
    "effici": 0.0,
    "vagu": 0.4460188299320482,
    "recycl": 0.0,
    "revolv": 0.0,
    "sector": -0.0,
    "synthet": 0.0,
    "storag": 0.0,
    "substant": 0.4867598045834534,
    "transact": 0.0,
    "glare": -0.0,
    "discret": 0.0,
    "tech": 1.081417877309882,
    "xinhua": 0.0,
    "placement": 0.05485843132349725,
    "regulatori": 0.0,
    "wastewat": 0.0,
    "cleantech": 0.0,
    "landus": 0.0
  }
}