{
  "qid": "144",
  "query": "Child Development",
  "rank": 0,
  "docid": 5394519,
  "coef": {
    "list": -0.0,
    "current": 0.0,
    "lead": 0.0,
    "organis": 0.05340776592895891,
    "benefit": 0.0,
    "emerg": 0.0,
    "exist": 0.0,
    "seek": 0.0,
    "north": 0.0,
    "earli": 0.0,
    "nation": 0.5056422698002658,
    "econom": 0.0,
    "us": 0.4287612677010315,
    "tool": 0.0,
    "public": 0.0,
    "target": 0.5118208983193357,
    "includ": 0.0,
    "address": 0.281521771842177,
    "later": 0.0,
    "descript": 0.0,
    "educ": 0.25667587041283907,
    "import": 0.0,
    "perform": 0.0,
    "oper": 0.0,
    "area": 0.0,
    "emot": 0.0,
    "work": 0.05145176469962538,
    "larg": 0.0,
    "experi": 0.0,
    "guid": 0.0,
    "america": 0.0,
    "develop": 0.5013638967311038,
    "learn": 0.0,
    "govern": -0.0,
    "feder": 0.0,
    "group": 0.2256991981942814,
    "lack": 0.0,
    "act": 0.05444921069994553,
    "time": 0.0,
    "life": 0.0,
    "regul": 0.37185842870309826,
    "plan": 0.0,
    "plai": 0.0704543356253568,
    "recent": 0.0,
    "children": 0.2078319001050752,
    "set": 0.0,
    "particip": 0.0,
    "equal": 0.0072493626997459275,
    "child": 0.203133049476431,
    "goal": 0.0,
    "who": 0.0,
    "accord": 0.0,
    "practic": 0.02830981071264462,
    "futur": 0.24452344290441164,
    "posit": 0.0,
    "first": 0.0,
    "activ": 0.0057381990546830075,
    "distribut": 0.0013497098972133487,
    "unit": 0.3083942196263914,
    "social": 0.0,
    "individu": 0.0,
    "basi": 0.0,
    "accept": 0.0,
    "global": 0.0,
    "meet": 0.0,
    "hand": 0.0,
    "pediatrician": 0.0,
    "train": 0.0,
    "size": 0.0,
    "comparison": 0.0,
    "cost": 0.0,
    "case": 0.0,
    "year": 0.0,
    "care": 0.30347502720845654,
    "licens": 0.0,
    "wash": -0.0,
    "cognit": 0.0,
    "parent": 0.0,
    "identifi": 0.009655451224162205,
    "supervis": -0.0,
    "sustain": -0.0,
    "program": 0.0,
    "adequ": 0.21602749133689553,
    "indic": 0.3636946400285275,
    "guidelin": 0.0,
    "teacher": 0.0,
    "ratio": 0.0,
    "recogn": 0.0,
    "childhood": 0.0414716550904401,
    "univers": 0.0,
    "improv": -0.0,
    "link": 0.0,
    "famili": 0.0,
    "medic": 0.0,
    "report": 0.3063511430904959,
    "opportun": 0.3231672075438089,
    "deliv": 0.0,
    "skill": 0.14429783249085562,
    "consist": 0.37240134932932073,
    "qualiti": 0.08957165074111044,
    "immun": 0.0,
    "design": 0.48408519188889926,
    "safeti": 0.0,
    "standard": 0.1500009023901251,
    "fund": 0.0,
    "requir": 0.2777611067499197,
    "receiv": 0.0024548541362831764,
    "substanc": 0.0,
    "fire": 0.0,
    "cross": 0.0,
    "expert": 0.0,
    "project": 0.0,
    "center": 0.06892471546363971,
    "provid": 0.0,
    "facil": 0.0,
    "access": 0.5896610418495636,
    "polici": 0.08619790156041299,
    "compens": 0.030803175679812292,
    "staff": 0.12221364966356921,
    "abus": 0.0,
    "drill": 0.0,
    "ensur": 0.0,
    "director": 0.33978783840869653,
    "qualif": 0.09020597793211034,
    "advocaci": 0.0,
    "millennium": 0.0,
    "curriculum": 0.0,
    "toxic": 0.0,
    "ongo": 0.0,
    "barrier": 0.0,
    "playground": 0.0,
    "oecd": -0.0,
    "diaper": -0.0,
    "ecec": 0.0
  }
}