{
  "qid": "116",
  "query": "Malnutrition",
  "rank": 7,
  "docid": 3462517,
  "coef": {
    "be": 0.0,
    "can": 0.0,
    "countri": 0.0,
    "caus": 0.0,
    "basic": -0.0,
    "includ": 0.0,
    "polit": 0.0,
    "sever": 0.0,
    "fix": 1.17510887494876,
    "lack": 0.2628810001391857,
    "organ": 0.0,
    "end": 1.0913543990283419,
    "children": 0.39124901497545744,
    "non": 1.6373810791288796,
    "problem": 0.0,
    "continu": 0.0,
    "human": 2.8283192327436053,
    "8": -0.0,
    "diseas": 0.0,
    "alon": 0.6341196992799797,
    "widespread": 1.3068788611474378,
    "food": 2.5106157691049935,
    "000": 0.6841725265518154,
    "resolut": -0.0,
    "12": 0.0,
    "near": 1.377346242275566,
    "deep": 0.0,
    "politic": 0.0,
    "turner": -0.0,
    "poverti": 1.1016847680779274,
    "southern": 0.0,
    "suffer": 1.0298628181663712,
    "malaria": 0.0,
    "aid": 2.230829821789355,
    "tuberculosi": 1.5567549920058356e-14,
    "fortif": 1.6063163356681969,
    "africa": 0.0,
    "government": 0.0,
    "overview": 0.0,
    "hiv": 0.3581220588101807,
    "malnutrit": 0.863972604661999,
    "zimbabw": 2.7185669951172415,
    "ngo": 0.0,
    "susten": 0.13459248310885918,
    "zimbabwean": -0.27731073175249643,
    "unend": 0.0,
    "malnourish": 0.0
  }
}