{
  "qid": "136",
  "query": "Visual Journalism",
  "rank": 3,
  "docid": 595966,
  "coef": {
    "list": 0.0,
    "societi": 0.0,
    "can": 0.8897745445777595,
    "system": 0.23127917257743072,
    "journal": 0.4053102838301378,
    "debat": -0.0,
    "name": 0.0,
    "concern": 0.0,
    "task": 0.3435560885620334,
    "includ": -0.0,
    "call": 0.0,
    "exclus": 0.0,
    "area": 0.0,
    "work": -0.0,
    "percept": 0.4554258255603646,
    "america": -0.0,
    "well": 0.0,
    "commun": 0.6139006804081285,
    "consciou": 1.6744190056519936,
    "process": 0.0,
    "organ": 0.043632139660811003,
    "see": 0.0,
    "non": 2.4330096057965604e-05,
    "overlap": 0.009030264491916736,
    "vision": 0.7707797218726616,
    "effect": 6.120604480620904e-06,
    "user": -0.0,
    "illus": -0.0,
    "scientist": 0.0,
    "studi": 0.03257882260532507,
    "scienc": 0.17583188698580762,
    "especi": 0.0,
    "human": 0.7601453826754191,
    "brain": 0.0,
    "physic": 0.9289552878956303,
    "psycholog": 0.7132954194536232,
    "disciplin": 0.049375294960331294,
    "cognit": -0.0,
    "neuropsycholog": 0.0,
    "ey": -0.0,
    "previous": 0.0,
    "research": 0.0,
    "visual": 0.0873434437449226,
    "primari": -0.0,
    "sensat": 0.0,
    "data": 1.0885008033135524,
    "clinic": -0.0,
    "rel": -0.0,
    "factor": 0.0,
    "scientif": -0.0,
    "intellig": -0.0,
    "design": -0.0,
    "exploit": 0.0,
    "artifici": 0.5698945621857276,
    "color": 0.0043925756574775526,
    "optic": 0.7794350307413033,
    "graphic": 1.4490629042465706,
    "comput": -0.0,
    "optometri": 0.2986328878656886,
    "engin": 0.0,
    "predominantli": 0.26548153073170955,
    "encompass": 1.1551134358615303,
    "span": 0.38111188804672896,
    "linguist": -0.0,
    "cortex": -0.0,
    "etholog": -0.0,
    "physiolog": 1.7277826137667727,
    "interfac": -0.0,
    "pertin": 0.0,
    "ergonom": 0.6176575440284594,
    "neurosci": 0.4086755500251657,
    "constanc": 0.0,
    "psychophys": 0.12256835550154328,
    "ophthalmolog": -0.0,
    "ophthalm": -0.0,
    "opo": 0.0,
    "iov": 0.0,
    "biopsycholog": 0.0,
    "ipercept": 0.0
  }
}