{
  "qid": "123",
  "query": "Currency",
  "rank": 5,
  "docid": 4103592,
  "coef": {
    "major": -0.0,
    "current": 0.0,
    "currenc": 0.48367976309894306,
    "market": 0.4139152010733772,
    "can": 0.0,
    "platform": 0.26286456779062034,
    "movement": 0.30452293865837665,
    "order": 5.183147628887822e-15,
    "econom": 0.0,
    "us": -0.0,
    "pre": -0.0,
    "defin": -0.0,
    "basic": 0.0,
    "strong": 0.345143315289288,
    "call": 0.48860303698231305,
    "reflect": 0.0,
    "perform": 0.4418010130567076,
    "reaction": 0.3024095668870918,
    "due": 0.22374955816692524,
    "trade": -0.0,
    "kind": 0.33145717929472907,
    "repres": 0.23878982356868314,
    "interest": 0.02240393913288841,
    "whole": 0.09590147783744427,
    "group": -0.0,
    "exampl": 0.5116076322644489,
    "abl": 0.16538829618955597,
    "relat": 0.0,
    "see": 0.21323303844647512,
    "method": 0.0,
    "express": 0.0,
    "determin": 0.0005756736223504516,
    "move": 0.0,
    "decreas": -0.0,
    "idea": 0.0,
    "base": 0.0,
    "refer": 0.0,
    "combin": 0.0,
    "power": 0.0,
    "valu": 0.0,
    "hard": -0.0,
    "happen": 0.0,
    "across": 0.0,
    "absolut": 0.0,
    "screen": 0.0,
    "materi": -0.0,
    "correl": 0.0,
    "indic": 0.7144216325178875,
    "look": 0.12321565856844752,
    "percentag": -0.0,
    "rate": 0.10150976473992995,
    "observ": 0.0,
    "typic": 0.0,
    "data": 0.0,
    "90": 0.20916240185685273,
    "instrument": 0.0,
    "rel": 0.0,
    "factor": 0.6063008773080251,
    "analysi": -0.0,
    "pair": -0.0,
    "grow": -0.0,
    "know": 0.21928702617168314,
    "visibl": 0.08566731593536973,
    "index": 0.4080560670610481,
    "balanc": -0.0,
    "calcul": 0.6981860377388651,
    "oil": 0.0,
    "sum": 0.6151911970167917,
    "print": 0.0,
    "trader": 0.22466096272231195,
    "dollar": 0.2424258080231016,
    "financi": 0.0385099702387425,
    "compani": 0.0,
    "monei": 0.0,
    "purchas": 0.0,
    "weak": 0.43503923084992757,
    "sell": 0.0,
    "bui": 0.0,
    "strength": 0.0,
    "choos": 0.07816598078215725,
    "gold": 0.0,
    "easili": 0.0,
    "fundament": 0.0,
    "economist": 0.0,
    "analyt": 0.0,
    "volum": -0.01167004459977483,
    "technic": -0.0,
    "valuabl": 0.03505930514356682,
    "trend": 0.08464741600984461,
    "altogeth": 0.0,
    "chart": 0.0,
    "basket": -0.0,
    "flow": -0.0,
    "raw": -0.0,
    "graph": 0.0,
    "cad": 0.0,
    "aud": 0.0,
    "forex": 0.228555926602571,
    "uptrend": 0.009992769169177566
  }
}