{
  "qid": "136",
  "query": "Visual Journalism",
  "rank": 9,
  "docid": 2832135,
  "coef": {
    "theoret": 0.0,
    "journal": 0.5737178949619859,
    "st": 0.0,
    "basic": 0.0,
    "review": -0.0,
    "place": 3.068889943005692,
    "peter": 2.2148133100337826,
    "accord": 0.0,
    "extern": 0.6223620629584631,
    "60": 0.0,
    "peer": -0.0,
    "cover": 1.4384579948634386,
    "research": 0.0,
    "visual": 0.0,
    "univers": 3.8270637614830805,
    "link": 2.6528108050492967,
    "report": 0.0,
    "factor": 1.8670980884403094,
    "scientif": 0.0,
    "3": 0.0,
    "impact": 1.3568026612766357e-13,
    "chief": 0.0,
    "13th": 0.0,
    "washington": 0.0,
    "2019": 1.9041722633798797,
    "editor": 0.0,
    "experiment": 1.4542562157685732,
    "loui": 0.0,
    "citat": 0.0,
    "neurosci": 3.792896110933404,
    "139th": 0.19984753357214635,
    "271": 0.0,
    "ophthalmolog": 0.003905591655029096,
    "lukasiewicz": 0.08734068882279451
  }
}