{
  "qid": "126",
  "query": "Political Theory",
  "rank": 1,
  "docid": 501747,
  "coef": {
    "self": 0.0,
    "ration": 0.0,
    "focus": 0.0,
    "theoret": 0.06150482762875265,
    "can": 0.0,
    "system": -0.46783974754766355,
    "nation": 0.004112057817755381,
    "predict": 0.0,
    "law": 0.0,
    "us": 0.0,
    "differ": 0.0,
    "public": 0.0,
    "rule": 0.03366910609258174,
    "polit": 0.4954502700718334,
    "allow": 0.0,
    "perform": 0.0,
    "principl": 0.0031876153675920228,
    "involv": 0.00113338226497354,
    "formal": 0.0,
    "guid": 0.0017975574741736662,
    "interest": 0.0,
    "choic": 0.0,
    "group": 0.0,
    "william": 0.7455059640429332,
    "democrat": -0.0,
    "plai": 0.0011255295893321906,
    "influenc": 0.0,
    "institut": 0.8934258368150122,
    "field": 0.0,
    "elit": 0.0,
    "see": 0.0,
    "method": 0.7968601077778035,
    "collect": 0.0,
    "equal": 0.0007446156508111265,
    "determin": 0.691618956212799,
    "posit": -0.0,
    "result": 0.0,
    "theori": 0.495209543726534,
    "distribut": 0.0,
    "social": 0.0,
    "individu": 0.2924408756942568,
    "member": 0.657258238803963,
    "studi": 0.40335560141444954,
    "founder": 0.0,
    "base": 0.9118358906093669,
    "give": 0.17253087017735338,
    "book": 0.0,
    "power": 0.9408557038625077,
    "statist": 0.4610276239038754,
    "parti": 0.12364251345703813,
    "mechan": 0.2960442532860542,
    "appli": 0.7160429495911448,
    "model": 0.0,
    "agent": 0.03196436063289204,
    "interact": 0.7945743215103301,
    "research": 0.0001217565269810616,
    "outcom": 0.36115715693755074,
    "analyz": 0.13334395501910737,
    "game": 0.8531244190453393,
    "assumpt": 0.0,
    "analysi": 0.18266188077528422,
    "given": 0.0,
    "addit": 0.06659298597197981,
    "coalit": 0.0,
    "identif": 0.0,
    "vote": -0.0,
    "iron": 0.0,
    "1962": 0.0,
    "permit": 0.0,
    "actor": 0.0,
    "delib": 0.0,
    "axiomat": 0.7371949709678774,
    "oligarchi": 0.0,
    "unevenli": 0.0,
    "persuas": 0.0,
    "explanatori": 0.0,
    "asymmetr": 0.2622541376614359,
    "equilibrium": 0.7546830871738204,
    "contextu": 0.0,
    "bargain": 0.36363633342308127,
    "ppt": 0.6283936290914391,
    "riker": 0.3859881388318082
  }
}