{
  "qid": "57",
  "query": "term service agreement definition",
  "rank": 0,
  "docno": "8344322",
  "coef": {
    "onli": 0.0,
    "can": -1.8163584302196416,
    "undertak": 0.7867030055273541,
    "parti": -6.095626354842686,
    "servic": 5.897311036158628,
    "term": -11.699725435450649,
    "sign": 4.76137864296137,
    "detail": -0.0,
    "side": -2.4474974287478504,
    "person": -4.040051787968291,
    "condit": 1.4732870648601653,
    "busi": 0.2995230085056684,
    "employ": -4.220717811682645,
    "agreement": 13.459383841573937,
    "agre": 5.788959359326502,
    "specifi": -2.7185830791873546,
    "employe": -3.6638557919625567,
    "bond": -4.351692589391373,
    "express": -2.278417392675542,
    "bind": -0.41191444584281206,
    "explicit": -0.0
  }
}