{
  "qid": "140",
  "query": "Artificial Intelligence and Machine Learning",
  "rank": 3,
  "docid": 2057591,
  "coef": {
    "be": 0.16496628000874827,
    "action": -0.0,
    "market": 0.68872968421933,
    "attempt": 0.4664446149524186,
    "can": 0.9023784837856659,
    "platform": 0.20329279370273837,
    "help": 0.0,
    "section": 0.6977193850946886,
    "segment": 0.0,
    "us": -0.0,
    "concept": 0.0,
    "taken": -0.0,
    "differ": 0.0,
    "tool": 0.0,
    "target": -0.0,
    "prevent": 0.0,
    "facilit": 0.01621592753963853,
    "take": 0.0,
    "call": 0.0,
    "form": 0.4953605529224829,
    "perform": 0.24556359577110987,
    "principl": -0.07879466775840023,
    "messag": 0.0,
    "term": 0.20509863450656451,
    "kei": 0.0,
    "enabl": 0.0,
    "digit": 0.4662535385473869,
    "percept": -0.0,
    "well": 0.7596141008862949,
    "learn": 0.5222638473527726,
    "affili": -0.0,
    "aim": 0.0,
    "commun": 0.7158812132165115,
    "act": 0.17186107410831244,
    "role": 0.4726654475407542,
    "plai": 0.27019986041405414,
    "influenc": 0.2354843075515253,
    "find": 0.19406979166589297,
    "network": 0.23935717892377886,
    "relat": 0.043559715216456615,
    "set": 0.07120363231693047,
    "see": 0.0,
    "collect": 0.0646474615686468,
    "understand": 0.0,
    "mobil": 0.0,
    "space": 0.0,
    "goal": 0.08093219297697637,
    "media": -0.0,
    "web": 0.0,
    "shown": 0.0,
    "activ": 0.0,
    "part": 0.6421166167849659,
    "social": -0.0,
    "decis": 0.6393253794715023,
    "reason": 0.0,
    "base": 0.09747561011462508,
    "scienc": 0.09013313982803216,
    "refer": -0.2264214948367907,
    "achiev": 0.0,
    "suggest": 0.0,
    "statist": 0.0,
    "technolog": 0.682473164674272,
    "human": 0.4210757394179203,
    "ultim": 0.1748848888836705,
    "onlin": -0.0,
    "techniqu": 0.30913328080047814,
    "scale": 0.0,
    "stage": 0.0,
    "context": 0.0,
    "adapt": 0.0,
    "appli": 0.1725418927713079,
    "cognit": 0.0,
    "model": 0.7793122727825222,
    "prospect": 0.8043961383246918,
    "advanc": 0.2804563075039887,
    "data": 0.15737381616911528,
    "behavior": 0.6138966106164051,
    "improv": -0.0,
    "step": 0.06748043930041375,
    "intellig": 0.35954703867863513,
    "reach": 0.19171689396112385,
    "bia": 0.0,
    "trigger": 0.0,
    "receiv": 0.32445966113326663,
    "artifici": -0.0,
    "eventu": 0.384601842893818,
    "content": 0.0,
    "comput": 0.016819242471433772,
    "custom": 0.2757127266168266,
    "gather": 0.0,
    "resid": 0.0,
    "captur": 0.7493497763143493,
    "purchas": -0.0,
    "advertis": 0.0,
    "cycl": 0.996036518249976,
    "transform": 0.0,
    "driven": 0.0,
    "machin": 0.0,
    "analyt": 0.4198873945862347,
    "sort": 0.012088490089607747,
    "effici": -0.0,
    "explicit": 0.0,
    "incent": 0.0,
    "databas": 0.0,
    "implicit": 0.0,
    "insight": 0.0,
    "algorithm": 0.2187849576040132,
    "leverag": 0.0,
    "bayesian": 0.0,
    "email": 0.0,
    "unsupervis": 0.0,
    "offlin": 0.22702638735552927
  }
}