{
  "qid": "104",
  "query": "Business Leaders",
  "rank": 3,
  "docid": 3559541,
  "coef": {
    "list": -0.0,
    "current": 0.0,
    "opposit": 0.12921294161637767,
    "debat": 0.0,
    "order": 0.0,
    "taken": 0.0,
    "respons": 0.0,
    "call": 0.0,
    "manag": 0.28328437263815304,
    "come": 0.0,
    "follow": 0.0,
    "larg": 0.0,
    "repres": 0.0,
    "duti": 0.0,
    "govern": 0.0,
    "act": 0.0,
    "time": 0.47706623386365343,
    "plai": 0.19781272921236373,
    "see": 0.0,
    "onli": 0.0031910506216857697,
    "leader": 0.29438820814185857,
    "mark": 0.0,
    "john": 0.0,
    "who": 0.028677683302414894,
    "posit": 0.02981860286519828,
    "offici": 0.14249565139190767,
    "member": 0.0,
    "refer": 0.0,
    "hous": 0.5260924291635887,
    "serv": 0.0,
    "leav": 0.0,
    "shadow": 0.0,
    "topic": 0.17503786278191436,
    "item": 0.033031942636671315,
    "busi": 0.2508619883624583,
    "bill": 0.2669561018626773,
    "longest": 0.0,
    "1974": 0.0,
    "senat": 0.404818757291605,
    "went": 0.31761511252632,
    "appoint": 0.0,
    "negoti": 0.4842540895202604,
    "proceed": 0.0,
    "toni": 0.0,
    "australia": -0.0,
    "julia": 0.0,
    "australian": 0.08714430034598451,
    "holder": 0.11817027642385894,
    "howard": 0.0,
    "prime": 0.0,
    "ministri": 0.0,
    "conting": 0.0,
    "minist": -0.0,
    "absent": 0.0,
    "allot": 0.0,
    "deputi": 0.45070903148404723,
    "burk": 0.2098470269043487,
    "dreyfu": 0.0,
    "gillard": 0.12294215843344787
  }
}