{
  "qid": "136",
  "query": "Visual Journalism",
  "rank": 8,
  "docid": 3400636,
  "coef": {
    "state": 2.6599225753571796,
    "peopl": 0.0,
    "journal": 1.263492470880577,
    "mai": -0.0,
    "histori": 0.0,
    "american": 2.2263563786154172,
    "art": 0.8759326010006746,
    "america": 0.0,
    "review": 0.0,
    "academ": 0.0,
    "unit": 0.0,
    "refer": -0.0,
    "peer": 0.0,
    "visual": 0.0,
    "rock": 0.0,
    "2007": 0.0,
    "indigen": 0.0,
    "paint": 1.6770142067624183,
    "album": 0.0,
    "indi": 0.0
  }
}