{
  "qid": "106",
  "query": "Climate Change Activists",
  "rank": 7,
  "docid": 5815097,
  "coef": {
    "be": 0.09762359295958661,
    "state": 0.2900498244653464,
    "possibl": 0.01992100736468145,
    "action": 0.3585337990148086,
    "right": 0.0,
    "lead": 0.0,
    "peopl": 0.37841678649117516,
    "focus": -0.0,
    "believ": 0.004745808163746059,
    "nation": 0.0,
    "name": 0.23986625447360407,
    "creat": 0.0,
    "stabl": 0.0,
    "help": 0.0,
    "order": 0.0,
    "us": 0.0,
    "concern": 0.0,
    "next": 0.0,
    "taken": 0.0,
    "fight": 0.282836181947224,
    "write": 0.0,
    "respons": 0.004301657728165548,
    "public": 0.26431414305386625,
    "gener": 0.35467450375195053,
    "includ": 0.0,
    "educ": 0.0,
    "call": 0.0,
    "found": -0.20312144183828953,
    "world": 0.2056118282306741,
    "reaction": 0.0,
    "ag": 0.09666055605053066,
    "need": 0.0,
    "try": 0.0,
    "involv": 0.004100284620227931,
    "messag": 0.0,
    "term": -0.0,
    "follow": 0.0,
    "american": 0.0,
    "youth": 0.342323289670729,
    "experi": 0.4166079365155692,
    "chang": 0.07286649315874383,
    "women": -0.0,
    "america": 0.0,
    "land": 0.0,
    "govern": 0.0,
    "environment": 0.0,
    "issu": 0.1778995753264992,
    "group": 0.21055136904311753,
    "lack": 0.0,
    "commun": 0.3313051375730633,
    "abl": -0.0,
    "time": 0.21379613924823584,
    "justic": 0.0,
    "organ": 0.26033764701819273,
    "non": 0.0,
    "saw": 0.07004625861705271,
    "constitut": 0.0,
    "impli": 0.03309272787848742,
    "gain": 0.0,
    "mass": 0.0,
    "intern": 0.0,
    "goal": 0.4167288200265151,
    "media": 0.0,
    "class": 0.0,
    "first": 0.0,
    "offici": 0.0,
    "post": 0.0,
    "activ": 0.0,
    "part": 0.0,
    "individu": 0.0,
    "claim": 0.0,
    "member": 0.0,
    "person": 0.0,
    "basi": 0.2704939296866866,
    "soon": 0.1110463194570813,
    "dai": 0.0,
    "execut": 0.2808723861804665,
    "global": 0.0,
    "activist": 0.21622383666412914,
    "voic": 0.0,
    "serv": 0.12914335729156187,
    "happen": 0.0,
    "human": 0.0,
    "younger": 0.0,
    "put": 0.0,
    "case": 0.0,
    "environ": 0.18346036564716386,
    "identifi": 0.0,
    "focu": 0.0,
    "background": 0.0,
    "face": 0.0,
    "ask": 0.0,
    "health": 0.1904333583415938,
    "air": 0.007815923397647776,
    "explain": 0.0,
    "25": -0.0,
    "15": 0.0,
    "14": 0.0,
    "10": 0.0,
    "surround": 0.0,
    "speak": 0.2610106220629018,
    "hour": 0.10764277910558302,
    "2018": 0.22440834905690107,
    "2016": 0.0,
    "hope": 0.0,
    "water": 0.031339752064931066,
    "zero": 0.0,
    "greenhous": 0.26461073256260476,
    "planet": 0.014585857489971907,
    "climat": 0.36737062007561416,
    "ga": 0.03369012468977264,
    "panel": 0.0,
    "emiss": 3.7016746724679685e-17,
    "clean": 0.03811196767743559,
    "written": 0.437907807707971,
    "inact": 0.0,
    "governor": 0.0,
    "corpor": 0.0,
    "washington": 0.0,
    "magazin": -0.0,
    "decemb": 0.0,
    "2017": 0.382444774136856,
    "2001": 0.0,
    "septemb": 0.0,
    "2019": 0.0,
    "su": 0.0,
    "jewish": 0.0,
    "wast": -0.0,
    "hurrican": 0.07238969893103102,
    "lawsuit": 0.23655583365255112,
    "21": 0.0019515882124652977,
    "access": 0.0,
    "born": 0.0,
    "testifi": 0.11980976106397892,
    "profit": 0.0,
    "teen": 0.046434396100711706,
    "statement": 0.0,
    "combat": 0.0,
    "deni": 0.0,
    "dedic": 0.0,
    "crisi": 0.26863300408285645,
    "openli": 0.0,
    "director": 0.0,
    "nadia": 0.0,
    "maria": 0.0034305445142811465,
    "jai": 0.0,
    "junior": 0.0,
    "mission": 0.0,
    "teenag": -0.0,
    "vogu": 0.16980230586569878,
    "jami": 0.0,
    "ink": 0.0,
    "nazar": 0.0,
    "wildfir": 0.0,
    "rico": 0.0,
    "puerto": 0.0,
    "garner": 0.15839199376736157,
    "outlet": 0.0,
    "lgbt": 0.0,
    "huffington": 0.0,
    "notorieti": 1.1609662448534517e-16,
    "cnn": 0.5037258923587314,
    "lesbian": 0.0,
    "liveabl": 0.014645525889227268,
    "huffpost": 0.0,
    "latinx": 0.0,
    "margolin": 0.45475938888253287,
    "aji": 0.06675229962445979,
    "insle": 0.0,
    "thisiszerohour": 0.0
  }
}