{
  "qid": "145",
  "query": "Finance",
  "rank": 7,
  "docid": 5140628,
  "coef": {
    "mai": 0.0,
    "trade": 0.0,
    "build": -0.0,
    "follow": 0.0,
    "rose": 0.0,
    "see": 0.0,
    "intern": 0.3028207924887454,
    "refer": 0.0,
    "bank": 0.004589156717628604,
    "rock": 0.0,
    "centr": 0.2590161975927187,
    "center": 0.04588218576599089,
    "financi": -0.0,
    "station": 0.08595877142565968,
    "financ": 0.4667286692880682,
    "commerc": 0.7447567092890006,
    "kong": 0.0,
    "hong": -0.0,
    "hub": 0.0,
    "shanghai": 0.0,
    "busan": 0.0,
    "seoul": -0.0,
    "offshor": 0.0,
    "ifc": 0.3697282929517235,
    "ping": 0.0,
    "shenyang": 0.0,
    "guangzhou": 0.08069725340182593,
    "marriott": -0.0,
    "suzhou": 0.0,
    "chongq": 0.0,
    "jw": -0.0
  }
}