{
  "qid": "103",
  "query": "European Novelists",
  "rank": 7,
  "docid": 1408881,
  "coef": {
    "bed": 0.3695057367050389,
    "journal": 0.5412871898795502,
    "world": 0.9862322374682805,
    "william": 0.0,
    "author": 1.6769537347513548,
    "novelist": 1.4326917885459654,
    "english": 2.012375572345047,
    "1920": 0.16264585040764976,
    "introduc": 1.273596819983709,
    "frequent": 1.372605572455699,
    "european": 1.3711139877413132,
    "london": 1.0353794202184239,
    "philip": 0.01724511291800205,
    "poet": 0.0,
    "samuel": 1.5851729313338792,
    "editor": 0.9974078643003622,
    "1930": 0.8160517618400901,
    "owen": 0.013848020331691137,
    "edit": 0.00012151261195430587,
    "literari": 0.004161755627881625,
    "jack": 0.0020138273124257716,
    "contributor": 0.0,
    "novel": 0.0,
    "aphrodit": 0.0,
    "jacob": 0.1032563158575953,
    "caravan": 0.0,
    "beckett": 0.0,
    "lindsai": 0.0,
    "putnam": 0.0024658186671715383,
    "antholog": 0.0,
    "landladi": 1.283056924063118,
    "bronowski": 0.0,
    "empson": 0.0,
    "hobohemian": 0.0,
    "breaksfast": 0.3412826791974738
  }
}