{
  "qid": "129",
  "query": "Folk Music",
  "rank": 5,
  "docid": 5946403,
  "coef": {
    "emerg": 0.0,
    "mai": 0.0,
    "movement": 1.1022935488691177,
    "mid": 0.7586132176837004,
    "20th": 1.6286941152140002e-14,
    "music": 1.4091355413375943,
    "far": 0.7788054388686707,
    "wide": 1.2267374649674336,
    "contemporari": -0.0,
    "centuri": 1.44608589150092,
    "tradit": -0.0,
    "refer": 0.0,
    "band": 0.0,
    "east": 0.0,
    "varieti": 0.0,
    "hand": 0.009633653616176224,
    "show": 0.0,
    "genr": 0.9198097901161975,
    "album": 1.0948197817033964,
    "folk": 0.0
  }
}