{
  "qid": "128",
  "query": "Racing",
  "rank": 8,
  "docid": 3347292,
  "coef": {
    "organis": 0.0,
    "resolv": 0.0,
    "can": 0.0,
    "differ": 0.0,
    "take": 0.19658072518733444,
    "rule": 0.04442824294608971,
    "later": 0.0,
    "event": 0.0,
    "form": 0.0,
    "import": 0.0,
    "world": -0.0,
    "normal": 0.0,
    "area": 0.0,
    "distanc": 0.0,
    "involv": -0.0,
    "contrast": 0.0,
    "long": 0.0,
    "america": 0.0,
    "complet": -0.0,
    "issu": 0.0,
    "time": 0.07147685524401391,
    "protest": 0.0,
    "common": 0.09532723667298017,
    "cours": 0.0,
    "place": 0.0,
    "set": 0.05721647441080313,
    "specif": 0.0,
    "featur": 0.01073609010562696,
    "who": 0.0002656328322527027,
    "tactic": 0.0006696530740316493,
    "class": 0.1329308388354931,
    "made": 0.006161187321107093,
    "basi": 0.1383065340265626,
    "give": 0.0,
    "2008": 0.0,
    "seri": 0.0,
    "occur": 0.0,
    "altern": 0.0,
    "hand": 0.13297272241318017,
    "consider": 0.005594079076391393,
    "outcom": 0.0,
    "supplement": 0.0,
    "race": 0.24055055236670078,
    "adjust": 0.0,
    "factor": 0.0,
    "start": 0.0,
    "design": 0.058772185738930144,
    "2007": 0.0,
    "match": -0.0,
    "ocean": 0.0,
    "geograph": 0.011658996276520587,
    "format": 0.0,
    "cup": 0.0,
    "huge": 0.0,
    "enforc": 0.0,
    "speed": 0.0,
    "team": -0.0,
    "competit": 0.0,
    "length": 0.0,
    "penalti": 0.046052375153195095,
    "eleven": 0.0,
    "island": 0.0,
    "short": 0.0,
    "boat": 0.226266789218046,
    "strateg": 0.0,
    "gold": 0.0,
    "finish": 0.0,
    "faster": 0.0,
    "heard": 0.0,
    "voluntarili": 0.0,
    "olymp": 0.0821046369151118,
    "ben": 0.0,
    "handicap": 0.0,
    "sailor": 0.0,
    "sail": 0.3176203518846143,
    "fleet": 0.0041365378989691925,
    "umpir": 0.0,
    "volvo": 0.0,
    "slower": 0.0,
    "lodg": 0.0,
    "offshor": 0.0,
    "sailboat": 0.0,
    "ainsli": 0.0,
    "forai": 0.0004152365425731997,
    "inshor": 0.0,
    "medallist": 0.0,
    "buoi": 0.0,
    "contravent": 0.0
  }
}