{
  "qid": "116",
  "query": "Malnutrition",
  "rank": 8,
  "docid": 2131264,
  "coef": {
    "demonstr": 0.27645081111382136,
    "major": 0.34289411157935085,
    "decentralis": 0.0,
    "ration": 0.0,
    "emerg": 0.15460727158479012,
    "can": 0.0,
    "earli": 0.08520832453446905,
    "situat": 0.17745553603989284,
    "reduc": 0.0,
    "take": 0.0,
    "distanc": 0.0,
    "sever": 0.0,
    "larg": 0.0,
    "long": 0.0,
    "develop": 0.0,
    "coverag": 0.3344296987387203,
    "aim": 0.0,
    "treat": 0.0,
    "commun": 0.14063492979807748,
    "recent": 0.0,
    "central": 0.0,
    "network": 0.0,
    "children": 0.612493224488912,
    "rest": 0.0,
    "known": 0.012958612621263098,
    "gain": 0.0,
    "onli": 0.15920755066082784,
    "new": 0.0,
    "wai": 0.0929678285604845,
    "tradit": 3.6639966657080745e-17,
    "base": 0.0,
    "dai": 0.40330803371716356,
    "achiev": 0.0,
    "accept": 0.20635074916304832,
    "easi": 0.0,
    "associ": 0.010786891083274028,
    "approach": 0.09524541828260528,
    "travel": 0.0,
    "increas": 0.0,
    "leav": 0.0,
    "averag": 0.0,
    "context": 0.0,
    "medicin": 0.0997813341079621,
    "cost": 0.0,
    "case": 0.0,
    "year": 0.0,
    "care": 0.0,
    "program": 0.16064095116269256,
    "widespread": 0.3841336287858409,
    "model": 0.08514914364247654,
    "focu": 0.0,
    "food": 0.08058753027407119,
    "high": 0.0,
    "prefer": 0.1605928400408736,
    "patient": 0.0,
    "rate": 0.0,
    "week": 0.0,
    "therapeut": 0.2787126906470273,
    "data": 0.0,
    "morbid": 0.0,
    "now": 0.27812674023588063,
    "30": 0.041947653262096554,
    "improv": 0.0,
    "longer": 0.3481107994370155,
    "routin": 0.2315847007521051,
    "treatment": 0.43386842044000096,
    "medic": 0.0,
    "select": 0.059253658113357845,
    "deal": 0.003015792558601057,
    "mode": 0.0,
    "opportun": 0.0,
    "restrict": 0.0,
    "intervent": 0.0,
    "home": 0.6324608200560141,
    "complic": 0.04908162500106989,
    "requir": -0.0,
    "impact": 0.20500811334609081,
    "enrol": 0.12838897661743773,
    "site": 0.0,
    "center": 0.34456455748640696,
    "mortal": 0.3602605378243308,
    "access": 0.40732461386535856,
    "admit": 0.09780007538629575,
    "suffer": 0.07654212400811011,
    "rapid": 0.0,
    "acut": 0.10274561594051917,
    "readi": 0.07314193044200477,
    "excel": 0.0,
    "humanitarian": 0.0,
    "stai": 0.0,
    "sector": 0.0,
    "programm": -0.0,
    "innov": 0.0,
    "feed": 0.30923454587841875,
    "recoveri": 0.0,
    "malnutrit": 0.29599317360305766,
    "outpati": 0.0,
    "inpati": 0.35528147931638815,
    "ctc": 0.44681497199003256,
    "rutf": 0.0,
    "malnourish": 0.0,
    "carer": 0.0
  }
}