{
  "qid": "130",
  "query": "Basketball",
  "rank": 4,
  "docid": 4961036,
  "coef": {
    "current": 0.0,
    "system": 0.0,
    "region": 0.0,
    "men": 0.0,
    "spanish": -0.0,
    "italian": -0.0,
    "french": -0.0,
    "hierarch": 0.26013407552892537,
    "american": 0.0,
    "second": -0.0,
    "russian": -0.0,
    "see": 0.0,
    "greek": -0.0,
    "first": 0.0,
    "promot": 0.3514532077316881,
    "interconnect": 0.0,
    "seri": 0.0,
    "level": 0.20155639977451514,
    "profession": 0.0,
    "german": -0.0,
    "univers": 0.0,
    "5th": 0.0,
    "european": 0.0,
    "format": 0.010403394736303697,
    "cup": -0.0,
    "4th": -0.0,
    "presid": 0.0,
    "competit": 0.43550992848624087,
    "super": 0.0,
    "leagu": 0.37619866857389056,
    "south": 0.0,
    "tier": 0.24782867865292496,
    "1st": 0.0,
    "2nd": 0.0,
    "3rd": 0.0,
    "basketbal": 0.18724507496315182,
    "polish": 0.0,
    "turkish": 0.03665125756585531,
    "club": 0.266726803006299,
    "hungarian": 0.0,
    "demot": 0.015832074717235287,
    "turkei": 0.0,
    "serbian": 0.0,
    "pyramid": -0.0,
    "bsl": 0.0,
    "tbl": 0.0,
    "ebbl": 0.0,
    "tb2l": -0.0,
    "nilig": 0.0
  }
}