{
  "qid": "139",
  "query": "European Union Governance",
  "rank": 4,
  "docid": 5310713,
  "coef": {
    "state": 2.461027823154574,
    "list": -0.5618374173058571,
    "union": 3.005089289738231,
    "organis": 2.5698521388122573,
    "repres": -0.0,
    "govern": 0.0,
    "relat": 1.0519584650178198,
    "offici": -0.0,
    "foreign": 0.0,
    "european": 0.1517778917145281,
    "eastern": 0.15967173075198174,
    "ambassador": 0.48927573315655803,
    "saint": 0.0,
    "caribbean": 0.0028127989174424888,
    "lucia": 0.0
  }
}