{
  "qid": "131",
  "query": "Biologists",
  "rank": 1,
  "docid": 1038512,
  "coef": {
    "state": 0.0,
    "pai": 0.285925581408054,
    "progress": -0.0,
    "resolv": 0.0,
    "can": 0.17016078012821548,
    "predict": 0.0,
    "preserv": 0.0,
    "movement": 0.0,
    "conduct": 0.0,
    "gener": 0.0,
    "includ": 0.1655105995933723,
    "educ": 0.033301306357208814,
    "call": 0.0,
    "manag": 0.24973132527028663,
    "import": 0.0,
    "pertain": 0.0,
    "work": 0.0,
    "experi": 0.0,
    "develop": 0.0,
    "duti": 0.11167913370206602,
    "career": -0.0,
    "well": 0.14219024723170168,
    "issu": 0.0,
    "doctor": 0.0,
    "offer": 0.0,
    "role": 0.0,
    "cours": 0.0,
    "plai": 0.3324737225165187,
    "dynam": 0.0024473624554420263,
    "will": 0.0,
    "ecolog": 0.0,
    "collect": 0.0,
    "advoc": 0.0,
    "similar": 0.0,
    "accord": 0.059184264697994794,
    "unit": 0.0,
    "natur": 0.0,
    "studi": 0.44978960962229425,
    "base": 0.0,
    "human": 0.0,
    "increas": 0.37244382648333557,
    "8": 0.05471281857426098,
    "diseas": 0.11639270917377552,
    "averag": 0.0,
    "pattern": 0.0,
    "year": 0.0131929503274203,
    "environ": 0.0,
    "characterist": -0.0,
    "interfer": 0.0,
    "popul": 0.06840781363094466,
    "interact": 0.41659437391583787,
    "research": 0.0,
    "rate": 0.0,
    "observ": 0.0,
    "univers": 0.3248980650560482,
    "typic": 0.0,
    "behavior": 0.03118518508130808,
    "relev": 0.0,
    "10": -0.0,
    "specialist": 0.0,
    "special": 0.0,
    "earn": 0.20422028583253093,
    "degre": 0.0,
    "hour": 0.0038805807988430657,
    "2016": 0.005720186701899794,
    "employ": 0.0,
    "occup": 0.0,
    "requir": 0.0,
    "99": 0.0,
    "impact": -0.0,
    "top": -0.0,
    "annual": 0.0,
    "95": 0.0,
    "habitat": 0.007440247854600624,
    "29": 0.0,
    "speci": 0.4125385241263022,
    "fish": 0.0,
    "anim": 0.05177171732939592,
    "project": 0.0,
    "mammal": 0.0,
    "reptil": 0.0,
    "bird": 0.0,
    "depart": 0.02066794526017881,
    "labor": 0.0,
    "wildlif": 0.39476540428635276,
    "62": 0.0,
    "amphibian": 0.0,
    "700": 0.12015059196814062,
    "monitor": 0.0,
    "reproduct": 0.0,
    "biologi": 0.025726756476180092,
    "insect": 0.0,
    "zoologist": 0.0,
    "biologist": 0.0,
    "transmiss": 0.0017188992630129856,
    "zoologi": 0.0,
    "qualif": 0.0,
    "whale": 0.0,
    "bachelor": 0.0,
    "scorpion": 0.008520274119817635,
    "primat": 0.0,
    "ecosystem": 0.0,
    "marin": 0.0,
    "herpetologist": 0.0,
    "spider": 0.0,
    "tertiari": 0.0,
    "endang": 0.0,
    "arachnid": 0.0,
    "290": 0.0,
    "ornithologist": 0.0,
    "primatologist": 0.0,
    "entomologist": 0.0,
    "2026": 0.0003640030251251195,
    "ichthyologist": 0.0,
    "harvestmen": 0.0,
    "pseudoscorpion": 0.040823330281090114,
    "mammalogist": 0.0,
    "cetologist": 0.0,
    "arachnologist": 0.0
  }
}