{
  "qid": "107",
  "query": "Seafood",
  "rank": 2,
  "docid": 4361800,
  "coef": {
    "state": 0.0,
    "list": -0.0,
    "union": -0.0,
    "right": 0.0,
    "market": 0.0,
    "type": 0.0,
    "product": 0.0,
    "anchor": 1.9208961481855114e-05,
    "servic": 0.00012352650630246287,
    "includ": 0.0,
    "cold": 0.0,
    "form": 0.03156882306519086,
    "involv": 0.0,
    "trade": 0.0,
    "american": 0.6114205106954458,
    "choic": -0.15833167757396577,
    "young": 0.0,
    "group": 0.0,
    "life": 0.0,
    "process": 0.0,
    "organ": -0.0,
    "left": 0.0,
    "see": -0.0,
    "live": 1.7641695589429754e-06,
    "produc": 0.0,
    "john": -0.0,
    "distribut": 0.1326518155755019,
    "unit": -0.0,
    "promin": 0.0,
    "human": 0.0,
    "boi": 0.0,
    "nutrit": 0.0,
    "food": 0.0,
    "typic": 0.0,
    "wild": -0.01735292416528779,
    "regard": 0.8685703207926192,
    "commerci": -0.0,
    "aqua": 0.0,
    "sea": 1.4664427898638429e-16,
    "farm": -0.0,
    "plant": 0.0,
    "restaur": 0.09311672786239907,
    "west": 0.0,
    "vietnam": -0.0,
    "washington": 0.0,
    "fish": 0.4123773105233148,
    "coast": 0.0,
    "pacif": -0.0,
    "compani": 0.0,
    "factori": 0.0,
    "salmon": 0.0,
    "royal": 0.0,
    "kingdom": -0.0,
    "anna": 0.0,
    "vital": -0.03653719722415133,
    "nielsen": 0.5720806599705808,
    "maria": 0.0,
    "norwai": 0.28103531469242093,
    "triumph": 0.0,
    "norwegian": 0.0372596836100101,
    "vessel": 0.13630416758808853,
    "dynasti": 0.0,
    "mauritania": 0.0,
    "dish": 0.0,
    "harvest": 0.002529238299020901,
    "storag": 0.19167156611009123,
    "feed": 0.8658178061934718,
    "scotland": 0.0,
    "ross": 0.0,
    "kong": 0.0,
    "bee": -0.0,
    "hong": 0.0,
    "thai": -0.0,
    "thailand": -0.0,
    "carrier": 0.0941808976808332,
    "marin": 0.13178108974011749,
    "bellingham": 0.00697233425745201,
    "seafood": 0.680341918461639,
    "dock": 0.07686071562100645,
    "greenland": 0.10039027060777767,
    "sweden": 0.0,
    "and": 0.0,
    "rd": 0.0,
    "phillip": -0.0,
    "offshor": 0.21349896171446497,
    "denmark": -0.0,
    "pelag": 0.2639230605226248,
    "shellfish": 0.0,
    "ltd": 0.0,
    "abba": 0.0,
    "sara": 0.0,
    "punta": 0.054857423720059334,
    "volden": 0.00041301675277052033,
    "canneri": 0.055144390608741385,
    "trident": -0.8195250464590951,
    "gc": 0.24766829485178612,
    "whitbi": 0.0,
    "ler": 0.0,
    "trawler": 0.0,
    "aker": 0.0,
    "bumbl": -0.0,
    "hdm": -0.0,
    "rem": 0.0,
    "norg": 0.0,
    "rauma": 0.0,
    "gorda": 0.06799875786533753,
    "grieg": 0.0,
    "sisimiut": 0.004192224101246914,
    "bluecrest": 0.0,
    "rieber": 0.1734238111824594,
    "sarl": 0.0,
    "stolt": 0.0,
    "ewo": 0.001348149140950075,
    "shippam": 0.0,
    "nerg": 0.0,
    "biomarin": 0.0,
    "salmar": 0.0,
    "pescanova": 0.0,
    "akamalik": -0.0,
    "domstein": 0.004522278350357843,
    "havfisk": 0.0,
    "cuulong": -0.0,
    "sildesalgslag": 0.0
  }
}