{
  "qid": "104",
  "query": "Business Leaders",
  "rank": 6,
  "docid": 4057596,
  "coef": {
    "list": -0.0,
    "opposit": 0.0,
    "debat": 0.30054042419980276,
    "order": 0.010479999496173668,
    "respons": 0.861733959508704,
    "includ": 0.0,
    "manag": 0.6418617317964121,
    "involv": 0.4539030259516393,
    "govern": 0.27056945469335164,
    "time": 0.4116814820857262,
    "see": -0.0,
    "leader": 0.6975630806021879,
    "posit": 0.0,
    "member": 0.0,
    "distinct": 0.05352523669492713,
    "hous": 0.16283620392621678,
    "parti": 0.0,
    "item": 0.0,
    "busi": 0.41831879951905954,
    "bill": 1.077537280182585,
    "senat": 0.7693708947571611,
    "negoti": 0.6182511963399447,
    "proceed": -0.0,
    "australia": 0.4151086933312813,
    "australian": 0.028989345513931158,
    "parliament": 0.21863980925440377,
    "minist": 0.17116622864037145,
    "allot": 0.0,
    "whip": 0.0,
    "deputi": 0.0
  }
}