{
  "qid": "109",
  "query": "Poverty",
  "rank": 8,
  "docid": 1478162,
  "coef": {
    "aspect": 0.27780373805932673,
    "state": 0.042218673896743504,
    "urban": 0.0,
    "current": 0.0,
    "focus": 0.0,
    "journal": 0.08334140919544294,
    "assist": 0.0,
    "evalu": 0.0,
    "law": 0.0,
    "help": 0.006022332170938628,
    "fight": 0.0,
    "public": 0.0,
    "includ": 0.0,
    "found": 0.0,
    "bring": 0.05605692480681076,
    "professor": 0.0,
    "work": 0.0,
    "scholar": 0.0,
    "long": 0.0,
    "review": -0.0,
    "issu": 0.23885728107787416,
    "time": 0.0,
    "plan": 0.0,
    "publish": 0.4873937186457428,
    "recent": 0.0,
    "student": 0.49686233426088977,
    "end": 0.09240264939383822,
    "field": 0.0,
    "peter": 0.0,
    "live": 0.0,
    "articl": 0.0,
    "advoc": 0.0,
    "featur": 0.0,
    "anti": 0.0,
    "first": 0.0,
    "part": 0.0,
    "extern": 0.0,
    "unit": 0.46891322110794564,
    "natur": 0.1818223806834844,
    "person": 0.17983493681445703,
    "rural": 0.0,
    "voic": 0.006735655722124626,
    "distinguish": 0.0,
    "disciplin": 0.0,
    "year": 0.0,
    "research": 0.0,
    "univers": -0.0,
    "25": 0.0,
    "link": 0.15609086737754263,
    "theme": 0.0,
    "consist": 0.0,
    "addit": 0.0,
    "impact": 0.0,
    "presid": 0.18778197932648805,
    "45": 0.0952789390435627,
    "center": 0.0,
    "disast": 0.06673187788482968,
    "bill": 0.0,
    "secretari": 0.21477593452230898,
    "hurrican": 0.0,
    "poverti": 0.5736317755623436,
    "1993": 0.30195009569172543,
    "polici": 0.08304207140752656,
    "leonard": 0.0,
    "prison": 0.20280983111637219,
    "faculti": 0.33892798375155553,
    "edit": 0.0,
    "volum": 0.0,
    "katrina": 0.13894050214843853,
    "entri": 0.004310193007502066,
    "mission": 0.000724303336109721,
    "practition": 0.0,
    "advisor": 0.001381002981250813,
    "clinton": 0.06040911435084939,
    "georgetown": 0.0,
    "adler": 0.0,
    "shana": 0.0,
    "hh": 0.02999372775719439,
    "edelman": 0.0,
    "desouza": 0.0,
    "druffner": 0.0
  }
}