{
  "qid": "126",
  "query": "Political Theory",
  "rank": 1,
  "docid": 501747,
  "coef": {
    "self": 0.0,
    "ration": 0.0,
    "focus": 0.0,
    "theoret": 0.0897614136748078,
    "can": 0.0,
    "system": -0.0,
    "nation": 7.233064469776428e-06,
    "predict": 0.0,
    "law": 0.0,
    "us": 0.0,
    "differ": 0.0,
    "public": 0.0,
    "rule": 0.0,
    "polit": 0.21255549375686647,
    "allow": 0.0,
    "perform": 0.0,
    "principl": 0.0,
    "involv": 0.0,
    "formal": -0.0,
    "guid": 0.0,
    "interest": 0.0,
    "choic": -0.0,
    "group": 0.0,
    "william": 0.12444427833029024,
    "democrat": 0.0,
    "plai": 0.0,
    "influenc": 0.0,
    "institut": 0.6339638819507186,
    "field": 0.0,
    "elit": 0.0,
    "see": 0.0,
    "method": 0.4520563717130054,
    "collect": 0.0,
    "equal": 0.0,
    "determin": 0.19382935722245054,
    "posit": -0.0,
    "result": 0.0,
    "theori": 0.34975131849153474,
    "distribut": 0.0,
    "social": 0.0,
    "individu": 0.29235102837893107,
    "member": 0.20023697485421085,
    "studi": 0.1033927561332886,
    "founder": 0.0,
    "base": 0.471007047457932,
    "give": 0.06086968954251768,
    "book": 0.0,
    "power": 0.2599666435052511,
    "statist": 0.2970620074344859,
    "parti": 0.06067567647363243,
    "mechan": 0.0,
    "appli": 0.2625203416636368,
    "model": 0.0,
    "agent": 0.0,
    "interact": 0.4326338059225897,
    "research": 0.0,
    "outcom": 0.3413268131546428,
    "analyz": 0.26578208946303716,
    "game": 0.4559488293276957,
    "assumpt": 0.0,
    "analysi": 0.029289685516759825,
    "given": 0.0,
    "addit": 0.026430579460120146,
    "coalit": 0.0,
    "identif": 0.0,
    "vote": -0.0,
    "iron": 0.045887876196729814,
    "1962": 0.0,
    "permit": 0.0,
    "actor": 0.0,
    "delib": 3.900091464356466e-17,
    "axiomat": 0.22380542111400387,
    "oligarchi": 0.0,
    "unevenli": 0.0,
    "persuas": 0.00015981908915599385,
    "explanatori": 0.0,
    "asymmetr": 0.15388731115667992,
    "equilibrium": 0.37568742836716024,
    "contextu": -0.0,
    "bargain": 0.25512560576784954,
    "ppt": 0.45477385935264386,
    "riker": 0.16045899527156585
  }
}