{
  "qid": "106",
  "query": "Climate Change Activists",
  "rank": 0,
  "docid": 6034450,
  "coef": {
    "state": -0.0,
    "action": 0.050464997799378034,
    "right": 0.0,
    "peopl": 0.0,
    "criticis": 0.2667432842704443,
    "debat": 0.0,
    "creat": 0.0,
    "platform": 0.0,
    "connect": 0.0,
    "countri": 0.0,
    "movement": 0.5832392165910707,
    "econom": 0.0,
    "concern": 0.0,
    "caus": 0.2035082032765525,
    "taken": 0.0,
    "destroi": 0.0,
    "fight": 0.5666110912265033,
    "public": 0.0,
    "gener": 0.0,
    "includ": 0.0,
    "strong": 0.0,
    "began": 0.00010319993928806225,
    "attent": 0.03212977639542309,
    "event": 0.0,
    "form": 0.0,
    "found": 0.0,
    "world": 0.49160016338572987,
    "border": 0.34954457505717995,
    "need": 0.35371034218259684,
    "sever": 0.0,
    "school": 0.0,
    "youth": 0.0,
    "octob": 0.0,
    "digit": 0.0,
    "chang": 0.007672971002281414,
    "women": -0.0,
    "young": -0.0,
    "well": 0.0,
    "environment": 0.0,
    "felt": 0.0,
    "lack": 0.0,
    "citi": 0.0,
    "commun": 0.0,
    "act": 0.0,
    "time": 0.0,
    "protest": 0.0,
    "strike": -0.0,
    "leon": 0.0,
    "equal": 0.16334242303248284,
    "advoc": 5.14171557549055e-16,
    "onli": 0.0,
    "white": 0.0,
    "new": 0.6409721639037417,
    "featur": 0.2512979242189956,
    "leader": 0.0,
    "effect": 0.0,
    "green": 0.33657730612756853,
    "intern": 0.0,
    "join": 0.0,
    "who": 0.0,
    "futur": 0.0,
    "media": 0.0,
    "activ": 0.0,
    "part": -0.0,
    "gender": 0.0,
    "made": 0.0,
    "member": 0.0,
    "spread": 0.0,
    "soon": 0.022549079443285363,
    "promin": 0.0,
    "forum": 0.0,
    "give": 0.23254327475990827,
    "east": 0.0,
    "activist": 0.6630787013271221,
    "divers": 0.4065243712539435,
    "onlin": 0.0,
    "across": 0.5795024198805074,
    "greater": 0.311344585739318,
    "year": -0.0,
    "show": -0.0,
    "000": 0.0,
    "old": -0.0,
    "invit": 0.0,
    "univers": 0.5454450548322208,
    "now": 0.0,
    "50": 0.0,
    "15": -0.0,
    "11": 0.0,
    "speech": 0.5106558653728328,
    "imag": -0.0,
    "awar": 0.0,
    "farm": 0.18683052700683328,
    "receiv": 0.03502251312182401,
    "climat": 0.5465649404239529,
    "weather": 0.16957528658518323,
    "discrimin": 0.0,
    "racism": 0.4416270279788859,
    "racial": 0.0,
    "17": -0.0,
    "lake": 0.0,
    "largest": 0.0,
    "crop": -0.0,
    "campaign": 0.011233951336243417,
    "meant": 0.0,
    "2017": 0.0,
    "april": 0.0,
    "2019": 0.3635354821588468,
    "demand": 0.17086423282996357,
    "visit": 0.0,
    "save": 0.005559483660570161,
    "born": -0.0,
    "januari": 0.5093543781293162,
    "neighbour": 0.0,
    "gate": 0.0,
    "fellow": -0.0,
    "dedic": 0.0,
    "denounc": 0.21389864562498012,
    "crisi": 0.0,
    "volunt": 0.374131133663517,
    "1997": 0.0,
    "absenc": 0.0,
    "photo": 0.0,
    "encourag": 0.35108111810232057,
    "dialogu": 0.0,
    "realis": 0.0,
    "evok": 0.0,
    "2020": 0.0,
    "fridai": 0.0,
    "crash": 0.0,
    "stronger": 0.0,
    "52": 0.0,
    "nigeria": 0.07657459068933553,
    "spoken": 0.0,
    "africa": 0.0,
    "striker": 0.0,
    "mayor": 0.2064708581126214,
    "gabon": 0.1712454078994177,
    "copenhagen": 0.013829164641266191,
    "grandmoth": 0.0,
    "bbc": 0.0,
    "kenya": 0.0,
    "diari": 0.0,
    "summit": 3.0775435849712687e-17,
    "greta": -0.0,
    "sierra": 0.002920285639697836,
    "empow": 0.36445626945405446,
    "urgent": 0.007725427041876663,
    "angola": 0.016762000589945862,
    "denmark": 0.005877377042746835,
    "mobilis": 0.0,
    "outlet": 0.0,
    "victoria": 0.0,
    "vanessa": 0.0,
    "uganda": 0.6150602127538876,
    "davo": 0.0,
    "hilda": -0.0,
    "thunberg": -0.0,
    "flavia": -0.0,
    "vox": 0.0,
    "ugandan": 0.16957473143232824,
    "nakat": 0.488423439906664,
    "kampala": 0.0,
    "c40": 0.0,
    "gcca": 0.0,
    "nakabuy": 0.38504894692867636
  }
}