{
  "qid": "111",
  "query": "Inequality",
  "rank": 3,
  "docid": 1892226,
  "coef": {
    "be": 0.07174025808668323,
    "discuss": 0.0,
    "self": 0.36745464014913587,
    "inequ": 0.185851383552758,
    "lead": 0.0,
    "origin": 0.0,
    "market": 0.32541205410217033,
    "cultur": 0.0,
    "peopl": 0.45319658298907445,
    "benefit": 0.0,
    "exist": 0.0,
    "seen": 0.0,
    "societi": 0.0,
    "can": 0.013870087630329738,
    "system": 0.0,
    "mai": 0.0,
    "situat": 0.0,
    "predict": -0.0,
    "creat": -0.0,
    "optim": 0.0,
    "addition": -0.0,
    "connect": 0.0,
    "econom": 0.09860338750872928,
    "concept": -0.0,
    "caus": 0.18873055487497523,
    "differ": 0.0,
    "public": 0.046344423175095906,
    "polit": -0.0,
    "form": 0.0,
    "forc": 0.0,
    "exclus": 0.0,
    "due": 0.015504309184400723,
    "attract": 0.12401454124991801,
    "limit": 0.0,
    "birth": 0.05615690102558971,
    "still": 0.0,
    "follow": 0.20008482366343472,
    "subcultur": 0.0,
    "experi": 0.0,
    "control": 0.0,
    "percept": 0.0,
    "well": 0.011095313288696725,
    "perceiv": 0.0,
    "group": 0.32131262518805975,
    "lack": 0.0,
    "exampl": 0.0,
    "feel": 0.0,
    "protest": 0.0,
    "life": 0.04174675958821176,
    "ident": 0.0,
    "process": 0.0,
    "will": 0.0,
    "overt": 0.0,
    "sex": 0.0024361443888888377,
    "see": -0.0,
    "method": 0.0,
    "live": 0.3491656912900883,
    "collect": 0.0,
    "good": 3.2328915051113145e-06,
    "equal": 0.38733750655175253,
    "contribut": 0.0,
    "neg": 0.1427022314331423,
    "mobil": 0.0,
    "free": 0.00020805605338909748,
    "effect": 0.29913362794207865,
    "similar": 0.0,
    "horizont": -0.0,
    "first": 0.0,
    "part": 0.0,
    "problem": 0.01922872754895858,
    "theori": 0.0,
    "riot": 0.0,
    "extern": 0.0,
    "wai": 0.18243491394626807,
    "gender": 0.0,
    "social": -0.0,
    "shape": 0.0,
    "tradit": 0.0,
    "individu": 0.0012501368668918443,
    "person": 0.0,
    "give": 0.0,
    "regardless": 0.0,
    "success": 0.0,
    "argu": 0.0,
    "global": 0.1512232738164887,
    "approach": 0.07815795326356917,
    "inher": 0.0,
    "level": 0.0,
    "contain": 0.0,
    "ethnic": 0.233624372971937,
    "persist": -0.0,
    "rare": 0.0,
    "identifi": -0.0,
    "depend": 0.0,
    "characterist": 0.0,
    "health": -0.0,
    "outcom": 0.0,
    "observ": -0.0,
    "sibl": -0.0,
    "rang": 0.0,
    "resourc": 0.29050286869108916,
    "femal": 0.3422955897445619,
    "race": 0.0,
    "categori": 0.0,
    "famili": 0.0037838984510642857,
    "real": 0.0,
    "male": 0.0,
    "poor": 0.15765698143378645,
    "deal": 0.0,
    "factor": -0.0,
    "opportun": -0.0,
    "measur": 0.019321732963036627,
    "mental": -0.0,
    "imag": 0.04949095673223619,
    "intellig": 0.0811022598412597,
    "skill": 0.0,
    "aris": 0.0,
    "consist": 0.0,
    "qualiti": 0.0,
    "differenti": 0.0,
    "standard": 0.0,
    "margin": -0.0,
    "applic": 0.0,
    "impact": -0.0,
    "incom": 0.0,
    "vertic": 0.10064285372404345,
    "statu": 0.0,
    "discrimin": 0.1860934056051534,
    "corpor": 0.0,
    "wealth": 0.0,
    "on": -0.0,
    "economi": 0.0,
    "unequ": 0.15829648416197764,
    "access": 0.0,
    "born": 0.0,
    "profit": 0.0,
    "react": 0.1047708640468304,
    "actor": 0.0,
    "household": 0.10808499655482941,
    "rich": 0.0,
    "sociolog": 0.23440520748650565,
    "explicit": 0.3259492006591453,
    "implicit": 5.226744238425062e-15,
    "simul": 0.0,
    "disadvantag": -0.0,
    "perfectli": 0.0,
    "multidimension": 0.0,
    "pareto": 0.0
  }
}