{
  "qid": "142",
  "query": "Physiotherapy",
  "rank": 1,
  "docid": 4387537,
  "coef": {
    "state": 0.0016732184352098328,
    "organis": 0.5213272222586062,
    "highli": 0.0,
    "journal": 0.4692866743071679,
    "librari": 7.816096064081279e-16,
    "conduct": 0.0,
    "histori": 0.0,
    "proper": 0.19141163398299382,
    "educ": 0.7999551894898742,
    "manag": -0.0,
    "polit": 0.4934128067511385,
    "world": 0.0,
    "area": 0.03717635921098421,
    "establish": 0.22291676182619197,
    "moral": 0.1398169357097291,
    "build": 0.7019777681154895,
    "compulsori": 0.0,
    "carri": 0.0,
    "develop": 0.0,
    "affili": 0.29789803621119654,
    "colleg": 0.47256064179756474,
    "citi": 0.058279564108376175,
    "academ": 0.0,
    "offer": -0.0,
    "cours": -0.0,
    "student": 0.0,
    "institut": 0.011941660258434676,
    "field": 0.0,
    "vision": 0.0,
    "featur": 0.0,
    "produc": 0.4066754552626904,
    "john": 0.0,
    "practic": 0.0,
    "class": 0.0,
    "studi": 0.19039877542624917,
    "book": 0.0034410509657575796,
    "separ": 0.0,
    "valu": 0.011331322706828363,
    "attitud": 0.0,
    "parti": 0.038392397903162026,
    "teach": 0.07167791732460596,
    "period": 0.0,
    "60": 0.0,
    "train": 0.0,
    "month": 0.0,
    "techniqu": 0.0,
    "contain": 0.0,
    "experienc": 0.0,
    "year": 0.6319902444704938,
    "durat": 0.0004920733761496833,
    "000": 0.053654356320481295,
    "graduat": -0.0,
    "research": 0.0019738066920876505,
    "univers": 0.0,
    "prescrib": 0.23520504352278848,
    "locat": 0.05962778400445715,
    "15": 0.0,
    "specialist": 0.0,
    "special": 0.0,
    "treatment": 0.0,
    "medic": 0.0,
    "physician": 0.3531417970781401,
    "surround": 0.0,
    "skill": 0.0,
    "degre": 0.0,
    "requir": 0.0,
    "extend": 0.0,
    "top": 0.0,
    "knowledg": 0.0,
    "perman": 0.0,
    "presid": 0.06302892323854425,
    "profici": 0.0,
    "south": 0.0,
    "trust": 0.0,
    "facil": 0.6637849656878864,
    "visit": 0.0,
    "guest": 0.0,
    "chairman": -0.0,
    "dedic": 0.0,
    "speaker": 0.0,
    "acr": 0.0,
    "compet": 0.40013871320798683,
    "qualifi": 0.0,
    "faculti": 0.030460592864872883,
    "depth": 0.0,
    "1998": 0.0,
    "premier": 0.0,
    "certifi": 0.0,
    "dr": 0.0,
    "tamil": -0.0,
    "charit": 0.0,
    "bachelor": -0.0,
    "india": 0.1494051802406907,
    "physiotherapist": 0.0,
    "workshop": 0.4886505941662468,
    "spaciou": 0.0,
    "seminar": 0.0,
    "hostel": 0.0,
    "nadu": 0.5918731405995541,
    "impart": 0.5719560736597731,
    "internship": 0.0,
    "sqft": 0.0,
    "tirunelv": 0.12916190696750168,
    "physiotherapi": 0.6846761488543426,
    "kazhagam": 0.2595250701486433,
    "munnetra": 4.408486193953152e-15,
    "makkal": 0.0,
    "pandian": 0.06629267887510626,
    "devendrar": 0.0,
    "tamizhaga": 0.0,
    "ariyakulam": 0.47234140714936984
  }
}