{
  "qid": "136",
  "query": "Visual Journalism",
  "rank": 3,
  "docid": 595966,
  "coef": {
    "list": 0.0,
    "societi": 0.0,
    "can": 0.29096533430585614,
    "system": 0.0,
    "journal": 0.34313998335956525,
    "debat": -0.0,
    "name": 0.0,
    "concern": 0.0,
    "task": -0.0,
    "includ": 0.0,
    "call": 0.0,
    "exclus": 0.0,
    "area": 0.1282013375797763,
    "work": 0.0,
    "percept": 0.35152441971688964,
    "america": 0.0,
    "well": 0.07396735880576723,
    "commun": 0.11532399658775748,
    "consciou": 0.27641701036781374,
    "process": 0.0,
    "organ": -0.0,
    "see": 0.0,
    "non": -0.0,
    "overlap": -0.0,
    "vision": 0.5319390039711184,
    "effect": 0.024610302246093202,
    "user": 0.0,
    "illus": -0.0,
    "scientist": 0.0,
    "studi": 0.0,
    "scienc": 0.2750635144030935,
    "especi": 0.0,
    "human": 0.5039384100509205,
    "brain": 0.0,
    "physic": 0.0009599095785872128,
    "psycholog": 0.31736760808238257,
    "disciplin": 0.0,
    "cognit": -0.0,
    "neuropsycholog": 0.0,
    "ey": 0.0,
    "previous": 0.0,
    "research": 0.0,
    "visual": 0.17600241502531913,
    "primari": -0.0,
    "sensat": 0.0,
    "data": 0.2945778283266267,
    "clinic": 0.0,
    "rel": 0.0,
    "factor": 0.0,
    "scientif": 0.0,
    "intellig": 0.0,
    "design": 0.0,
    "exploit": 0.0,
    "artifici": 0.3141518718679843,
    "color": 0.13512836010577992,
    "optic": 0.42343195792089683,
    "graphic": 0.17898590639378714,
    "comput": 0.002071783672504501,
    "optometri": 0.029206050382707703,
    "engin": 0.0,
    "predominantli": 0.0,
    "encompass": 0.16749169521028975,
    "span": 0.6645308086359198,
    "linguist": 0.0,
    "cortex": -0.0,
    "etholog": 0.0,
    "physiolog": 0.0,
    "interfac": 0.0,
    "pertin": 0.0,
    "ergonom": 0.3029508314398365,
    "neurosci": 0.0,
    "constanc": 0.0,
    "psychophys": 0.0,
    "ophthalmolog": -0.0,
    "ophthalm": 0.0,
    "opo": 0.0,
    "iov": 0.0,
    "biopsycholog": 0.7019266624327449,
    "ipercept": 0.0
  }
}