{
  "qid": "113",
  "query": "Computer Scientists",
  "rank": 8,
  "docid": 2696703,
  "coef": {
    "state": 0.0,
    "think": -0.0,
    "biolog": 0.0,
    "highli": 0.0,
    "emerg": 0.05898369443341823,
    "focus": 0.0,
    "can": 0.388185321327706,
    "support": 0.4354798014946017,
    "nation": 0.08364494655476148,
    "led": 0.0,
    "help": 0.3326606394456653,
    "order": 0.0,
    "econom": 0.0,
    "foster": 0.0,
    "head": -0.0,
    "challeng": 0.0,
    "manag": 0.23184519881456883,
    "found": 0.0,
    "bring": 0.0,
    "perform": 0.0,
    "need": 0.0,
    "establish": 0.24751301736643563,
    "involv": 0.0,
    "kei": 0.34111856373886057,
    "follow": 0.0,
    "david": -0.0,
    "far": 0.4297474383622661,
    "environment": 0.45570986047404294,
    "aim": 0.0,
    "colleg": 0.35360934380294495,
    "commun": 0.03438357521925688,
    "time": 0.03290292395116412,
    "role": 0.04287773239548108,
    "plai": 0.0,
    "newli": 0.08029738259391646,
    "institut": -0.0,
    "will": 0.0,
    "field": 0.0,
    "method": 0.0,
    "particip": 0.0,
    "vision": 0.0,
    "new": 0.0915855015466409,
    "effect": 0.19384361373775175,
    "goal": 0.0,
    "question": 0.0,
    "futur": 0.0,
    "problem": 0.0,
    "wai": 0.04486793826745294,
    "scientist": 0.02000846549566614,
    "releas": 0.0,
    "natur": 0.061906986295025106,
    "member": 0.0,
    "scienc": 0.1888221892051642,
    "foundat": 0.10489772217305005,
    "associ": -0.0,
    "2008": 0.0,
    "increas": 0.0,
    "techniqu": 0.0,
    "appli": 0.0,
    "year": 0.0,
    "sustain": 0.38803905793261706,
    "program": 0.0,
    "research": 0.0,
    "joint": 0.0,
    "univers": 0.38805684219312436,
    "grant": 0.0,
    "resourc": 0.0051809129378837405,
    "methodolog": 0.0,
    "12": 0.0,
    "societ": 0.0,
    "reach": 1.1112375371396081e-06,
    "7": 0.0,
    "fund": 0.0,
    "ic": 0.4268126565647587,
    "balanc": 0.0,
    "mari": 0.0,
    "comput": 0.3017374280721793,
    "press": 0.0,
    "northwest": -0.0,
    "engin": 0.0,
    "conserv": 0.0,
    "team": 0.5573549445717582,
    "pacif": 0.0,
    "expedit": 0.18741141095722438,
    "depart": 0.0,
    "thoma": -0.0,
    "announc": 0.0,
    "transform": 0.0,
    "oregon": 0.0,
    "quot": -0.0,
    "economist": 0.0,
    "biologi": 0.0,
    "mathematician": 0.0,
    "effici": 0.0,
    "solv": 0.0,
    "biologist": -0.0,
    "director": 0.0,
    "laboratori": -0.0,
    "howard": 0.0,
    "inject": 0.0,
    "alloc": 0.13247792599917735,
    "ventur": 0.0,
    "interdisciplinari": 0.0,
    "insight": 0.0,
    "analog": 0.0,
    "141": 0.0,
    "enrich": 0.03583691970978273,
    "nsf": 0.0,
    "deputi": -0.0,
    "cornel": 0.0,
    "08": 0.0,
    "lou": 0.0,
    "vibrant": 0.0,
    "zeeman": 0.0,
    "bowdoin": -0.0,
    "gome": 0.34455377567006157,
    "carla": 0.0,
    "osu": 0.0,
    "shmoi": -0.0,
    "dietterich": -0.0
  }
}