{
  "qid": "116",
  "query": "Malnutrition",
  "rank": 0,
  "docid": 1746393,
  "coef": {
    "major": -0.0,
    "5": 0.0,
    "action": -0.0,
    "lead": 0.0,
    "focus": 0.0,
    "can": 0.0,
    "econom": 0.0,
    "concern": 0.47132010312602607,
    "reduc": 0.0,
    "respons": 0.03438407797380788,
    "public": 0.0,
    "gener": 0.0,
    "attent": 0.0,
    "perform": 0.0,
    "bodi": 0.0,
    "still": 0.21581636509660052,
    "previou": -0.0,
    "larg": 0.2278638182215509,
    "issu": 0.0,
    "aim": 0.0,
    "group": 0.7196786822325287,
    "opinion": 0.0806467374700426,
    "consid": 0.17615009789879682,
    "onli": 0.0,
    "mass": 0.0,
    "shown": 0.0,
    "littl": 0.0,
    "studi": 0.6150443466206155,
    "accept": 0.0,
    "increas": 0.0,
    "estim": 0.1013334166391382,
    "diseas": 0.11657102971947428,
    "low": 0.0,
    "million": 0.030028612473890777,
    "scale": 0.0,
    "initi": 0.0584381606602696,
    "uk": 0.4596462082444419,
    "cost": 0.0,
    "year": 0.0,
    "care": 0.0,
    "weight": -0.0,
    "nutrit": -0.0,
    "popul": 0.037430014062474905,
    "background": 0.0,
    "high": 0.0,
    "patient": 0.4695517209110565,
    "research": 0.0,
    "health": 0.6142162507983273,
    "rate": 0.0,
    "worldwid": 0.11908142762876049,
    "doubl": 0.0,
    "rais": 0.002455368356361103,
    "morbid": 0.0,
    "50": 0.00792815483236741,
    "10": 0.0,
    "detect": 0.0,
    "affect": 0.0,
    "risk": -0.0,
    "poor": 0.0,
    "infect": 0.0,
    "awar": 0.4075172762907686,
    "design": -0.0,
    "2005": 0.0,
    "hospit": 0.5690022097708134,
    "6": 0.0,
    "1": 0.0,
    "home": 0.0,
    "complic": 0.0197769112340192,
    "index": 0.0,
    "knowledg": 0.0,
    "approxim": 0.0,
    "incid": 0.0,
    "european": 0.0,
    "mainli": 0.0,
    "statu": 0.005745887293755666,
    "obes": 0.3154020870003434,
    "resid": 0.0,
    "project": 0.573673245285988,
    "length": 0.0077137832023238505,
    "31": 0.0,
    "wound": 0.0,
    "mortal": 0.0,
    "heal": 0.0,
    "1977": 0.0,
    "stai": 0.08827451043120463,
    "enorm": 0.0,
    "nurs": 0.1334756328211349,
    "prolong": 0.0,
    "elderli": 0.0,
    "prematur": 0.0,
    "surgic": 0.0,
    "cardiac": 0.13886566831051078,
    "malnutrit": 0.6737502138052642,
    "bmi": 0.0,
    "underr": 0.0,
    "hospitalis": 0.0,
    "malnourish": 0.03320348840881753,
    "nutritiondai": 0.0
  }
}