{
  "qid": "125",
  "query": "Doctor",
  "rank": 9,
  "docid": 3997611,
  "coef": {
    "be": 0.0,
    "third": 0.22524604675371854,
    "terror": 0.0,
    "list": 0.0,
    "earli": 0.0,
    "includ": 0.0,
    "histori": 0.0,
    "take": 0.0,
    "allow": 0.0,
    "number": 0.14090332760330637,
    "expand": 0.0,
    "due": 0.0,
    "exil": 0.02908075384436412,
    "follow": 0.001301981707183225,
    "just": 0.02337330568312297,
    "larg": 0.17860936030513885,
    "second": 0.0,
    "princip": 0.007413945833714504,
    "doctor": 0.16908862585519144,
    "time": 0.0,
    "notabl": 0.0,
    "set": 0.0,
    "see": 0.0,
    "saw": 0.0,
    "new": -0.0,
    "featur": 0.0,
    "space": 0.0,
    "similar": 0.0,
    "charact": 0.07577659432976538,
    "who": 0.02765765452110226,
    "first": -0.0,
    "war": 0.0,
    "unit": 0.3659352792509907,
    "founder": 0.0,
    "seri": 0.0,
    "across": 0.0,
    "stori": 0.0,
    "fifth": 0.0,
    "rang": 0.0,
    "1970": 0.0,
    "special": 0.0,
    "sub": 0.0,
    "zero": 0.0,
    "annual": 0.0,
    "earth": 0.0,
    "format": 0.0,
    "mainli": 0.0,
    "holidai": 0.0,
    "magazin": 0.0,
    "sixth": -0.0,
    "hit": 0.0,
    "eighth": -0.0,
    "fourth": -0.0,
    "ninth": -0.0,
    "adventur": 0.266646163264122,
    "tenth": 0.0,
    "seventh": 0.0,
    "titan": 0.0,
    "ran": 0.0,
    "eleventh": -0.0,
    "twelfth": 0.0,
    "tv": 0.12176949640103576,
    "strip": 0.0,
    "lift": 0.0,
    "comic": 0.12842983058268473,
    "protagonist": 0.0,
    "fi": 0.0,
    "sc": 0.0,
    "tenur": 0.25764915183574777,
    "countdown": 0.0,
    "brigadi": 0.0,
    "incarn": 0.23846878373124047,
    "sidekick": 0.0,
    "inferno": 0.0,
    "dalek": 0.0,
    "auton": 0.03596656995706093,
    "polystyl": 0.0,
    "offscreen": 0.0
  }
}