{
  "qid": "130",
  "query": "Basketball",
  "rank": 9,
  "docid": 5623852,
  "coef": {
    "state": 0.0,
    "list": 0.011429954569133458,
    "nation": 0.0,
    "world": 0.0,
    "follow": 0.20143121489878332,
    "women": 0.040817701584544445,
    "argentina": 0.27170196906654115,
    "group": 0.0,
    "will": 0.0,
    "franc": 0.0,
    "china": -0.0,
    "spain": 0.013180735703099083,
    "greec": -0.0,
    "unit": 0.0,
    "canada": 0.0,
    "30": 0.0,
    "16": 0.0,
    "12": 0.5073077687529347,
    "select": 0.0,
    "2018": 0.0,
    "22": 0.0,
    "cup": 0.0227396243093203,
    "held": 0.0,
    "team": 0.5444269540239092,
    "tournament": 0.0,
    "septemb": 0.0,
    "south": 0.0,
    "japan": -0.0,
    "compet": 0.0,
    "basketbal": 0.1676349291783531,
    "australia": -0.0,
    "player": 0.0009753113204527847,
    "nigeria": -0.0,
    "belgium": -0.0,
    "turkei": -0.0,
    "korea": 0.1471141518760866,
    "rico": 0.0,
    "puerto": 0.0,
    "fiba": 0.0,
    "seneg": 0.0,
    "squad": 0.3007209984950869,
    "latvia": -0.0
  }
}