{
  "qid": "125",
  "query": "Doctor",
  "rank": 5,
  "docid": 3988044,
  "coef": {
    "third": 0.0,
    "list": -0.0,
    "illustr": 0.0,
    "support": 0.0,
    "event": 0.0,
    "number": 0.027125898457714803,
    "expand": 4.3141696232696535e-16,
    "establish": 0.0,
    "trade": 0.0,
    "long": 0.0,
    "second": 0.0,
    "popular": 0.0,
    "aim": -0.0,
    "unpreced": 0.0,
    "doctor": 0.031169891035600347,
    "time": 0.22441768177618365,
    "publish": 0.0,
    "recent": 0.0,
    "see": -0.0,
    "wide": 0.0,
    "collect": 0.0,
    "featur": 0.0,
    "who": 0.23512690141573747,
    "first": -0.0,
    "extern": 0.0,
    "claim": 0.0,
    "sale": 0.0,
    "separ": 0.10924231513675932,
    "seri": 0.1321210710320544,
    "stori": 0.17672210509616187,
    "younger": 0.08890009933353948,
    "uk": 0.0,
    "fifth": 0.0,
    "accompani": 0.25716193325301495,
    "rang": 0.3751952905266987,
    "link": 0.0,
    "audienc": 0.003174171240759502,
    "2010": 0.08223887191447424,
    "monthli": 0.0,
    "summer": 0.0,
    "regularli": 0.0,
    "annual": 0.16838119661735013,
    "graphic": 0.023587654396966834,
    "battl": 0.0,
    "magazin": 0.0,
    "thirteenth": 0.0,
    "sixth": 0.0,
    "eighth": -0.0,
    "fourth": 0.0,
    "2009": 0.10283466148897297,
    "ninth": -0.0,
    "adventur": 0.0,
    "short": 0.0,
    "tenth": 0.16440421973385363,
    "pass": 0.0,
    "purchas": 0.01569101744627684,
    "seventh": 0.0,
    "titan": 0.0,
    "launch": 0.2147563879930348,
    "titl": 0.30779192817047074,
    "eleventh": -0.0,
    "twelfth": -0.0,
    "strip": 0.0,
    "www": 0.0,
    "http": 0.0,
    "comic": 0.08199115757578114,
    "novel": 0.0,
    "protagonist": 0.0,
    "card": 0.0,
    "fi": 0.0,
    "lord": 0.0,
    "sci": 0.0,
    "html": 0.0,
    "incarn": 0.0,
    "dalek": 0.0,
    "storybook": -0.0,
    "idw": 0.0,
    "alteredvista": 0.0
  }
}