{
  "qid": "121",
  "query": "Racquet Sports",
  "rank": 7,
  "docid": 957212,
  "coef": {
    "list": 0.0,
    "current": 0.0,
    "north": 0.0,
    "nation": 1.052674660462046e-05,
    "classic": 0.057378918411567684,
    "world": 0.0,
    "privat": 0.0,
    "build": 0.0,
    "american": 0.0,
    "reviv": 1.0970235203615653,
    "onc": 0.0,
    "singl": 1.240172491752949,
    "see": 0.0,
    "histor": -0.0,
    "structur": 0.0,
    "contribut": 0.0,
    "featur": 0.0,
    "construct": 0.0,
    "intern": 0.10429523639714054,
    "activ": 0.0,
    "social": 0.0,
    "andrew": 0.0,
    "style": 0.0,
    "court": 1.7562570712993533,
    "doubl": 0.0,
    "now": 0.0,
    "real": -0.0,
    "design": 0.5686632977132048,
    "2012": -0.0,
    "chicago": 0.0,
    "sport": 0.9219143004101611,
    "coast": 0.0,
    "restor": -0.0,
    "regist": 0.6741174719382326,
    "district": 0.030930924420457313,
    "tenni": 0.0,
    "athlet": 0.0,
    "gold": 0.0,
    "architect": 0.8828057119251779,
    "venu": 0.19057695120393608,
    "dimens": 1.5374296229721711,
    "club": 1.5967248536460377,
    "1923": 1.5036942495565144,
    "renov": 1.5493630458314989,
    "racquet": 0.1736362178688103,
    "westernmost": 0.0,
    "squash": 0.0,
    "gentlemen": 0.0,
    "rebori": 0.0
  }
}