{
  "qid": "116",
  "query": "Malnutrition",
  "rank": 7,
  "docid": 3462517,
  "coef": {
    "be": 7.021387872253454e-05,
    "can": 0.0,
    "countri": 0.0,
    "caus": 0.0,
    "basic": 0.0,
    "includ": 0.0,
    "polit": 0.0,
    "sever": 0.0,
    "fix": 0.4167815936465415,
    "lack": -0.0,
    "organ": 0.1481386937598891,
    "end": 0.2958583652227313,
    "children": 7.476870361718524e-05,
    "non": 1.252111362738562,
    "problem": 0.0,
    "continu": 0.0,
    "human": 1.4696963745545517,
    "8": 0.0,
    "diseas": 0.0,
    "alon": 1.1060237375484932e-05,
    "widespread": -0.0,
    "food": 1.474372671232108,
    "000": 0.22127454158713677,
    "resolut": 0.0,
    "12": 0.0,
    "near": 0.9361406788923908,
    "deep": 8.991551723054826e-16,
    "politic": 0.0,
    "turner": 0.0,
    "poverti": 0.9925564278147408,
    "southern": 0.0,
    "suffer": 0.9168362983590411,
    "malaria": 0.0,
    "aid": 1.2416356541858011,
    "tuberculosi": 3.293845047155628e-16,
    "fortif": 0.9341451246768528,
    "africa": 0.0,
    "government": 0.1908111375973677,
    "overview": 0.0,
    "hiv": 0.04438292138523236,
    "malnutrit": 0.44689030106105665,
    "zimbabw": 1.450433274700089,
    "ngo": 0.0,
    "susten": -0.0,
    "zimbabwean": 0.0,
    "unend": 2.9288547689722938e-05,
    "malnourish": 0.0
  }
}