{
  "qid": "146",
  "query": "Non-profit Organization",
  "rank": 4,
  "docid": 6228321,
  "coef": {
    "platform": 0.0894007976268736,
    "preserv": 0.0,
    "defin": 0.0,
    "found": 0.0,
    "octob": 0.02999610616230272,
    "interest": 0.0,
    "govern": 0.0,
    "organ": 0.7841725750989319,
    "non": 0.005993395796863968,
    "determin": 0.0,
    "goal": 0.29342938084831954,
    "who": 0.0,
    "posit": 0.38406638362358464,
    "war": 0.0,
    "social": 0.13535729177042394,
    "tradit": 0.0,
    "entiti": 0.29497326123807416,
    "armi": 0.679915555938122,
    "materi": 0.0,
    "improv": 0.0,
    "special": 0.0,
    "2007": 0.00020448488257088,
    "statu": 0.0,
    "largest": 0.7508408691436175,
    "gather": 0.0,
    "fought": 0.0,
    "1993": 0.0,
    "veteran": 0.04740952265916156,
    "government": 0.04949604950961535,
    "nurtur": 0.0,
    "statut": 0.5031384815062108,
    "bosnian": 0.0,
    "bosnia": 0.0,
    "herzegovina": 0.5928387390546087,
    "srpska": 0.7239169425107672,
    "republika": -0.0
  }
}