{
  "qid": "121",
  "query": "Racquet Sports",
  "rank": 5,
  "docid": 3458480,
  "coef": {
    "origin": 0.0,
    "highli": 0.0,
    "stabil": 0.07631574246148691,
    "extrem": 0.0,
    "creat": 0.0,
    "section": 0.0,
    "gener": 0.017368530448783257,
    "strong": -0.0,
    "best": 0.0,
    "still": 0.20263061781655167,
    "previou": 0.8276264976074645,
    "control": 0.0,
    "popular": 1.0634557895376764,
    "well": 0.9943877878313085,
    "feder": 0.0,
    "time": 0.0,
    "rank": 0.0,
    "wing": 0.0,
    "enhanc": 0.0,
    "good": 0.0,
    "line": 0.0,
    "handl": 0.0,
    "first": -0.0,
    "make": -0.0,
    "shape": 0.0,
    "refer": 0.19377719203408061,
    "compon": 0.4742049089821509,
    "larger": 0.0,
    "combin": 0.0,
    "technolog": 0.0,
    "black": 0.051625409111319395,
    "endors": 0.0,
    "increas": 0.3721678495121159,
    "side": 0.0,
    "incorpor": 0.0,
    "quickli": 0.0,
    "improv": 0.22288133099498314,
    "factor": 0.5466534709192246,
    "design": 0.0,
    "2010": -0.0,
    "2007": 0.0,
    "reveal": -0.0,
    "carbon": 1.1722978922624243,
    "cross": 0.0,
    "shorter": 0.0,
    "sport": 0.0,
    "uniqu": 0.0,
    "roger": 0.0,
    "center": 0.0,
    "hit": 0.0,
    "boast": 0.0,
    "short": 0.0,
    "tenni": 0.0,
    "wilson": 0.6855689009333934,
    "strength": 0.0,
    "spot": 0.0,
    "frame": 0.6859823008316527,
    "ball": 0.0,
    "mold": 0.9793134406325634,
    "comfort": 0.898575640082058,
    "player": 0.7313139100565887,
    "dens": -0.0,
    "dwell": 0.5827882916363883,
    "seller": 0.0,
    "graphit": 0.8310061347342952,
    "racquet": 1.0687679395205638,
    "sweet": 0.0,
    "sio": 0.13202006267743968,
    "matrix": -0.0,
    "stiff": 0.1940700695797663,
    "maneuver": 0.31921779347697665,
    "yoke": 0.8370850609193852,
    "ncode": 0.0,
    "ontour": 0.0,
    "arophit": 0.1185366158610051,
    "ompact": 0.0,
    "onnector": 0.21966835048621075
  }
}