{
  "qid": "141",
  "query": "Human Exploration",
  "rank": 6,
  "docid": 3879151,
  "coef": {
    "be": 0.0,
    "major": 0.0,
    "list": 0.0,
    "current": 0.0,
    "can": 0.09830641279105203,
    "support": 0.1446299344251524,
    "element": 0.08095028342554893,
    "evalu": 0.0,
    "creat": 0.0,
    "product": 0.0007109164554978913,
    "task": 0.22670843077769162,
    "reduc": 0.0,
    "websit": -0.0,
    "defin": 0.0,
    "respons": 0.08623337374170383,
    "tool": 0.14564317474256766,
    "public": 0.0,
    "includ": -0.0,
    "address": 0.0,
    "challeng": 0.1348475814980721,
    "rule": 0.0,
    "educ": 0.0,
    "manag": 0.0,
    "found": 0.0,
    "perform": 0.05232673750566384,
    "oper": 0.0,
    "abil": 0.0,
    "follow": 0.0,
    "octob": 0.0,
    "experi": 0.0,
    "enabl": 0.04610482813106651,
    "develop": 0.0,
    "well": 0.1266352018810104,
    "complet": 0.0,
    "portal": 0.0,
    "review": -0.0,
    "close": 0.0,
    "aim": 0.0,
    "prioriti": 0.0,
    "commun": 0.0,
    "time": 0.0,
    "reliabl": 0.002168213473875516,
    "util": 0.0,
    "process": 0.0,
    "plan": -0.0,
    "end": 0.0017278995365422709,
    "find": 0.0,
    "specif": 0.0,
    "new": 0.0,
    "understand": 0.0004561578743443425,
    "move": -0.0,
    "effect": 0.0,
    "space": 0.18627501085433393,
    "goal": 0.0,
    "multipl": 0.0,
    "web": 0.0,
    "user": 0.0,
    "activ": 0.0,
    "basi": 0.0,
    "base": 0.06076590538223992,
    "accept": 0.0,
    "associ": 0.0,
    "strategi": 0.0,
    "technolog": 0.22875176577372977,
    "serv": 0.0,
    "approach": 0.0,
    "human": 0.07271476990392035,
    "across": 0.0,
    "level": 0.0,
    "low": 0.0,
    "compil": 0.0,
    "appli": 0.0,
    "case": 0.0,
    "gap": 0.15311788217011968,
    "environ": 0.0,
    "identifi": 0.049576335620500546,
    "program": 0.12464208034707507,
    "focu": 0.0,
    "research": 0.17401146602346343,
    "health": 0.1365889442580732,
    "evid": 0.11926177113139008,
    "behavior": 0.0,
    "investig": 0.0,
    "recommend": 0.0,
    "medic": 0.0,
    "risk": 0.27380725902235853,
    "integr": 0.0,
    "consequ": 0.0,
    "factor": 0.0,
    "given": 0.0,
    "degre": 0.0,
    "2005": 0.0,
    "standard": 0.0,
    "drive": 0.0,
    "awai": 0.0,
    "terrestri": 0.2234001663916663,
    "highest": 0.0,
    "quantifi": -0.0,
    "radiat": 0.0,
    "nasa": 0.0,
    "knowledg": 0.04126540225325441,
    "earth": 0.0,
    "content": 0.0,
    "assign": 0.09599694154200313,
    "cross": 0.0,
    "headquart": 0.0,
    "partial": 0.0,
    "invest": 0.0,
    "item": 0.0,
    "record": 0.0,
    "uniqu": 0.0,
    "project": 0.0,
    "center": 0.037220430938686044,
    "explor": 0.0,
    "flight": 0.05884749058029341,
    "compris": 0.0,
    "desir": -0.0,
    "safe": 0.014832116169859785,
    "monitor": 0.0,
    "agre": 0.005479293858741911,
    "johnson": 0.0,
    "uncertainti": 0.0,
    "graviti": 0.0,
    "search": 0.0,
    "logo": 0.0,
    "frame": 0.0,
    "culmin": 0.0,
    "likelihood": 0.00045705805260587873,
    "mission": 0.11736225514245456,
    "physiolog": -0.0,
    "analog": 0.0,
    "astronaut": 0.0,
    "accumul": 0.0,
    "mitig": 0.274153742568271,
    "portfolio": 0.0,
    "deliver": 0.01304652628308314,
    "roadmap": -0.0,
    "hrp": 0.11786482981872816,
    "countermeasur": 0.0,
    "jsc": 0.007684841051707398,
    "irp": 0.0
  }
}