{
  "qid": "106",
  "query": "Climate Change Activists",
  "rank": 1,
  "docid": 4631026,
  "coef": {
    "aspect": 0.0,
    "third": 0.0,
    "demonstr": 0.0,
    "state": 0.08721292461933042,
    "discuss": 0.0,
    "major": 0.0,
    "simultan": 0.0,
    "5": 0.0,
    "list": -0.0,
    "action": 0.2012167230988193,
    "market": 0.0,
    "peopl": 0.0516243563196771,
    "heavili": 0.0,
    "emerg": 0.0,
    "societi": 0.0,
    "can": 0.0,
    "belief": 0.0,
    "system": 0.0,
    "nation": 0.10046764950644878,
    "engag": -0.0,
    "debat": 0.0,
    "difficult": 0.0,
    "ralli": 0.050722845393548203,
    "led": 0.0,
    "creat": 0.0,
    "platform": 0.0,
    "connect": 0.0,
    "countri": 0.0,
    "law": 0.0,
    "movement": 0.0392969904538779,
    "industri": 0.0,
    "adopt": 0.0,
    "econom": 0.0,
    "attack": 0.0,
    "caus": 0.0,
    "respons": 0.0,
    "took": 0.0,
    "public": 0.0,
    "domin": 0.0,
    "gener": 0.0,
    "servic": 0.0,
    "target": 0.38211389919779487,
    "includ": 0.07181313639730433,
    "strong": 0.06254265035524516,
    "began": 0.0,
    "challeng": 0.0,
    "histori": 0.0,
    "attend": 0.0,
    "call": 0.23694861893223224,
    "event": 0.0,
    "ii": 0.0,
    "polit": 0.11921782304827024,
    "21st": 0.0,
    "form": 0.0,
    "allow": 0.13799818311218262,
    "found": 0.029212531796349393,
    "world": 0.2277828210187088,
    "bring": 0.0,
    "perform": 0.0,
    "involv": 0.08965909185993919,
    "term": 0.0,
    "school": 0.0,
    "implement": 0.0,
    "american": 0.0,
    "larg": 0.0,
    "youth": 0.0,
    "chang": 0.09097523775727893,
    "interest": 0.2963227883944019,
    "cathol": 0.0,
    "govern": 0.0,
    "environment": 0.14648487175471886,
    "singl": 0.0,
    "confer": 0.0,
    "close": 0.04813601016715293,
    "issu": 0.0,
    "aim": 0.0,
    "group": 0.0,
    "effort": 0.14128410994820836,
    "citi": 0.0,
    "commun": 0.0,
    "democrat": 0.0,
    "root": 0.0,
    "protest": 0.0,
    "common": -0.0,
    "role": 0.0,
    "strike": -0.0,
    "organ": 0.2143619151965901,
    "plai": 0.0,
    "publish": 0.0,
    "end": 0.08319660770688284,
    "institut": 0.0,
    "ecolog": -0.0,
    "democraci": 0.0,
    "place": 0.0,
    "see": 0.0,
    "method": 0.07309532778795369,
    "wide": 0.0,
    "local": 0.07990515905941033,
    "collect": 0.0,
    "signific": 0.0,
    "specif": 0.0,
    "articl": 0.0,
    "advoc": 0.0,
    "structur": 0.0,
    "new": 0.2981375987128169,
    "mobil": 0.18148152562417066,
    "move": 0.0,
    "like": 0.0118863986473805,
    "free": 0.0,
    "leader": 0.0,
    "effect": 0.0,
    "intern": 0.0,
    "space": 0.040174522642524226,
    "terrorist": 0.0,
    "join": 0.0,
    "goal": 0.0868459052596177,
    "question": 0.11832629707864445,
    "who": -0.0,
    "futur": 0.03828150798485296,
    "first": 0.20374965080173357,
    "past": 0.2998989757643441,
    "make": 0.06479072141011931,
    "activ": 0.21210540660185098,
    "transit": 0.0,
    "part": 0.002015974624884532,
    "war": 0.0,
    "unit": 0.01897264203830482,
    "social": 0.0,
    "centuri": 0.0,
    "consensu": 0.0,
    "rebellion": 0.0,
    "decad": 0.0,
    "declar": -0.0,
    "grassroot": 0.0,
    "emphas": 0.0,
    "power": 0.0,
    "valu": 0.0,
    "argu": 0.0,
    "broader": 0.0,
    "global": 0.0578911219983404,
    "attitud": 0.0,
    "activist": 0.0,
    "voic": 0.1450180486360809,
    "especi": 0.0,
    "parti": 0.0,
    "approach": 0.25856684194428436,
    "level": 0.22005639366509055,
    "scale": 0.16828199131440358,
    "initi": -0.0,
    "2015": 0.0,
    "hire": 0.0,
    "profession": 0.0,
    "sustain": 0.1672558826641271,
    "unknown": 0.09408497390593568,
    "show": 0.0,
    "provis": 0.0,
    "000": 0.20077240866979956,
    "framework": 0.0,
    "firm": 0.0,
    "behavior": 0.0,
    "investig": 0.0,
    "1990": 0.0,
    "40": 0.0,
    "12": 0.0,
    "subset": 0.014209136901884866,
    "crucial": 0.0,
    "risk": 0.0,
    "regard": 0.0,
    "assumpt": -0.0,
    "intellig": 0.0,
    "given": 0.0,
    "start": 0.09879144671313131,
    "2018": 0.0,
    "2016": 0.10572987270004705,
    "2014": 0.0,
    "2000": 0.0,
    "grow": 0.0,
    "home": 0.0,
    "fossil": 0.0,
    "board": 0.0,
    "greenhous": 0.32354167231295294,
    "carbon": 0.0,
    "impact": 0.0,
    "climat": 0.25949876342847167,
    "index": 0.0,
    "energi": 0.13955435978352498,
    "grass": 0.0,
    "emiss": 0.0,
    "fuel": 0.0,
    "clean": 0.0,
    "mainli": 0.0,
    "brought": 0.0,
    "front": 0.0,
    "text": 0.029390311023913682,
    "portion": 0.0,
    "racism": -0.0,
    "hundr": 0.0,
    "enforc": 0.00709520418105659,
    "coalit": 0.0,
    "thousand": 0.14348448495159666,
    "republ": 0.0,
    "400": 0.05816459686346935,
    "largest": 0.0018525965819801199,
    "august": 0.0,
    "busi": 0.0,
    "gather": 0.0,
    "300": 0.0,
    "plu": 0.0,
    "faith": 0.0,
    "campaign": 0.08139811438716896,
    "decemb": 0.0,
    "2017": 0.004036720763964894,
    "succeed": 0.0,
    "york": 0.0,
    "septemb": 0.0,
    "100": -0.0,
    "2009": 0.0,
    "2019": -0.0,
    "bill": 0.0,
    "demand": -0.0,
    "economi": 0.0,
    "denomin": 0.0,
    "juli": 0.0,
    "diversifi": 0.0,
    "expans": 0.0,
    "21": 0.0,
    "domest": 0.0,
    "march": 0.0,
    "went": 0.0,
    "evolv": 0.0,
    "monitor": 0.0,
    "extinct": 0.0022659294580828853,
    "ambit": 0.0,
    "strength": 0.0,
    "350": 0.0030332502840008328,
    "actor": 0.0,
    "launch": 0.0,
    "promulg": 0.0,
    "germani": 0.0,
    "scope": 0.0,
    "secretli": 0.0,
    "berlin": -0.0,
    "faster": 0.0,
    "frame": 0.1727614467233357,
    "agreement": -0.0,
    "org": 2.4911456438696442e-05,
    "fridai": 2.2307558356217879e-07,
    "un": 0.0,
    "advocaci": 0.0,
    "solut": 0.018478463624012124,
    "uncommon": 0.0,
    "rapidli": 0.06230293217736986,
    "hack": 0.0,
    "investor": 0.16178279028345216,
    "airplan": 0.0,
    "divest": -0.0,
    "wwii": 0.0,
    "nongovernment": 0.0,
    "copenhagen": 0.04978569979025322,
    "mechanist": 0.0,
    "conven": -0.0,
    "banner": 0.0,
    "summit": 0.0,
    "slash": 0.0,
    "mitig": 0.0,
    "emitt": 0.0,
    "environmentalist": 0.0,
    "avers": 0.0,
    "instig": 0.0,
    "sharehold": -0.0,
    "hacker": 0.0,
    "nde": 1.5928931293234418e-05,
    "gel": 7.345564760800008e-17,
    "phish": 0.0,
    "interfaith": 0.0,
    "gcc": 0.0770371142423111,
    "unfccc": 0.0,
    "mckibben": 0.0,
    "watchlist": 0.0,
    "exxonknew": 0.0
  }
}