{
  "qid": "141",
  "query": "Human Exploration",
  "rank": 5,
  "docid": 4134970,
  "coef": {
    "be": 0.0,
    "list": 0.0,
    "societi": 0.0,
    "daniel": 0.0,
    "includ": 0.06707676422366818,
    "cold": 0.0,
    "establish": 0.33837070344190057,
    "well": 1.7741856660501064e-14,
    "rank": 0.0,
    "like": 0.07085972626827325,
    "space": 0.05866354367862603,
    "john": 0.0,
    "futur": 0.0627279219520695,
    "releas": 0.07625349337484419,
    "back": 0.37649884502251724,
    "human": 0.19877344719170942,
    "2": 0.14087563335188374,
    "older": 0.0,
    "compil": 0.0,
    "mix": 0.0,
    "1": 0.0,
    "dirti": 0.0,
    "22": 0.0,
    "melt": -0.0,
    "fire": 0.3697072275272355,
    "ocean": 0.0,
    "blue": 0.0,
    "earth": 0.0,
    "mike": 0.0,
    "2011": 0.0,
    "alexand": 0.0,
    "vega": 0.4436732364613332,
    "explor": 0.30928733402308994,
    "hill": 0.0,
    "track": 0.21607237174999727,
    "room": 0.0,
    "februari": 0.31181524744342,
    "disc": 0.0,
    "rage": 0.0,
    "gate": 0.049370346964123575,
    "miller": 0.0,
    "spencer": 0.0,
    "drum": 0.5912270294799078,
    "album": 0.22014892874971045,
    "song": 0.0017572557188929858,
    "wire": 0.0,
    "truth": 0.0,
    "dj": 0.017103069380848584,
    "robbi": 0.0,
    "delici": -0.0,
    "schulz": 0.0,
    "rave": 0.0,
    "arti": 0.0,
    "cosmic": 0.044359626608396076,
    "remix": 0.388007383252454,
    "dimitri": 0.22900908464942227,
    "popov": 0.0,
    "kandi": 0.0,
    "marku": 0.0,
    "rivera": 0.0,
    "callaghan": 0.4959130203631583,
    "jochen": 0.0,
    "juici": 0.0,
    "herz": 0.0,
    "lution": 0.0,
    "rewir": 0.0,
    "mofo": 0.0,
    "duderstadt": 0.0,
    "estiva": -0.0,
    "arnej": 0.0,
    "wippenberg": -0.0
  }
}