{
  "qid": "109",
  "query": "Poverty",
  "rank": 5,
  "docid": 1343765,
  "coef": {
    "peopl": 0.0,
    "exist": 0.02126816204267293,
    "can": 0.0,
    "creat": 0.0,
    "begin": 0.0,
    "basic": 0.040674563720403165,
    "includ": 0.0,
    "event": 0.39619015244481276,
    "area": 0.12375061564715961,
    "ag": 0.31748041921741366,
    "need": 0.024102238972308846,
    "work": 0.00040039509354831314,
    "develop": 0.0,
    "group": 0.15369531842297973,
    "citi": 0.0,
    "life": 0.0,
    "find": 0.31208124850684293,
    "children": 0.526130843799449,
    "see": 0.0,
    "live": 0.26860580053482325,
    "line": 0.17744781666501638,
    "who": 0.0,
    "accord": 0.0,
    "idea": 0.0,
    "individu": 0.347103765444234,
    "studi": 0.0,
    "person": 0.0,
    "point": -0.0,
    "mere": 0.149860680154855,
    "meet": 0.3041134241858076,
    "drew": -0.0,
    "categor": 0.0,
    "leav": 0.0,
    "obtain": 0.22302786996587323,
    "physic": 0.145136878080449,
    "popul": 0.0,
    "marri": 0.0,
    "show": 0.3696611692975203,
    "primari": 0.0,
    "resourc": 0.0,
    "10": 0.17967961063755591,
    "affect": 0.20551176843982444,
    "earn": 0.0,
    "minimum": 0.0,
    "consist": 0.0,
    "home": 0.0,
    "incom": 0.0,
    "threshold": 0.0,
    "york": 0.031520488139748566,
    "financi": 0.0,
    "mainten": 0.0491452397108477,
    "poverti": 0.4749308979411538,
    "65": 0.0,
    "secondari": 0.0,
    "booth": 0.3457520378036914,
    "charl": 3.938844566293335e-15,
    "necess": 0.12213145300530384,
    "bottom": 0.0754646492894418,
    "insuffici": 0.23744268924304157,
    "515": 0.0,
    "rowntre": 0.017455530480219108,
    "3040": 0.0,
    "seebohm": 0.0
  }
}