{
  "qid": "139",
  "query": "European Union Governance",
  "rank": 2,
  "docid": 5957755,
  "coef": {
    "state": 0.0,
    "union": 0.4616137717848456,
    "current": 0.0,
    "attempt": 0.0,
    "can": 0.0,
    "nation": 0.0,
    "countri": -0.0,
    "law": 0.0,
    "histori": -0.0,
    "rule": 0.8290909820498015,
    "event": 0.2818116315479787,
    "polit": -0.0,
    "david": 0.0,
    "repres": 0.0,
    "respect": 0.0,
    "govern": -0.0,
    "offer": 0.0,
    "justic": 0.0,
    "will": 0.0,
    "left": 0.0,
    "see": 0.0,
    "unit": 0.024666179475502262,
    "council": 0.0,
    "modern": -0.0,
    "mean": 0.0,
    "period": -0.0,
    "million": 0.21014015702490815,
    "year": 0.24755841909705503,
    "high": 0.0,
    "loss": 0.0,
    "vaccin": 0.16820405533641022,
    "court": 0.5176778841962746,
    "outlin": 0.0,
    "link": 0.8170986195009187,
    "refus": 0.2840443169929224,
    "ritual": 0.6301652836994949,
    "fund": 0.021216337431999337,
    "european": 0.32192473816882217,
    "presid": 0.6801760149051606,
    "veto": 0.0,
    "ban": 0.0,
    "17": 0.7392017873208804,
    "novemb": 0.08581491457074246,
    "decemb": 0.0,
    "budget": 0.0,
    "incumb": -0.0,
    "juli": 0.15351208805888644,
    "commiss": 0.0,
    "31": 0.0,
    "19": 0.11348458317108578,
    "von": 0.8486703275220198,
    "januari": 0.3503644810804091,
    "500": 0.0,
    "sovereignti": 0.0,
    "slaughter": 0.02101615734005061,
    "charl": 0.0,
    "germani": 0.09304383689606052,
    "jan": 0.15386685681806672,
    "kingdom": 0.10869179844718871,
    "2020": 0.38644948270790747,
    "covid": 0.0,
    "josep": 0.0,
    "eu": 0.4392738061341788,
    "parliament": 0.0,
    "der": 0.0,
    "dec": 0.0,
    "overview": -0.0,
    "timelin": 0.040814260761259394,
    "borrel": 0.0,
    "hungari": 0.0,
    "dose": 0.0,
    "poland": 0.0,
    "croatia": 0.0,
    "gibraltar": 0.0018164329599740757,
    "michel": 0.0,
    "jun": 0.0,
    "pfizer": 0.0,
    "ursula": 0.0,
    "kosher": 0.0,
    "halal": 0.0,
    "biontech": 0.0,
    "leyen": 0.0,
    "sassoli": 0.0
  }
}