{
  "qid": "125",
  "query": "Doctor",
  "rank": 3,
  "docid": 3988893,
  "coef": {
    "third": 0.0,
    "simultan": 0.0023879541722707587,
    "list": 0.0,
    "origin": 0.0,
    "exist": 0.0,
    "illustr": 0.0,
    "support": 0.0,
    "public": 0.023162981038770954,
    "ag": 0.022262074984165815,
    "american": 0.0,
    "second": 0.0,
    "doctor": 0.25196497539198287,
    "time": 0.0,
    "publish": 0.0,
    "see": 0.0,
    "onli": 0.0,
    "featur": 0.0,
    "who": -0.0,
    "first": 0.05258808243260849,
    "war": 0.0,
    "chao": 0.0175532314995095,
    "seri": 0.0,
    "happen": 0.02547113249806061,
    "stori": 0.0,
    "inherit": 0.0,
    "fifth": -0.0,
    "week": 0.11937036494066075,
    "start": 0.019665666509847062,
    "monthli": 0.0,
    "regularli": 0.10411444964167689,
    "annual": 0.0780900177705358,
    "graphic": 0.11193670067623948,
    "least": 0.24250044935029091,
    "multi": 0.0,
    "appear": 0.0,
    "magazin": -0.0,
    "sixth": 0.0,
    "2011": -0.0,
    "eighth": 0.005333392222751415,
    "fourth": -0.0,
    "ninth": -0.0,
    "adventur": -0.0,
    "short": 0.0,
    "tenth": 0.0,
    "seventh": -0.0,
    "titan": 0.0,
    "ran": 0.0,
    "launch": 0.038039928053473046,
    "titl": 0.005161628522999588,
    "eleventh": 0.10911990708192967,
    "twelfth": -0.0,
    "radio": 0.0,
    "premier": 0.0,
    "strip": 0.08266196375201393,
    "honour": 0.0,
    "comic": 0.13122653374500232,
    "novel": -0.0,
    "debut": 0.0,
    "incarn": 0.10463133750782519,
    "hadn": 0.02881590403606602,
    "dalek": -0.0,
    "storybook": 0.0,
    "dwm": 0.004548167059171199
  }
}