{
  "qid": "125",
  "query": "Doctor",
  "rank": 6,
  "docid": 3991631,
  "coef": {
    "third": -0.0,
    "list": 0.0,
    "includ": 0.0,
    "event": 0.0,
    "exclus": 0.0,
    "involv": 0.0,
    "just": 3.629031382487153e-17,
    "long": 0.0,
    "second": -0.0,
    "complet": 0.0,
    "far": 0.0,
    "singl": 0.3377696780745094,
    "issu": 0.0,
    "rose": 0.12641428360196627,
    "doctor": 0.12283855700738952,
    "era": 0.0,
    "artist": 0.0,
    "see": -0.0,
    "fiction": 0.0,
    "live": 0.0,
    "onli": 0.0,
    "featur": 0.0,
    "who": -0.0,
    "first": -0.0,
    "make": 0.0,
    "war": 0.0,
    "scienc": 0.0,
    "book": 0.14306703154675768,
    "seri": -0.0,
    "stori": -0.0032826371824735104,
    "televis": 0.1509676701180185,
    "fifth": -0.0,
    "2016": 0.0,
    "run": 0.26158086296211586,
    "summer": 0.0,
    "annual": 0.0,
    "mike": 0.0,
    "nearli": 0.0,
    "magazin": 0.0,
    "plu": 0.0,
    "sixth": -0.0,
    "eighth": 0.0,
    "fourth": -0.0,
    "ninth": 0.29381233479627594,
    "incumb": 0.0,
    "short": -0.0,
    "tenth": 0.0,
    "seventh": -0.0,
    "titan": 0.0,
    "companion": 0.0,
    "brief": 0.14401637973557183,
    "launch": 0.015084912326253396,
    "eleventh": 0.0,
    "twelfth": -0.0,
    "drawn": 0.12564778433957388,
    "shortest": 0.0,
    "strip": -0.0,
    "comic": 0.26319106851221596,
    "ongo": 0.0,
    "tenur": 0.0,
    "collin": 0.0,
    "pencil": 0.0,
    "tyler": 0.1067855475795014,
    "incarn": 0.0,
    "dwm": 0.06284608273799915
  }
}