{
  "qid": "134",
  "query": "Botany",
  "rank": 5,
  "docid": 4757514,
  "coef": {
    "mai": 0.0,
    "nation": 0.0,
    "england": 1.96407419554246,
    "institut": 0.49657904365670413,
    "see": 1.412816649950074,
    "china": -0.0,
    "scienc": 0.0,
    "refer": 0.265083486481443,
    "adi": 0.0,
    "agricultur": 0.6531226079023166,
    "academi": 0.0,
    "botani": 2.5711834215046174,
    "chines": 0.0,
    "aw": 0.0,
    "poland": 0.0,
    "kunm": -0.0,
    "jiangsu": 0.0,
    "szafer": 0.0
  }
}