{
  "qid": "136",
  "query": "Visual Journalism",
  "rank": 3,
  "docid": 595966,
  "coef": {
    "list": 0.0,
    "societi": 0.0,
    "can": 0.7052509477819744,
    "system": 0.17686511111043762,
    "journal": 0.15409637636335818,
    "debat": -0.0,
    "name": 0.0,
    "concern": -0.0,
    "task": 0.0,
    "includ": -0.0,
    "call": -0.0,
    "exclus": 0.0,
    "area": 0.07152471087482841,
    "work": 0.3286466444436706,
    "percept": 0.17137251891438898,
    "america": 0.0,
    "well": 0.0,
    "commun": 0.3525448445337806,
    "consciou": 0.09884707650680798,
    "process": 0.0,
    "organ": -0.0,
    "see": 0.0,
    "non": -0.0,
    "overlap": 0.0,
    "vision": 0.5107338228434669,
    "effect": 0.18508398582856045,
    "user": 0.0,
    "illus": -0.0,
    "scientist": -0.0,
    "studi": 0.049332569785747155,
    "scienc": 0.1946903850995247,
    "especi": 0.0,
    "human": 0.2256268863874613,
    "brain": 0.0,
    "physic": 0.3209868748148595,
    "psycholog": 0.26265596374623895,
    "disciplin": 0.17402757468298952,
    "cognit": -0.0,
    "neuropsycholog": 0.0,
    "ey": 0.0,
    "previous": 0.0,
    "research": 0.0,
    "visual": 0.0,
    "primari": -0.0,
    "sensat": 0.0,
    "data": 0.5339091201654698,
    "clinic": -0.0,
    "rel": 0.0,
    "factor": 0.0,
    "scientif": 0.0,
    "intellig": -0.0,
    "design": 0.007277289552089014,
    "exploit": 0.0,
    "artifici": 0.02930006268710963,
    "color": 0.1212431427760386,
    "optic": 0.8155503315211533,
    "graphic": 0.4440331373525474,
    "comput": 0.0,
    "optometri": 0.3574524681711133,
    "engin": 0.0,
    "predominantli": -0.0,
    "encompass": 0.22526512037511204,
    "span": 0.6483345541571565,
    "linguist": 0.0,
    "cortex": -0.0,
    "etholog": 0.11192472116412305,
    "physiolog": 0.0,
    "interfac": 0.14358662006465123,
    "pertin": 0.0,
    "ergonom": 0.7081916053965072,
    "neurosci": -0.0,
    "constanc": 0.0,
    "psychophys": 0.0,
    "ophthalmolog": -0.0,
    "ophthalm": 0.0,
    "opo": 0.0,
    "iov": 0.0,
    "biopsycholog": 0.16920342300533747,
    "ipercept": 0.0
  }
}