{
  "qid": "120",
  "query": "Baking",
  "rank": 2,
  "docid": 279731,
  "coef": {
    "can": 0.16109973715036446,
    "order": 0.04041903270314717,
    "us": 0.4628702323086045,
    "pre": 0.0,
    "prevent": 0.043181120667447864,
    "call": 0.036916858002388656,
    "allow": 0.0,
    "due": 0.10215702799808475,
    "involv": 0.0,
    "work": 0.3821187006772102,
    "second": 0.0,
    "complet": 0.1617461002225112,
    "close": 0.0,
    "time": 0.0,
    "process": 0.0,
    "will": 0.0,
    "small": 0.0436109701472986,
    "place": 0.0,
    "see": 0.25164165161499613,
    "method": 0.24658802407148528,
    "line": 0.0,
    "produc": 0.004739540156057919,
    "past": 0.0,
    "shape": 0.0,
    "achiev": 0.0,
    "partli": 0.0,
    "techniqu": 0.39817375630482543,
    "blind": -0.0,
    "case": 0.0,
    "weight": 0.505728016146796,
    "remov": 0.0,
    "metal": 0.0,
    "paper": 0.0,
    "repeatedli": 0.09270301887568987,
    "keep": 0.0,
    "top": 0.0,
    "bubbl": 0.0,
    "shorter": 0.0,
    "photograph": 0.0,
    "brown": 0.0,
    "retain": 0.0,
    "fulli": -0.0,
    "bird": 0.1612678550716916,
    "escap": 0.02256899103345855,
    "fill": 0.4932422939376585,
    "ensur": 0.0,
    "hole": 0.03616628379801691,
    "accomplish": 0.0,
    "puls": 0.0,
    "dri": 0.020702473227333762,
    "wet": 0.061675413682261766,
    "shell": -0.0,
    "soft": 0.01923461984729653,
    "simplifi": 0.0,
    "tin": 0.3138486835191508,
    "pierc": 0.0074482997499496755,
    "ceram": 0.4570524320005743,
    "pastri": 0.03398816143823549,
    "pi": 0.15579126290901163,
    "steam": 0.026567583520404413,
    "te": 0.03409154031150372,
    "foil": 0.0,
    "rice": 0.0,
    "pie": 0.08708132046683523,
    "crust": 0.38101621415914233,
    "cream": 0.0159515398661218,
    "bean": 0.14666693088279437,
    "lentil": 0.0,
    "pea": 0.012110678089584059,
    "aluminium": 0.0,
    "fork": 0.01237664750117152,
    "bead": 0.0,
    "dispens": 0.0,
    "bake": 0.32361297191558874,
    "invert": -0.0,
    "dough": 0.0,
    "pud": 0.0,
    "parchment": 0.0,
    "sucr": 0.0,
    "tine": 0.0,
    "unbak": -0.0,
    "huff": 0.0,
    "soggi": 0.0
  }
}