{
  "qid": "148",
  "query": "Tea",
  "rank": 0,
  "docid": 1007379,
  "coef": {
    "discuss": 0.0,
    "cultur": 0.12093751894645159,
    "stand": 0.0,
    "can": 0.22708800890939024,
    "classic": 0.0,
    "includ": -0.0,
    "involv": 0.0,
    "follow": 0.0,
    "work": 0.13550440710070139,
    "emperor": 0.0,
    "era": 0.0,
    "crush": 0.0,
    "pioneer": 0.0,
    "relat": 0.0,
    "deriv": 0.32148105273212135,
    "see": 0.0,
    "method": 0.18576186586581647,
    "consid": 0.0002393404537622698,
    "advoc": 0.0,
    "new": 0.0,
    "wai": 0.0,
    "radic": 0.0,
    "manual": -0.0,
    "old": 0.0,
    "mileston": 0.37742899971231947,
    "select": 0.0,
    "water": 0.0835231183394764,
    "heat": 0.0,
    "steep": -0.0,
    "content": -0.0,
    "cup": 0.0,
    "written": 0.0,
    "mill": 0.0,
    "ban": 0.0,
    "prepar": 0.0,
    "manufactur": 0.0,
    "short": 0.573411291775873,
    "man": 0.0,
    "son": 8.325422920485567e-05,
    "princ": 0.0,
    "1440": 0.0,
    "17th": 0.6895027611206689,
    "store": 0.0,
    "departur": 0.0,
    "loos": -0.0,
    "song": 0.0,
    "chines": 2.2229328697186008e-06,
    "chapter": 0.0,
    "tea": 0.40074521998020973,
    "cha": 0.05149807473110536,
    "cake": 0.0,
    "pictori": 0.0,
    "dynasti": 0.5671073651004548,
    "prefac": 0.16882603396116402,
    "sixteen": 0.0,
    "roller": 0.0,
    "simpler": 0.0,
    "tang": 0.0,
    "scent": -0.2400940055716615,
    "spoon": 0.0,
    "ming": 0.0,
    "pitcher": 0.0,
    "yu": 0.0,
    "siev": 0.0,
    "pu": 0.015038007455361312,
    "lu": 0.0,
    "ware": -0.0,
    "stove": -0.0,
    "shen": 0.0,
    "quan": 0.36884992286203444,
    "whisk": -0.0,
    "zhu": 4.605864388666214e-16,
    "ning": 0.0,
    "brazier": -0.0,
    "hongwu": 0.0,
    "degust": 0.3117814986436406
  }
}