{
  "qid": "142",
  "query": "Physiotherapy",
  "rank": 5,
  "docid": 2736302,
  "coef": {
    "be": 0.0,
    "third": 0.0,
    "state": 0.0,
    "lead": 0.0,
    "organis": 0.0,
    "peopl": -0.0,
    "emerg": -0.0,
    "exist": 0.0,
    "societi": 0.14996431102674374,
    "return": -0.0,
    "system": 0.0,
    "journal": 0.2225768213585249,
    "assist": 0.0,
    "mai": 0.0,
    "nation": 0.022733858916610807,
    "region": 0.0,
    "led": 0.0,
    "countri": 0.0,
    "propos": 0.0,
    "confeder": 0.15801937511150735,
    "respons": 0.0,
    "took": 0.0,
    "public": 0.0,
    "gener": 0.0,
    "includ": 0.0,
    "began": 0.0,
    "talk": 0.0,
    "histori": 0.0,
    "attend": 0.0,
    "educ": 0.05941157925548896,
    "event": -0.0,
    "ii": 0.0,
    "view": 0.0,
    "import": 0.0,
    "world": 0.026856845525908495,
    "professor": 0.0,
    "bodi": 0.0,
    "need": 0.0,
    "occupi": 0.0,
    "still": 0.0,
    "formal": 0.0,
    "follow": 0.0,
    "charg": 0.0,
    "late": 0.054301880402124324,
    "critic": 0.0,
    "american": -0.0,
    "fit": 0.0,
    "octob": 0.0,
    "repres": 0.0,
    "second": 0.0,
    "object": 0.0,
    "develop": 0.0,
    "well": 0.0,
    "complet": -0.0,
    "govern": 0.22912680701241095,
    "confer": 0.0,
    "feder": 0.0,
    "colleg": 0.0,
    "group": 0.0,
    "canadian": -0.0,
    "ago": 0.0,
    "effort": 0.0,
    "william": 0.0,
    "treat": 0.0,
    "doctor": 0.0,
    "offer": -0.0,
    "life": 0.0,
    "cours": 0.0,
    "organ": 0.0,
    "student": 0.0,
    "pioneer": 0.0,
    "relat": -0.0,
    "place": 0.0,
    "set": -0.0,
    "1960": 0.0,
    "todai": 0.2748808679735113,
    "constitut": 0.0,
    "known": 0.0,
    "advoc": 0.0,
    "onli": 0.03364871933913721,
    "intern": 0.0,
    "mark": 0.0,
    "similar": 0.0,
    "wit": 0.0,
    "who": -0.0,
    "practic": 0.03837935787605122,
    "incept": -0.0,
    "posit": 0.0,
    "first": 0.009358141690190093,
    "offici": 0.0,
    "post": 0.0,
    "transit": 0.0,
    "war": 0.0,
    "congress": 0.14519193041676162,
    "unit": 0.0,
    "shape": 0.0,
    "individu": 0.0,
    "made": 0.0,
    "continu": -0.0,
    "member": 0.1529465869881387,
    "studi": -0.0,
    "decis": 0.0,
    "committe": 0.0,
    "founder": 0.0,
    "scienc": 0.0,
    "forum": 0.0,
    "decad": 0.0,
    "met": -0.0,
    "execut": 0.0,
    "associ": 0.0149937993985914,
    "power": 0.0,
    "meet": 0.029363843804516537,
    "emploi": 0.0,
    "period": 0.0,
    "level": 0.0,
    "train": 0.0,
    "obtain": 0.0,
    "physic": 0.052641304734295104,
    "medicin": 0.095510262969664,
    "initi": 0.0,
    "present": 0.0,
    "uk": 0.13807191187394288,
    "pattern": 0.0,
    "year": 0.0,
    "licens": 0.0,
    "1987": 0.0,
    "profession": 0.030195401461273915,
    "program": 0.20831389700450822,
    "model": 0.0,
    "full": 0.0,
    "2013": 0.0,
    "approv": -0.0,
    "graduat": 0.013944296855206964,
    "look": 0.0,
    "research": 0.0,
    "health": 0.0,
    "teacher": 0.0,
    "old": 0.0,
    "invit": 0.0,
    "univers": 0.048411131029515386,
    "grant": 0.0,
    "now": 0.0,
    "locat": 0.0,
    "elev": 0.0,
    "clinic": 0.0,
    "18": 0.0,
    "therapi": 0.0,
    "medic": 0.0,
    "scientif": 0.0,
    "convers": 0.0,
    "forward": 0.0,
    "disabl": 0.0,
    "given": 0.0,
    "degre": 0.22912589141567258,
    "qualiti": 0.0,
    "start": 0.0,
    "design": 0.0,
    "2016": 0.07900576014052492,
    "2000": 0.0,
    "standard": 0.0,
    "hospit": 0.012920632656850724,
    "3": 0.0,
    "home": -0.0,
    "miss": -0.0,
    "board": 0.0,
    "applic": 0.0,
    "receiv": -0.0,
    "al": 0.0,
    "great": 0.0,
    "eventu": 0.0,
    "annual": 0.0,
    "2004": 0.0,
    "foreign": 0.0,
    "5th": 0.0,
    "front": 0.0,
    "hall": 0.0,
    "held": 0.01400581273082251,
    "submit": 0.0,
    "struck": 0.0,
    "29": 0.0,
    "membership": 0.0,
    "august": 0.0,
    "soldier": 0.0,
    "28": 0.0,
    "novemb": 0.0,
    "charter": 0.0,
    "go": 0.0,
    "depart": 0.0,
    "june": 0.0,
    "short": 0.0,
    "commiss": -0.0,
    "wound": 0.0,
    "1986": -0.0,
    "british": 0.12207304052213123,
    "1966": 0.0,
    "1962": 0.0,
    "1961": 0.0,
    "1945": 0.0,
    "african": -0.0,
    "admit": 0.0,
    "desir": 0.0,
    "inaugur": 0.0,
    "await": -0.0,
    "1977": 0.0,
    "har": 0.0,
    "ratif": 0.0,
    "negoti": 0.0,
    "master": -0.0,
    "draft": 0.0,
    "launch": 0.0,
    "proceed": -0.0,
    "profess": -0.0,
    "1997": 0.0,
    "michigan": 0.0,
    "provision": 0.0,
    "twelv": -0.0,
    "faculti": 0.0,
    "1985": 0.28235217233216414,
    "royal": 0.0,
    "excel": 0.0,
    "recognis": 0.0,
    "rehabilit": 0.0,
    "subsequ": -0.0,
    "1998": 0.0,
    "vincent": -0.0,
    "pt": 0.0,
    "dr": 0.08222524084461313,
    "discontinu": 0.0,
    "1959": 0.0,
    "surpris": 0.0,
    "australia": 0.0,
    "1971": 0.0,
    "1967": 0.0,
    "chapter": -0.0,
    "entri": 0.0,
    "1979": 0.0,
    "allianc": 0.0,
    "burma": -0.0,
    "bachelor": 0.1160218926809098,
    "mr": 0.054560227596210105,
    "melbourn": -0.0,
    "nigeria": 0.08836231412387269,
    "cairo": -0.0,
    "baccalaur": 0.0,
    "egypt": -0.0,
    "ui": 0.03919755457487958,
    "africa": -0.0,
    "curricula": 0.0,
    "curriculum": 0.0,
    "therapist": 0.0,
    "quest": 0.0,
    "stride": 0.0,
    "sixteen": -0.0,
    "ms": 0.0,
    "mandat": 0.0,
    "ph": 0.0,
    "commenc": 0.0,
    "il": 0.0,
    "pan": -0.0,
    "processor": 0.0,
    "upgrad": 0.008007643516838097,
    "gabriel": 0.0,
    "nsp": 0.1357004242788132,
    "stakehold": 0.0,
    "physiotherapist": 0.18949502983753172,
    "diploma": 0.0,
    "lago": 0.12247164395817965,
    "flint": 0.0,
    "odia": 0.0,
    "bsc": 0.0,
    "nigerian": 0.08611475199562395,
    "benchmark": 0.0,
    "internship": 0.0,
    "bylaw": 0.0,
    "ibadan": 0.0,
    "of": 0.0,
    "orthoped": 0.0,
    "messr": 0.0,
    "bmr": 0.0,
    "yearn": 0.0,
    "if": 0.0,
    "oau": 0.0,
    "orthopaed": 0.0,
    "kehind": -0.0,
    "physiotherapi": 0.141960205500514,
    "dpt": 0.0,
    "physio": 0.0,
    "luth": 0.0,
    "oshin": 0.0,
    "obafemi": 0.0,
    "awolowo": 0.0,
    "bpt": 0.0,
    "wcpt": 0.06378402657870078,
    "manfield": 0.0,
    "balogun": 0.0,
    "cmul": 0.0,
    "abayomi": 0.0,
    "hamzat": 0.0,
    "igbobi": 0.0,
    "mrtb": 0.0,
    "mcsp": 0.0,
    "mabogunj": 0.0,
    "ajao": -0.0,
    "aboderin": -0.0,
    "nwuga": -0.0
  }
}