{
  "qid": "107",
  "query": "Seafood",
  "rank": 1,
  "docid": 1153939,
  "coef": {
    "aspect": 0.0,
    "state": 0.0,
    "list": 0.1484926228301452,
    "current": 0.0,
    "market": 0.0006800541765079914,
    "peopl": 0.0,
    "societi": 0.0,
    "north": 2.830608198404574e-16,
    "assist": -0.0,
    "mai": 0.0,
    "nation": 0.0,
    "region": 0.0,
    "countri": 0.0,
    "industri": 0.0,
    "econom": 0.0006078417876996737,
    "product": 0.0,
    "contradictori": 0.0,
    "spanish": 0.0,
    "websit": 0.0,
    "friendli": 0.0,
    "respons": 0.0,
    "public": 0.0,
    "servic": 0.0,
    "target": 0.0,
    "includ": 0.0,
    "take": 2.547966735492542e-16,
    "came": 0.0,
    "educ": 0.0,
    "manag": 0.16031498279554393,
    "allow": 0.0,
    "world": 0.17024300204997941,
    "avoid": 0.0,
    "oper": 0.0,
    "best": 0.0,
    "ad": 0.024529500853630527,
    "trade": 0.0,
    "note": 0.0,
    "late": 0.0,
    "critic": 0.0,
    "work": 3.215802948160666e-06,
    "american": 0.0,
    "guid": 0.3502959943789693,
    "elimin": 0.0,
    "long": 0.0,
    "choic": 0.0,
    "develop": -0.0,
    "environment": 0.0,
    "group": 0.0,
    "effort": 0.0,
    "push": 0.0,
    "root": 0.0,
    "life": 0.0,
    "organ": 0.0,
    "consum": 0.0,
    "influenc": 0.0,
    "institut": -0.0,
    "find": 0.0,
    "1999": 1.1499517854630007e-05,
    "see": 0.0,
    "non": 0.0,
    "wide": 0.0,
    "known": 0.03258276078444054,
    "inform": 0.0,
    "advoc": 0.0,
    "move": 0.01448278681981027,
    "featur": 0.0,
    "produc": 0.00047241896797068527,
    "green": 0.2468808659370395,
    "similar": 0.0,
    "first": 8.75940233096322e-05,
    "web": 0.0,
    "result": 0.0,
    "wai": 0.0,
    "unit": -0.0,
    "social": 0.0,
    "promot": 0.0,
    "natur": 0.008193938387637599,
    "decis": 0.0,
    "base": 0.0,
    "scienc": 0.0,
    "illeg": 0.0,
    "wrote": 0.0,
    "suggest": 0.003117634871925579,
    "sourc": 0.0,
    "global": -0.0,
    "back": 0.0,
    "harm": 0.0,
    "serv": 0.0,
    "human": 0.0,
    "altern": 0.018046041245083876,
    "level": 0.0,
    "caught": 0.0,
    "low": 0.0,
    "acid": 0.0,
    "initi": -0.0,
    "environ": 0.0,
    "profession": 0.2592207579967988,
    "sustain": 0.0,
    "pcb": 0.07899046329615773,
    "program": 0.12082812269074465,
    "focu": 0.0,
    "popul": 0.0,
    "food": 0.0,
    "high": 0.0,
    "confus": 0.0,
    "advanc": 0.19813835773929794,
    "health": 0.22562987613794885,
    "rate": 0.00011476100394825662,
    "resourc": 0.1295882325597,
    "wild": 0.0,
    "1990": 0.0,
    "improv": 0.0,
    "eat": 0.0,
    "recommend": 0.04579171297533569,
    "assess": 0.0,
    "account": 0.1544104549677647,
    "categori": 0.2620794089144988,
    "traceabl": 0.0,
    "measur": 0.0,
    "updat": 0.0,
    "2010": -0.0,
    "exhibit": 0.0,
    "3": 0.0,
    "farm": 0.2951121550359238,
    "near": 0.0,
    "impact": 0.0,
    "ocean": 0.2716433864191557,
    "calcul": 0.0,
    "annual": 0.0,
    "final": 0.012923324499558048,
    "restaur": 0.0,
    "statu": -0.0,
    "bai": 0.0,
    "site": 0.0,
    "conserv": -0.0,
    "suppli": -0.0,
    "team": 0.059920191268279105,
    "fish": 0.00460116961666818,
    "retail": 0.1394806565133357,
    "busi": 0.0,
    "museum": 0.0,
    "fulli": 0.0,
    "red": 0.0,
    "center": 0.20564501927025688,
    "super": 0.0,
    "zoo": 0.0,
    "twice": 0.0,
    "restor": 0.036098644924363904,
    "freshwat": 0.0,
    "yellow": 0.08174522458073709,
    "purchas": 0.0,
    "polici": 0.00031725745691100213,
    "profit": 0.0002662521061549981,
    "highlight": 0.0,
    "watch": 0.19206287026309352,
    "strengthen": 0.0,
    "ran": 0.0,
    "partner": 0.0,
    "mercuri": 0.0,
    "1997": 0.1049990558612898,
    "store": 0.0,
    "chain": 0.0,
    "shark": 0.009968462330294945,
    "score": 0.0,
    "certif": -0.0,
    "buyer": -0.0,
    "iphon": -0.0,
    "tuna": 0.0,
    "solut": 0.0,
    "allianc": -0.0,
    "aquacultur": 0.0,
    "alert": 0.0,
    "android": 0.19208683517956038,
    "lover": 0.0,
    "chef": 0.0,
    "unregul": 0.00229399030244114,
    "ecosystem": 0.0,
    "marin": 0.334108726141428,
    "seafood": 0.3884399467686413,
    "fisheri": 0.24304545300994107,
    "marketplac": 0.1695304490877697,
    "unreport": 0.0012497661633850215,
    "pocket": -0.0,
    "app": -0.0,
    "omega": 0.0,
    "fatti": 0.0,
    "contamin": 0.1491456349835952,
    "advisori": -0.0,
    "overfish": 0.0,
    "culinari": -0.0,
    "blog": 0.0,
    "distributor": 0.0,
    "monterei": 0.0,
    "sushi": 0.0,
    "audubon": 0.0,
    "bluefin": 0.0011411831638110488,
    "aquarium": 0.22024444939241505,
    "notoc": -0.0,
    "dioxin": 0.0
  }
}