{
  "qid": "104",
  "query": "Business Leaders",
  "rank": 1,
  "docid": 5344947,
  "coef": {
    "list": 0.0,
    "current": 0.0,
    "opposit": 0.0,
    "debat": 0.7542286071211964,
    "order": 0.15591737257006627,
    "respons": 0.0,
    "includ": -0.0,
    "manag": 0.7286252950539225,
    "commonli": 0.0,
    "reaction": 0.0,
    "govern": 0.5570562478936494,
    "issu": 0.0,
    "time": 0.0,
    "role": 0.0,
    "see": -0.0,
    "known": 0.16422726568659404,
    "leader": 0.038773155825286565,
    "tactic": 0.0,
    "matter": 0.0,
    "member": 0.0712474124815152,
    "council": 0.0,
    "hous": 0.9236303126665613,
    "lower": 0.0,
    "schedul": -0.0,
    "counterpart": 0.0,
    "energi": 0.5550160217418286,
    "mine": 1.448403898264157e-16,
    "assembl": 0.0,
    "held": 0.6596170141346873,
    "busi": 0.21774320146200582,
    "cabinet": 0.28055276921157635,
    "legisl": 0.0,
    "offic": 0.0,
    "south": 0.0,
    "bill": 0.0,
    "van": 0.0,
    "negoti": 0.0,
    "australia": 0.12473148666434146,
    "australian": -0.0,
    "parliament": 0.0,
    "minist": 0.11099187170083213,
    "dan": 0.0,
    "disambigu": 0.0,
    "allot": 0.0,
    "dealt": 0.10516207427573561,
    "impedi": 0.0,
    "holst": 0.0,
    "pellekaan": 0.0
  }
}