{
  "qid": "109",
  "query": "Poverty",
  "rank": 4,
  "docid": 3542443,
  "coef": {
    "state": 0.6359208149241731,
    "extrem": -0.0,
    "mai": 0.0,
    "debat": 0.0,
    "address": 0.16195096100753759,
    "import": 0.0,
    "need": 1.2064117203278877,
    "term": 0.0,
    "kind": 0.0,
    "long": 0.0,
    "group": 0.0,
    "time": 0.04067576472767064,
    "see": 0.0,
    "consid": 0.36988675171275637,
    "determin": 0.5791181872444595,
    "line": 0.344417332549199,
    "individu": 0.7392415908881314,
    "period": 0.16738418555549592,
    "durat": 0.0,
    "research": 0.0,
    "requir": 1.3082407708912314,
    "extend": 0.0,
    "centr": 0.0,
    "identif": 1.0831185975111635,
    "chronic": 0.0,
    "poverti": 0.6207643258458151,
    "polici": 0.0,
    "cycl": 0.0,
    "phenomenon": 0.0,
    "tran": -0.38626801212751405,
    "implicit": 0.0,
    "transient": 0.0
  }
}