{
  "qid": "104",
  "query": "Business Leaders",
  "rank": 2,
  "docid": 2959386,
  "coef": {
    "mai": 0.0,
    "govern": 0.0,
    "common": 0.2642714508540078,
    "northern": 0.0,
    "known": 0.0,
    "new": -0.002694768414343671,
    "leader": 0.46544919286693703,
    "unit": 0.14665446116191547,
    "council": 0.0,
    "refer": 0.019957577264267924,
    "canada": -0.0,
    "hous": 0.6253590208291095,
    "now": 0.3161852861558809,
    "assembl": 0.04277179108656335,
    "busi": 0.42835511325231657,
    "legisl": 0.0,
    "south": 0.0,
    "island": 0.0,
    "senat": 0.15569388194611053,
    "kingdom": 0.0,
    "premier": 0.0,
    "australia": 0.0,
    "lord": 0.0,
    "minist": 0.0,
    "ireland": 0.20070915207863513,
    "india": 0.0,
    "bangladesh": 0.0,
    "lanka": -0.22973554836789123,
    "sri": -0.0,
    "zealand": -0.10208540276502906,
    "queensland": -0.0,
    "lok": 0.0,
    "sabha": 0.0,
    "cayman": 0.6402010241951162,
    "rajya": 0.0,
    "seanad": 0.0
  }
}