{
  "qid": "103",
  "query": "European Novelists",
  "rank": 7,
  "docid": 1408881,
  "coef": {
    "bed": 1.090501108468927,
    "journal": 0.17945415122277375,
    "world": 1.295676089845443,
    "william": 0.0,
    "author": 1.3274532508810042,
    "novelist": 0.9600236828966556,
    "english": 1.3448160433064158,
    "1920": 0.2367786586820149,
    "introduc": 1.0462958786096477,
    "frequent": 1.3845814044816158,
    "european": 1.2139237860326808,
    "london": 1.194251869776364,
    "philip": 0.01825141857038549,
    "poet": 0.0,
    "samuel": 1.6143069100617822,
    "editor": 1.1675657232619248,
    "1930": 1.499426133855644,
    "owen": 0.09314824080017503,
    "edit": 0.004563237660122574,
    "literari": 0.05101344683006256,
    "jack": 0.007449984380604244,
    "contributor": 3.746323827191419e-17,
    "novel": 0.0,
    "aphrodit": 0.0,
    "jacob": 0.13933037311222451,
    "caravan": 0.0,
    "beckett": 0.0,
    "lindsai": 0.0,
    "putnam": 0.009361922292898011,
    "antholog": 0.0,
    "landladi": 1.2081446348707834,
    "bronowski": 0.0,
    "empson": 0.0,
    "hobohemian": 0.0,
    "breaksfast": 0.12679946148117083
  }
}