{
  "qid": "120",
  "query": "Baking",
  "rank": 5,
  "docid": 845097,
  "coef": {
    "be": 0.0,
    "type": 0.04056284937911324,
    "higher": 0.0,
    "mai": 0.15485085596361128,
    "bitter": 0.0,
    "product": 0.0,
    "includ": 0.0,
    "form": -0.0,
    "ad": 0.0,
    "denot": 0.06055534730000785,
    "see": -0.0,
    "signific": 0.0,
    "handl": 0.02575309137297296,
    "amount": 0.19405150595329942,
    "part": 0.0,
    "refer": 0.248074283799174,
    "replac": 0.0,
    "easier": 0.003357140865518686,
    "varieti": 0.35142053612524315,
    "modern": 0.0,
    "remain": 0.0,
    "contain": -0.0,
    "depend": 0.0,
    "tabl": 0.1915571484257343,
    "lower": -0.0,
    "primari": 0.0,
    "typic": 0.04607234108173825,
    "50": 0.0,
    "40": -0.0,
    "15": 0.0,
    "minimum": 0.0,
    "qualiti": -0.0,
    "compar": 0.38212807289499523,
    "requir": 0.0,
    "35": 0.025576837965452313,
    "temper": 0.0,
    "semi": -0.0,
    "content": 0.28999673313063684,
    "dark": 0.0749723633511796,
    "least": 0.0,
    "bar": 0.168985598919127,
    "baker": 0.0,
    "prepar": 0.15045645743313832,
    "percent": 0.0,
    "manufactur": -0.0,
    "compani": 0.04376754843246532,
    "fat": 0.0,
    "cook": 0.0,
    "sugar": 0.26618958011759725,
    "recip": 0.0,
    "ingredi": 0.24056399606670756,
    "liquor": 0.044590944739849044,
    "chocol": 0.35270434017719327,
    "sweet": 0.059638136560132136,
    "cocoa": 0.2780973711643003,
    "chip": -0.0,
    "bake": 0.0,
    "flavor": -0.0,
    "butter": 0.0,
    "adj": 0.025931594193674797,
    "lindt": 0.11278832141257926,
    "hershei": 5.195781319369437e-16,
    "guittard": 3.711272370978169e-17,
    "menier": 0.0,
    "mouthfeel": 0.0,
    "bittersweet": 0.19053930789783868,
    "unsweeten": 0.0,
    "ghirardelli": 0.0,
    "semisweet": 0.0,
    "callebaut": 0.0,
    "valrhona": -0.0
  }
}