{
  "qid": "144",
  "query": "Child Development",
  "rank": 9,
  "docid": 1284831,
  "coef": {
    "be": 0.0,
    "list": 0.0,
    "lead": 0.0,
    "origin": 0.0,
    "progress": 0.0,
    "cultur": 0.0,
    "type": -0.0,
    "emerg": 0.0,
    "focus": 0.0,
    "theoret": 0.0,
    "can": 0.008657382839472292,
    "journal": 0.0,
    "higher": 0.0,
    "earli": 0.0,
    "mai": 0.0,
    "concept": 0.0,
    "caus": 0.0,
    "defin": 0.0,
    "conduct": 0.1476718198307696,
    "basic": 0.0,
    "began": 0.0,
    "take": 0.0,
    "form": -0.0,
    "view": 0.0,
    "found": 0.0,
    "normal": 0.0,
    "reinforc": 0.0,
    "follow": 0.0,
    "emot": 0.016600432641888516,
    "tend": 0.02563513311817463,
    "late": 0.0,
    "work": 0.0,
    "chang": 0.08231789330014441,
    "develop": 0.2149905641769608,
    "well": 0.010634999208309046,
    "learn": 0.0,
    "environment": 0.0,
    "issu": 0.1651711669364513,
    "effort": 0.0,
    "academ": 0.0,
    "author": 0.0,
    "mutual": 0.0,
    "time": 0.0,
    "life": 0.0,
    "role": 0.0,
    "cours": 0.0,
    "plai": 0.0,
    "publish": -0.0,
    "influenc": 0.18432868606837755,
    "dynam": 0.010679918515015676,
    "will": -0.0,
    "central": 0.0,
    "acknowledg": 0.0,
    "relat": 0.0,
    "field": 0.0,
    "children": 0.0,
    "see": 0.0,
    "non": 0.0,
    "consid": 0.0,
    "inform": 0.0,
    "child": 0.08450988733517342,
    "line": 0.0,
    "similar": -0.0,
    "who": 0.0,
    "disord": 0.0,
    "perspect": 0.12224401870267354,
    "first": 0.0,
    "transit": 0.0,
    "problem": 0.16629421627413069,
    "social": 0.12593915131409622,
    "shape": 0.0,
    "continu": 0.035006116834538886,
    "studi": 0.04406977093281717,
    "person": 0.0,
    "condit": 0.0,
    "basi": 0.001228159368118468,
    "scienc": -0.0,
    "foundat": 0.0,
    "book": -0.0,
    "wrote": 0.0,
    "associ": 0.0,
    "emphas": 0.0,
    "diverg": 0.0,
    "pivot": 0.0,
    "occur": -0.0,
    "across": 0.0,
    "older": 0.0,
    "depress": 0.11323424678788774,
    "norm": 0.0,
    "mechan": 0.0,
    "maladapt": 0.043851052104477685,
    "context": 0.25570483499256264,
    "character": 0.0,
    "psycholog": 0.0,
    "adapt": 0.0,
    "disciplin": 0.0,
    "pathwai": 0.0,
    "wors": 0.0,
    "cognit": 0.0,
    "parent": 0.0,
    "identifi": 0.0,
    "autism": 0.0,
    "incorpor": 0.004831649932302527,
    "symptom": -0.0,
    "model": 0.0,
    "retard": 0.0,
    "atyp": 0.09668312440245724,
    "consider": 0.14024615180621547,
    "development": 0.313265134952589,
    "research": 0.0,
    "outcom": -0.0,
    "evid": 0.0,
    "childhood": 0.17139645639938414,
    "examin": 0.030643136713107012,
    "univers": 0.0,
    "typic": 0.0,
    "behavior": 0.1763592066585075,
    "understood": 0.0,
    "special": 0.0,
    "schizophrenia": 0.0,
    "genet": 0.0,
    "assumpt": 0.0,
    "psychiatri": 0.0,
    "factor": 0.0,
    "analysi": 0.0,
    "mental": 0.0,
    "adolesc": 0.09584826311607661,
    "variabl": 0.0,
    "aris": 0.0,
    "comprehens": 0.0,
    "patholog": 0.0,
    "design": 0.0,
    "grow": -0.0,
    "sub": -0.0,
    "requir": 0.0,
    "addit": 0.0,
    "center": 0.0,
    "thoma": 0.0,
    "1984": 0.0,
    "1974": 0.0,
    "entitl": -0.0,
    "vice": -0.0,
    "oregon": 0.0,
    "launch": -0.0,
    "behaviour": 0.01185035481295487,
    "dant": 0.0,
    "edit": 0.0,
    "laid": 0.0,
    "volum": 0.0,
    "1989": -0.0,
    "annoi": 0.0,
    "colleagu": 0.0,
    "psychopathi": 0.0,
    "harvard": 0.0,
    "underli": -0.0,
    "gerald": 0.0,
    "physiolog": 0.0912122509207459,
    "subfield": 0.0,
    "interplai": 1.512876950047386e-16,
    "versa": -0.0,
    "nest": 0.0,
    "multivari": 0.0507258880076085,
    "longitudin": -0.0,
    "improp": 0.0,
    "trajectori": -0.0,
    "outgrowth": 0.0,
    "patterson": 0.0,
    "neurosci": 0.0,
    "symposium": 0.0,
    "uri": 0.0,
    "borderlin": 0.0,
    "maltreat": 0.0,
    "functionalist": 0.0,
    "awri": -0.0,
    "rochest": 0.0,
    "antisoci": 0.0,
    "achenbach": 0.0,
    "psychopatholog": 0.0,
    "bronfenbrenn": 0.0,
    "heterotyp": 0.018824618541864402,
    "homotyp": 0.13833761943281475,
    "preadolesc": 0.03021172300534793,
    "cicchetti": 0.18946342843222608
  }
}