{
  "qid": "104",
  "query": "Business Leaders",
  "rank": 1,
  "docid": 5344947,
  "coef": {
    "list": 0.0,
    "current": 0.0,
    "opposit": 0.0,
    "debat": 0.7097567071754358,
    "order": 0.0,
    "respons": 0.0,
    "includ": -0.0,
    "manag": 0.7636340891621834,
    "commonli": 0.40679458874312596,
    "reaction": 0.00020520639350955061,
    "govern": 0.6166951259073908,
    "issu": 0.0,
    "time": 0.0,
    "role": 0.0,
    "see": -0.0,
    "known": 0.1319022239571601,
    "leader": 0.006877818091319886,
    "tactic": 0.4531841698614327,
    "matter": 6.24039451517498e-15,
    "member": 0.43360144027894787,
    "council": 0.0,
    "hous": 0.7637194153210854,
    "lower": 0.0,
    "schedul": -0.0,
    "counterpart": 0.0,
    "energi": 0.33779127180130736,
    "mine": 0.0,
    "assembl": 0.0,
    "held": 0.4577120340082437,
    "busi": 0.2595171293562571,
    "cabinet": 0.191911303104687,
    "legisl": -0.0,
    "offic": 0.0,
    "south": 0.0,
    "bill": 0.0,
    "van": 0.0,
    "negoti": 0.0,
    "australia": 0.0,
    "australian": -0.0,
    "parliament": 0.0,
    "minist": 0.08642969947065109,
    "dan": 0.0,
    "disambigu": 0.0,
    "allot": 0.0,
    "dealt": 0.1896622124175405,
    "impedi": 0.0,
    "holst": 0.0,
    "pellekaan": 0.0
  }
}