{
  "qid": "113",
  "query": "Computer Scientists",
  "rank": 1,
  "docid": 857905,
  "coef": {
    "state": 0.0,
    "can": 0.10159379263037453,
    "nation": 0.0,
    "name": 0.6637278988417968,
    "creat": 0.0,
    "law": 0.0,
    "econom": 0.0,
    "task": 0.39481917145542134,
    "concept": 0.0,
    "gener": 0.0,
    "form": 0.0,
    "perform": -0.0,
    "area": 0.0,
    "work": 0.0,
    "larg": 0.0,
    "art": 0.0,
    "respect": 0.0,
    "academ": 0.0,
    "necessarili": 0.0,
    "influenc": 0.0,
    "field": 1.0329871764867093,
    "specif": 0.0,
    "effect": 0.0,
    "amount": 0.0,
    "who": -0.0,
    "wai": 0.37099962834837513,
    "increasingli": 0.8842453468622401,
    "scientist": 0.6578594683903314,
    "social": 0.0,
    "person": 0.0,
    "scienc": 0.5875873168899609,
    "train": 0.7195821539472246,
    "physic": 0.0,
    "medicin": 0.0,
    "disciplin": 0.2215981703869881,
    "appli": 0.650930282209226,
    "model": -0.0,
    "high": -0.0,
    "advanc": 0.8477079190064317,
    "research": 0.5096515130024921,
    "univers": 0.0,
    "typic": 6.542645645718671e-15,
    "data": 0.7318663776205009,
    "analyz": 0.13145595837580426,
    "scientif": 0.83623888262009,
    "analysi": 0.785953091601397,
    "skill": 0.0,
    "cloud": 0.527110487494513,
    "artifici": -0.0,
    "clean": 0.47288234553306585,
    "comput": 0.3331115834011515,
    "huge": -0.0,
    "engin": 0.0,
    "compani": 0.3037784624653893,
    "biologi": 0.5207996963884634,
    "mathematician": 0.06858002827705346,
    "calibr": 0.0,
    "lab": 0.0,
    "usabl": 0.0,
    "chemistri": 0.0,
    "simul": 0.9680555795394121,
    "forth": 0.0,
    "astrophys": 0.0,
    "statistician": 0.0,
    "tech": 0.0
  }
}