{
  "qid": "130",
  "query": "Basketball",
  "rank": 9,
  "docid": 5623852,
  "coef": {
    "state": 0.0,
    "list": 0.025775007683504,
    "nation": 0.0,
    "world": 0.0,
    "follow": 0.5365248405367706,
    "women": 0.22544101253654833,
    "argentina": 0.07159470963786732,
    "group": 0.012055434130124639,
    "will": 0.0,
    "franc": 0.0,
    "china": -0.0,
    "spain": 0.0,
    "greec": -0.0,
    "unit": 0.2794344125020747,
    "canada": -0.0,
    "30": 0.0,
    "16": 0.0,
    "12": 0.12491627772855687,
    "select": 0.0,
    "2018": 0.0,
    "22": 0.0,
    "cup": 0.16312581287012332,
    "held": 0.20526942363897077,
    "team": 0.5239644694423993,
    "tournament": 0.0,
    "septemb": 0.0,
    "south": -0.0,
    "japan": 0.0,
    "compet": 0.0,
    "basketbal": 0.0,
    "australia": -0.0,
    "player": 0.0,
    "nigeria": -0.18469881218877493,
    "belgium": 0.014322375202650037,
    "turkei": -0.0,
    "korea": 0.0,
    "rico": -0.0,
    "puerto": -0.0,
    "fiba": 0.0,
    "seneg": 0.0,
    "squad": 0.23265793706468996,
    "latvia": 0.0
  }
}