{
  "qid": "126",
  "query": "Political Theory",
  "rank": 9,
  "docid": 18971,
  "coef": {
    "be": 0.0,
    "demonstr": 0.0,
    "state": 0.0,
    "discuss": 0.08437624188864448,
    "major": 0.0,
    "conflict": 0.0,
    "origin": 0.0,
    "peopl": 0.0,
    "benefit": 0.0,
    "mainstream": 0.0,
    "ration": 0.12044987459138769,
    "seek": 0.0,
    "earli": -0.0,
    "nation": 0.0,
    "situat": 0.0,
    "predict": 0.0,
    "name": 0.0,
    "creat": 0.0,
    "interpret": 0.0,
    "law": 0.0,
    "order": 0.0,
    "section": 0.0,
    "econom": 0.0,
    "concept": 0.0,
    "caus": 0.0,
    "write": 0.017619953007271007,
    "took": -0.0,
    "public": 0.0,
    "dilut": 0.0,
    "histori": 0.0,
    "rule": 0.18303240895326453,
    "credit": 0.0,
    "call": 0.0,
    "polit": 0.22545036217447242,
    "manipul": 0.04152115034892064,
    "found": 0.0,
    "world": 0.0,
    "de": 0.0,
    "oper": 0.0,
    "note": 0.0,
    "build": 0.03451971983265128,
    "implement": 0.0,
    "work": 0.1222960050312458,
    "american": 0.05319865415682706,
    "larg": 0.0,
    "chang": 0.1739019016911031,
    "art": 0.0,
    "america": 0.0,
    "choic": 0.04450833105101238,
    "career": -0.0,
    "well": 0.0,
    "review": 0.0,
    "aim": 0.0,
    "feder": 0.1555159473159742,
    "colleg": 0.0,
    "william": 0.04771441179939494,
    "democrat": 0.0,
    "exampl": 0.0,
    "time": 0.0,
    "bloc": 0.0,
    "life": -0.0,
    "role": 0.0,
    "process": 0.0,
    "publish": 0.0,
    "student": 0.0,
    "institut": -0.0,
    "will": 0.30816347840095615,
    "field": -0.0,
    "democraci": 0.10226429453624275,
    "children": 0.0,
    "see": 0.0,
    "method": -0.0,
    "live": 0.0,
    "collect": 0.0,
    "constitut": 0.0,
    "signific": 0.0,
    "known": -0.0,
    "1920": 0.0,
    "dispar": 0.0,
    "lawrenc": 0.04965586026567394,
    "determin": 0.0,
    "structur": 0.0,
    "new": 0.0,
    "contribut": 0.0,
    "liber": 0.0,
    "leader": 0.0,
    "who": 0.0,
    "minor": 0.0,
    "posit": -0.0,
    "make": 0.0,
    "activ": 0.0,
    "theori": 0.2163208064755621,
    "extern": 0.0,
    "scientist": 0.0,
    "social": -0.0,
    "comment": 0.0,
    "made": 0.0,
    "chao": 0.0,
    "littl": 0.13869538669613166,
    "studi": -0.0,
    "decis": 0.11622435194656766,
    "founder": 0.0,
    "promin": 0.0,
    "scienc": 0.08126465159403441,
    "book": 0.0,
    "success": 0.0,
    "larger": 0.20092698520779553,
    "associ": 0.0,
    "strategi": 0.0,
    "argu": 0.009247396955225222,
    "remain": 0.0,
    "teach": 0.0,
    "francisco": 0.0,
    "2": 0.0,
    "initi": 0.0,
    "appli": 0.25790678753650714,
    "death": 0.0,
    "model": 0.0,
    "introduc": 0.0,
    "popul": 0.2061465318386988,
    "test": 0.0,
    "prefer": 0.0,
    "outcom": 0.0,
    "univers": 0.23991640098118208,
    "resourc": 0.04840384346375073,
    "prove": 0.01863395691511802,
    "1996": 0.0,
    "1980": 0.0,
    "now": 0.0,
    "game": 0.0,
    "16": 0.0,
    "link": 0.0,
    "crucial": 0.0,
    "analyst": -0.0,
    "earn": 0.0,
    "degre": 0.0,
    "implic": 0.0,
    "4": 0.0,
    "1": 0.0,
    "22": 0.04992895265758733,
    "receiv": 0.0,
    "mathemat": 0.0,
    "bi": 0.0,
    "annual": 0.0,
    "mari": 0.0,
    "press": 0.1243377939023811,
    "shorter": 0.0,
    "presid": 0.08040441472313666,
    "hall": 0.0006794168009581739,
    "elect": 0.0,
    "brown": 0.08706661823997316,
    "coalit": 0.08836218720156465,
    "corpor": 0.0,
    "harrison": 0.0,
    "undergradu": 0.0,
    "soldier": 0.0,
    "washington": 0.0,
    "san": 0.0,
    "affair": 0.0,
    "meant": 0.0,
    "vote": 0.0,
    "septemb": 0.0013005291721822116,
    "administ": 0.0,
    "economi": 0.0,
    "depart": -0.0,
    "iowa": 0.0193165532094001,
    "cliff": -0.0,
    "june": 0.06372941054894316,
    "78": 0.0,
    "74": 0.0,
    "1993": 1.2974007884718273e-15,
    "26": 0.0,
    "1986": -0.0,
    "1984": 0.0,
    "1982": 0.0,
    "1973": 5.591467582228469e-05,
    "1964": 0.01708122233659199,
    "1962": 0.0,
    "congression": 0.0,
    "voter": 0.0,
    "amend": 0.0,
    "access": 0.0,
    "born": 0.0,
    "son": 0.0,
    "yale": -0.0,
    "daughter": 0.0,
    "wife": 0.0,
    "arrow": 0.0,
    "piec": 0.0,
    "honor": 0.0,
    "wisconsin": 0.0,
    "1948": 0.0,
    "446": 0.0,
    "1977": 0.0,
    "freeman": 0.0,
    "indiana": 0.0,
    "fratern": 0.0,
    "guard": 0.0,
    "actor": 0.0,
    "boston": 5.451565724850036e-17,
    "want": 0.0,
    "allegi": 0.0,
    "1942": 0.0,
    "ensur": 0.0,
    "imposs": 0.0,
    "excel": 0.0,
    "rhetor": 0.0,
    "motion": 0.0,
    "delta": 0.0,
    "award": 0.0,
    "rca": 0.0,
    "radio": 0.0,
    "elizabeth": 0.0,
    "haven": -0.0,
    "1957": 0.0,
    "bruce": -0.0,
    "prize": 0.13262429784010876,
    "1958": 0.0,
    "52": 0.0,
    "harvard": 0.0,
    "chair": 0.23335163759750863,
    "exposit": 0.0,
    "axiomat": 0.0,
    "bachelor": 0.0,
    "underli": 0.0,
    "epsilon": 0.0,
    "ph": 0.0,
    "bueno": -0.0,
    "realign": 0.0,
    "432": 0.0,
    "finit": 0.0,
    "theorem": 0.11613203084647679,
    "paradox": 0.0,
    "instabl": 0.0,
    "1787": 0.0018973037324369066,
    "professorship": -0.0,
    "366": 0.0,
    "swiftli": 0.0,
    "kappa": 0.0,
    "unten": 0.0,
    "memoir": 0.0,
    "schofield": 0.0,
    "349": 0.0,
    "kenneth": 0.0,
    "mckelvei": 0.0,
    "populist": 0.0,
    "rochest": 0.0,
    "prentic": 0.000555397897829039,
    "moin": 0.007859378037397769,
    "nj": 0.0,
    "appleton": 0.0,
    "englewood": -0.0,
    "riker": 0.3446010763469934,
    "disequilibrium": 0.0,
    "mesquita": 0.0,
    "duverg": 0.0,
    "depauw": 0.0,
    "shepsl": 0.0,
    "heresthet": 0.11585574032095103
  }
}