{
  "qid": "136",
  "query": "Visual Journalism",
  "rank": 3,
  "docid": 595966,
  "coef": {
    "list": 0.0,
    "societi": 0.0,
    "can": 0.15962875048755312,
    "system": 0.0,
    "journal": 0.31960661352798336,
    "debat": -0.0,
    "name": 0.0,
    "concern": 0.0,
    "task": 0.0,
    "includ": 0.0,
    "call": 0.0,
    "exclus": 0.0,
    "area": 0.15234266039112718,
    "work": 0.015922340874830732,
    "percept": 0.42489897159005785,
    "america": 0.0,
    "well": 0.006944947853273175,
    "commun": 0.0,
    "consciou": 0.0,
    "process": 0.0,
    "organ": -0.0,
    "see": 0.0,
    "non": -0.0,
    "overlap": 0.0,
    "vision": 0.43666502524079986,
    "effect": 0.0,
    "user": 0.01789622572111859,
    "illus": -0.0,
    "scientist": 0.0,
    "studi": 0.37216996217660037,
    "scienc": 0.2432266426300026,
    "especi": 0.0,
    "human": 0.4510114954281545,
    "brain": 0.0,
    "physic": 0.028333047294861653,
    "psycholog": 0.2578262628939107,
    "disciplin": 0.0,
    "cognit": -0.0,
    "neuropsycholog": 0.0,
    "ey": 0.0,
    "previous": 0.0,
    "research": 0.0,
    "visual": 0.10312626764941354,
    "primari": -0.0,
    "sensat": 0.0,
    "data": 0.536618451157977,
    "clinic": 0.0,
    "rel": 0.0,
    "factor": 0.0,
    "scientif": 0.0,
    "intellig": 0.0,
    "design": 0.0,
    "exploit": 0.0,
    "artifici": 0.6069352569505038,
    "color": 0.35829134153732806,
    "optic": 0.29050838403918905,
    "graphic": 0.4337620308302478,
    "comput": 0.0,
    "optometri": 0.0,
    "engin": 0.0,
    "predominantli": 0.0,
    "encompass": 0.5166548931975986,
    "span": 0.5771297895241944,
    "linguist": 0.0,
    "cortex": -0.0,
    "etholog": 0.0,
    "physiolog": 0.0,
    "interfac": 0.35705923118232846,
    "pertin": 0.0,
    "ergonom": 0.31286100970594016,
    "neurosci": 0.0,
    "constanc": 0.0,
    "psychophys": 0.25542328842684736,
    "ophthalmolog": -0.0,
    "ophthalm": 0.0,
    "opo": 0.0,
    "iov": 0.0,
    "biopsycholog": 0.30599558981753233,
    "ipercept": 0.0
  }
}