{
  "qid": "130",
  "query": "Basketball",
  "rank": 8,
  "docid": 5209361,
  "coef": {
    "system": 0.4029952731593353,
    "men": 0.0,
    "spanish": 0.0,
    "italian": 0.0,
    "french": -0.0,
    "hierarch": 0.06345583944205156,
    "follow": 0.04999765067412311,
    "american": 0.0,
    "women": 0.2960557974215891,
    "russian": 0.0,
    "see": 0.0,
    "greek": -0.0,
    "extern": 0.0,
    "promot": 0.032520406586381466,
    "interconnect": 0.0,
    "seri": 0.0,
    "level": 0.24459949480799673,
    "profession": 0.0,
    "german": 0.0,
    "link": 0.0,
    "season": 0.0,
    "european": 0.0,
    "format": 0.0,
    "releg": 0.15240671582946194,
    "competit": 0.5819426695392815,
    "leagu": 0.0,
    "south": 0.0,
    "21": 0.13612293171149117,
    "tier": 0.0,
    "2020": 9.00889048250013e-16,
    "basketbal": 0.2698464714514364,
    "polish": 0.18960701888946702,
    "turkish": -0.0,
    "club": 0.09452859342795052,
    "hungarian": 0.0,
    "amateur": 0.0,
    "poland": 0.0,
    "serbian": -0.0,
    "pyramid": 0.0
  }
}