{
  "qid": "132",
  "query": "Literacy",
  "rank": 2,
  "docid": 1858638,
  "coef": {
    "state": -0.0,
    "discuss": 0.022130873499315595,
    "list": 3.5531013719653776e-17,
    "market": 0.0,
    "emphasi": 0.0,
    "system": 0.0,
    "support": 0.22636304523710887,
    "assist": 0.08776217563183474,
    "nation": 0.0,
    "region": 0.0,
    "help": 0.0,
    "basic": -0.0,
    "acquir": 0.0,
    "tool": 0.0,
    "public": 0.0,
    "servic": 0.08644947792288507,
    "target": 0.0,
    "includ": 0.0,
    "facilit": 0.0,
    "educ": 0.0,
    "call": 0.0,
    "event": 0.0,
    "manag": 0.0,
    "oper": 0.0,
    "area": 0.0,
    "need": 0.0,
    "establish": 0.0,
    "host": 0.0,
    "guid": 0.0,
    "choic": 0.0,
    "develop": 0.20025980576620828,
    "learn": 0.0,
    "portal": -0.0,
    "confer": 0.0,
    "issu": 0.0,
    "commun": -0.0,
    "offer": 0.1703873370519648,
    "time": 0.0,
    "plan": 0.0,
    "organ": 0.0717043861670241,
    "institut": 0.0,
    "internet": 0.0,
    "enhanc": 0.0,
    "network": 0.15270773308099883,
    "place": 0.0007620364329708039,
    "wide": 0.0,
    "english": 0.0,
    "instruct": 0.0,
    "particip": 0.0,
    "inform": 0.0,
    "advoc": 0.00875310876252977,
    "produc": -0.0,
    "free": -0.0,
    "effect": 0.0,
    "win": 0.0,
    "read": 0.2198101754349021,
    "practic": 0.0,
    "web": 0.0,
    "distribut": 0.0,
    "share": 0.0,
    "promot": 0.0,
    "individu": 0.0,
    "base": 0.0,
    "refer": -0.0,
    "dai": 0.0,
    "combin": 0.0,
    "latest": 0.0,
    "serv": 0.183323501071759,
    "approach": 0.00016470396322162457,
    "teach": 4.913554180333131e-16,
    "level": 0.0,
    "train": 0.18065812822796867,
    "initi": 0.0,
    "materi": 0.0,
    "profession": 0.0,
    "nutrit": 0.0,
    "program": 0.17602912619335412,
    "focu": 0.0,
    "full": 0.0,
    "health": 0.14123113009331584,
    "moder": 0.18705979311515436,
    "rang": 0.0,
    "resourc": 0.20605016602467568,
    "rais": 0.14217827115547238,
    "referr": 0.0,
    "improv": 0.0,
    "specialist": 0.0,
    "special": 0.0,
    "famili": -0.0,
    "opportun": 0.0,
    "adult": 0.0,
    "awar": 2.6665041340231463e-15,
    "skill": 0.0,
    "qualiti": 0.05625930432858544,
    "fund": 0.0,
    "board": 0.0,
    "annual": 0.0,
    "knowledg": 0.0,
    "blue": 0.0,
    "cross": 0.0,
    "multi": 0.0,
    "site": -0.0,
    "topic": 0.0,
    "coalit": 0.0,
    "toll": -0.0,
    "shield": 0.0,
    "corpor": 0.0,
    "administr": 0.0,
    "300": 0.0,
    "resid": 0.0,
    "florida": 0.23402785769168277,
    "project": 0.0,
    "statewid": 0.0,
    "center": 0.0,
    "provid": 0.0,
    "financi": -0.0,
    "depart": 0.0,
    "literaci": 0.1893647919902916,
    "access": 0.0,
    "corp": 0.0,
    "volunt": 0.04159682787343312,
    "deliveri": 0.0,
    "tutor": 0.0,
    "1985": 0.0,
    "technic": 0.06863330163445218,
    "partnership": 0.0,
    "award": 0.0,
    "collabor": 0.0,
    "premier": -0.0,
    "nonprofit": 0.0,
    "promis": 0.0,
    "advocaci": 0.0,
    "practition": 0.0,
    "curricula": 0.0,
    "disciplinari": 0.004106516177163865,
    "curriculum": 0.08194150672156338,
    "outreach": -0.0,
    "umbrella": 0.0,
    "instructor": 0.0,
    "directori": 0.0,
    "vista": 0.0,
    "fundrais": 0.0,
    "hotlin": -0.0,
    "clearinghous": 0.0,
    "esl": 0.0,
    "linc": 0.0,
    "americorp": 0.0,
    "flc": 0.06705891689681084,
    "esol": 0.0
  }
}