{
  "qid": "106",
  "query": "Climate Change Activists",
  "rank": 2,
  "docid": 5801096,
  "coef": {
    "action": -0.0,
    "grew": 0.0,
    "inspir": 0.07248117697664394,
    "societi": 0.0,
    "mai": 0.0,
    "nation": -0.0,
    "name": 0.2844581516235356,
    "countri": 0.16214655993422805,
    "movement": 0.0,
    "mid": 0.08487876709319325,
    "order": 0.0,
    "econom": 0.0,
    "segment": 0.0,
    "taken": 0.0,
    "fight": -0.0,
    "public": 0.1690744668546505,
    "target": 0.19310117001055244,
    "includ": 0.0,
    "address": 0.0,
    "talk": 0.0,
    "camp": 0.0,
    "attend": 0.25273147254370415,
    "educ": 0.0,
    "legal": 0.031389321590666604,
    "found": -0.0,
    "world": 0.3390215538964438,
    "disrupt": 0.0,
    "establish": 0.0,
    "involv": 0.30366428033085574,
    "sever": 0.0,
    "accus": 0.0,
    "still": 0.0,
    "school": 0.0,
    "follow": 0.0,
    "work": 0.0,
    "american": -0.0,
    "youth": 0.0804851106129682,
    "octob": 0.0,
    "chang": 0.08199575117392537,
    "carl": 0.3224865994436853,
    "learn": 0.0,
    "argentina": 0.03784835687013538,
    "confer": 0.0,
    "group": 0.16621131672400583,
    "lack": 0.0,
    "citi": 0.0,
    "democrat": 0.0,
    "time": 0.33456639316284714,
    "protest": 0.0,
    "common": 0.0,
    "strike": 0.0,
    "organ": 0.0,
    "network": 0.0,
    "franc": 0.0,
    "live": 0.0,
    "particip": 0.0581576585966252,
    "northern": 0.0,
    "new": 0.4226945448822185,
    "contribut": 0.0,
    "move": 0.0,
    "join": 0.0,
    "goal": 0.0,
    "similar": -0.0,
    "who": 0.0,
    "futur": 0.0,
    "media": 0.14860190156627184,
    "class": 0.024011351348393294,
    "rise": 0.0,
    "activ": -0.0,
    "part": 0.052645846794661846,
    "pari": 0.0,
    "unit": 0.19815023735420015,
    "social": 0.0,
    "founder": 0.0,
    "soon": 0.0,
    "scienc": 0.0,
    "forum": 0.0,
    "dai": 0.3879043628558679,
    "activist": 0.0,
    "voic": 0.16721198517362515,
    "commit": 0.15556491150700624,
    "caught": 0.0,
    "mother": 0.5420597233099522,
    "physic": 0.033063718776931386,
    "contact": 0.0,
    "year": 0.2192153648911599,
    "program": 0.0,
    "research": 0.0,
    "univers": 0.0,
    "reduct": 0.02413632055591736,
    "occasion": 0.0,
    "18": 0.0,
    "15": 0.0,
    "14": 0.0,
    "longer": 0.0007141330772144893,
    "24": 0.0,
    "famili": 0.386135143418844,
    "smoke": 0.14283200042903332,
    "hour": 0.0,
    "2018": 0.16561431282605993,
    "2005": 0.0,
    "4": 0.0,
    "1": 0.0,
    "zero": 0.0,
    "cloud": 0.11510864730138302,
    "receiv": 0.0,
    "climat": 0.4652247756917426,
    "temperatur": 0.0,
    "leadership": 0.0,
    "fire": 0.15006084358511118,
    "earth": 0.049853110993197496,
    "front": 0.09869513451925911,
    "enrol": 0.0,
    "greet": 0.0,
    "seventeen": 0.0,
    "headquart": 0.07077275103961726,
    "held": 0.0,
    "august": 0.0,
    "convent": 0.0,
    "file": 0.0,
    "magazin": 0.2952161541100388,
    "novemb": 0.0,
    "decemb": 0.11454265040235498,
    "york": 0.0,
    "septemb": 0.0,
    "2019": 0.28910427643158637,
    "brazil": 0.0,
    "columbia": 0.0,
    "davi": 0.14627742851343836,
    "23": 0.0,
    "19": 0.0,
    "visit": 0.0,
    "born": 0.021824193223712988,
    "suffer": 0.0,
    "januari": 0.0,
    "voyag": 0.0,
    "arriv": 0.0,
    "ill": 0.0,
    "lorenzo": 0.0,
    "fellow": 0.0,
    "california": 0.0,
    "biographi": 0.0,
    "spark": 0.0,
    "pledg": 0.0,
    "speaker": 0.0,
    "upris": 0.0,
    "smith": 0.0,
    "uphold": 0.06710279271661944,
    "germani": 0.0,
    "complaint": 0.0,
    "scholarship": 0.0,
    "alexandria": 0.0,
    "award": 0.4126988905326271,
    "2020": 0.35659435881778057,
    "agreement": 0.0,
    "fridai": 0.48632590251787267,
    "recipi": 0.3355721062688941,
    "prize": 0.0,
    "chapter": 0.0,
    "advocaci": 0.28894367991005315,
    "underli": 0.0,
    "mayor": 0.0,
    "innov": 0.0,
    "copenhagen": 0.0,
    "switzerland": 0.0,
    "turkei": 0.14871174383376773,
    "skip": 0.0,
    "poland": 0.0,
    "summit": 0.0,
    "greta": 0.3237876250205912,
    "latina": 0.0,
    "transatlant": 0.05457959483775931,
    "denmark": 0.0,
    "sailboat": 0.0,
    "asthma": 0.32218971216264475,
    "davo": 0.0,
    "kristin": 0.0,
    "catarina": 0.0,
    "tribeca": 0.0,
    "thunberg": 0.2152778285341011,
    "katowic": 0.0,
    "disruptor": 0.0,
    "bastida": -0.0,
    "c40": 0.0,
    "villas": 0.3180134893374867,
    "hogu": 0.0,
    "cop24": 0.024354225716783712,
    "xiy": -0.0,
    "tdia": 0.0
  }
}