{
  "qid": "106",
  "query": "Climate Change Activists",
  "rank": 2,
  "docid": 5801096,
  "coef": {
    "action": 0.0,
    "grew": 0.0,
    "inspir": 0.1233785691614278,
    "societi": 0.0,
    "mai": 0.0,
    "nation": -0.0,
    "name": 0.011668400326612295,
    "countri": 0.0,
    "movement": 0.0,
    "mid": 0.0,
    "order": 0.0,
    "econom": 0.0,
    "segment": 0.0,
    "taken": 0.0,
    "fight": -0.0,
    "public": 0.0,
    "target": 0.0,
    "includ": 0.0,
    "address": 0.0,
    "talk": 0.0,
    "camp": 0.0,
    "attend": 0.29991964825221135,
    "educ": 0.0,
    "legal": 0.014290543148187482,
    "found": 0.0,
    "world": 0.41027734957414186,
    "disrupt": 0.0,
    "establish": 0.0,
    "involv": 0.1406757415224431,
    "sever": 0.0,
    "accus": 0.0,
    "still": 0.0,
    "school": 0.20173268396137548,
    "follow": -0.0,
    "work": 0.0,
    "american": -0.0,
    "youth": 0.14143692897564042,
    "octob": 0.0,
    "chang": 0.0,
    "carl": 0.019666210004261258,
    "learn": 0.0,
    "argentina": 0.04873015642100265,
    "confer": 0.0,
    "group": 0.0,
    "lack": 0.0,
    "citi": 0.0,
    "democrat": 0.0,
    "time": 0.28356708404075104,
    "protest": 0.0,
    "common": 0.16363752228370662,
    "strike": 0.0,
    "organ": 0.0,
    "network": 0.0,
    "franc": 0.024567487856658736,
    "live": 0.0,
    "particip": 0.0,
    "northern": 0.0,
    "new": 0.4424275023113441,
    "contribut": 0.0,
    "move": 0.0,
    "join": 0.0,
    "goal": 0.0,
    "similar": 0.0,
    "who": 0.0,
    "futur": 0.0,
    "media": 0.228662306647907,
    "class": 0.15144476961491712,
    "rise": 0.0,
    "activ": -0.0,
    "part": 0.2850275649709129,
    "pari": 0.0,
    "unit": 0.10063510791319186,
    "social": 0.0,
    "founder": 0.0,
    "soon": 0.0,
    "scienc": 0.0,
    "forum": 0.0,
    "dai": 0.45449397664280433,
    "activist": -0.0,
    "voic": 0.18488842960294652,
    "commit": 0.035245569956018824,
    "caught": 0.0,
    "mother": 0.4286614712364624,
    "physic": 0.08666473573927534,
    "contact": 0.0,
    "year": 0.1337360312413782,
    "program": 0.25753153473088963,
    "research": 0.0,
    "univers": 5.1679019045085415e-17,
    "reduct": 0.0,
    "occasion": 0.028334440913023267,
    "18": 0.0,
    "15": 0.0,
    "14": 0.0,
    "longer": 0.03511952378278731,
    "24": 0.0,
    "famili": 0.2978371991477902,
    "smoke": 0.03462540576939756,
    "hour": 0.23863993646699244,
    "2018": 0.19724796069262643,
    "2005": 0.0,
    "4": 0.0,
    "1": 0.0,
    "zero": 0.06396905652888463,
    "cloud": 0.029806440210117826,
    "receiv": 0.007517467901146359,
    "climat": 0.4849029153143217,
    "temperatur": 0.0,
    "leadership": 0.0,
    "fire": 0.40838485520793,
    "earth": 0.15490314146294484,
    "front": 0.17007764002463927,
    "enrol": 0.0,
    "greet": -0.0,
    "seventeen": 0.0,
    "headquart": 0.03192486534976851,
    "held": 0.0,
    "august": 0.009889978688731356,
    "convent": 0.013677911363638991,
    "file": 0.00733946927558827,
    "magazin": 0.17063843022351172,
    "novemb": 0.0,
    "decemb": 0.2918765614363738,
    "york": 0.0,
    "septemb": 0.0,
    "2019": 0.3056456190994744,
    "brazil": 0.005976626540079006,
    "columbia": 0.0,
    "davi": 0.0,
    "23": 0.0,
    "19": 0.0,
    "visit": 0.0,
    "born": 0.2316760497384085,
    "suffer": 0.003394012158590674,
    "januari": 0.0,
    "voyag": 0.07958148149985785,
    "arriv": -0.0,
    "ill": 0.0,
    "lorenzo": 0.0028559137624501536,
    "fellow": -0.0,
    "california": 0.15542167032811954,
    "biographi": 0.0,
    "spark": 0.1527459348514338,
    "pledg": 0.0,
    "speaker": 0.0,
    "upris": 0.0,
    "smith": 0.00015112076595869217,
    "uphold": 0.0,
    "germani": 0.0,
    "complaint": 0.013813063153668644,
    "scholarship": 0.0002548442811207621,
    "alexandria": 0.0,
    "award": 0.36663260523513075,
    "2020": 0.5973410170939105,
    "agreement": 0.0,
    "fridai": 0.18609085101895745,
    "recipi": 0.0,
    "prize": 0.0,
    "chapter": 0.0,
    "advocaci": 0.0,
    "underli": 0.0,
    "mayor": 0.0,
    "innov": 0.0,
    "copenhagen": -0.0,
    "switzerland": 0.0,
    "turkei": 0.0,
    "skip": 0.0,
    "poland": 0.0,
    "summit": 0.0,
    "greta": 0.19784881563562243,
    "latina": 0.0,
    "transatlant": 0.3643346248263884,
    "denmark": -0.0,
    "sailboat": 2.702604924425735e-15,
    "asthma": 0.0,
    "davo": 0.0,
    "kristin": 0.0,
    "catarina": 0.0,
    "tribeca": 0.0,
    "thunberg": 0.1660376883759109,
    "katowic": 0.0,
    "disruptor": 0.0,
    "bastida": 0.0,
    "c40": 0.0,
    "villas": 0.22664754131829218,
    "hogu": 0.0,
    "cop24": 0.17956536581282426,
    "xiy": 0.0,
    "tdia": 0.0
  }
}