{
  "qid": "149",
  "query": "Public Transport",
  "rank": 2,
  "docid": 2977320,
  "coef": {
    "mai": 0.15216589446352471,
    "public": 0.2152474494345915,
    "author": 0.0,
    "refer": 1.320033476700569,
    "western": 0.0,
    "counti": 0.0,
    "transport": 1.8240961335235508,
    "australia": 1.1203298509447288,
    "denmark": -0.0,
    "mtland": 2.6536087557659863e-15
  }
}