{
  "qid": "104",
  "query": "Business Leaders",
  "rank": 1,
  "docid": 5344947,
  "coef": {
    "list": 0.0,
    "current": 0.0,
    "opposit": 0.050503957822252664,
    "debat": 0.7269399455429714,
    "order": 0.10037795377910526,
    "respons": -0.0,
    "includ": 0.0,
    "manag": 0.6795997313402442,
    "commonli": 0.07106425705651823,
    "reaction": 0.02979502677455908,
    "govern": 0.8766877856751548,
    "issu": 0.0,
    "time": 0.0,
    "role": 0.0,
    "see": -0.0,
    "known": 0.5089519770175157,
    "leader": 0.09352047860164686,
    "tactic": 0.011149921656697339,
    "matter": 3.6174474820419025e-17,
    "member": 0.03247424491355211,
    "council": 0.0,
    "hous": 0.6417133638657397,
    "lower": 0.0,
    "schedul": 0.0,
    "counterpart": 6.550705360276372e-05,
    "energi": 0.008687593973122448,
    "mine": 3.619425434689508e-17,
    "assembl": 0.0,
    "held": 0.5276184078385513,
    "busi": 0.005519315572189056,
    "cabinet": 0.22838293926955922,
    "legisl": 0.0,
    "offic": 0.0,
    "south": 0.0,
    "bill": 0.0,
    "van": 0.0,
    "negoti": 0.0,
    "australia": 0.0,
    "australian": 0.016694279487359534,
    "parliament": -0.0,
    "minist": 0.013652339238882863,
    "dan": 0.0,
    "disambigu": 0.0,
    "allot": 0.0,
    "dealt": 0.2586524571066829,
    "impedi": 0.0,
    "holst": 0.015666064099264035,
    "pellekaan": 0.0
  }
}