{
  "qid": "132",
  "query": "Literacy",
  "rank": 8,
  "docid": 2622958,
  "coef": {
    "state": -0.0,
    "societi": 0.0,
    "system": 0.0,
    "mai": 0.0,
    "nation": 0.0,
    "creat": 0.0,
    "econom": 0.0,
    "concept": 0.0,
    "includ": 0.011881977747965887,
    "histori": 0.18676112633874165,
    "educ": 0.4761693396243078,
    "world": 0.0,
    "neo": 0.0,
    "formal": 0.5700114741216509,
    "larg": 0.0,
    "develop": 0.5717014754083715,
    "aim": 0.0,
    "commun": 0.010623585071255355,
    "newli": 0.0,
    "recent": 0.0,
    "set": -0.0,
    "see": -0.0,
    "non": -0.0,
    "inform": -0.0,
    "intern": -0.0,
    "media": 0.537696571622195,
    "post": -0.0,
    "unit": 0.0,
    "continu": 0.0,
    "member": 0.0,
    "dai": -0.0,
    "decad": 0.0,
    "serv": -0.0,
    "increas": 0.0,
    "environ": 0.0,
    "materi": 0.13500521133395374,
    "program": 0.0,
    "cover": 0.3561100688264744,
    "primari": -0.0,
    "resourc": 0.0,
    "relev": 0.0,
    "adult": 0.2997463735467903,
    "skill": 0.0,
    "written": 0.3206447816078479,
    "topic": 0.0,
    "liter": 0.2868061726410594,
    "project": 0.0933769110040655,
    "campaign": 0.05561133156529522,
    "vocat": 0.0849896373675289,
    "literaci": 0.2972467472397188,
    "access": 0.0,
    "secondari": 0.032633213420998196,
    "radio": 0.2899092408986377,
    "prize": 0.0,
    "mission": 0.00931737801220587,
    "unesco": 2.3628940494234694e-16,
    "mali": 0.09516173903634738,
    "india": 0.0,
    "leverag": 0.10379283851736931,
    "solidifi": -0.0,
    "learner": 0.0,
    "confuciu": 0.0025819485528433377,
    "nicaraguan": 0.0
  }
}