{
  "qid": "106",
  "query": "Climate Change Activists",
  "rank": 2,
  "docid": 5801096,
  "coef": {
    "action": -0.0,
    "grew": 0.0,
    "inspir": 0.0,
    "societi": 0.0,
    "mai": 0.0,
    "nation": -0.0,
    "name": 0.0,
    "countri": 0.44453236089120113,
    "movement": 0.050228231341514676,
    "mid": 0.11386858091665224,
    "order": 0.0,
    "econom": 0.0,
    "segment": 0.0,
    "taken": 0.0,
    "fight": -0.0,
    "public": 0.0,
    "target": 0.0,
    "includ": 0.0,
    "address": 0.0,
    "talk": 0.0,
    "camp": 0.0,
    "attend": 0.7999186830884325,
    "educ": 0.0,
    "legal": 0.06342177171710334,
    "found": 0.0,
    "world": 0.25067838752764016,
    "disrupt": 0.0,
    "establish": 0.0,
    "involv": 0.47785674167541786,
    "sever": 0.0,
    "accus": 0.01744736514170648,
    "still": 0.044428435366795804,
    "school": -0.0,
    "follow": 0.0,
    "work": 0.0,
    "american": -0.0,
    "youth": 0.32157594152184915,
    "octob": 0.0,
    "chang": 0.10738320426393731,
    "carl": 0.0,
    "learn": 0.0,
    "argentina": 0.0,
    "confer": -0.0,
    "group": 0.4540003848412884,
    "lack": 0.0,
    "citi": 0.0,
    "democrat": 0.0,
    "time": 0.0,
    "protest": 0.0,
    "common": 0.0,
    "strike": 0.0,
    "organ": 0.0,
    "network": 0.0,
    "franc": 0.026113666961620555,
    "live": 0.0,
    "particip": 0.0,
    "northern": 0.0,
    "new": 0.0746023015399286,
    "contribut": 0.0,
    "move": 0.0,
    "join": 0.0,
    "goal": 0.016437221530249915,
    "similar": -0.0,
    "who": 0.0,
    "futur": 0.002316264452014152,
    "media": 0.0,
    "class": 0.00034123519984294716,
    "rise": 0.0,
    "activ": -0.0,
    "part": 0.042973195420434894,
    "pari": 0.0,
    "unit": 0.22688366902814264,
    "social": 0.0,
    "founder": 0.09796542463826685,
    "soon": 0.0,
    "scienc": 0.0,
    "forum": 0.0,
    "dai": 0.4106384170103312,
    "activist": -0.012057338753355816,
    "voic": 0.14819478248002796,
    "commit": 0.41490122724609757,
    "caught": 0.0,
    "mother": 0.42348330934787426,
    "physic": 0.00959855597170565,
    "contact": 0.0,
    "year": 0.49575341462454625,
    "program": 0.0,
    "research": 0.0,
    "univers": 0.0,
    "reduct": 0.0,
    "occasion": 0.0,
    "18": -0.0,
    "15": -0.0,
    "14": -0.0,
    "longer": 0.0,
    "24": -0.0,
    "famili": 0.05541567552772507,
    "smoke": 0.019860390820664566,
    "hour": 0.0,
    "2018": 0.4411191318211188,
    "2005": 0.0,
    "4": 0.0,
    "1": 0.0,
    "zero": 0.0,
    "cloud": 0.20375811841992775,
    "receiv": 0.0,
    "climat": 0.5746145951561076,
    "temperatur": 0.0,
    "leadership": 0.0,
    "fire": 0.5771602915376056,
    "earth": 0.16889586382285085,
    "front": 0.0,
    "enrol": 0.0,
    "greet": -0.0,
    "seventeen": 0.0,
    "headquart": 0.0,
    "held": 0.0,
    "august": 0.0,
    "convent": 0.230784156312725,
    "file": 0.0,
    "magazin": 0.28663840063203483,
    "novemb": 0.0,
    "decemb": 0.0,
    "york": 0.1311972352827358,
    "septemb": 0.0,
    "2019": 0.12153099889917925,
    "brazil": 0.0,
    "columbia": 0.0,
    "davi": -0.0,
    "23": 0.0,
    "19": 0.0,
    "visit": 0.0,
    "born": 0.0,
    "suffer": 0.5326387865908891,
    "januari": 0.0,
    "voyag": 0.0,
    "arriv": 0.0,
    "ill": 0.0,
    "lorenzo": 0.0,
    "fellow": -0.0,
    "california": -0.0,
    "biographi": 0.0,
    "spark": 0.0,
    "pledg": 0.0,
    "speaker": 0.0,
    "upris": 0.0,
    "smith": 0.0,
    "uphold": 0.0,
    "germani": 0.0,
    "complaint": 0.0,
    "scholarship": 0.0,
    "alexandria": 0.0,
    "award": 0.4694714397488082,
    "2020": 0.43243350961051213,
    "agreement": 0.0,
    "fridai": 0.3108843299937878,
    "recipi": 0.4575302909753089,
    "prize": 0.0,
    "chapter": 0.0,
    "advocaci": 0.0,
    "underli": 0.0,
    "mayor": 0.0,
    "innov": 0.0,
    "copenhagen": 0.0,
    "switzerland": 0.0,
    "turkei": 0.0,
    "skip": 0.0,
    "poland": -0.0,
    "summit": 0.0,
    "greta": 0.0,
    "latina": 0.04765304913240446,
    "transatlant": 0.0,
    "denmark": 0.0,
    "sailboat": 0.0,
    "asthma": 0.21782322618083366,
    "davo": 0.0,
    "kristin": 0.0,
    "catarina": 0.0,
    "tribeca": 0.0,
    "thunberg": 0.09011058167690367,
    "katowic": 0.0,
    "disruptor": 0.0,
    "bastida": 0.0,
    "c40": 0.0,
    "villas": 0.23125114707633493,
    "hogu": 0.0,
    "cop24": 0.0,
    "xiy": 0.0,
    "tdia": 0.0
  }
}