{
  "qid": "106",
  "query": "Climate Change Activists",
  "rank": 3,
  "docid": 6178059,
  "coef": {
    "action": 0.6176151234770207,
    "right": 0.0,
    "grew": -0.0,
    "support": 0.0,
    "nation": 0.5781729633823081,
    "movement": 0.10922791084247309,
    "concern": 0.4430113640392037,
    "del": 0.0,
    "respons": 0.0004532890906813555,
    "hold": 0.0,
    "de": 0.46653372342439475,
    "ag": 0.4424416437855035,
    "formal": 0.03494596739105061,
    "work": 0.07005023956922839,
    "youth": 0.1933653447657885,
    "chang": 0.8153997584760263,
    "young": 0.0,
    "milit": 0.0,
    "argentina": 0.8162538473102677,
    "issu": 0.0,
    "group": 0.0,
    "commun": 0.0,
    "act": 0.0,
    "life": -0.0,
    "network": 0.0,
    "franc": 0.0,
    "children": 0.0,
    "collect": 0.0,
    "particip": 0.0,
    "known": 0.0,
    "histor": 0.0,
    "child": 0.0,
    "accord": 0.0,
    "futur": 0.0,
    "first": 0.0,
    "activ": 0.5278877521912819,
    "part": 0.0,
    "unit": 0.0,
    "promot": 0.08168714219126878,
    "studi": 0.0,
    "committe": 0.0,
    "person": 0.0,
    "give": 0.0,
    "global": 0.0,
    "activist": 0.6819883519037491,
    "back": 0.0,
    "petit": 0.06429112361024812,
    "initi": 0.0,
    "interview": 0.35361011226436156,
    "environ": 0.216089481002842,
    "food": 0.181979737233554,
    "face": 0.5018460029391029,
    "ask": 0.0,
    "air": 0.06716071750256115,
    "rais": 0.0,
    "eat": 0.8241156767008313,
    "18": 0.0,
    "16": 0.0,
    "speech": 0.0,
    "famili": 0.31668838770116703,
    "grow": 0.2820409364227363,
    "terra": 0.0,
    "climat": 0.0,
    "temperatur": 0.0,
    "clean": 0.5633760263463515,
    "inact": 0.0,
    "protect": 0.24036670444165814,
    "convent": 0.0,
    "file": 0.4160322342784774,
    "2002": 0.0,
    "la": 0.0,
    "biodivers": 0.22063963067751294,
    "brazil": 0.0,
    "slow": 0.0,
    "born": 0.0,
    "urg": 0.0,
    "highlight": 0.35590726776304926,
    "sovereignti": 0.0,
    "crisi": 0.5269273017196446,
    "germani": 0.0,
    "complaint": 0.18231809773461988,
    "fair": 0.0,
    "intergener": 0.0,
    "revolv": 0.0,
    "healthi": 0.0,
    "el": 0.4306969345144074,
    "turkei": 0.22123215857412032,
    "sudden": 0.0,
    "bueno": 0.38825221888522155,
    "equiti": 0.0,
    "homeland": 0.0,
    "slogan": 0.5541335138765138,
    "terrifi": 0.8952623150596911,
    "greta": 0.4525344934675199,
    "argentinian": -0.0,
    "outspoken": 0.4499429961691211,
    "salon": 0.32847729527832775,
    "ardent": 0.0,
    "sacchi": 0.7288308619468435,
    "palomar": 0.08192519266642036,
    "thunberg": 0.0,
    "paz": 0.0,
    "madr": 0.0,
    "gallo": 0.0,
    "haedo": 0.0,
    "comunidad": 0.0,
    "elmina": 0.0,
    "chiara": 0.0,
    "gusto": 0.0,
    "cocina": 0.0,
    "soberana": 0.0
  }
}