{
  "qid": "116",
  "query": "Malnutrition",
  "rank": 2,
  "docid": 2292893,
  "coef": {
    "state": 0.0,
    "seen": 0.0,
    "believ": 0.09833450538997375,
    "caus": 0.0,
    "complex": -0.0,
    "common": 0.0,
    "failur": 1.5393138832286393,
    "known": 1.5349751081744454,
    "surviv": 1.3349345373449224,
    "distinct": 0.6668146378449532,
    "condit": 0.0,
    "diseas": 0.46686384840435685,
    "revers": 0.0,
    "popul": 0.7513751331183458,
    "patient": 0.18813167904346223,
    "inflamm": 1.3609520340787022,
    "syndrom": 1.3492976100659895e-14,
    "epidemiolog": 0.0,
    "energi": 0.0,
    "chronic": 1.9119210460622444,
    "heart": 0.0,
    "protein": 0.0,
    "kidnei": 0.0,
    "paradox": 0.3729080289203112,
    "malnutrit": 0.7257509312752032,
    "mic": 0.0,
    "cachexia": 0.365523251888781,
    "urem": 0.4345884608069583
  }
}