{
  "qid": "104",
  "query": "Business Leaders",
  "rank": 2,
  "docid": 2959386,
  "coef": {
    "mai": 0.0,
    "govern": 0.049209536090097844,
    "common": 0.018306873254770265,
    "northern": 0.0,
    "known": 0.0,
    "new": -0.0,
    "leader": 0.3774521200468674,
    "unit": 0.5239205721776521,
    "council": 0.1372136818749707,
    "refer": 0.0,
    "canada": -0.0,
    "hous": 0.6243878420699278,
    "now": 0.0,
    "assembl": 0.0,
    "busi": 0.5221577296787103,
    "legisl": 0.0854755124247943,
    "south": 3.720588835260463e-16,
    "island": 0.0,
    "senat": 0.0,
    "kingdom": 0.033293410105537345,
    "premier": 0.0,
    "australia": 0.02891383023158519,
    "lord": 0.0,
    "minist": 0.0,
    "ireland": 0.2913164085335031,
    "india": -0.011933848409673091,
    "bangladesh": 0.0,
    "lanka": 0.0,
    "sri": 0.0,
    "zealand": -0.0,
    "queensland": -0.0,
    "lok": -0.0,
    "sabha": -0.07603869430466599,
    "cayman": 0.0,
    "rajya": -0.0,
    "seanad": 0.0
  }
}