{
  "qid": "122",
  "query": "Monarchy",
  "rank": 2,
  "docid": 5242861,
  "coef": {
    "list": 0.0,
    "current": 0.0,
    "north": 0.063814814183317,
    "europ": 8.062196277036355e-16,
    "world": 0.05740307175059147,
    "america": 1.4563652697087224,
    "onli": 1.4093957894470779,
    "monarchi": 1.7985377560911242,
    "total": 1.504044794220088,
    "popul": 0.0,
    "14": -0.0,
    "12": 1.426880700350924,
    "10": 0.0,
    "6": 0.0,
    "3": 0.0,
    "45": 0.0,
    "south": 0.0,
    "contin": 0.0,
    "asia": 0.17800826486284907,
    "africa": 5.396550301833833e-16,
    "oceania": 0.0
  }
}