{
  "qid": "119",
  "query": "Classical Dance",
  "rank": 5,
  "docid": 162033,
  "coef": {
    "major": 0.548742859063946,
    "list": 0.0,
    "cultur": 0.0,
    "classic": -0.0,
    "histori": 0.0,
    "descript": 0.0,
    "form": 0.47509610028698873,
    "peac": 0.0,
    "long": 0.0,
    "overlap": 1.473811359646211,
    "china": 0.1623863813415607,
    "greec": 0.0,
    "war": 0.0,
    "extern": 0.0,
    "ancient": 0.2637985902739948,
    "religi": 0.0,
    "style": 0.14213323686456353,
    "definit": 0.0,
    "classif": 0.0,
    "univers": 0.0,
    "resourc": 0.0,
    "link": 0.39684881176053116,
    "categori": 0.5329258015335512,
    "ritualist": 0.01280816836233553,
    "ritual": 0.0,
    "horn": 0.0,
    "circl": -0.0,
    "magic": -0.0,
    "festiv": -0.0,
    "morri": 0.0,
    "250": 0.0,
    "indian": 0.771296941231066,
    "ceremoni": -0.0,
    "sacr": 0.0,
    "purpos": 1.297745226754412,
    "mystic": -0.0,
    "spiritu": -0.0,
    "danc": 0.5107127359611164,
    "sword": 0.0,
    "rome": 0.0,
    "weapon": 0.0,
    "egypt": 0.0,
    "india": 0.0,
    "basqu": -0.0,
    "ari": -0.0,
    "lu": -0.0,
    "bromlei": -0.0,
    "rapper": 0.0,
    "abbot": -0.0,
    "dervish": 0.0,
    "whirl": 0.0,
    "sema": 0.0,
    "ecstat": 0.10900745498905907,
    "subl": 0.0,
    "kagura": 0.0,
    "sinulog": 0.0,
    "corroborre": -0.0
  }
}