{
  "qid": "106",
  "query": "Climate Change Activists",
  "rank": 1,
  "docid": 4631026,
  "coef": {
    "aspect": -0.0,
    "third": 0.09838284865432681,
    "demonstr": 0.0,
    "state": 0.06484797758822525,
    "discuss": -0.0,
    "major": 0.0,
    "simultan": 0.0,
    "5": 0.0,
    "list": -0.0,
    "action": 0.23228943293013873,
    "market": 0.0,
    "peopl": 0.0,
    "heavili": 0.0,
    "emerg": 0.0,
    "societi": 0.0,
    "can": 0.0,
    "belief": 0.0,
    "system": -0.0,
    "nation": 0.0,
    "engag": -0.0,
    "debat": 0.0,
    "difficult": 0.0,
    "ralli": 0.0,
    "led": 0.0,
    "creat": 0.0,
    "platform": 0.0,
    "connect": 0.0,
    "countri": 0.0,
    "law": 0.0,
    "movement": -0.028594407426664394,
    "industri": 0.0,
    "adopt": 0.026742888786530274,
    "econom": 0.0,
    "attack": 0.0,
    "caus": 0.0,
    "respons": 0.0,
    "took": 0.0,
    "public": 0.22224639690323147,
    "domin": 0.0,
    "gener": 0.0,
    "servic": 0.0,
    "target": 0.2003131856655013,
    "includ": 0.30659644357430965,
    "strong": 0.0,
    "began": 0.0,
    "challeng": 0.0,
    "histori": 0.0,
    "attend": 0.0,
    "call": 0.0,
    "event": 0.0,
    "ii": 0.0,
    "polit": 0.17957663688619932,
    "21st": 0.0,
    "form": 0.0,
    "allow": 0.0,
    "found": 0.0,
    "world": 0.061814632077124114,
    "bring": 0.0,
    "perform": 0.0,
    "involv": -0.0,
    "term": 0.0,
    "school": 0.0,
    "implement": 0.0,
    "american": -0.0,
    "larg": 0.0,
    "youth": 0.0,
    "chang": 0.03736373694768188,
    "interest": 0.27085219009352657,
    "cathol": 0.0,
    "govern": -0.0,
    "environment": 0.1852353121514497,
    "singl": 0.0,
    "confer": 0.0,
    "close": 0.04924838817251348,
    "issu": 0.0,
    "aim": 0.0,
    "group": 0.0,
    "effort": 0.0,
    "citi": 0.0,
    "commun": 0.0,
    "democrat": 0.0,
    "root": 0.0,
    "protest": 0.0,
    "common": 0.0,
    "role": 0.0,
    "strike": -0.0,
    "organ": 0.13376395564804813,
    "plai": 0.0,
    "publish": 0.2261867646916852,
    "end": 0.17976657216195296,
    "institut": 0.0,
    "ecolog": 0.0,
    "democraci": 0.0,
    "place": 0.0,
    "see": -0.0,
    "method": 0.21780007139632104,
    "wide": 0.0,
    "local": 0.0,
    "collect": 0.0,
    "signific": 0.0,
    "specif": 0.0,
    "articl": 0.007601376393166313,
    "advoc": 0.0,
    "structur": 0.0,
    "new": 0.3265445862532833,
    "mobil": -0.0,
    "move": 0.0,
    "like": 0.0,
    "free": 0.0,
    "leader": 0.0,
    "effect": 0.0,
    "intern": 0.014967379832438437,
    "space": 0.0,
    "terrorist": 0.0,
    "join": 0.0,
    "goal": 0.0,
    "question": 0.0,
    "who": -0.0,
    "futur": 0.24695126802960593,
    "first": 0.14068926491508696,
    "past": 0.0,
    "make": 0.0,
    "activ": 0.23488352283656902,
    "transit": 0.0,
    "part": 0.005365363459688988,
    "war": 0.0,
    "unit": 0.0,
    "social": -0.0,
    "centuri": 0.38607853826651733,
    "consensu": 0.0,
    "rebellion": 0.0,
    "decad": 0.0,
    "declar": -0.0,
    "grassroot": 0.0,
    "emphas": 0.04260284650371536,
    "power": -0.0,
    "valu": 8.611623965932482e-16,
    "argu": 0.0,
    "broader": 0.0,
    "global": 0.23158653591928574,
    "attitud": 0.2250324063359404,
    "activist": 0.0,
    "voic": 0.5564672201145768,
    "especi": 0.0,
    "parti": 0.0,
    "approach": 0.058936346921396335,
    "level": 0.0,
    "scale": 0.03611969662603942,
    "initi": 0.0,
    "2015": -0.0,
    "hire": -0.0,
    "profession": 0.0,
    "sustain": 0.0,
    "unknown": 0.10355055966725467,
    "show": -0.0,
    "provis": 0.0,
    "000": 0.01511187501512104,
    "framework": 0.0,
    "firm": 0.0,
    "behavior": 0.016797846304065223,
    "investig": 0.0,
    "1990": 0.0,
    "40": 0.0,
    "12": 0.0,
    "subset": 0.20799474054598252,
    "crucial": 0.0,
    "risk": 0.0,
    "regard": 0.0,
    "assumpt": 0.0,
    "intellig": 0.0,
    "given": 0.0,
    "start": 0.0,
    "2018": 0.0,
    "2016": 0.0,
    "2014": 0.10635237309486377,
    "2000": 0.0,
    "grow": 0.0,
    "home": 0.0,
    "fossil": 0.0,
    "board": 0.0,
    "greenhous": 0.16067093131062346,
    "carbon": 0.0,
    "impact": 0.0,
    "climat": 0.35024879803640013,
    "index": 0.0,
    "energi": 0.014347947537771919,
    "grass": 0.0,
    "emiss": 0.0,
    "fuel": 0.0,
    "clean": 0.0,
    "mainli": 0.0,
    "brought": -0.0,
    "front": 0.0,
    "text": 0.0,
    "portion": 0.0,
    "racism": -0.0,
    "hundr": -0.0,
    "enforc": 0.0,
    "coalit": 0.0,
    "thousand": 0.122259626376789,
    "republ": -0.0,
    "400": 0.057107694337256924,
    "largest": 0.0,
    "august": -0.0,
    "busi": -0.0,
    "gather": 0.0,
    "300": 0.0,
    "plu": 0.2272818688489499,
    "faith": 0.0,
    "campaign": 0.01681106681684287,
    "decemb": 0.0,
    "2017": 0.0,
    "succeed": 0.0,
    "york": 0.0,
    "septemb": 0.0,
    "100": 0.07355211344218684,
    "2009": -0.0,
    "2019": -0.0,
    "bill": 0.0,
    "demand": -0.0,
    "economi": -0.0,
    "denomin": 0.0,
    "juli": 0.0,
    "diversifi": 0.0,
    "expans": 0.0,
    "21": 0.0,
    "domest": 0.0,
    "march": 0.0,
    "went": -0.0,
    "evolv": 0.0,
    "monitor": 0.0,
    "extinct": 0.0,
    "ambit": 0.0,
    "strength": 0.0,
    "350": 0.0,
    "actor": -0.0,
    "launch": 0.0,
    "promulg": 0.0,
    "germani": 0.0,
    "scope": 0.0,
    "secretli": -0.0,
    "berlin": 0.0,
    "faster": 0.0,
    "frame": 0.31581759512837665,
    "agreement": 0.0,
    "org": 0.0,
    "fridai": 0.0,
    "un": 0.0,
    "advocaci": 0.0,
    "solut": 0.0,
    "uncommon": 0.0,
    "rapidli": 0.10363091111297384,
    "hack": 0.0,
    "investor": 0.0,
    "airplan": 0.0,
    "divest": -0.0,
    "wwii": 0.0,
    "nongovernment": 0.0,
    "copenhagen": -0.0,
    "mechanist": 0.0,
    "conven": 0.0,
    "banner": -0.0,
    "summit": 0.0,
    "slash": 0.0,
    "mitig": 0.0,
    "emitt": 0.2335663699802923,
    "environmentalist": 0.0,
    "avers": 0.0,
    "instig": 0.0,
    "sharehold": 0.0,
    "hacker": 0.0,
    "nde": 0.0,
    "gel": 0.0,
    "phish": 0.0,
    "interfaith": 0.05556557860359088,
    "gcc": 0.0,
    "unfccc": 0.0,
    "mckibben": 1.085619617809354e-07,
    "watchlist": 0.0,
    "exxonknew": -0.0
  }
}