{
  "qid": "149",
  "query": "Public Transport",
  "rank": 1,
  "docid": 3512961,
  "coef": {
    "list": 0.0,
    "mai": 0.0,
    "public": 0.6873225710703791,
    "work": 0.23564371563785086,
    "see": 0.9588666373203875,
    "spain": 0.0,
    "1889": 0.0,
    "refer": 0.0,
    "lao": -0.0,
    "transport": 0.35599494797387243,
    "cambodia": 0.0,
    "1848": 0.42249129802133567,
    "ministri": 1.1331765096187423,
    "lebanon": -0.0,
    "minist": 0.0,
    "hungari": 0.0,
    "bahama": -0.0
  }
}