{
  "qid": "110",
  "query": "Clean Energy",
  "rank": 6,
  "docid": 2128589,
  "coef": {
    "state": 0.0,
    "conflict": 0.0,
    "emerg": 0.0,
    "focus": 0.3611119894765373,
    "law": 0.2517887134280233,
    "industri": 0.0,
    "econom": 0.44268123707038953,
    "defin": 0.03400938221014078,
    "basic": 0.05243384888226269,
    "fight": 0.3071152870148588,
    "gener": 0.010243560028665104,
    "servic": 0.0,
    "includ": 0.0,
    "address": -0.0,
    "histori": -0.0,
    "legal": 0.42435123911432726,
    "area": 0.40768978991897203,
    "term": 0.30877783079353505,
    "follow": 0.0,
    "octob": 0.38873583382324944,
    "chang": -0.0,
    "land": -0.0,
    "creation": 0.2080756468032897,
    "develop": 0.0,
    "environment": -0.0,
    "issu": 0.22278344846756734,
    "feder": 0.08057161664880483,
    "break": -0.0,
    "down": -0.0,
    "field": 0.0,
    "set": 0.0,
    "see": 0.0,
    "consid": 0.0,
    "ownership": 0.0,
    "new": 0.3358399771227708,
    "like": 0.0,
    "green": 0.0,
    "multipl": 0.0,
    "first": 0.0,
    "properti": 0.0,
    "social": 0.004186829129223723,
    "natur": 0.14264950776600624,
    "tradit": 0.0,
    "intellectu": 0.0,
    "strategi": 0.000865025387941791,
    "ethic": 0.0,
    "divers": 0.0,
    "technolog": 0.4995120732362528,
    "genom": 0.0,
    "liabil": 0.0,
    "side": 0.0,
    "environ": 0.0,
    "pollut": 0.45931262213809965,
    "licens": 0.0,
    "materi": 0.3331519540251705,
    "sustain": -0.0,
    "model": 0.000176223320645153,
    "advanc": 0.0,
    "air": 0.0,
    "job": 0.0,
    "rang": 0.0,
    "resourc": 0.4443211386026617,
    "1990": 0.0,
    "now": 0.0,
    "10": 0.0,
    "infanc": 0.0,
    "categori": 0.0,
    "surround": 0.0018312430211824212,
    "litig": 0.07811921385579548,
    "commerci": 0.0,
    "water": 0.0,
    "addit": 0.0,
    "climat": 0.18446874142900388,
    "panel": -0.0,
    "energi": 0.28263384463598507,
    "solar": 0.0,
    "clean": 0.22765499080564885,
    "abbrevi": 0.029143795046628007,
    "corpor": 0.30123297882296196,
    "protect": 0.0,
    "convent": 0.0,
    "busi": 0.28029500476880687,
    "infrastructur": 0.0,
    "manufactur": 0.0,
    "legisl": 0.4807122356238821,
    "frontier": 0.0,
    "agricultur": 0.0,
    "wast": 0.0,
    "short": 0.0,
    "edg": 0.13443984049045482,
    "transport": 0.0,
    "cut": 3.09472902452202e-17,
    "polici": 0.0,
    "patent": -0.0,
    "pose": 0.0,
    "familiar": 0.0,
    "renew": 0.0,
    "contempl": 0.0,
    "insepar": 0.0,
    "effici": 0.0,
    "vagu": 0.573726209150949,
    "recycl": 0.0,
    "revolv": -0.0,
    "sector": 0.0,
    "synthet": 0.0,
    "storag": 0.0,
    "substant": 0.4302297350969892,
    "transact": 0.11269721510056771,
    "glare": 0.0,
    "discret": 0.0,
    "tech": 0.4013143516068776,
    "xinhua": 0.0,
    "placement": 0.4427619676855326,
    "regulatori": 0.027135360850742248,
    "wastewat": 0.0,
    "cleantech": 0.0,
    "landus": 2.8446627516046616e-17
  }
}