{
  "qid": "118",
  "query": "Cartoons",
  "rank": 3,
  "docid": 4098237,
  "coef": {
    "mai": 0.17218112332181476,
    "europ": -0.0,
    "concept": 0.0053074952036569565,
    "gener": 0.0,
    "video": 0.0,
    "art": -0.0,
    "land": 0.0,
    "develop": 0.0,
    "network": -0.0,
    "franc": 0.0,
    "see": 0.0,
    "direct": 0.0,
    "new": 0.0,
    "similar": 0.40193134936147773,
    "pari": 0.0,
    "softwar": 0.0,
    "mean": 0.0,
    "program": 0.0,
    "univers": -0.23627556937478675,
    "mgm": 0.019530393550812992,
    "corpor": 0.0,
    "anim": 0.06081035826840801,
    "compani": 0.0,
    "park": 0.014216710851096196,
    "walt": 0.5827926898552414,
    "metro": 0.002971372767131126,
    "goldwyn": 0.0,
    "mayer": 3.703171368818306e-17,
    "studio": 0.15416568113454937,
    "disnei": 0.3915644800693947,
    "cartoon": 0.44848554147246084,
    "bro": 0.34329825209475484,
    "paramount": 0.0,
    "warner": 0.11292981080328922,
    "comic": 0.20135013114216604,
    "scottish": -0.0,
    "disneyland": 0.5344384006243935,
    "warnermedia": 0.0,
    "toon": -0.0,
    "disneytoon": -0.0,
    "paramaout": 0.0
  }
}