{
  "qid": "126",
  "query": "Political Theory",
  "rank": 1,
  "docid": 501747,
  "coef": {
    "self": 0.0,
    "ration": 0.0,
    "focus": 0.0,
    "theoret": 0.0,
    "can": 0.0,
    "system": 0.0,
    "nation": 0.0,
    "predict": 0.0,
    "law": 0.0,
    "us": 0.0,
    "differ": 0.0,
    "public": 0.0,
    "rule": 0.10127360813223693,
    "polit": 0.3601376580206111,
    "allow": 0.0,
    "perform": 0.0,
    "principl": 0.0,
    "involv": 0.0,
    "formal": 0.0,
    "guid": 0.0,
    "interest": 0.0,
    "choic": -0.0,
    "group": 0.0,
    "william": 0.4486295977031666,
    "democrat": -0.0,
    "plai": 0.11553162611990216,
    "influenc": 0.0,
    "institut": 0.5235546078495742,
    "field": 0.0,
    "elit": 0.0,
    "see": 0.0,
    "method": 0.2979805587543238,
    "collect": 0.0,
    "equal": 0.6123114098732612,
    "determin": 0.1712619119501258,
    "posit": -0.0,
    "result": 0.37998901067359886,
    "theori": 0.3650565749517891,
    "distribut": 0.02280309786894633,
    "social": 0.0,
    "individu": 0.36322176114364013,
    "member": 0.3568382293312434,
    "studi": 0.21169965590672504,
    "founder": 0.0,
    "base": 0.1697126810713011,
    "give": 0.006065303083854591,
    "book": 0.0,
    "power": 0.05393467553388499,
    "statist": 0.16302741411798344,
    "parti": 1.0724006529082164e-06,
    "mechan": 0.0,
    "appli": 0.34875097699718816,
    "model": 0.0,
    "agent": 0.0608092374597933,
    "interact": 0.4018292163632271,
    "research": 0.0,
    "outcom": 0.27709451756307285,
    "analyz": 0.32546051065760884,
    "game": 0.2371378383922959,
    "assumpt": 0.0,
    "analysi": 7.60385564581016e-06,
    "given": 0.0,
    "addit": 0.0,
    "coalit": 0.0,
    "identif": 0.0,
    "vote": 0.0,
    "iron": 0.0,
    "1962": 0.0,
    "permit": 0.0,
    "actor": 0.0,
    "delib": 0.0,
    "axiomat": 0.3761753246360383,
    "oligarchi": 0.0,
    "unevenli": 0.0,
    "persuas": 0.0,
    "explanatori": 0.0,
    "asymmetr": 0.0016857265864173756,
    "equilibrium": 0.6625071487579433,
    "contextu": 0.0,
    "bargain": 0.10411348330765482,
    "ppt": 0.39791168207301625,
    "riker": 0.0281680926515987
  }
}