{
  "qid": "119",
  "query": "Classical Dance",
  "rank": 2,
  "docid": 1112041,
  "coef": {
    "cultur": 1.4181761562763733,
    "mai": 0.0,
    "classic": 0.42376211229118727,
    "form": 0.0,
    "see": -0.0,
    "japanes": 0.92292485044839,
    "tradit": 1.0388066737796522,
    "refer": 1.7768371437659725,
    "indian": 0.0,
    "danc": 1.8354185805555505,
    "ballroom": -0.0,
    "ballet": 0.0,
    "chines": 0.0
  }
}