{
  "qid": "125",
  "query": "Doctor",
  "rank": 7,
  "docid": 3997571,
  "coef": {
    "third": 0.0,
    "list": 0.0,
    "current": 0.0,
    "right": 0.0,
    "public": 0.16952645457603085,
    "includ": 0.0,
    "histori": 0.0,
    "later": 0.10328464512850558,
    "number": 0.0,
    "larg": 0.0,
    "second": 0.0,
    "issu": 0.0,
    "doctor": 0.1987357641615074,
    "time": 0.14151198006903806,
    "place": 0.0,
    "see": 0.0,
    "collect": 0.02791577595656943,
    "direct": 0.0,
    "determin": 0.0,
    "new": 0.08281927440652102,
    "charact": 8.920808864727115e-16,
    "who": 0.0,
    "first": 0.0,
    "war": -0.0,
    "continu": 0.2867718669810363,
    "decis": 0.10975794253377395,
    "refer": 0.0,
    "seri": 0.16212702294021822,
    "occur": 0.0,
    "travel": 0.0,
    "stori": 0.09651724374678937,
    "televis": 0.0,
    "screen": 0.0,
    "fifth": 0.2289275729081643,
    "special": 0.0,
    "imag": 0.22880985954176375,
    "annual": 0.04215681649884348,
    "magazin": 0.12978021402728285,
    "sixth": 0.0,
    "hit": 0.0,
    "eighth": -0.0,
    "fourth": 0.0,
    "ninth": -0.0,
    "adventur": 0.21875815224217393,
    "short": 0.0,
    "tenth": -0.0,
    "seventh": -0.0,
    "regular": 0.2483371293719735,
    "familiar": 0.0,
    "launch": -0.0,
    "retir": -0.0,
    "eleventh": -0.0,
    "twelfth": 0.0,
    "strip": -0.0,
    "comic": 0.0,
    "protagonist": 0.0,
    "fi": 0.0,
    "sc": 0.0,
    "problemat": 0.0,
    "yearbook": -0.0,
    "incarn": 0.0,
    "offscreen": 0.0
  }
}