{
  "qid": "111",
  "query": "Inequality",
  "rank": 1,
  "docid": 4054998,
  "coef": {
    "state": 0.41433096944557074,
    "inequ": 0.23807616988218697,
    "support": 0.0,
    "element": 0.0,
    "differ": 0.0,
    "form": 0.23583457107571687,
    "number": 0.0,
    "formal": -0.0,
    "follow": 0.09820411840551303,
    "young": 0.0,
    "singl": 0.0,
    "treat": 0.0,
    "exampl": 0.05210641203439346,
    "field": 0.08286365529891893,
    "constant": 0.0,
    "function": 0.20888170935924966,
    "deriv": 0.23226181604778223,
    "non": 0.0,
    "consid": 0.0,
    "impli": 0.10733560543751916,
    "friedrich": 2.3767458865841504e-15,
    "onli": 0.16774173940808979,
    "structur": 0.0,
    "space": 0.26735724029479097,
    "notion": 0.0,
    "theori": 0.0,
    "distinct": -0.0,
    "independ": 0.1772736509592592,
    "power": 0.5925092701544815,
    "norm": 0.5805222384610411,
    "landau": 0.0,
    "simpl": 0.0,
    "subset": 0.5915375978006114,
    "real": 0.0,
    "valid": 0.0,
    "integr": 0.0,
    "analysi": 0.0,
    "nbsp": 0.1590183616576844,
    "1": 0.0,
    "sub": 0.0,
    "applic": -0.0,
    "mathemat": 0.06497480023101629,
    "alpha": 0.06827818169752814,
    "squar": 0.30537223849161205,
    "fourth": 0.0,
    "equival": 0.0,
    "integ": 0.1558439925269944,
    "ge": 0.0,
    "lie": -0.0,
    "equip": 0.0,
    "abstract": 0.0,
    "interpol": 0.21479232094192977,
    "vector": -0.0,
    "theorem": -0.0,
    "compactli": 0.0,
    "gradient": 0.0,
    "convolut": 0.46569117635196644,
    "expon": 0.0,
    "nash": -0.0,
    "kolmogorov": 0.0,
    "nirenberg": -0.0,
    "riesz": -0.0,
    "rarr": -0.0,
    "nabla": 0.30761091774132465,
    "middot": 0.0,
    "marcinkiewicz": -0.0,
    "thorin": -0.0,
    "sobolev": 0.0,
    "ladyzhenskaya": 0.0,
    "agmon": -0.0,
    "gagliardo": -0.0
  }
}