{
  "qid": "139",
  "query": "European Union Governance",
  "rank": 4,
  "docid": 5310713,
  "coef": {
    "state": 2.709167325679578,
    "list": 0.0,
    "union": 2.903368301651768,
    "organis": 2.590645773544167,
    "repres": -0.0,
    "govern": 0.0,
    "relat": 1.3422375831874085,
    "offici": -0.0,
    "foreign": 0.0,
    "european": 0.1399844194470314,
    "eastern": 0.0006279494010346233,
    "ambassador": 0.0,
    "saint": 0.0,
    "caribbean": 0.0,
    "lucia": 0.0
  }
}