{
  "qid": "149",
  "query": "Public Transport",
  "rank": 1,
  "docid": 3512961,
  "coef": {
    "list": 0.0,
    "mai": 0.0,
    "public": 0.9266629561630305,
    "work": 0.40782847647928694,
    "see": 0.1345053396296151,
    "spain": 8.607472329791654e-16,
    "1889": 0.0,
    "refer": 0.044545196336231226,
    "lao": 0.0,
    "transport": 1.1175889817800337,
    "cambodia": 0.0,
    "1848": 0.06603292912051151,
    "ministri": 0.33543439789221896,
    "lebanon": -0.0,
    "minist": 0.0,
    "hungari": 0.0,
    "bahama": -0.0
  }
}