{
  "qid": "144",
  "query": "Child Development",
  "rank": 6,
  "docid": 5506790,
  "coef": {
    "list": 0.0,
    "head": 0.0,
    "establish": 0.08210102182911021,
    "youth": -0.0,
    "develop": 0.6150014741086048,
    "commun": 0.0,
    "child": 0.648135333839362,
    "gender": 0.653247017822786,
    "combin": 0.0,
    "mother": 0.0,
    "health": 0.0,
    "2016": 0.0594818971362245,
    "2012": 0.6093152511650083,
    "sport": 0.0,
    "divis": 0.0,
    "cabinet": 1.0890135291061225,
    "offic": 3.1982875170313813e-15,
    "depart": -0.0,
    "renam": -0.0,
    "transfer": 0.0,
    "ministri": 0.9013817645555527,
    "minist": 0.297145839693042,
    "zambia": 0.2948738691385678,
    "deputi": 0.0
  }
}