{
  "qid": "124",
  "query": "Charity",
  "rank": 7,
  "docid": 5044864,
  "coef": {
    "right": 0.08887362272369057,
    "organis": 0.2347854516478678,
    "market": 0.0,
    "peopl": 0.13507765021660748,
    "support": 0.2694119274983268,
    "help": 0.07861922956047106,
    "differ": 0.09026760127583629,
    "tool": -0.0,
    "includ": 0.0,
    "histori": 0.0,
    "came": 0.0,
    "event": 0.0,
    "found": 0.0,
    "best": 0.0,
    "tend": 0.0,
    "respond": 0.0768357796888707,
    "work": 0.0,
    "larg": 2.0016090078790693e-15,
    "digit": 0.0,
    "difficulti": 0.07791406274362839,
    "well": 0.2621230231001446,
    "govern": 0.0,
    "aim": 0.0,
    "commun": 0.0,
    "abl": 0.0,
    "network": 0.091923696526898,
    "field": 0.0,
    "see": 0.0,
    "wide": 0.0,
    "express": 0.0,
    "saw": 0.045464403001026804,
    "transpar": 0.06171920230218442,
    "20": 0.0,
    "sentiment": 0.0,
    "new": 0.0,
    "effect": 0.0,
    "amount": 0.009023853749901013,
    "similar": 0.0,
    "capit": 0.0,
    "who": 0.0,
    "first": -0.0,
    "idea": 0.0,
    "result": 0.016817602858459704,
    "wai": 0.15942043199835326,
    "social": 0.11791514667762391,
    "extens": 0.0,
    "littl": 0.0,
    "achiev": 0.0,
    "foundat": 0.0,
    "independ": 0.00498525426790368,
    "voic": 0.27229948864806214,
    "across": -0.0,
    "2": 0.0,
    "train": 0.0011539998424975363,
    "year": 0.0,
    "identifi": 0.0,
    "adequ": 0.0,
    "high": 0.0,
    "face": 0.0,
    "research": 0.0,
    "health": 0.0,
    "old": 0.0,
    "rate": 0.005862153998422508,
    "grant": 0.0,
    "rang": 0.0,
    "18": -0.0,
    "assess": 0.12919879566227593,
    "survei": 0.24939653781439983,
    "account": 0.017186926330426962,
    "categori": 0.08533929097324464,
    "deal": 0.0,
    "analysi": 0.0,
    "measur": -0.0,
    "2012": 0.004984060676609949,
    "1": 0.03522613268321521,
    "fund": 0.0,
    "know": 0.0,
    "applic": 0.0,
    "22": 0.0,
    "impact": 0.002194795997375805,
    "manner": 0.0,
    "great": 0.0,
    "color": 0.0,
    "medium": 0.0,
    "clear": 0.04763032376615445,
    "400": 0.0,
    "team": 0.0,
    "competit": 0.036344460238056264,
    "financi": 0.03058652827919564,
    "asian": 0.0032353914252975227,
    "indian": 0.0,
    "trust": 0.4271678913297848,
    "judg": 0.0007790039719209527,
    "34": 0.0,
    "access": 0.0,
    "enterpris": 0.027813800502407192,
    "knew": 0.0657531051425448,
    "highlight": 0.0,
    "conceiv": 0.0,
    "doubt": 0.0,
    "partner": 0.01158746458803022,
    "nomin": 0.10701333716305066,
    "technic": 0.03996342051851651,
    "award": 0.1372074970328195,
    "tv": 0.0,
    "fair": 0.0,
    "philanthropi": 0.0,
    "chariti": 0.3958517295732803,
    "charit": 0.0,
    "donor": 0.06390858916809496,
    "pr": 0.0,
    "databas": -0.0,
    "succe": 0.0,
    "clariti": 0.08070528693201524,
    "69": 0.05667874681593993,
    "robust": 0.012901135168940378,
    "metric": 0.0,
    "empow": 0.23190219359576747,
    "nair": 0.051065037052496806,
    "truste": 0.28105957491828715,
    "mori": 0.0,
    "manoj": 0.023130838609942014,
    "npc": 0.0,
    "ipso": 0.0,
    "shortlist": 0.0
  }
}