{
  "qid": "111",
  "query": "Inequality",
  "rank": 8,
  "docid": 2445476,
  "coef": {
    "inequ": 2.096973855549702,
    "includ": -1.5720770036020713,
    "number": 0.0,
    "exampl": -3.313042938345309e-17,
    "function": 0.767028660478534,
    "theori": -0.36598035668451484,
    "statist": 1.9068059252179126,
    "mechan": 2.746653339237324e-15,
    "correl": 0.8649739409837612,
    "model": 0.0,
    "bell": -1.8281215242522104,
    "satisfi": 0.0,
    "griffith": -0.013074482182536044,
    "generalis": 0.33207759515256424,
    "gaussian": 0.0,
    "percol": 0.0,
    "fkg": -0.16102480342380265,
    "ginibr": 0.08449956887953664
  }
}