{
  "qid": "144",
  "query": "Child Development",
  "rank": 7,
  "docid": 5192931,
  "coef": {
    "state": 0.0,
    "societi": 0.0,
    "focus": 0.0,
    "support": 0.0,
    "assist": 0.0,
    "earli": 0.0,
    "nation": 0.0,
    "name": 0.0,
    "addition": 0.0,
    "help": 0.0,
    "begin": 0.0,
    "next": 0.0,
    "reduc": 0.0,
    "conduct": 0.0,
    "public": 0.0,
    "gener": 0.0,
    "servic": 0.0,
    "includ": 0.0,
    "address": 0.0,
    "educ": 0.04674563599389308,
    "number": 0.0,
    "found": 0.0,
    "professor": 0.14968454960350946,
    "area": 0.0,
    "work": 0.20345710388725366,
    "american": 0.03944113129681465,
    "youth": 0.0,
    "women": 0.0,
    "develop": 0.18734067498167933,
    "career": -0.0,
    "issu": 0.0,
    "aim": 0.0,
    "commun": 0.0,
    "princip": 0.0,
    "exampl": 0.0,
    "break": 0.0,
    "life": 0.0,
    "role": 0.0,
    "organ": 0.0,
    "influenc": 0.0,
    "institut": 0.0,
    "field": 0.0,
    "children": 0.09852149273506541,
    "1960": 0.0,
    "known": 0.0,
    "direct": 0.0,
    "child": 0.07839804878929611,
    "new": 0.0,
    "contribut": 0.0,
    "effect": 0.0,
    "intern": 0.0,
    "join": 0.0,
    "media": 0.06381561871646489,
    "multipl": 0.0,
    "usag": 0.0,
    "gender": 0.0,
    "member": 0.061294495257893114,
    "studi": 0.06798807397277622,
    "base": 0.0,
    "council": 0.0,
    "soon": 0.0,
    "scienc": 0.1217236915315077,
    "achiev": 0.0,
    "associ": 0.032479112850371375,
    "serv": 0.0,
    "human": 0.0,
    "televis": 0.10594716363886666,
    "train": 0.0,
    "mechan": -0.0,
    "templ": -0.0,
    "psychologist": 0.0,
    "psycholog": 0.22042968553434045,
    "appli": 0.0,
    "care": 0.028507852212327923,
    "program": 0.0,
    "durat": 0.034516926736434785,
    "recognit": 0.0,
    "numer": 0.0,
    "development": 0.011624318240096366,
    "research": 0.21908161691736117,
    "health": 0.0,
    "outcom": 0.0,
    "univers": 0.19723540022504013,
    "investig": 0.10796982822027526,
    "1990": 0.0,
    "special": 0.0,
    "famili": 0.0,
    "affect": 0.0,
    "consequ": 0.0,
    "mental": 0.0,
    "employ": 0.0,
    "hope": 0.0,
    "hospit": 0.0,
    "7": 0.0,
    "board": 0.0,
    "receiv": 0.11928558330230683,
    "impact": 0.0,
    "incom": 0.0,
    "ground": 0.0,
    "presid": 0.13917230382272902,
    "texa": 0.0,
    "spent": -0.0,
    "divis": 0.0,
    "calvert": 0.0,
    "project": 0.0,
    "center": 0.0,
    "depart": 0.0,
    "poverti": 0.04714152953373578,
    "1978": 0.0,
    "1974": 0.0,
    "1973": 0.0,
    "1965": 0.08407090077855298,
    "1964": 0.0,
    "1963": 0.0,
    "1961": 0.0,
    "visit": 0.0,
    "polici": 0.19709389538275968,
    "pennsylvania": 0.0,
    "reward": 0.0,
    "kansa": 0.0,
    "fellow": 0.0,
    "biographi": -0.0,
    "minnesota": -0.0,
    "theater": 0.07380566305771703,
    "1968": 0.0,
    "outstand": 0.0,
    "lifetim": 0.0,
    "faculti": 0.0,
    "academi": 0.0,
    "award": 0.2359758152875344,
    "collabor": 0.0,
    "director": 0.0,
    "1976": 0.0,
    "fellowship": 0.0,
    "1988": 0.0,
    "advocaci": 0.0,
    "austin": 0.0,
    "allianc": 0.0,
    "nichola": 0.0,
    "regent": 0.0,
    "emin": 0.0,
    "ph": 0.0,
    "pond": 0.0,
    "southwestern": 0.0,
    "huston": 0.13190261255179,
    "ba": 0.0,
    "stanford": -0.0,
    "advisori": 0.0,
    "emeritu": -0.0,
    "hobb": 0.0,
    "irvin": 0.0,
    "cornel": 0.0,
    "ellen": -0.0,
    "rosemari": 0.0,
    "apa": 0.020115266856569905,
    "uri": -0.0,
    "priscilla": 0.0,
    "hallmark": 0.0,
    "accolad": -0.0,
    "sandra": 0.0,
    "truglio": 0.0,
    "bronfenbrenn": -0.0,
    "predoctor": 0.0,
    "aletha": 0.0,
    "srcd": 0.0,
    "youngberg": 0.0,
    "flawn": 0.0,
    "nichd": 0.0,
    "wartella": -0.0,
    "critc": -0.0
  }
}