{
  "qid": "110",
  "query": "Clean Energy",
  "rank": 3,
  "docid": 3015654,
  "coef": {
    "be": 0.0,
    "state": 0.7725805333319037,
    "current": 0.0,
    "system": 0.4579270385654155,
    "adopt": 0.13408727266883086,
    "revolut": 0.0,
    "gener": -0.0,
    "challeng": 0.0,
    "big": 0.9456700823627843,
    "manipul": 0.0,
    "best": 0.0,
    "need": 0.17963667500551267,
    "larg": 0.0,
    "well": 0.0,
    "academ": 0.0,
    "role": 0.29232791405212893,
    "nuclear": 0.687077450886837,
    "publish": 0.0,
    "consum": 0.0,
    "institut": 0.0,
    "will": 0.0,
    "ecolog": 0.0,
    "network": 0.0,
    "see": 0.6938770354918217,
    "green": 0.0,
    "first": 0.0,
    "rise": 0.0,
    "transit": -0.0,
    "part": 0.0,
    "problem": 0.4768803614049376,
    "distribut": -0.0,
    "wai": 0.0,
    "unit": 0.6266287827326367,
    "sabotag": 0.0,
    "natur": 0.0,
    "benjamin": 0.0,
    "book": 1.2166213154842385,
    "combin": 0.0,
    "power": 0.6722587135417634,
    "suggest": 0.07661014110538314,
    "valu": 0.0,
    "2008": 0.0,
    "technolog": 0.0,
    "increas": 0.0,
    "scale": 0.0,
    "cost": 0.0,
    "environ": 0.0,
    "pollut": 0.0,
    "identifi": 0.0,
    "sustain": 0.0,
    "widespread": 0.0,
    "job": 0.10399301092976203,
    "categori": 0.0,
    "fossil": 0.3338634162056847,
    "dirti": 0.08699230108237062,
    "heat": 0.1019664757758155,
    "greenhous": -0.0,
    "planet": 0.0,
    "electr": 0.40745267310770017,
    "energi": 0.634625192637399,
    "fuel": 0.0,
    "clean": -0.036100248767999416,
    "block": 0.0,
    "protect": 0.29586722179955377,
    "vulner": 0.0,
    "disast": 0.0,
    "financi": 0.0,
    "2009": 0.12643589733322674,
    "explor": 0.1673200192086911,
    "edg": -0.0,
    "won": -0.0,
    "overcom": 0.8869732415121373,
    "ineffici": 0.13611680511570742,
    "renew": -0.0,
    "silver": 0.2158058816642278,
    "nautilu": 1.4819643580772745e-15,
    "effici": 0.0,
    "transmiss": 0.35168417540023716,
    "award": 0.0,
    "synopsi": 0.0,
    "dilemma": 0.1729298344962592,
    "solut": -0.0,
    "trend": -0.0,
    "tech": -0.0,
    "barrier": 0.5277383322282607,
    "brittl": -0.0,
    "reactor": 0.0,
    "praeger": 0.0,
    "sovacool": 0.0
  }
}