{
  "qid": "121",
  "query": "Racquet Sports",
  "rank": 7,
  "docid": 957212,
  "coef": {
    "list": 0.0,
    "current": 0.0,
    "north": -0.0,
    "nation": 0.0,
    "classic": 0.719011402576733,
    "world": 0.0,
    "privat": 0.0,
    "build": 3.08051383166702e-16,
    "american": 0.0,
    "reviv": 0.5117252828044586,
    "onc": 0.0,
    "singl": 1.3371058095343213,
    "see": 0.0,
    "histor": -0.0,
    "structur": 0.0,
    "contribut": 0.0,
    "featur": -0.0,
    "construct": 0.0,
    "intern": 0.19541289568769415,
    "activ": 0.0,
    "social": 0.0,
    "andrew": 0.0,
    "style": 0.0,
    "court": 1.3353269153907532,
    "doubl": 0.0,
    "now": 0.0,
    "real": 0.0,
    "design": 0.43645577454732415,
    "2012": -0.0,
    "chicago": -0.0,
    "sport": 0.7409063878657345,
    "coast": 0.0,
    "restor": -0.0,
    "regist": 1.5983227931613577,
    "district": 0.028608177532160533,
    "tenni": 0.0,
    "athlet": 0.0,
    "gold": 0.0,
    "architect": 0.5949645071751315,
    "venu": 0.1831859360632036,
    "dimens": 1.4307328822260563,
    "club": 1.5169653955984526,
    "1923": 1.2850323493081537,
    "renov": 1.2720396372051315,
    "racquet": 0.7465299467714976,
    "westernmost": 0.39876630584837847,
    "squash": 0.0,
    "gentlemen": 0.0,
    "rebori": 0.0
  }
}