{
  "qid": "140",
  "query": "Artificial Intelligence and Machine Learning",
  "rank": 6,
  "docid": 1545618,
  "coef": {
    "be": 7.2242749437003395,
    "mai": 8.099150055253181,
    "explicitli": 1.174467980216964,
    "abil": 0.6143677510021028,
    "learn": 7.700569064574033,
    "refer": 0.008464943877382142,
    "give": 0.0,
    "program": 0.00674042835544148,
    "intellig": 0.8745574777548079,
    "exhibit": 0.0,
    "artifici": 0.20909270239823396,
    "comput": 0.0,
    "machin": 1.2586604197011197
  }
}