{
  "qid": "113",
  "query": "Computer Scientists",
  "rank": 4,
  "docid": 5650071,
  "coef": {
    "state": 0.0,
    "list": 0.2254369727077962,
    "current": 0.3020229025754303,
    "cultur": 0.07399704370668563,
    "theoret": 0.0,
    "movement": 0.026418215800891383,
    "middl": 0.0458351824723502,
    "write": 0.0,
    "writer": 0.020823385619851392,
    "includ": 0.3116742135036941,
    "educ": 0.04124165772052568,
    "found": 0.0,
    "professor": 0.06423391584439132,
    "best": 0.014814596799226436,
    "video": 0.0,
    "follow": 0.015169386272343908,
    "david": 0.0,
    "work": 0.07998583719868524,
    "american": 0.0,
    "futurist": 0.0,
    "electron": 0.0,
    "creation": 0.006189544752693093,
    "william": 0.0,
    "commun": 0.0,
    "author": 0.01448072254995869,
    "artist": 0.08250880110489545,
    "notabl": 0.018326305431594424,
    "institut": 0.21549879047919382,
    "pioneer": -0.0,
    "field": 0.005292952265978229,
    "contemporari": 0.0,
    "known": 0.09198296935581521,
    "advoc": 0.0,
    "new": 0.0,
    "contribut": 0.02574593035871175,
    "produc": 0.0,
    "free": 0.0,
    "effect": 0.0,
    "john": 0.0,
    "first": 0.0008156973721064086,
    "scientist": 0.3034473238801125,
    "unit": 0.0,
    "andrew": 0.0,
    "compos": 0.0,
    "east": 0.0,
    "softwar": 0.0,
    "execut": 0.0,
    "technolog": 0.0,
    "serv": 0.0,
    "human": 0.0,
    "televis": 0.0,
    "physic": 0.0,
    "ethnic": 0.0,
    "stage": 0.0,
    "greater": 0.0,
    "uk": 0.0,
    "model": 0.0,
    "food": 0.0,
    "patient": 0.0,
    "face": 0.0,
    "research": 0.0,
    "visual": 0.01075435443003733,
    "physician": 0.0,
    "imag": 0.0,
    "design": 0.0,
    "electr": 0.0,
    "nasa": 0.0,
    "energi": 0.0,
    "rai": 0.0,
    "graphic": 0.47911744972454107,
    "comput": 0.31345066343281713,
    "presid": 0.0,
    "photograph": 0.0,
    "topic": 0.0,
    "tom": 0.0,
    "corpor": 0.3667816850259033,
    "engin": 0.14715576468678154,
    "jim": 0.0,
    "edward": 0.0,
    "crow": 0.0,
    "film": 0.6261778174700142,
    "richard": 0.0,
    "28": -0.0,
    "expert": 0.0,
    "morri": 0.0,
    "anim": 0.0,
    "york": 0.0,
    "clark": 0.0,
    "136": 0.0,
    "compani": 0.0,
    "judg": 0.0,
    "1993": 0.0,
    "won": -0.0,
    "osteopath": 0.0,
    "jame": 0.0,
    "park": -0.0,
    "born": 0.0,
    "patent": 0.0,
    "harri": 0.0,
    "chairman": 0.0,
    "joel": 0.0,
    "allen": -0.0,
    "actor": -0.0,
    "franklin": 0.03282668211814509,
    "walt": 0.0,
    "duff": 0.0,
    "theatr": 0.3494723771426338,
    "edwin": 0.0,
    "smith": 0.0,
    "nomin": 0.3020642919603613,
    "faculti": 0.0,
    "excel": 0.0,
    "architect": 0.0,
    "harvei": 0.0,
    "award": 0.4748548242925611,
    "director": 0.0,
    "score": 0.0,
    "studio": 0.6383513724160431,
    "documentari": 0.0,
    "disnei": 0.0,
    "emmi": -0.0,
    "laboratori": 0.0,
    "basketbal": 0.0,
    "screenwrit": -0.0,
    "ladi": 0.232300335018138,
    "jet": 0.0,
    "nelson": 0.0,
    "bruce": 0.0,
    "maker": 0.0,
    "atom": 0.2093180113455297,
    "creator": -0.0,
    "coach": 0.14830482227645816,
    "player": 9.85534355895892e-16,
    "entrepreneur": 0.0,
    "freder": -0.0,
    "ed": 0.0,
    "lewi": -0.0,
    "evan": 0.0,
    "frank": 0.0,
    "barbara": 0.0,
    "physicist": 0.2401149737688765,
    "rebecca": -0.0,
    "programm": 0.3488701073649351,
    "jerom": 0.0,
    "pat": 0.014701356899240995,
    "inventor": 0.05936525960623937,
    "bernard": 0.0,
    "ralph": 0.0,
    "cg": 0.19835633942324465,
    "pixar": 0.0,
    "glenn": 0.0,
    "burwel": 0.0,
    "propuls": 0.0,
    "playwright": 0.11251802316189195,
    "lynn": 0.09488530323107998,
    "greg": -0.0,
    "nixon": 0.13659911773850908,
    "doodl": 0.0,
    "cinematograph": 0.0,
    "isra": 0.0,
    "emeritu": 0.05533671662871675,
    "jacqu": 0.011398281222690751,
    "izadi": 0.207895775559453,
    "37th": 0.0,
    "kurd": 0.003331808607641035,
    "rockefel": 0.0,
    "snyder": 0.0,
    "carter": 0.0,
    "kenneth": 0.09526839586588523,
    "guggenheim": 0.0,
    "manfr": 0.0,
    "conti": 0.0,
    "erni": 0.0,
    "lanc": 0.0,
    "netscap": 0.0,
    "sheldon": 0.0,
    "reino": -0.0,
    "peren": 0.0,
    "murrow": 0.0,
    "alvi": 0.0,
    "kirchheim": 0.0,
    "pano": -0.0,
    "cheez": 0.2886935587448509,
    "hanrahan": 0.0,
    "rogoff": 0.0,
    "emshwil": 0.0,
    "hurwitz": 0.0,
    "blinn": 0.0,
    "catmul": 0.0,
    "brudner": 0.0,
    "yohai": 0.17329375434460775,
    "mehrdad": 2.161858449591207e-07,
    "anasto": -0.0,
    "genes": 0.022963238035318325,
    "glassner": 0.0,
    "aarnio": -0.0,
    "difrancesco": 0.0,
    "riland": 0.008409195446345049,
    "strowei": 0.0,
    "photoscientist": 0.0,
    "fryshman": 0.0
  }
}