{
  "qid": "125",
  "query": "Doctor",
  "rank": 3,
  "docid": 3988893,
  "coef": {
    "third": -0.0,
    "simultan": 0.024490084321985305,
    "list": 0.0,
    "origin": 0.0,
    "exist": 0.179382942496518,
    "illustr": 0.0,
    "support": 0.00804193954759523,
    "public": 0.0,
    "ag": 0.020032177232819456,
    "american": 0.0,
    "second": -0.0,
    "doctor": 0.2606563943779206,
    "time": 0.0,
    "publish": 0.0,
    "see": 0.0,
    "onli": 0.0,
    "featur": 0.0,
    "who": 0.020199736577894922,
    "first": 0.03312765654020964,
    "war": -0.0,
    "chao": 0.02399341611818994,
    "seri": 0.0,
    "happen": 0.0,
    "stori": 0.0,
    "inherit": 0.0,
    "fifth": -0.0,
    "week": 0.0,
    "start": 0.022765924846680545,
    "monthli": 0.0,
    "regularli": 0.0,
    "annual": 0.09615589773705648,
    "graphic": 0.1023225183088424,
    "least": 0.13483304253763023,
    "multi": 0.0,
    "appear": 0.14536777164266068,
    "magazin": 0.0,
    "sixth": 0.09204874166820387,
    "2011": -0.0,
    "eighth": 0.0,
    "fourth": -0.0,
    "ninth": -0.0,
    "adventur": -0.0,
    "short": 0.0,
    "tenth": 0.0,
    "seventh": 0.0,
    "titan": 0.0,
    "ran": 0.0,
    "launch": 0.0,
    "titl": 0.0,
    "eleventh": 0.0,
    "twelfth": 0.0,
    "radio": 0.0,
    "premier": 0.0,
    "strip": 0.09132194644442666,
    "honour": 0.0,
    "comic": 0.11203145324640214,
    "novel": -0.0,
    "debut": 0.0,
    "incarn": 0.1539895114931444,
    "hadn": 0.015448851918222841,
    "dalek": 0.0,
    "storybook": 0.0,
    "dwm": 0.0
  }
}