{
  "qid": "130",
  "query": "Basketball",
  "rank": 7,
  "docid": 5292372,
  "coef": {
    "current": 0.22217380730491257,
    "system": 0.2057669776325805,
    "men": 0.0,
    "italian": 0.0,
    "ii": 0.0,
    "french": 0.0,
    "hierarch": 0.06990232533430668,
    "note": 0.0,
    "vari": 0.0,
    "american": 0.0,
    "women": 0.006873627838554956,
    "russian": -0.0,
    "organ": 0.3193480835898549,
    "place": 0.0,
    "see": 0.0,
    "greek": -0.0,
    "amount": 0.0,
    "extern": 0.0,
    "promot": 0.0,
    "refer": 0.0,
    "associ": 0.0,
    "interconnect": 0.0,
    "seri": 0.0,
    "level": 0.0,
    "2": 0.0,
    "profession": 0.0,
    "german": -0.0,
    "iii": 0.0,
    "10": 0.0,
    "link": 0.0,
    "1": 0.0,
    "season": 0.0,
    "european": 0.0,
    "format": 0.0672839766300791,
    "cup": 0.0,
    "4th": 0.0,
    "releg": 0.0,
    "team": 0.058935795613263633,
    "divis": 0.0,
    "competit": 0.34056884624658723,
    "leagu": 0.08437685104158209,
    "south": 0.0,
    "tier": 0.3242790866153028,
    "1st": 0.0,
    "spot": 0.0,
    "2nd": 0.0,
    "3rd": 0.0,
    "basketbal": 0.0,
    "polish": -0.0,
    "turkish": -0.0,
    "club": 0.0,
    "iceland": 0.24682772912046913,
    "10th": 0.0,
    "hungarian": -0.0,
    "demot": -0.0,
    "pyramid": 0.09118561584519759,
    "supercup": 0.0,
    "karla": 0.3659492603455093,
    "deild": 5.009568126378075e-17,
    "rvalsdeild": 0.0
  }
}