{
  "qid": "128",
  "query": "Racing",
  "rank": 9,
  "docid": 262266,
  "coef": {
    "be": 0.0,
    "list": 0.0,
    "system": -0.0,
    "north": 0.017540100833423045,
    "mai": 0.11904484142477412,
    "europ": 0.0,
    "defin": 0.000789808561240303,
    "differ": 0.0,
    "includ": 0.0,
    "rule": 0.0,
    "french": 0.0,
    "allow": 0.009472969524420552,
    "import": 0.0,
    "best": 0.0,
    "ag": 0.0,
    "term": 0.0,
    "abil": 0.0,
    "follow": 0.0,
    "america": 0.0,
    "carri": 0.04397325057424128,
    "govern": 0.0,
    "group": 0.0,
    "exampl": 0.0061326243270130015,
    "author": 0.0,
    "down": 0.0,
    "sex": 0.0,
    "see": -0.0,
    "known": 0.0,
    "accord": 0.0,
    "offici": 0.0,
    "claim": 0.0,
    "distinct": 0.0,
    "condit": 0.008932771860158143,
    "refer": 0.0,
    "give": 0.0,
    "success": 0.0,
    "valu": 0.0,
    "level": -0.0,
    "older": -0.0,
    "stage": 0.0,
    "younger": 0.0,
    "attach": 0.0,
    "case": 0.0,
    "weight": 0.16840654999305582,
    "provis": 0.0,
    "femal": 0.0,
    "race": 0.25396851069788196,
    "male": 0.0,
    "matur": 0.03373281297222367,
    "rel": 6.746122413452325e-16,
    "restrict": -0.0,
    "qualiti": 0.0,
    "receiv": -0.0,
    "great": 0.05353433503057803,
    "flat": 0.0,
    "grade": -0.0,
    "irish": 0.0,
    "britain": 0.03705998333524832,
    "british": 0.0,
    "won": 0.0,
    "sell": 0.0,
    "hors": 0.1867893471377496,
    "laid": 0.0,
    "runner": 0.30798880723344224,
    "australia": 0.0,
    "australian": 0.0,
    "handicap": 0.1914973808122162,
    "maiden": -0.0,
    "alloc": 0.0,
    "novic": -0.0,
    "entrant": 0.0,
    "equalis": 0.005722731034208916,
    "horserac": 0.10172091236341438,
    "handicapp": 0.0009869952133929965
  }
}