{
  "qid": "113",
  "query": "Computer Scientists",
  "rank": 1,
  "docid": 857905,
  "coef": {
    "state": 0.14574360630827063,
    "can": 0.26921685809779206,
    "nation": 0.0,
    "name": 0.41660401464734526,
    "creat": 0.0,
    "law": 0.0,
    "econom": 0.0,
    "task": 0.3043816602488952,
    "concept": 0.0,
    "gener": 0.0,
    "form": 0.028090309098392736,
    "perform": 0.06111487086005528,
    "area": 0.01315423097342361,
    "work": 0.0,
    "larg": 0.0,
    "art": 0.0,
    "respect": 0.0,
    "academ": 0.0,
    "necessarili": 0.024915378042571476,
    "influenc": 0.0,
    "field": 0.8294314818194859,
    "specif": 0.0,
    "effect": 0.0014041110562416515,
    "amount": 0.0,
    "who": 0.021124675340389778,
    "wai": 0.0,
    "increasingli": 0.662964994263125,
    "scientist": 0.852032253204707,
    "social": -0.0,
    "person": 0.0,
    "scienc": 0.937059889477363,
    "train": 1.0120852604942767,
    "physic": -0.0,
    "medicin": 0.0,
    "disciplin": 0.0,
    "appli": 0.6210387340791399,
    "model": -0.0,
    "high": 0.27324344955813856,
    "advanc": 0.1392875900585176,
    "research": 0.0,
    "univers": 0.0,
    "typic": 0.0,
    "data": 0.4411358589709751,
    "analyz": 0.0,
    "scientif": 0.8337223094818076,
    "analysi": 0.38592127269993437,
    "skill": 0.0,
    "cloud": 0.0,
    "artifici": -0.0,
    "clean": 1.1735213740720765,
    "comput": 0.3865305176806267,
    "huge": -0.0,
    "engin": 0.0,
    "compani": 0.34929759651420345,
    "biologi": 0.3272451491717025,
    "mathematician": 0.0,
    "calibr": 0.3548093811716467,
    "lab": 0.008788436392549682,
    "usabl": 0.0,
    "chemistri": -0.0,
    "simul": 0.6888060421062199,
    "forth": 0.15044908739632248,
    "astrophys": 0.40823531553253517,
    "statistician": 0.0,
    "tech": 0.01709267712288065
  }
}