{
  "qid": "128",
  "query": "Racing",
  "rank": 6,
  "docid": 831487,
  "coef": {
    "state": 0.1584374798694297,
    "discuss": 0.018826965654546543,
    "list": 0.0,
    "organis": 0.0,
    "seek": 0.0,
    "nation": 0.10635242913472903,
    "industri": 0.0,
    "conduct": 0.15610986465100546,
    "respons": 0.0,
    "gener": 0.0,
    "servic": 0.0,
    "rule": 0.13647190522568114,
    "call": 0.0,
    "form": 0.0,
    "number": 0.0,
    "bodi": 0.1106278286652441,
    "appeal": 0.0,
    "establish": -0.0,
    "limit": -0.0,
    "enabl": 0.0,
    "review": 0.11131807735205745,
    "group": 0.20421590199948625,
    "territori": 0.013351321894100914,
    "princip": 0.0,
    "author": 0.0,
    "role": 0.0,
    "cours": 0.0,
    "set": 0.0,
    "known": 0.0,
    "new": 0.0,
    "who": 0.0,
    "accord": 0.0,
    "practic": 0.0,
    "matter": 0.0,
    "person": 0.0,
    "condit": 0.0,
    "council": -0.0,
    "consensu": 0.0,
    "give": 0.003527603255862111,
    "achiev": 0.0066394512602580705,
    "book": 0.06973935378789525,
    "independ": 0.019675840512356137,
    "meet": 0.0,
    "appli": 0.0,
    "supervis": 0.0,
    "race": 0.23354617828704896,
    "investig": 0.0,
    "recommend": 5.458863506029521e-06,
    "report": 0.0,
    "integr": 0.0,
    "analyst": 0.0,
    "2014": 0.0,
    "board": 0.0,
    "run": 0.0,
    "western": 0.0,
    "punish": 0.0,
    "submit": 0.0,
    "enforc": 0.0,
    "administr": 0.0,
    "septemb": 0.0,
    "peak": 0.0,
    "administ": 0.0,
    "deleg": 0.0,
    "announc": 0.0,
    "advic": 0.0,
    "agre": 2.7887291132278943e-06,
    "behalf": 0.0,
    "welfar": 0.0,
    "ensur": 0.0,
    "tribun": 0.0,
    "darwin": -0.0,
    "1998": 0.0,
    "agreement": 0.0,
    "fair": 0.0,
    "australia": 0.0,
    "australian": 0.12851568238270727,
    "abid": 0.0,
    "handicap": 0.0,
    "strictli": 0.0,
    "club": 0.0,
    "merg": 0.010828581741860493,
    "equin": 0.0,
    "statutori": 0.0,
    "turf": -0.0,
    "queensland": 0.0,
    "canberra": -0.0,
    "stud": 0.0,
    "advisori": 0.0,
    "victoria": -0.0,
    "steward": 0.06978849804505338,
    "arb": 0.0,
    "thoroughbr": 0.0,
    "wager": 0.0,
    "veterinarian": 0.0,
    "racehors": 0.0,
    "tasmanian": 0.0,
    "nsw": -0.0,
    "registrar": 0.0
  }
}