{
  "qid": "114",
  "query": "Songwriting",
  "rank": 9,
  "docid": 2131192,
  "coef": {
    "third": 0.0,
    "discuss": 0.0,
    "origin": 0.19946416232462028,
    "benefit": -0.0,
    "exist": 0.14495486871940513,
    "inspir": 0.0,
    "can": 0.11401027615416857,
    "creat": 0.0,
    "countri": 0.0,
    "music": 0.28468777697868136,
    "websit": 0.0,
    "conduct": 0.0,
    "write": 0.10141966770049116,
    "differ": 0.0,
    "gener": 0.0,
    "includ": 0.1023266386002892,
    "big": 0.0,
    "later": 0.0,
    "call": 0.0,
    "event": 0.14056604727567834,
    "polit": 0.0,
    "number": 0.0,
    "import": 0.0,
    "found": 0.0,
    "world": 0.24182266737676464,
    "perform": 0.0,
    "american": 0.2337388996669251,
    "chang": 0.0,
    "long": 0.0,
    "career": 0.0,
    "well": 0.0,
    "issu": 0.0,
    "william": 0.0,
    "exampl": 0.0,
    "contract": 0.0,
    "artist": 0.03744428835458767,
    "wing": 0.0,
    "internet": 0.0,
    "find": 0.01639255134445257,
    "particip": 0.09334027721606622,
    "todai": 0.0,
    "20": 0.007929969961998162,
    "known": 0.0,
    "new": 0.0,
    "intern": 0.09077489255970661,
    "win": 0.18032892580776397,
    "john": 0.0,
    "who": 0.0,
    "read": 0.0,
    "first": 0.0,
    "wai": 0.0,
    "social": 0.18297168621731433,
    "base": 0.0,
    "forum": 0.18234921013125172,
    "parti": 0.0,
    "onlin": 0.0,
    "stori": 0.11794984334677848,
    "initi": -0.0,
    "2015": 0.0,
    "year": 0.0,
    "rare": 0.0,
    "previous": 0.0,
    "ask": 0.0,
    "variat": 0.3147576844774945,
    "old": 0.0,
    "rais": 0.0,
    "exposur": 0.0,
    "opportun": 0.0,
    "theme": -0.0,
    "awar": 0.0,
    "3": 0.0,
    "requir": 0.0,
    "receiv": 0.0,
    "annual": 0.0,
    "advent": 0.0,
    "hook": 0.0,
    "cross": 0.0,
    "submit": 0.0,
    "record": 0.023051442828774336,
    "richard": 0.0,
    "competit": 0.22115629175977944,
    "magazin": 0.0,
    "hit": 0.06871889533126727,
    "york": 0.0,
    "ono": 0.0,
    "june": 0.0,
    "short": 0.0,
    "subsidiari": -0.0,
    "monei": 0.0,
    "announc": 0.0,
    "angel": 0.0,
    "lo": 0.0,
    "piec": 0.0,
    "inaugur": 0.0,
    "harri": 0.0,
    "sing": 0.0,
    "launch": -0.0,
    "sponsor": 0.0,
    "1997": 0.0,
    "contest": 0.2511262827699791,
    "pop": 0.0,
    "winner": 0.034594183505982014,
    "song": 0.14458026977054045,
    "bottl": 0.0,
    "prize": 0.0,
    "maker": -0.0,
    "musician": 0.0,
    "wind": 0.0,
    "durango": 0.0,
    "jeff": 0.0,
    "chart": 0.0,
    "boost": 0.0,
    "wooden": 0.0,
    "kim": 0.0,
    "songwrit": 0.21088847896216167,
    "expo": 0.0,
    "nashvil": 0.0,
    "idol": 0.0,
    "billboard": 0.0008388166456214207,
    "fide": 0.0,
    "lennon": 0.04147716000538885,
    "yoko": 0.0,
    "airplai": 0.047783157445263284,
    "pam": 0.10536252907299466,
    "bona": 0.0,
    "moreno": 0.0,
    "geni": 5.660598835711592e-17,
    "spinoff": 0.005045541286201467,
    "alissa": 0.0,
    "offlin": 0.0,
    "fiverr": -0.0,
    "sheyn": 0.0018191979542413659,
    "silbar": 0.0,
    "unisong": 0.0,
    "compros": 0.0,
    "wwahm": 0.0
  }
}