{
  "qid": "140",
  "query": "Artificial Intelligence and Machine Learning",
  "rank": 6,
  "docid": 1545618,
  "coef": {
    "be": 6.840196672031651,
    "mai": 7.39419008878409,
    "explicitli": 1.32605895980042,
    "abil": 1.0910014448938745,
    "learn": 7.364043495334422,
    "refer": 0.006975170848248462,
    "give": 0.0,
    "program": 0.004410047125063976,
    "intellig": 0.7630773886749314,
    "exhibit": 0.0,
    "artifici": 0.22292464080615756,
    "comput": 0.0,
    "machin": 1.3325391754528362
  }
}