{
  "qid": "130",
  "query": "Basketball",
  "rank": 7,
  "docid": 5292372,
  "coef": {
    "current": 0.32133940741310757,
    "system": 0.1980636993939906,
    "men": 0.020679582981761337,
    "italian": -0.0,
    "ii": 0.0,
    "french": -0.0,
    "hierarch": 0.07728660141433669,
    "note": 0.05820048468719643,
    "vari": 0.0,
    "american": 0.01116594507143876,
    "women": 0.02825807298193651,
    "russian": 0.0,
    "organ": 0.2381742552003961,
    "place": 0.0,
    "see": -0.0,
    "greek": -0.0,
    "amount": 0.0,
    "extern": 0.0,
    "promot": 0.0,
    "refer": 0.0,
    "associ": 0.0,
    "interconnect": 0.0,
    "seri": 0.0,
    "level": 0.0,
    "2": 0.0,
    "profession": 0.11141367238392406,
    "german": -0.0,
    "iii": 0.0,
    "10": 0.14464641506116102,
    "link": 0.0,
    "1": 0.0,
    "season": 0.0,
    "european": -0.0,
    "format": 0.015667725237703,
    "cup": 0.0,
    "4th": 0.0,
    "releg": 0.0,
    "team": 0.13632260685448422,
    "divis": 0.0,
    "competit": 0.3273348517685259,
    "leagu": 0.1125069167925144,
    "south": 0.0,
    "tier": 0.3403531453769311,
    "1st": 0.0,
    "spot": 0.0,
    "2nd": 0.0,
    "3rd": 0.0,
    "basketbal": 0.016712398756983736,
    "polish": -0.0,
    "turkish": 0.0,
    "club": 0.0,
    "iceland": 0.15996965528315765,
    "10th": 0.0,
    "hungarian": -0.0,
    "demot": -0.0,
    "pyramid": 0.0,
    "supercup": 0.0,
    "karla": 0.35390589678083084,
    "deild": 7.662146770345971e-15,
    "rvalsdeild": 0.0
  }
}