{
  "qid": "130",
  "query": "Basketball",
  "rank": 3,
  "docid": 5371185,
  "coef": {
    "5": 0.0,
    "current": 0.10678484574319072,
    "system": 0.09993805495327866,
    "region": 0.04156006824249406,
    "men": 0.0,
    "spanish": 0.0,
    "italian": -0.0,
    "french": -0.0,
    "hierarch": 0.0,
    "follow": 0.0,
    "american": 0.0,
    "women": 0.0,
    "second": 0.0,
    "feder": 0.04453606793143915,
    "russian": -0.0,
    "organ": 0.3179481697197741,
    "see": -0.0,
    "local": 0.0,
    "greek": 0.0,
    "first": 0.1327190778770682,
    "promot": 0.0,
    "compos": 0.006028023815157023,
    "interconnect": 0.0,
    "seri": 0.0,
    "level": 0.1892839406645339,
    "profession": -0.0,
    "german": -0.0,
    "lower": -0.0,
    "10": 0.08503136164365042,
    "2018": 0.0,
    "summer": 0.0,
    "season": 0.0,
    "european": -0.0,
    "format": 0.0,
    "cup": -0.0,
    "4th": 0.0,
    "team": 0.0024756470060351607,
    "divis": -0.0,
    "competit": 0.12635321297406207,
    "2006": 0.0,
    "leagu": 0.06553513316103998,
    "south": 0.0,
    "tier": 0.2491060713685778,
    "19": 0.0,
    "compris": 0.0,
    "1st": -0.0,
    "2nd": -0.0,
    "3rd": 0.0,
    "basketbal": 0.0912360601283502,
    "polish": -0.0,
    "turkish": -0.0,
    "club": 0.18371082065958586,
    "hungarian": 0.0,
    "demot": 0.0,
    "serbia": 0.18837038127935307,
    "07": 0.0,
    "serbian": 0.13071885123738544,
    "milan": 0.0,
    "pyramid": 0.0,
    "kora": -0.0,
    "vasojevi": 0.0,
    "radivoj": -0.0,
    "ciga": 0.0
  }
}