{
  "qid": "107",
  "query": "Seafood",
  "rank": 3,
  "docid": 4379056,
  "coef": {
    "list": -0.008080360644574113,
    "union": 0.0,
    "type": 0.0,
    "can": 0.0014763903223105497,
    "north": 0.0,
    "mai": 0.2951974706871606,
    "nation": 0.0,
    "industri": -0.0,
    "product": 0.11358467632093726,
    "concept": 0.0,
    "servic": 0.0,
    "includ": 0.0,
    "take": 0.0,
    "french": 0.0,
    "world": 0.12104138879545677,
    "oper": 0.0,
    "open": 0.0,
    "due": 0.028185215936363077,
    "area": 0.0,
    "ag": 0.0,
    "involv": 0.0,
    "town": 0.26729558872995324,
    "vari": 0.09680810179535186,
    "american": 0.0,
    "larg": 0.0,
    "america": 0.0,
    "expens": 0.0,
    "feder": 0.0,
    "citi": 0.0,
    "offer": 0.0,
    "consum": 0.034645907460682114,
    "institut": 0.004375656910234516,
    "road": 0.0,
    "see": -0.0,
    "non": 0.0,
    "live": 0.0,
    "new": 0.24412634534994054,
    "capit": 0.0,
    "oppos": 0.0,
    "releas": 0.001005384507862079,
    "continu": 0.0,
    "member": 0.0355654306324466,
    "sale": 0.0149938974560688,
    "hous": 0.0,
    "style": 0.055039866641857615,
    "2008": 0.028106470278034024,
    "back": 0.0,
    "level": 0.112215225399406,
    "estim": 0.0,
    "year": 0.11083906535221637,
    "focu": 0.0,
    "typic": 0.0,
    "avail": 0.0,
    "wild": 0.009077905467772825,
    "locat": 0.0,
    "special": 0.0,
    "weigh": 0.2574353080843797,
    "select": 0.0,
    "imag": 0.23874600092566342,
    "theme": 0.0,
    "quarter": 0.0,
    "consist": 0.0,
    "design": 0.0,
    "compar": 0.0,
    "home": 0.1593622654098446,
    "fresh": 0.0,
    "net": 0.0,
    "addit": 0.0,
    "nearbi": 0.0,
    "frozen": 0.0,
    "season": 0.06447403177442923,
    "restaur": 0.18635804688430263,
    "bar": 0.0,
    "kept": 0.0,
    "georg": -0.0,
    "item": 0.0,
    "oldest": 0.0,
    "fish": 0.3781816093211123,
    "retail": 0.10070527510917271,
    "busi": 0.021105609149167617,
    "nathan": 0.0,
    "prepar": 0.1658574601474041,
    "hotel": 0.0,
    "decemb": 0.0,
    "orlean": 0.0,
    "jordan": 0.0,
    "york": 0.0,
    "louisiana": 0.0,
    "2009": 0.03262581100751883,
    "south": 0.031237683887273323,
    "freshwat": 0.0,
    "compani": 0.09310427961696895,
    "room": 0.13494225264655757,
    "captur": 0.0,
    "januari": 0.0016623405517692783,
    "desir": 0.0,
    "quick": 0.0,
    "briefli": 0.0,
    "carolina": 0.0,
    "boston": 0.1019185806189499,
    "massachusett": 2.6639159941940134e-15,
    "decor": 0.12280613975168933,
    "interior": 0.0,
    "140": 0.02009687318598571,
    "dub": 0.0,
    "chines": 0.0,
    "vessel": -0.0,
    "cuisin": -0.0,
    "dish": 0.0,
    "dine": 0.0,
    "exterior": 0.0,
    "layout": 0.0,
    "kong": 0.0,
    "chicken": 0.0,
    "hong": 0.0,
    "crab": 0.039018203749788094,
    "shrimp": 0.0,
    "prawn": 0.0,
    "240": -0.0,
    "marin": 0.0,
    "seafood": 0.32204135123264366,
    "raw": 0.1345331807087631,
    "fisheri": 0.008016903573929566,
    "harbor": 0.0006957293666289777,
    "beef": 0.0,
    "tank": 0.0,
    "korea": 0.0,
    "chip": -0.0,
    "barbecu": 0.0,
    "lobster": 0.21213180254773817,
    "ornat": 0.0012576414816527917,
    "cantones": 0.0,
    "upscal": 0.0,
    "oyster": 0.36917254516774384,
    "shellfish": 0.08062660879288912,
    "fare": 0.23727057456306805,
    "mussel": 0.0,
    "sushi": 0.0,
    "nautic": 0.0017843821982070332,
    "buoi": 0.0,
    "clam": 0.0,
    "waterfront": 0.0,
    "shamrock": 0.0,
    "crawfish": 0.0,
    "calabash": -0.0,
    "frier": 0.0,
    "steakhous": 0.0,
    "gampo": 0.07670907562713859,
    "gyeongju": 0.0,
    "eup": 0.0,
    "midscal": 0.0
  }
}