{
  "qid": "136",
  "query": "Visual Journalism",
  "rank": 0,
  "docid": 5608382,
  "coef": {
    "be": 0.0,
    "218": -0.0,
    "state": 0.0,
    "5": 0.0,
    "self": 0.0,
    "list": 0.0,
    "current": 0.0,
    "cultur": 0.0,
    "peopl": 0.0,
    "seen": 0.0,
    "societi": 0.0,
    "support": 0.0,
    "journal": 0.11840063656809412,
    "nation": 0.0,
    "engag": 0.0,
    "led": 0.0,
    "daili": 0.0,
    "platform": 0.0,
    "product": 0.0,
    "acquir": 0.0,
    "write": 0.0,
    "public": 0.0,
    "servic": 0.0,
    "gai": 0.0,
    "includ": 0.002514214714758806,
    "challeng": 0.0,
    "educ": 0.0,
    "call": 0.1212643661130638,
    "view": 0.0,
    "number": 0.0,
    "world": 0.10443912244545484,
    "enter": 0.0,
    "reaction": -0.0,
    "school": 0.06304074696953,
    "emot": 0.0553575421629421,
    "work": 0.04064290129130127,
    "experi": 0.0,
    "scholar": 0.0,
    "control": 0.0,
    "digit": -0.0,
    "america": 0.0,
    "influenti": 0.0,
    "develop": 0.0,
    "well": 0.0,
    "learn": 0.0957312562230293,
    "coverag": 0.0,
    "review": 0.0,
    "whole": 0.0,
    "colleg": 0.0,
    "commun": 0.11389202138983058,
    "time": 0.0,
    "protest": 0.0,
    "life": 0.0,
    "cours": 0.0,
    "ident": 0.00754912175342463,
    "process": 0.0,
    "organ": 0.0,
    "influenc": 0.0,
    "recent": 0.0,
    "institut": 0.0,
    "find": 0.0,
    "subject": 0.0,
    "network": 0.0,
    "field": 0.0,
    "see": 0.0,
    "method": -0.0,
    "live": 0.0,
    "express": 0.0,
    "articl": 0.021041156146938026,
    "china": 0.0,
    "white": 0.1879850294237669,
    "new": 0.1419388524311621,
    "understand": 0.1323206074583506,
    "evolut": 0.0,
    "produc": 0.0,
    "like": 0.0,
    "mass": -0.0,
    "lectur": 0.0,
    "intern": 0.0,
    "accord": 0.0,
    "read": 0.0,
    "practic": 0.07093755115906282,
    "futur": 0.0,
    "media": 0.2201887954764361,
    "critiqu": 0.0,
    "post": 0.0,
    "theori": 0.0,
    "war": 0.0,
    "academia": 0.0,
    "gender": 0.0,
    "social": 0.0,
    "comment": 0.0,
    "promot": 0.0,
    "studi": 0.19822291216214336,
    "scienc": 0.0,
    "achiev": 0.015175434608690771,
    "book": 0.0,
    "independ": 0.0,
    "associ": 0.0,
    "ethic": 0.0,
    "technolog": 0.0,
    "black": 0.0,
    "especi": -0.0,
    "serv": 0.0,
    "approach": 0.0825368799663662,
    "human": 0.0,
    "teach": 0.0,
    "travel": 0.0,
    "across": 0.07928651093223081,
    "stori": 0.0,
    "obtain": 0.0,
    "million": 0.0,
    "adapt": 0.0,
    "2015": 0.052352560531096354,
    "interview": 0.0,
    "year": 0.0,
    "side": 0.0,
    "environ": 0.0,
    "profession": 0.0,
    "characterist": 0.0,
    "lessen": 0.0,
    "show": 0.0,
    "advanc": 0.0,
    "interact": 0.0,
    "consider": 0.0,
    "graduat": 0.0,
    "cover": -0.0,
    "research": 0.04870238739751122,
    "visual": 0.1473899652013016,
    "invit": 0.0,
    "recogn": 0.08625333244487059,
    "examin": 0.0,
    "univers": 0.25516012446593367,
    "roll": 0.0,
    "document": 0.0,
    "verbal": 0.0,
    "data": 0.0,
    "race": 0.1504277222022817,
    "investig": 0.0,
    "40": -0.0,
    "25": -0.0,
    "18": -0.0,
    "11": 0.0,
    "pride": 0.0,
    "account": 0.0,
    "24": 0.0,
    "affect": 0.0,
    "societ": 0.0,
    "analysi": 0.0,
    "opportun": 0.0,
    "imag": 0.12759929296682784,
    "design": 0.0,
    "2018": 0.19812283052284532,
    "2016": 0.0,
    "reach": 0.0,
    "hope": 0.0,
    "6": 0.0,
    "4": 0.0,
    "1": -0.0,
    "27": -0.0,
    "extend": 0.0,
    "addit": 0.0,
    "impact": 0.0,
    "fire": 0.0,
    "content": 0.0,
    "centr": 0.0,
    "represent": 0.0,
    "front": 0.0,
    "press": 0.0,
    "chief": 0.0,
    "photograph": 0.0945523343375786,
    "topic": -0.0,
    "london": 0.0,
    "toll": 0.0,
    "jointli": 0.0,
    "politician": 0.0,
    "corpor": 0.0,
    "profil": 0.0,
    "senior": 0.0,
    "largest": 0.0,
    "washington": 0.0,
    "busi": 0.02844343926394229,
    "appear": -0.0,
    "expect": 0.0,
    "pope": 0.0,
    "2017": 0.06700000245194472,
    "trauma": 0.0,
    "offic": 0.0,
    "2019": 0.18562766227508057,
    "ma": 0.0,
    "explor": 0.03330634303838576,
    "fl": 0.0,
    "indian": -0.0,
    "labor": 0.0,
    "island": 0.0,
    "migrat": 0.0,
    "insid": 0.0016464902413045699,
    "65": 0.0,
    "46": -0.0,
    "23": 0.0,
    "21": 0.0,
    "19": 0.0,
    "agenc": 0.0,
    "won": 0.0,
    "announc": 0.0,
    "beach": 0.0,
    "visit": 0.0,
    "map": 0.0,
    "cycl": 0.0,
    "virtual": 0.0,
    "honor": 0.000579320991695269,
    "625": 0.0,
    "grai": 0.0,
    "pennsylvania": 0.0,
    "spearhead": 0.0,
    "ann": 0.0,
    "highlight": 0.0,
    "client": 0.0,
    "246": 0.0,
    "missouri": 0.0,
    "smith": 0.1145254160480469,
    "editor": 0.0,
    "823": 0.0,
    "photo": 0.0,
    "journalist": 0.0,
    "narr": 0.0,
    "oversea": 0.0,
    "qualit": 0.0,
    "excel": 0.0,
    "academi": 0.0,
    "camera": 0.0,
    "frame": 0.05909966526077198,
    "pictur": 0.003030229350853896,
    "flee": 0.0,
    "kelli": 0.0,
    "award": 0.0,
    "2020": 0.08822341629425601,
    "94": 0.0,
    "1983": -0.0,
    "certif": 0.0,
    "recipi": 0.0,
    "2021": 0.0,
    "australia": 0.01227973987832116,
    "australian": -0.0,
    "1975": 0.0,
    "colorado": 0.0,
    "facebook": 0.0,
    "biggest": 0.0,
    "ed": 0.0,
    "monograph": 0.0,
    "photographi": -0.0,
    "bibliographi": -0.0,
    "franci": -0.0,
    "india": 0.0,
    "absent": 0.0,
    "phd": 0.0,
    "len": 0.0,
    "signatur": 0.0051835529466770155,
    "modal": 0.0,
    "manifest": 0.0,
    "closet": 0.0,
    "disinform": -0.0,
    "ian": 0.0,
    "angu": 0.0,
    "thomson": 0.16115941516665458,
    "zealand": -0.0,
    "ba": 0.0,
    "handbook": -0.0,
    "heartland": 0.0,
    "queensland": 0.0,
    "xinhua": 0.0,
    "persecut": -0.0,
    "223": 0.0,
    "josephson": 0.0,
    "mi": -0.0,
    "inund": 0.0,
    "cuba": -0.0,
    "smartphon": 0.0,
    "verif": 0.0,
    "203": -0.0,
    "outlet": 0.0,
    "dian": 0.0,
    "dunn": 0.0,
    "greenwood": 0.10749673576076581,
    "herald": 0.0,
    "644": 0.0,
    "quarterli": 0.0,
    "huffington": 0.0,
    "freelanc": 0.0,
    "233": 0.0,
    "liverpool": 0.0,
    "duffi": 0.0,
    "803": 0.0,
    "gazett": -0.0,
    "crux": 0.0,
    "brisban": 0.0,
    "newswir": 0.0,
    "boca": 0.0,
    "stirl": -0.0,
    "comm": 0.0,
    "littlefield": -0.0,
    "omaha": 0.0,
    "raton": 0.0,
    "crc": 0.0,
    "photojournalist": 0.0,
    "quickfir": 0.0,
    "faceless": 0.0,
    "nca": 0.0,
    "loughborough": 0.0,
    "mizzou": 0.0,
    "rowman": 0.0,
    "photojourn": 0.0,
    "perreault": -0.0,
    "cision": 0.0,
    "chadron": 0.0,
    "hurcomb": 0.0,
    "hoteltonight": 0.0,
    "dootson": 0.0,
    "jou9jr": -0.0,
    "j8006": 0.0
  }
}