{
  "qid": "134",
  "query": "Botany",
  "rank": 8,
  "docid": 484542,
  "coef": {
    "list": 0.7225121589229573,
    "journal": 0.2648963430216316,
    "gener": 0.0,
    "includ": 0.0,
    "area": 0.10091433820993258,
    "follow": 0.4716482462714313,
    "review": 0.26611374684661177,
    "publish": 0.18374994456101426,
    "see": 0.0,
    "collect": 0.4821256012950276,
    "articl": 0.6324162279656913,
    "scienc": 0.5856472013791952,
    "contain": 0.11640695842449944,
    "tabl": 0.370617847610698,
    "paper": 0.0,
    "special": 0.7324621112104346,
    "scientif": 0.08858197081754218,
    "patholog": 0.0,
    "plant": 0.0,
    "crop": 0.0,
    "forestri": 0.0,
    "botani": 0.4790692438526551,
    "horticultur": 0.03171423682238592,
    "agronomi": 0.386486780943597,
    "specialis": 0.0,
    "botan": 0.0,
    "dendrolog": 0.0
  }
}