{
  "qid": "114",
  "query": "Songwriting",
  "rank": 2,
  "docid": 1948413,
  "coef": {
    "5": 0.0,
    "list": 0.0,
    "origin": 0.0,
    "can": 0.0,
    "product": 0.15023950888945006,
    "robert": 0.0,
    "come": 0.0,
    "michael": 0.0,
    "kei": 0.0,
    "note": 0.0,
    "david": 0.0,
    "review": 0.0,
    "push": 0.0,
    "artist": 0.0,
    "pierr": 0.0,
    "peter": -0.0,
    "collect": 0.0,
    "featur": 0.0,
    "first": 0.0,
    "extern": 0.0,
    "releas": 0.0,
    "littl": 0.0,
    "label": 0.0,
    "2": 0.0,
    "8": 0.0,
    "9": 0.0,
    "fetal": 0.0,
    "compil": 0.0,
    "contain": 0.24852272467028802,
    "martin": 0.0,
    "total": -0.0,
    "cover": 0.0002290492786673535,
    "grant": 0.0,
    "twin": 0.0,
    "11": 0.0,
    "10": -0.0,
    "vocal": 0.0,
    "mix": 0.19220913493227737,
    "design": 0.0,
    "7": 0.017485848911082097,
    "6": 0.022635048098456664,
    "4": 0.048475937537670113,
    "3": 0.08692598205557589,
    "1": -0.0,
    "burn": 0.0,
    "addit": 0.0,
    "electr": 0.0,
    "2004": 0.0,
    "written": 0.0,
    "lili": 0.0,
    "rush": 0.0,
    "engin": 0.0,
    "bill": 0.0,
    "track": 0.20093554271017858,
    "disc": 0.0,
    "beauti": 0.0,
    "ki": 0.0,
    "dixon": -0.0,
    "bloom": 0.0,
    "scott": 0.0,
    "johnston": 0.0,
    "master": 0.01932425714096218,
    "armstrong": 0.0,
    "sarah": 0.0,
    "titl": 0.0,
    "cd": 0.0,
    "album": 0.0,
    "fascin": 0.0,
    "toni": 0.0,
    "song": 0.0,
    "artwork": 0.0,
    "gore": 0.0,
    "personnel": 0.0,
    "dj": 0.0,
    "dave": 0.0,
    "photographi": 0.0,
    "jason": 4.927465736346953e-16,
    "mislabel": 0.0,
    "gui": -0.0,
    "nova": 0.07082612045941492,
    "heartbeat": 0.0,
    "eclips": 0.0,
    "gabriel": 0.1903002692803986,
    "songwrit": 0.2704715581805463,
    "hull": 0.008506966264582822,
    "soler": 0.0,
    "ep": 0.0,
    "dresden": 0.05192459540683722,
    "duo": 0.0,
    "dido": 0.0,
    "arcadia": 0.0,
    "justin": -0.0,
    "rick": 0.0,
    "motorcycl": 0.0,
    "marchand": 0.0,
    "cappella": 0.0,
    "rowan": 0.0,
    "josh": 0.0,
    "houser": -0.0,
    "je": 0.0,
    "fra": 0.0,
    "saka": 0.0,
    "haydn": 0.0,
    "gerber": -0.0,
    "rollo": 0.0,
    "mclachlan": 0.0,
    "paavo": 0.0,
    "westerlund": 0.0,
    "satori": 0.0,
    "laswel": 0.0,
    "palazuelo": 0.0,
    "mcguin": 0.0,
    "kristi": 0.0,
    "zo": 0.0,
    "tetsuo": 0.0,
    "bassbin": -0.0,
    "gropper": 0.0,
    "rafelson": -0.0,
    "essig": 0.0,
    "zg": 0.0,
    "jono": 0.0,
    "nettwerk": 0.0,
    "santori": 0.0,
    "andain": 0.0,
    "autan": 0.0,
    "siljam": 0.0,
    "brieden": 0.0,
    "targanaski": -0.0
  }
}