{
  "qid": "118",
  "query": "Cartoons",
  "rank": 3,
  "docid": 4098237,
  "coef": {
    "mai": 0.0,
    "europ": -0.0,
    "concept": 0.0025331018822942054,
    "gener": 0.0,
    "video": 0.0,
    "art": -0.0,
    "land": 0.0,
    "develop": 0.0,
    "network": -0.0,
    "franc": 0.0,
    "see": 0.0,
    "direct": 0.0,
    "new": 0.0,
    "similar": 0.0,
    "pari": 0.0,
    "softwar": 0.0,
    "mean": 0.0,
    "program": 0.0,
    "univers": -0.022561229592010332,
    "mgm": 0.2603770544336161,
    "corpor": 5.144603837929232e-17,
    "anim": 0.20316933429870482,
    "compani": 0.0,
    "park": 0.008103480984429796,
    "walt": 0.3422023622971198,
    "metro": 0.2872840956040699,
    "goldwyn": 0.0,
    "mayer": 0.0,
    "studio": 0.25723232802914947,
    "disnei": 0.330361998662872,
    "cartoon": 0.3455457199038491,
    "bro": 0.3234385636935208,
    "paramount": 0.054580276008938,
    "warner": 0.2679494211030945,
    "comic": 0.24518368063587154,
    "scottish": -0.0,
    "disneyland": 0.35185563608508413,
    "warnermedia": 0.0,
    "toon": 0.0,
    "disneytoon": 0.0,
    "paramaout": 0.0
  }
}