{
  "qid": "139",
  "query": "European Union Governance",
  "rank": 0,
  "docid": 4301271,
  "coef": {
    "aspect": 0.0,
    "union": 0.264457128913489,
    "assist": 0.07051738482469334,
    "adopt": 0.06168032401111224,
    "econom": 0.0,
    "public": 0.540860918242411,
    "formul": 0.0,
    "educ": 0.0,
    "legal": 0.4259835643906889,
    "form": 0.18597728285758286,
    "civil": 0.0,
    "bodi": 0.0,
    "establish": 0.0,
    "implement": 0.0,
    "charg": 0.0,
    "develop": 0.0292070791145832,
    "well": 0.0,
    "govern": 0.052309283301419325,
    "prioriti": -0.0,
    "act": 0.0,
    "process": 0.0,
    "regul": 0.1003969256047573,
    "plan": -0.0,
    "organ": 0.3346384401419652,
    "institut": 0.16217644559255828,
    "relat": -0.0,
    "english": 0.0,
    "particip": 0.0,
    "constitut": -0.0,
    "conclus": 0.0,
    "cooper": 0.0642844888265635,
    "direct": 0.0,
    "intern": 0.0,
    "accord": 0.0,
    "activ": 0.283646593793941,
    "oblig": 0.0,
    "promot": 0.0,
    "associ": 0.41850928925437564,
    "strategi": 0.332994560195054,
    "screen": 0.0,
    "year": 0.0,
    "translat": 0.0,
    "supervis": 0.0,
    "program": 0.0,
    "stimul": 0.0,
    "coordin": 0.30326878955983516,
    "14": -0.0,
    "special": 0.008926078500604687,
    "integr": 0.0,
    "analysi": 0.0,
    "design": 0.0,
    "languag": 0.0,
    "standard": 0.182809939033279,
    "fund": 0.0,
    "requir": 0.3307649398217838,
    "capac": 0.0,
    "2004": 0.0,
    "foreign": 0.0,
    "european": 0.3213050782483205,
    "jurisdict": 0.45810189683951297,
    "29": 0.0,
    "republ": 0.5765914618317278,
    "donat": 0.0,
    "prepar": 0.11585500749091951,
    "2017": 0.25258461127217696,
    "legisl": 0.48387759307000033,
    "offic": 0.0,
    "deleg": 0.0,
    "june": 0.0,
    "domest": 0.0,
    "access": 0.04133211882060659,
    "march": 0.0,
    "appoint": 0.21686904448309172,
    "monitor": 0.07308397120974651,
    "servant": 0.0,
    "realiz": 0.0,
    "dissolv": 0.32434605346031503,
    "negoti": 0.3645795828255128,
    "technic": 0.0,
    "director": 0.0,
    "agreement": 0.09645168620775074,
    "harmon": 0.0,
    "stabilis": 0.0,
    "ministri": 0.030095286419259612,
    "eu": -0.0,
    "mandat": 0.0,
    "partak": 0.0,
    "serbia": 0.32527778326112844,
    "statut": 0.0,
    "serbian": 0.0,
    "harmonis": 0.38671344670094177,
    "seio": 0.14122590103157703
  }
}