{
  "qid": "106",
  "query": "Climate Change Activists",
  "rank": 6,
  "docid": 6247642,
  "coef": {
    "be": 0.0,
    "demonstr": -0.0,
    "terror": 0.0,
    "communist": 0.0,
    "action": 0.06207886886246477,
    "opposit": 0.0,
    "lead": 0.07317193517197447,
    "organis": 0.0,
    "peopl": 0.0,
    "inspir": 0.010664031268674346,
    "societi": 0.0,
    "can": 0.0,
    "return": 0.0,
    "system": 0.0,
    "support": -0.0,
    "extrem": 0.0,
    "mai": -0.0,
    "nation": 0.0,
    "dismiss": 0.0,
    "predict": 0.0,
    "difficult": 0.0,
    "led": 0.0,
    "creat": 0.0,
    "countri": 0.15782699335916428,
    "movement": -0.0,
    "help": 0.0,
    "industri": 0.3673023499116216,
    "destroi": 0.0,
    "wave": 0.0,
    "target": 0.0,
    "includ": 0.061382252495922496,
    "address": 0.12040010030793381,
    "talk": 0.1301305125682819,
    "take": 0.2686367912569685,
    "educ": 0.0,
    "call": 0.0,
    "found": -0.0,
    "world": 0.25650573742001975,
    "normal": 0.0,
    "due": 0.0,
    "area": 0.12262387994274099,
    "involv": 0.0,
    "alien": 0.0,
    "sever": -0.0,
    "note": 0.0,
    "still": 0.0,
    "school": 0.0,
    "follow": 0.0,
    "late": 0.0,
    "just": 0.28496487597208525,
    "youth": 0.2832915551211575,
    "chang": 0.0,
    "women": 0.01961724451610487,
    "land": 0.0,
    "govern": 0.0636825944391964,
    "environment": 0.08649504224056334,
    "argentina": 0.0,
    "issu": 0.0,
    "group": 0.0,
    "commun": 0.0,
    "act": 0.06479792834700213,
    "protest": -0.0,
    "util": 0.0,
    "justic": 0.0,
    "strike": 0.0,
    "organ": 0.0,
    "recent": 0.0,
    "gave": 0.0,
    "relat": 0.19715398455686564,
    "set": 0.005344456788344454,
    "see": 0.0,
    "live": 0.2118959443691146,
    "collect": 0.0,
    "particip": 0.0,
    "advoc": 0.0,
    "new": 0.0,
    "neg": 0.0,
    "move": 0.041085402662598386,
    "leader": 0.19933726468889335,
    "effect": 0.17835625446691558,
    "green": 0.0,
    "intern": 0.008461280512718532,
    "space": 0.0,
    "terrorist": 0.0,
    "goal": 0.0,
    "who": 0.0,
    "defend": 0.0,
    "practic": 0.0,
    "futur": 0.24472356236589846,
    "rise": 0.0,
    "offici": 0.0,
    "make": 0.001431821057601668,
    "activ": 0.0,
    "transit": 0.0,
    "part": 0.0,
    "problem": 0.0,
    "gender": 0.00019850301961681216,
    "comment": 0.0,
    "made": 0.038927745371205386,
    "spread": 0.0,
    "achiev": 0.0,
    "compon": 0.04077270160821535,
    "bank": 0.0,
    "global": 0.0,
    "activist": 0.2734057544374453,
    "voic": 0.0,
    "meet": 0.0,
    "back": 0.007217061362197088,
    "seri": 0.0,
    "approach": 0.0,
    "onlin": 0.0,
    "level": 0.0,
    "diseas": 0.39215221967722297,
    "million": 0.0,
    "year": 0.0,
    "cope": 0.16022170089128426,
    "depend": -0.0,
    "request": 0.0,
    "stereotyp": 0.0,
    "food": 0.0,
    "occurr": 0.0,
    "damag": 0.0,
    "face": 0.10471044169864265,
    "2013": 0.0,
    "graduat": 0.0,
    "infecti": 0.0,
    "sensit": -0.0,
    "univers": 0.0,
    "typic": 0.0,
    "resourc": 0.09129661805881371,
    "now": 0.0,
    "prone": 0.0,
    "account": 0.0,
    "affect": 0.10370018749603563,
    "frequent": 0.0,
    "start": 0.0,
    "standard": 0.0,
    "hospit": 0.0,
    "6": 0.0,
    "1": 0.0,
    "water": 0.08051460288153287,
    "sea": 0.0,
    "margin": 0.0,
    "keep": 0.0,
    "carbon": 0.0,
    "impact": 0.0,
    "climat": 0.2634282625588532,
    "temperatur": 0.0,
    "mathemat": 0.0,
    "equat": 0.0,
    "annual": 0.0,
    "emiss": 0.11181016662734386,
    "clean": 0.0,
    "western": 0.0,
    "held": 0.0,
    "coastal": 0.0,
    "infrastructur": 0.0007943205882963133,
    "red": 0.025030995306688154,
    "fever": 0.0,
    "novemb": 0.0,
    "campaign": 0.059416933491863395,
    "super": 0.0,
    "2017": 0.0,
    "vulner": 0.06469906760616964,
    "charter": 0.2952764217614813,
    "agricultur": 0.0,
    "septemb": 0.0,
    "2019": 0.0,
    "south": 0.0,
    "biodivers": 0.0,
    "economi": 0.0,
    "deleg": 0.0,
    "compani": 0.0,
    "hurrican": 0.0,
    "coal": 0.0,
    "19": 0.0,
    "indigen": 0.0,
    "won": 0.17370482735345436,
    "storm": 0.28142396253707525,
    "announc": 0.0,
    "pass": 0.15154930774361616,
    "cut": 0.05191934815339824,
    "went": -0.0,
    "safe": 0.0,
    "told": 0.0,
    "realiz": 0.1143016856416316,
    "2030": 0.0,
    "biographi": 0.0,
    "ignor": 0.0,
    "bind": 0.0,
    "threaten": 0.0,
    "volunt": 0.0,
    "sure": 0.057679852318808685,
    "danger": 0.25272467757564104,
    "don": 0.08398066762830364,
    "encourag": 0.0,
    "sexism": 0.0,
    "chanc": 0.0,
    "guardian": 0.0,
    "technic": 0.06846630277384678,
    "metro": 0.0,
    "concert": 0.056206160813177204,
    "2020": 0.2557841161133913,
    "140": 0.0,
    "covid": 0.0,
    "spokesperson": 0.0,
    "fridai": 0.0,
    "rich": 0.0,
    "2021": 0.0,
    "brand": 0.0,
    "stronger": 0.1532441271043223,
    "sector": 0.0,
    "collaps": 0.039460470362252045,
    "oz": 0.06026626124798193,
    "spoken": -0.0,
    "pandem": 0.0,
    "mu": 7.618092589630902e-17,
    "el": 0.0,
    "flood": 0.0,
    "laura": 3.809046294815451e-17,
    "divest": 0.0,
    "india": 0.0,
    "feed": 0.0,
    "drought": 0.008571118752283781,
    "mock": 0.03703015465234001,
    "kenya": 0.0,
    "conven": 0.06288640326596913,
    "hungri": 0.0,
    "fisheri": 0.007656690098455611,
    "reef": 0.13843246541979776,
    "archipelago": 0.0,
    "insecur": 0.0,
    "livelihood": -0.0,
    "2050": 0.0,
    "greta": 0.2830667748922683,
    "coral": 0.003487804822507015,
    "mitig": 0.0,
    "fisher": -0.0,
    "empow": 0.09514030448561968,
    "amplifi": 0.0,
    "ni": 0.0,
    "filipino": 0.0,
    "kevin": 0.0,
    "philippin": 0.3780566114294857,
    "indonesian": -0.0,
    "colombia": 0.005718298752834369,
    "dengu": 0.0,
    "yolanda": 0.04201897050003301,
    "tag": 0.08946655503938002,
    "instagram": 0.0,
    "typhoon": 0.0,
    "haiyan": 0.0,
    "tan": 0.3477581346057561,
    "manila": 0.0,
    "ver": 0.0,
    "nica": 0.0,
    "ravi": 0.0,
    "thunberg": 0.0012032119151074124,
    "mic": 0.0,
    "attenborough": 0.0,
    "eyal": 0.0,
    "weintraub": 0.0,
    "mitzi": 0.0,
    "jonel": 0.0,
    "fff": 0.0,
    "mapa": 0.0,
    "tokenis": 0.0,
    "disha": 0.0,
    "cop26": 0.2769754486083247,
    "mtai": 0.0,
    "khairunnisa": -0.0,
    "salsabila": -0.0,
    "yacap": 0.0
  }
}