{
  "qid": "104",
  "query": "Business Leaders",
  "rank": 2,
  "docid": 2959386,
  "coef": {
    "mai": 0.0,
    "govern": 0.0,
    "common": 0.0,
    "northern": 0.0,
    "known": 0.0,
    "new": -0.0,
    "leader": 0.5713383470685807,
    "unit": 0.4683706941019312,
    "council": 0.0,
    "refer": 0.2751612984348358,
    "canada": -0.0,
    "hous": 0.46481780051886673,
    "now": 0.0,
    "assembl": 0.0,
    "busi": 0.4205271904403484,
    "legisl": 0.0,
    "south": 0.0,
    "island": 0.0,
    "senat": 0.0,
    "kingdom": 0.0,
    "premier": 0.0,
    "australia": 0.0,
    "lord": 0.0,
    "minist": 0.0,
    "ireland": 0.08744413002729089,
    "india": 0.0,
    "bangladesh": -0.0,
    "lanka": -0.0,
    "sri": -0.0,
    "zealand": -0.0,
    "queensland": 0.0,
    "lok": 0.0,
    "sabha": 0.0,
    "cayman": 0.2700339484926924,
    "rajya": 0.0,
    "seanad": 0.0
  }
}