{
  "qid": "113",
  "query": "Computer Scientists",
  "rank": 0,
  "docid": 148033,
  "coef": {
    "list": -0.009755396892275378,
    "peopl": 0.0,
    "benefit": 0.0888768030643956,
    "type": 0.0,
    "seen": 0.0,
    "theoret": 0.3215073824326087,
    "can": 0.213962031484715,
    "system": 0.14415771666242785,
    "mai": 0.30165379151587485,
    "industri": 0.10065496413865564,
    "us": 0.0,
    "acquir": 0.0,
    "servic": 0.0,
    "includ": 0.03994823749826871,
    "educ": 0.0,
    "allow": 0.0,
    "found": 0.0,
    "perform": -0.0,
    "secur": 0.0,
    "area": 0.0,
    "formal": -0.0,
    "follow": -0.0,
    "work": 0.01747119041005392,
    "object": 0.0,
    "develop": 0.27206841613011523,
    "complex": -0.0,
    "close": 0.28853156202323693,
    "organ": 0.0,
    "publish": 0.0,
    "institut": 0.0,
    "pioneer": 0.0,
    "network": -0.016466941702128986,
    "field": 0.21216835664468875,
    "deriv": 0.0,
    "see": -0.0,
    "method": 0.0,
    "specif": 0.0,
    "overlap": 0.0,
    "vision": 0.0,
    "structur": 0.0,
    "new": 0.0,
    "like": -0.0,
    "goal": 0.0,
    "similar": 0.0,
    "who": 0.0,
    "practic": 0.0,
    "posit": 0.0,
    "yield": 0.0,
    "part": 0.0,
    "theori": 0.18731227078014093,
    "distribut": -0.0,
    "scientist": 0.08549313508916233,
    "properti": 0.0,
    "oppos": 0.0,
    "studi": 0.0,
    "person": 0.0,
    "base": -0.0,
    "scienc": 0.11522171867381042,
    "foundat": 0.0,
    "softwar": 0.23487688988509786,
    "ethic": -0.0,
    "technolog": 0.0,
    "emploi": 0.12682347230240212,
    "human": 0.0,
    "physic": 0.0,
    "disciplin": 0.0,
    "side": 0.05720888053825843,
    "hire": 0.0,
    "depend": -0.0,
    "program": 0.0,
    "model": 0.0,
    "code": 0.0,
    "focu": 0.09158801657375751,
    "prospect": 0.0,
    "advanc": 0.0,
    "numer": 0.08734909851848806,
    "interact": 0.0,
    "research": 0.13345200638867066,
    "visual": 0.0,
    "attribut": 0.09383785329357323,
    "univers": -0.0,
    "primari": 0.0,
    "typic": 0.0,
    "firm": 0.0,
    "data": 0.0,
    "special": -0.0,
    "growth": 0.07208921735909672,
    "valid": 0.0,
    "systemat": 0.0,
    "scientif": 0.0,
    "analysi": 0.0,
    "concurr": -0.0,
    "intellig": 0.0,
    "given": 0.0,
    "design": 0.0846079060842977,
    "languag": 0.0023961105332228395,
    "employ": 0.03625543542740061,
    "grow": 0.0,
    "requir": 0.0,
    "smaller": 0.11289479323425694,
    "applic": 0.15695762201104216,
    "artifici": 0.0,
    "leadership": 0.0,
    "mathemat": 0.21079126295396894,
    "eventu": 0.0,
    "knowledg": 0.2603097656426212,
    "graphic": 0.1358541302668999,
    "mainli": 0.0,
    "comput": 0.26998508658482767,
    "engin": 0.0,
    "project": 0.3083156949825788,
    "architectur": 0.0,
    "economi": -0.0,
    "possess": 0.16281885766733697,
    "rapid": 0.0,
    "consult": 0.0,
    "fastest": 0.0,
    "discov": 0.0,
    "excel": 0.0,
    "faster": 0.0,
    "mathematician": 0.0,
    "precis": 0.0,
    "databas": -0.0,
    "cheaper": 0.0,
    "hardwar": 0.0,
    "ph": 0.15009049283879464,
    "processor": -0.0,
    "algorithm": 0.20022390674334437,
    "ci": 0.06706876446160043,
    "cryptographi": 0.0,
    "manageri": 0.0
  }
}