{
  "qid": "110",
  "query": "Clean Energy",
  "rank": 4,
  "docid": 4779418,
  "coef": {
    "state": 0.0,
    "market": 0.1720859129664632,
    "inspir": 0.0,
    "nation": -0.0,
    "region": 0.751180154082416,
    "creativ": 0.0,
    "challeng": 0.0,
    "manag": 0.0,
    "form": 0.43850741635908974,
    "school": 0.3360952583276743,
    "build": 0.0,
    "america": 0.0,
    "develop": 0.0,
    "complet": 0.06016327473089166,
    "feder": 0.0,
    "rank": 0.0,
    "plan": 0.13570777970091324,
    "student": 0.03552498331349663,
    "institut": 0.0,
    "white": 0.0007564133800669128,
    "new": 0.0,
    "first": 6.853682951424493e-05,
    "unit": 0.0,
    "promot": 0.0,
    "execut": 7.4454252608239086e-06,
    "strategi": 0.0,
    "hous": 0.0,
    "technolog": 0.665436109985111,
    "commit": 0.0,
    "initi": 0.0,
    "cell": -0.5837897727213592,
    "program": 0.4929716447543388,
    "background": 0.0,
    "advanc": 0.0,
    "look": 0.0,
    "recogn": 0.0,
    "univers": 0.0,
    "commerci": 0.0,
    "intergovernment": 0.0,
    "receiv": 0.0,
    "impact": 0.0,
    "top": 0.0,
    "weather": 0.0,
    "composit": 0.0,
    "knowledg": 0.6199150152461582,
    "energi": 0.42442971929339435,
    "solar": -0.0017098036760644607,
    "fuel": 0.0,
    "clean": 0.29286202992265814,
    "held": 0.17291274675571153,
    "custom": 0.42819071145997323,
    "west": 0.5117556234290476,
    "team": 0.0,
    "washington": 0.0572780959827711,
    "administr": 0.513969606781939,
    "busi": 0.0,
    "competit": 0.22430846258603793,
    "campaign": 1.0901719315586982,
    "2011": 0.04469211948870406,
    "manufactur": 0.21167206762155694,
    "financi": 0.28260320427267066,
    "offic": 0.0,
    "depart": 0.0,
    "vehicl": 0.03604848780047196,
    "monei": 0.0,
    "obama": 0.0994869526919531,
    "maryland": 0.2746213195948415,
    "launch": 0.11210788229973104,
    "compet": 0.562340664159894,
    "renew": 0.008122217388487544,
    "massachusett": 0.0,
    "chanc": 0.0638746406372374,
    "effici": 0.0,
    "winner": 0.0,
    "prize": 0.8727767392310152,
    "colorado": 0.0,
    "lab": 0.0,
    "solut": 0.026848474171057287,
    "grand": 0.0,
    "wind": 0.0,
    "ventur": 0.714062255476273,
    "chemistri": 0.0,
    "rice": -0.0,
    "biomass": 0.0,
    "geotherm": 0.0,
    "mit": 0.0,
    "caltech": 0.2163163490643796,
    "entrepreneurship": 0.34352713741784163,
    "acc": -0.0,
    "hydropow": 0.0,
    "startup": 0.0222849505879326,
    "cleantech": 0.0017552603732457108,
    "ncebpc": 0.040043887019160014
  }
}