{
  "qid": "124",
  "query": "Charity",
  "rank": 7,
  "docid": 5044864,
  "coef": {
    "right": 0.142613458667384,
    "organis": 0.12881939116378785,
    "market": 0.0,
    "peopl": 0.06736955525372776,
    "support": 0.36365377543110206,
    "help": 0.05100000411787496,
    "differ": 0.17911631037745282,
    "tool": 0.0,
    "includ": 0.0,
    "histori": 0.0,
    "came": 0.0,
    "event": 0.0,
    "found": 0.0,
    "best": -0.0,
    "tend": 0.0,
    "respond": 0.1064861880250307,
    "work": -0.0,
    "larg": 2.6321694380403596e-16,
    "digit": 0.0,
    "difficulti": 0.06389169443610325,
    "well": 0.4072472581735833,
    "govern": 0.0,
    "aim": 0.0,
    "commun": 0.0,
    "abl": 0.10907934031119776,
    "network": 0.06811331947949927,
    "field": 0.0,
    "see": -0.0,
    "wide": 0.0,
    "express": 0.0,
    "saw": 0.10497801448299723,
    "transpar": 0.1780829340276205,
    "20": 0.018081412943857716,
    "sentiment": 0.0,
    "new": 0.0,
    "effect": 0.0,
    "amount": 0.016803025459394223,
    "similar": 0.0,
    "capit": 0.0,
    "who": 0.0,
    "first": 0.0,
    "idea": 0.0,
    "result": 0.17239092041389392,
    "wai": 0.0857172245608752,
    "social": 0.21941267973544826,
    "extens": 0.0,
    "littl": 0.0,
    "achiev": 0.0,
    "foundat": 0.0,
    "independ": 0.0011507874352437541,
    "voic": 0.0,
    "across": 0.0,
    "2": 0.026522265818396076,
    "train": 0.0701372138317733,
    "year": 0.0,
    "identifi": 0.0,
    "adequ": 0.0,
    "high": 0.0,
    "face": 0.0,
    "research": 0.020084058614924277,
    "health": 0.0,
    "old": 0.0,
    "rate": 0.07873653727936608,
    "grant": 0.0,
    "rang": 0.0,
    "18": 0.0,
    "assess": 0.10960081619829057,
    "survei": 0.17079422950678327,
    "account": 0.0,
    "categori": 0.03369949853220872,
    "deal": 0.0,
    "analysi": 0.0,
    "measur": 0.0,
    "2012": 0.0,
    "1": 0.09785567596305912,
    "fund": 0.0,
    "know": 0.0,
    "applic": 0.0,
    "22": 0.0,
    "impact": 0.0,
    "manner": 0.0,
    "great": 0.0,
    "color": 0.0,
    "medium": 0.0,
    "clear": 0.1407431717751928,
    "400": 0.0,
    "team": 0.0,
    "competit": 0.06954108457931575,
    "financi": 0.0,
    "asian": 0.0,
    "indian": 0.0,
    "trust": 0.2679160699068272,
    "judg": 0.0,
    "34": 0.0,
    "access": 0.0,
    "enterpris": 0.0,
    "knew": 0.07922896292951755,
    "highlight": -0.0,
    "conceiv": 0.0,
    "doubt": 0.0,
    "partner": 0.0,
    "nomin": 0.16538358002342685,
    "technic": 0.0,
    "award": 0.0,
    "tv": 0.0,
    "fair": 0.0,
    "philanthropi": 0.0,
    "chariti": 0.37538770321604875,
    "charit": 0.0,
    "donor": 0.0,
    "pr": 0.0,
    "databas": -0.0,
    "succe": 0.0,
    "clariti": 0.12095196208770627,
    "69": 0.0,
    "robust": 0.0,
    "metric": 0.0,
    "empow": 0.0779662226562773,
    "nair": 0.0,
    "truste": 0.2625136767882061,
    "mori": 0.0,
    "manoj": 0.0,
    "npc": 0.029481019928637046,
    "ipso": 0.0,
    "shortlist": 0.0
  }
}