{
  "qid": "120",
  "query": "Baking",
  "rank": 2,
  "docid": 279731,
  "coef": {
    "can": 0.0,
    "order": 0.02010584725522501,
    "us": 0.1485054257626856,
    "pre": 0.0,
    "prevent": 0.3192550458971302,
    "call": 0.0,
    "allow": 0.0,
    "due": 0.02807820527879585,
    "involv": 0.1516440330564939,
    "work": 0.0,
    "second": 0.0,
    "complet": 0.02446869577231792,
    "close": 0.0,
    "time": -0.0,
    "process": 0.0,
    "will": 0.0,
    "small": 0.09491788373423347,
    "place": 0.0,
    "see": 0.018374151942211512,
    "method": 0.4653755554413143,
    "line": 0.06945951957182178,
    "produc": 0.0,
    "past": 0.0,
    "shape": 0.2079652110088408,
    "achiev": 0.0,
    "partli": 0.0,
    "techniqu": 0.2846640522625553,
    "blind": -0.0,
    "case": 0.0,
    "weight": 0.22244138683991657,
    "remov": 0.0,
    "metal": 0.0,
    "paper": -0.0,
    "repeatedli": 0.03588183325387164,
    "keep": 0.0,
    "top": 0.4032636206200948,
    "bubbl": 0.029805541372445257,
    "shorter": 0.0,
    "photograph": 0.0,
    "brown": 0.0,
    "retain": 0.0549484398315967,
    "fulli": -0.0,
    "bird": 0.0,
    "escap": 0.007808712853480637,
    "fill": 0.5808437022919437,
    "ensur": 0.0,
    "hole": 0.043881038683615564,
    "accomplish": -0.0,
    "puls": 0.0,
    "dri": 0.0,
    "wet": 0.00256358599216993,
    "shell": -0.0,
    "soft": 0.0,
    "simplifi": 0.0037471635716254193,
    "tin": 0.3565391622387589,
    "pierc": 0.0005162301604543686,
    "ceram": 0.3718875563822671,
    "pastri": 0.0,
    "pi": 0.012895290905323833,
    "steam": 0.0,
    "te": 0.0,
    "foil": 0.0,
    "rice": 0.0,
    "pie": 0.09397286574425394,
    "crust": 0.3889636493541614,
    "cream": 0.13285024027101178,
    "bean": 0.0659683945056047,
    "lentil": 0.0,
    "pea": 0.0,
    "aluminium": 0.0,
    "fork": 0.0,
    "bead": 0.0,
    "dispens": 0.0,
    "bake": 0.33843585417432276,
    "invert": -0.03196544360834643,
    "dough": 0.0,
    "pud": 0.2251700608690261,
    "parchment": -0.0,
    "sucr": 0.4926317546702611,
    "tine": 0.228933400245744,
    "unbak": 0.0,
    "huff": 0.03246491535476843,
    "soggi": 0.09166554353644743
  }
}