{
  "qid": "146",
  "query": "Non-profit Organization",
  "rank": 1,
  "docid": 4029090,
  "coef": {
    "state": 0.0,
    "cultur": 0.0,
    "emerg": 0.0,
    "societi": 0.06288603267119938,
    "believ": 0.0109610388638099,
    "freedom": 0.0,
    "movement": 0.0,
    "revolut": 0.0,
    "begin": 0.02671902831679177,
    "conduct": 0.0,
    "syria": 0.0,
    "violent": -0.0,
    "violenc": 0.0,
    "call": 0.0,
    "polit": 0.0,
    "form": 0.0,
    "civil": 0.36810763748892805,
    "peac": 0.0,
    "chang": 0.47146947200026396,
    "aim": 0.0,
    "group": 0.007137538559328688,
    "strike": 0.04684351853949856,
    "plan": -0.0,
    "organ": 0.16293500792114535,
    "struggl": 0.663553618914351,
    "non": 0.32836865687987243,
    "known": 0.14698052539262274,
    "nonviol": 0.02548203540737581,
    "produc": 0.0,
    "tactic": -0.0,
    "activ": 0.0,
    "war": 0.4608182586403556,
    "wai": 0.21139544800898835,
    "social": 0.0,
    "spread": 0.7230563043369793,
    "dai": 0.5242016064141009,
    "achiev": 0.0,
    "grassroot": 0.0,
    "activist": 0.0,
    "happen": 0.0,
    "initi": 0.5720866477886052,
    "resist": 0.006498186442051571,
    "interact": 0.27121263886556873,
    "visual": 0.0,
    "awar": 0.04633880147645325,
    "gather": 0.0,
    "project": -0.0,
    "2011": 0.16842092499763003,
    "map": 0.0,
    "government": 1.0097400699840508e-16,
    "syrian": 0.7464672878700039,
    "umbrella": 0.0,
    "digniti": -0.0,
    "karamah": 0.008217823693169205
  }
}