{
  "qid": "139",
  "query": "European Union Governance",
  "rank": 6,
  "docid": 5529215,
  "coef": {
    "state": 0.01089724940042327,
    "union": 0.056312852630157784,
    "current": 3.4886120513449352e-06,
    "element": 0.0,
    "goe": 0.10097681535446477,
    "sharpli": 0.0,
    "law": 0.0,
    "section": 0.16289313815225887,
    "concern": -0.0,
    "differ": 0.0,
    "gener": 0.03024504414403974,
    "rule": 0.21580317098306653,
    "legal": 0.0,
    "view": 0.05613351385664553,
    "due": 0.23824337344830393,
    "need": -0.0,
    "michael": 0.0,
    "kei": 0.0,
    "david": 0.0,
    "control": 0.2079958508644091,
    "chang": 0.0,
    "england": 0.0,
    "govern": 0.05841103496284135,
    "far": 0.0,
    "review": 0.0,
    "act": 0.09579857850592233,
    "time": 0.0,
    "see": 0.00151139085136089,
    "constitut": 0.0,
    "known": -0.0,
    "advoc": 0.24667653667953293,
    "onli": 0.0,
    "russel": 0.0,
    "accord": 0.16297564845421394,
    "unit": 0.375785046993502,
    "matter": 0.0,
    "continu": 0.0,
    "refer": 0.04865236412320207,
    "dai": 0.007440136146323374,
    "power": 0.0,
    "argu": 0.0,
    "uk": 0.44818116133915264,
    "case": 0.0,
    "introduc": 0.0,
    "outcom": 0.0,
    "court": 0.33672453915424067,
    "withdraw": -0.0,
    "game": 0.0,
    "2018": 0.1651816834972809,
    "match": 0.0,
    "exit": 0.0,
    "european": 0.417472734717604,
    "suprem": 0.0,
    "attornei": 0.10763839129824104,
    "passag": 0.2600707233452763,
    "prepar": 0.0,
    "legisl": -0.0,
    "bill": 0.306020573092906,
    "secretari": 0.0,
    "scot": 0.0,
    "64": 0.0,
    "enact": 0.0,
    "pass": 0.0,
    "summari": 0.18436782236479096,
    "behalf": 0.0,
    "negoti": 0.0,
    "compet": 0.2307776556577914,
    "subsequ": -0.0,
    "kingdom": 0.039473688134203225,
    "1998": 0.04864805958561594,
    "ordinarili": 0.0,
    "lie": 0.0,
    "vandal": 0.08204928342336863,
    "eu": 0.0,
    "parliament": 0.0,
    "colloqui": -0.0,
    "scotland": 0.4122062263677408,
    "clariti": 0.0,
    "scottish": 0.33119172437413946,
    "repatri": 0.0,
    "wale": 0.0,
    "devolv": 0.35694287386734463,
    "midwai": 0.0,
    "brexit": 0.0,
    "mundel": 0.0,
    "uksc": 0.0,
    "section17": 0.0,
    "section33": 0.0
  }
}