{
  "qid": "106",
  "query": "Climate Change Activists",
  "rank": 3,
  "docid": 6178059,
  "coef": {
    "action": 0.9345191972575971,
    "right": 0.3663322006238661,
    "grew": -0.0,
    "support": 0.0,
    "nation": 0.6636295905693379,
    "movement": 0.424745916689547,
    "concern": 0.23173411613709222,
    "del": 0.01881894561288646,
    "respons": 0.029280410258983047,
    "hold": 0.0,
    "de": 0.3090834575313512,
    "ag": 0.4129935588019797,
    "formal": 0.45963599772030395,
    "work": 0.5334191180061508,
    "youth": 0.0,
    "chang": 0.611454799397667,
    "young": 0.0,
    "milit": 0.0,
    "argentina": 0.6698799855675812,
    "issu": 0.0,
    "group": 0.0,
    "commun": 0.0,
    "act": 0.15795261763966906,
    "life": -0.0,
    "network": 0.0,
    "franc": 0.0,
    "children": 0.0524279604098809,
    "collect": 0.0,
    "particip": 0.0,
    "known": 0.0,
    "histor": 0.0,
    "child": 0.0,
    "accord": 0.0,
    "futur": -0.0,
    "first": 0.0,
    "activ": 0.5712899270151157,
    "part": 0.0,
    "unit": 0.0,
    "promot": 0.0,
    "studi": 0.0,
    "committe": 0.0,
    "person": 0.0,
    "give": 0.0,
    "global": 0.0,
    "activist": 0.8537784384574372,
    "back": 0.0,
    "petit": 0.0028943702113115293,
    "initi": 0.0,
    "interview": 0.36050722816072095,
    "environ": 0.4595301986709569,
    "food": 0.35147661884313697,
    "face": 0.5882330785198661,
    "ask": 0.0,
    "air": 0.4774326615866529,
    "rais": 0.0,
    "eat": 0.4609672666217794,
    "18": -0.0,
    "16": 0.0,
    "speech": 0.0,
    "famili": 0.020677136924776157,
    "grow": 0.0,
    "terra": 0.0,
    "climat": 0.0,
    "temperatur": 0.0,
    "clean": 0.0,
    "inact": 0.0,
    "protect": 0.027249521700808462,
    "convent": 0.0,
    "file": 0.0,
    "2002": 0.0,
    "la": 0.0,
    "biodivers": 0.3698533070167514,
    "brazil": 0.0,
    "slow": -0.0,
    "born": 0.0,
    "urg": 0.0,
    "highlight": 0.5980855710102215,
    "sovereignti": 0.0,
    "crisi": 0.5711500398795725,
    "germani": 0.0,
    "complaint": 0.0,
    "fair": 0.0,
    "intergener": 0.0,
    "revolv": 0.0,
    "healthi": 0.0,
    "el": 0.026491199981567445,
    "turkei": 0.0,
    "sudden": 0.0,
    "bueno": 0.32987391026307294,
    "equiti": 0.0,
    "homeland": 0.0,
    "slogan": 0.3021622170254748,
    "terrifi": 0.052197666325307056,
    "greta": 0.7624405234145242,
    "argentinian": -0.0,
    "outspoken": 0.374809955029716,
    "salon": 0.11212270009426505,
    "ardent": 0.0,
    "sacchi": 0.7032733236444034,
    "palomar": 0.5057337075975535,
    "thunberg": 0.0,
    "paz": 0.0,
    "madr": 0.0,
    "gallo": 0.0,
    "haedo": 0.0,
    "comunidad": 0.0,
    "elmina": 0.0,
    "chiara": 0.0,
    "gusto": 0.0,
    "cocina": 0.0,
    "soberana": 0.0
  }
}