{
  "qid": "121",
  "query": "Racquet Sports",
  "rank": 2,
  "docid": 468141,
  "coef": {
    "state": 0.0,
    "north": 0.0,
    "bodi": 2.5449665331722326,
    "american": 0.0,
    "govern": 0.14682134121083065,
    "citi": 0.0,
    "new": 0.0,
    "extern": 0.0,
    "unit": 1.069644948373119,
    "member": -0.0,
    "canada": -0.0,
    "associ": 1.4765192936264715,
    "link": 2.138194202011659,
    "chicago": 0.0,
    "sport": 0.0,
    "philadelphia": -0.3117623196369814,
    "york": 1.4338406087835491,
    "tenni": 2.1988692503318745,
    "boston": 0.0,
    "club": -0.0,
    "detroit": 0.0,
    "racket": -0.027208284751465805,
    "racquet": 2.2191813490400896,
    "montreal": 0.0,
    "tuxedo": 0.0
  }
}