{
  "qid": "144",
  "query": "Child Development",
  "rank": 6,
  "docid": 5506790,
  "coef": {
    "list": -0.0,
    "head": 0.0,
    "establish": 0.03181759625858452,
    "youth": 0.0,
    "develop": 0.03674743373098962,
    "commun": -0.0,
    "child": 1.0387626347684547,
    "gender": 0.8736645448747452,
    "combin": 0.0,
    "mother": -0.0,
    "health": 0.0,
    "2016": 0.2400815671413849,
    "2012": 1.0272467715327027,
    "sport": 0.0,
    "divis": -0.0,
    "cabinet": 1.181177755002381,
    "offic": 1.07402636592775e-15,
    "depart": 0.0,
    "renam": -0.0,
    "transfer": 0.2151092116614021,
    "ministri": 0.9380586944800696,
    "minist": 0.23534806364018293,
    "zambia": 0.0,
    "deputi": -0.0
  }
}