{
  "qid": "103",
  "query": "European Novelists",
  "rank": 5,
  "docid": 3739480,
  "coef": {
    "french": 0.0,
    "octob": 1.12073340644484,
    "publish": 2.2571101277112953,
    "struggl": 1.9559009708312738,
    "novelist": 0.0,
    "extern": 0.0,
    "link": 0.0,
    "jean": 2.5154825734291757,
    "1": 1.1464927965333596,
    "european": 8.087562440694985e-15,
    "angel": 2.6943337943844146,
    "combat": 0.6778438886685795,
    "1934": 0.0,
    "novel": 0.0,
    "playwright": 0.0,
    "dition": 0.0,
    "ang": 0.16322942645623084,
    "avec": 1.734056538812536e-16,
    "grasset": 0.0,
    "giraudoux": 0.0,
    "pubn": 0.0
  }
}