{
  "qid": "139",
  "query": "European Union Governance",
  "rank": 0,
  "docid": 4301271,
  "coef": {
    "aspect": 0.0,
    "union": 0.09778403121260781,
    "assist": 0.06185968814024932,
    "adopt": 0.14923640016935924,
    "econom": 0.0,
    "public": 0.2780183323827684,
    "formul": 0.0,
    "educ": 0.0005535638016332583,
    "legal": 0.3180700739044985,
    "form": 0.0,
    "civil": 0.0,
    "bodi": 0.0,
    "establish": 0.0,
    "implement": 0.0,
    "charg": 0.0,
    "develop": 0.0076541987294298135,
    "well": 0.17514897724422374,
    "govern": 0.0,
    "prioriti": -0.0,
    "act": 0.054423190610540975,
    "process": 0.21681752100637577,
    "regul": 0.24823659655399366,
    "plan": 0.0,
    "organ": 0.31166424209144505,
    "institut": 0.15285745730594918,
    "relat": 0.0,
    "english": 0.0016222896051891434,
    "particip": 0.0,
    "constitut": 0.0,
    "conclus": 0.0,
    "cooper": 0.054497883747258745,
    "direct": 0.10414925631897531,
    "intern": 0.15764983294312443,
    "accord": 0.0,
    "activ": 0.5778199154253051,
    "oblig": 0.0,
    "promot": 0.0,
    "associ": 0.17735755585801274,
    "strategi": 0.27749192456399585,
    "screen": 0.0,
    "year": 0.0,
    "translat": 0.0,
    "supervis": 0.005957471419582303,
    "program": 0.0,
    "stimul": 0.0,
    "coordin": 0.5395089528332653,
    "14": 0.0,
    "special": 0.3390461836993565,
    "integr": 0.0,
    "analysi": 0.0,
    "design": 0.0,
    "languag": 0.002996270331064423,
    "standard": 0.0,
    "fund": 0.0,
    "requir": 0.09398659549854564,
    "capac": 0.0,
    "2004": 0.011916278164905552,
    "foreign": 4.443577101156042e-07,
    "european": 0.4761352117075471,
    "jurisdict": 0.44432578741665335,
    "29": 0.0,
    "republ": 0.0,
    "donat": 0.0,
    "prepar": 0.0,
    "2017": 0.11679103133274868,
    "legisl": 0.4152859221568177,
    "offic": 0.18508974058271588,
    "deleg": 0.0,
    "june": 0.0,
    "domest": 0.0,
    "access": 0.15255630459383848,
    "march": 0.0,
    "appoint": 0.0,
    "monitor": 0.13430220836723955,
    "servant": 0.0,
    "realiz": 0.0,
    "dissolv": 0.09975311302730823,
    "negoti": 0.0,
    "technic": 0.0,
    "director": 0.0,
    "agreement": 0.0,
    "harmon": 0.0,
    "stabilis": 0.0,
    "ministri": 0.03230693522235935,
    "eu": 0.0,
    "mandat": 0.0,
    "partak": 0.0,
    "serbia": 0.4184438129567355,
    "statut": 0.0,
    "serbian": 0.0,
    "harmonis": 0.1199808477530499,
    "seio": 0.35809841183878355
  }
}