{
  "qid": "104",
  "query": "Business Leaders",
  "rank": 6,
  "docid": 4057596,
  "coef": {
    "list": 0.0,
    "opposit": 0.0,
    "debat": 0.0,
    "order": 0.2874807186345983,
    "respons": 0.8731763067953454,
    "includ": 3.696827072272011e-16,
    "manag": 0.6285711861066494,
    "involv": 0.6563629088257661,
    "govern": 0.484812870697697,
    "time": 0.7169023275870071,
    "see": 0.0,
    "leader": 0.4090052205695316,
    "posit": 0.4068204759472205,
    "member": -0.0,
    "distinct": 0.0,
    "hous": 0.46146970827682277,
    "parti": 0.0,
    "item": 0.0,
    "busi": 0.25076966594751715,
    "bill": 0.3247726110751401,
    "senat": 0.7329401989734666,
    "negoti": 0.12555300521979976,
    "proceed": 0.0,
    "australia": 0.2575578355829201,
    "australian": 0.0,
    "parliament": 0.5339031554745035,
    "minist": 0.09248669213200826,
    "allot": 0.0,
    "whip": 0.0,
    "deputi": 0.0
  }
}