{
  "qid": "111",
  "query": "Inequality",
  "rank": 2,
  "docid": 1132291,
  "coef": {
    "be": 0.0,
    "major": 0.00011468813257036237,
    "list": 0.0,
    "inequ": 0.4879354367608698,
    "peopl": 0.07886702777489298,
    "societi": 0.0,
    "mai": -0.0,
    "countri": 0.09781832132588524,
    "econom": -0.0,
    "differ": 0.37397070464009385,
    "attent": -0.0,
    "educ": 0.0,
    "hierarch": -0.0,
    "exclud": -0.0,
    "due": 0.4638156817701511,
    "percept": 2.0862572191210332e-15,
    "well": -0.0,
    "issu": 0.18874340716829868,
    "group": 0.37270864469910636,
    "commun": -0.0,
    "academ": 0.0,
    "relat": 0.0,
    "small": 0.5383811048450468,
    "see": 0.06301935938454042,
    "particip": 0.3424814520667967,
    "equal": 0.0,
    "contribut": 0.5345684968614147,
    "intern": 0.0,
    "posit": 0.0,
    "user": 0.0,
    "distribut": 0.7886525143456395,
    "gender": 0.0,
    "social": 0.39947055334674086,
    "individu": 0.009489989309604924,
    "studi": 0.0,
    "distinct": 0.47590983615347227,
    "scienc": 0.0,
    "refer": -0.0,
    "book": 0.11621683205517555,
    "valu": 0.5699914084687309,
    "across": 0.0,
    "ethnic": 0.007994745113733688,
    "total": -0.0,
    "popul": 0.0,
    "health": 0.3315192177323997,
    "outcom": -0.0,
    "percentag": 0.04036966053911963,
    "resourc": 0.0,
    "categori": 0.0,
    "treatment": 0.0,
    "opportun": 0.0,
    "measur": 0.45757574317788186,
    "qualiti": 0.2908255008271098,
    "mathemat": 0.07922891128626372,
    "incom": 0.0151184847735149,
    "racial": 0.130327572177829,
    "wealth": 0.0,
    "economi": 0.0,
    "healthcar": 0.0,
    "unequ": 0.0,
    "reward": 0.0,
    "1934": 0.0,
    "phenomenon": 0.0,
    "disambigu": 0.023008084023571296,
    "equiti": 0.0,
    "metric": 0.0,
    "hardi": 0.36995719035373925,
    "littlewood": 0.0,
    "status": 0.004709845147813627,
    "lya": 0.0
  }
}