{
  "qid": "121",
  "query": "Racquet Sports",
  "rank": 5,
  "docid": 3458480,
  "coef": {
    "origin": -0.0,
    "highli": 0.2317612528962901,
    "stabil": 0.0,
    "extrem": 0.0,
    "creat": 0.028259449199700203,
    "section": 0.0,
    "gener": 0.14284449759263784,
    "strong": -0.0,
    "best": 0.0,
    "still": 0.0,
    "previou": 0.7316042116979307,
    "control": 0.12722520327085832,
    "popular": 0.927744564718221,
    "well": 0.8899688878933739,
    "feder": 0.0,
    "time": 0.0,
    "rank": 0.0,
    "wing": 0.09136447819300408,
    "enhanc": 0.0038068718242295933,
    "good": 0.0,
    "line": -0.0,
    "handl": 0.0,
    "first": 0.0,
    "make": 0.0,
    "shape": 0.0,
    "refer": 0.5663087294905075,
    "compon": 0.0,
    "larger": 0.0,
    "combin": 0.0,
    "technolog": 0.10994166363579048,
    "black": 0.0,
    "endors": 0.0,
    "increas": 0.0,
    "side": 0.0,
    "incorpor": 0.027724350605587714,
    "quickli": 0.0,
    "improv": 0.0,
    "factor": 0.5359151897544878,
    "design": 0.0,
    "2010": 0.0,
    "2007": 0.0,
    "reveal": 0.0,
    "carbon": 0.6703708427965336,
    "cross": 0.0,
    "shorter": 0.0,
    "sport": 0.0,
    "uniqu": 0.0,
    "roger": 0.0,
    "center": 0.0,
    "hit": 0.0,
    "boast": 0.0,
    "short": 0.0,
    "tenni": 0.0,
    "wilson": 0.48284367297518227,
    "strength": 0.0,
    "spot": 0.0,
    "frame": 0.30623742245576496,
    "ball": 0.0,
    "mold": 0.48721050032310476,
    "comfort": 0.6630823391720064,
    "player": 0.6185645887964876,
    "dens": -0.0,
    "dwell": 0.6279876558024384,
    "seller": -0.0,
    "graphit": 0.7502395308024425,
    "racquet": 1.283140828404893,
    "sweet": 0.0,
    "sio": 0.3661070943059309,
    "matrix": -0.0,
    "stiff": 0.8369058520694855,
    "maneuver": 0.5406882627357381,
    "yoke": 0.2819451954526755,
    "ncode": -0.0,
    "ontour": 0.0,
    "arophit": 0.8308000347638169,
    "ompact": -0.0,
    "onnector": 0.0
  }
}