{
  "qid": "120",
  "query": "Baking",
  "rank": 5,
  "docid": 845097,
  "coef": {
    "be": 0.0,
    "type": 0.15217024435980162,
    "higher": 0.0,
    "mai": 0.18640118834872674,
    "bitter": 0.0,
    "product": 0.0,
    "includ": -0.0,
    "form": 0.0,
    "ad": 0.0,
    "denot": 0.02452460884008219,
    "see": 0.0,
    "signific": 0.0,
    "handl": 0.017124343011463164,
    "amount": 0.17748981152089247,
    "part": 0.0,
    "refer": 0.15344079854548565,
    "replac": 0.0,
    "easier": 0.025233811939521365,
    "varieti": 0.37626016810577295,
    "modern": 0.0,
    "remain": -0.0,
    "contain": 0.0,
    "depend": 0.0,
    "tabl": 0.20692120094948913,
    "lower": 0.004418231900805126,
    "primari": 0.0,
    "typic": 0.05979295821098909,
    "50": 0.0,
    "40": -0.0,
    "15": 0.0,
    "minimum": 0.0,
    "qualiti": 0.0,
    "compar": 0.3786229960126585,
    "requir": 0.06681264469551583,
    "35": 0.11128218624229975,
    "temper": 0.0,
    "semi": -0.0,
    "content": 0.013214720377662682,
    "dark": 0.15942311910369258,
    "least": 0.0,
    "bar": 0.23293095098364694,
    "baker": -0.0,
    "prepar": 0.010968275407096247,
    "percent": 0.0,
    "manufactur": -0.030618965048951948,
    "compani": 0.14061744960368874,
    "fat": 0.03109209604204516,
    "cook": 0.0,
    "sugar": 0.1551490372691343,
    "recip": 0.0,
    "ingredi": 0.0,
    "liquor": 0.0,
    "chocol": 0.3678130716382676,
    "sweet": 0.0,
    "cocoa": 0.3686375536341725,
    "chip": -0.0,
    "bake": 0.018611902754768553,
    "flavor": -0.0,
    "butter": 0.0,
    "adj": 0.0,
    "lindt": 0.0044262054402768,
    "hershei": 4.0280779917237924e-16,
    "guittard": 2.8771985655169945e-17,
    "menier": 0.0,
    "mouthfeel": -0.0,
    "bittersweet": 0.0,
    "unsweeten": 0.23219152825033093,
    "ghirardelli": 0.0,
    "semisweet": 0.21183180515274025,
    "callebaut": -0.0,
    "valrhona": 0.0
  }
}