{
  "qid": "140",
  "query": "Artificial Intelligence and Machine Learning",
  "rank": 3,
  "docid": 2057591,
  "coef": {
    "be": 1.093165372427449,
    "action": -0.0,
    "market": 0.5708951265990025,
    "attempt": 0.7798344418748557,
    "can": 0.47722939475195963,
    "platform": 0.0,
    "help": 0.0,
    "section": 0.33495060810776023,
    "segment": 0.0,
    "us": -0.0,
    "concept": 0.0,
    "taken": -0.0,
    "differ": 0.0,
    "tool": 0.0,
    "target": -0.0,
    "prevent": 0.7749628934562757,
    "facilit": -0.0,
    "take": 0.0,
    "call": 0.0,
    "form": 0.28545995975232574,
    "perform": 0.4528113329344463,
    "principl": -0.0,
    "messag": 0.06631660608287164,
    "term": 0.0,
    "kei": 0.0,
    "enabl": 0.0,
    "digit": 0.0012619510677117055,
    "percept": -0.0,
    "well": 1.0015345500751711,
    "learn": 0.5291317364228662,
    "affili": 0.0,
    "aim": 0.0,
    "commun": -0.0,
    "act": -0.0,
    "role": 0.6270379912338361,
    "plai": 0.0,
    "influenc": 0.0,
    "find": 0.23479051213524896,
    "network": 0.0,
    "relat": 0.0,
    "set": -0.14222131943237035,
    "see": -0.0,
    "collect": 0.9726602543181817,
    "understand": 0.0,
    "mobil": 0.0,
    "space": 0.13559765778221386,
    "goal": 0.0,
    "media": 0.0,
    "web": 0.0,
    "shown": 0.0,
    "activ": 0.0,
    "part": 0.3812947543276527,
    "social": 0.0,
    "decis": 0.5936198954111905,
    "reason": 0.2616608249212444,
    "base": -0.0,
    "scienc": 0.0,
    "refer": -0.0,
    "achiev": 0.0,
    "suggest": 0.0,
    "statist": 0.0,
    "technolog": 0.6284460996737196,
    "human": 0.0,
    "ultim": 0.0,
    "onlin": -0.0,
    "techniqu": 0.27670501733110214,
    "scale": 0.0,
    "stage": -0.0,
    "context": 0.0,
    "adapt": 0.0,
    "appli": 0.0,
    "cognit": 0.37711274595603383,
    "model": 1.1003636835643478,
    "prospect": 0.2628586380832208,
    "advanc": 0.7929076050982267,
    "data": 0.9443708951978174,
    "behavior": 0.7458869938692221,
    "improv": 0.0,
    "step": 0.0,
    "intellig": 0.33019695808868205,
    "reach": 0.0,
    "bia": 0.0,
    "trigger": 0.0,
    "receiv": 0.099021652271991,
    "artifici": 0.19135223357264977,
    "eventu": 0.0,
    "content": 0.3003623039740476,
    "comput": 0.6378503287343683,
    "custom": 0.39491538606429777,
    "gather": -0.0,
    "resid": 0.0,
    "captur": -0.0,
    "purchas": -0.0,
    "advertis": 0.0,
    "cycl": 0.5269775958046319,
    "transform": 0.0,
    "driven": 0.09777116139687149,
    "machin": 0.0,
    "analyt": 0.41893510515804216,
    "sort": -0.0,
    "effici": 0.0,
    "explicit": 0.13379312740535607,
    "incent": 0.0,
    "databas": 0.0,
    "implicit": 0.0,
    "insight": 0.0,
    "algorithm": 0.0,
    "leverag": -0.0,
    "bayesian": 0.0,
    "email": 0.0,
    "unsupervis": 0.0,
    "offlin": 0.0
  }
}