{
  "qid": "141",
  "query": "Human Exploration",
  "rank": 1,
  "docid": 5885476,
  "coef": {
    "major": 0.0,
    "list": 0.0,
    "earli": 0.0,
    "europ": 0.0,
    "spanish": 0.0,
    "chronolog": -0.0,
    "includ": 0.651917652353785,
    "histori": -0.0,
    "event": 0.0,
    "ag": 0.0,
    "america": -0.0,
    "land": -0.0,
    "road": 0.0,
    "see": 0.0,
    "signific": 0.0,
    "china": 2.2706956340583404e-05,
    "prehistori": 0.0,
    "slaveri": 0.0,
    "ancient": 0.0,
    "human": 0.671589734932339,
    "across": -0.0,
    "initi": 0.2976085832573526,
    "sea": 0.5075468445747625,
    "great": 0.008848346965575488,
    "european": -0.0,
    "britain": 0.0,
    "treati": 0.0,
    "treasur": 0.0,
    "colon": 0.005144223054897289,
    "explor": 0.606156521130888,
    "indian": 0.0,
    "migrat": 0.12198752583807508,
    "columbu": 0.0,
    "settlement": 0.0,
    "voyag": 0.36655790924955023,
    "navig": 0.03125441067830836,
    "naval": 0.0,
    "exchang": -0.0,
    "subsequ": 0.7127537863162524,
    "asia": 0.0,
    "chines": -0.0,
    "christoph": 0.0,
    "discoveri": 0.3025152803885898,
    "africa": 0.0,
    "ireland": 0.3959157524793893,
    "incomplet": 0.467762296789674,
    "silk": 0.0,
    "timelin": 0.5569163918259337,
    "portugues": 0.3461309589782468,
    "submerg": 0.18491265781998062,
    "maritim": 0.5946390986474732,
    "columbian": 0.0,
    "ming": 0.0,
    "polynesian": 0.0,
    "tordesilla": 0.0
  }
}