{
  "qid": "119",
  "query": "Classical Dance",
  "rank": 2,
  "docid": 1112041,
  "coef": {
    "cultur": 0.960491030935981,
    "mai": 0.0,
    "classic": 0.3254725764329901,
    "form": 0.0,
    "see": -0.0,
    "japanes": 0.07145052175541362,
    "tradit": 1.3964186107267407,
    "refer": 1.2106133150287133,
    "indian": 0.0,
    "danc": 2.022238684915441,
    "ballroom": -0.0,
    "ballet": 0.0,
    "chines": 0.0
  }
}