{
  "qid": "111",
  "query": "Inequality",
  "rank": 1,
  "docid": 4054998,
  "coef": {
    "state": 0.25728306058688216,
    "inequ": 0.08632632736636753,
    "support": 0.0,
    "element": 0.0,
    "differ": 0.0,
    "form": 0.18203790618427745,
    "number": 0.0,
    "formal": 0.0,
    "follow": 0.1392438653993372,
    "young": 0.22122247356955121,
    "singl": 0.0,
    "treat": 0.16740722252204443,
    "exampl": 0.06903515218034617,
    "field": 0.13602268015569505,
    "constant": 0.0,
    "function": 0.3229490056279432,
    "deriv": 0.32016404807819776,
    "non": 0.0,
    "consid": 0.0,
    "impli": 0.0,
    "friedrich": 0.0,
    "onli": 0.11974095412268082,
    "structur": 0.0,
    "space": 0.18491027945005645,
    "notion": -0.0,
    "theori": 0.0,
    "distinct": -0.0,
    "independ": 0.2634651719719795,
    "power": 0.439681623912668,
    "norm": 0.44002380148329057,
    "landau": 0.0,
    "simpl": -0.0,
    "subset": 0.3290981052468941,
    "real": 0.0,
    "valid": 0.0,
    "integr": 0.0,
    "analysi": 0.0,
    "nbsp": 0.11558177203010386,
    "1": 0.0,
    "sub": 0.0,
    "applic": 0.0,
    "mathemat": 0.010175678440841694,
    "alpha": 0.23638007486578436,
    "squar": 0.15164821300060727,
    "fourth": 0.0,
    "equival": 0.2524555069794802,
    "integ": 0.09679651697683968,
    "ge": 0.0,
    "lie": 0.0,
    "equip": 0.0,
    "abstract": 0.0,
    "interpol": 0.3350241765593228,
    "vector": 0.15844299118075045,
    "theorem": 0.0,
    "compactli": 0.11063744166315011,
    "gradient": 0.0,
    "convolut": 0.5119120546685592,
    "expon": 0.0,
    "nash": 0.0,
    "kolmogorov": 0.0,
    "nirenberg": -0.07517398300644071,
    "riesz": 0.0,
    "rarr": -0.0,
    "nabla": 0.18562389508573168,
    "middot": 0.0,
    "marcinkiewicz": 0.0,
    "thorin": 0.0,
    "sobolev": 0.10184352315820036,
    "ladyzhenskaya": 0.08746742681175862,
    "agmon": -0.0,
    "gagliardo": -0.0
  }
}