{
  "qid": "114",
  "query": "Songwriting",
  "rank": 9,
  "docid": 2131192,
  "coef": {
    "third": 0.0,
    "discuss": 0.0,
    "origin": 0.2561777642026029,
    "benefit": 0.0,
    "exist": 0.10950222178041948,
    "inspir": 0.0,
    "can": 0.22682802257283055,
    "creat": 0.0,
    "countri": 0.0,
    "music": 0.24506673303410004,
    "websit": 0.0,
    "conduct": 0.0,
    "write": 0.021475396459083588,
    "differ": 0.0,
    "gener": 0.0,
    "includ": 0.1366081440133351,
    "big": 0.0,
    "later": 0.0,
    "call": 0.0,
    "event": 0.0,
    "polit": 0.0,
    "number": 0.39872273486091625,
    "import": 0.0,
    "found": 0.03604539618448012,
    "world": 0.0,
    "perform": 0.0,
    "american": 0.2690701961123461,
    "chang": 0.0,
    "long": 0.0,
    "career": 0.0,
    "well": 0.0,
    "issu": 0.0,
    "william": 0.1573842159984754,
    "exampl": 0.0041393935140085275,
    "contract": -0.0,
    "artist": 0.0,
    "wing": 0.0,
    "internet": 0.0,
    "find": 0.0,
    "particip": 0.13143537880298573,
    "todai": 0.0,
    "20": 0.0,
    "known": 0.0,
    "new": 0.0,
    "intern": 0.0,
    "win": 0.08472414323229167,
    "john": 0.00017396899171593944,
    "who": 0.0,
    "read": 0.0,
    "first": 0.0,
    "wai": 0.0,
    "social": 0.12577922701829397,
    "base": 0.0,
    "forum": 0.25729185398796256,
    "parti": 0.0,
    "onlin": 0.0,
    "stori": 0.0991206246520038,
    "initi": 0.0,
    "2015": 0.0,
    "year": 0.0,
    "rare": 0.0,
    "previous": 0.0,
    "ask": 0.0,
    "variat": 0.11617372863995991,
    "old": 0.0,
    "rais": 0.0,
    "exposur": 0.0002752902024156295,
    "opportun": 0.0,
    "theme": -0.0,
    "awar": 0.0,
    "3": 0.0,
    "requir": 0.0,
    "receiv": 0.0,
    "annual": 0.0,
    "advent": 0.0,
    "hook": 0.0,
    "cross": 0.0,
    "submit": 0.0,
    "record": 0.11595982370847117,
    "richard": 0.0,
    "competit": 0.09967263343342125,
    "magazin": 0.0,
    "hit": 0.02856153494090519,
    "york": -0.0,
    "ono": 0.0,
    "june": 0.0,
    "short": 0.0,
    "subsidiari": -0.0,
    "monei": 0.0,
    "announc": 0.0,
    "angel": 0.0,
    "lo": 0.0,
    "piec": 0.0,
    "inaugur": 0.0,
    "harri": 0.0,
    "sing": 0.0,
    "launch": -0.0,
    "sponsor": 0.0,
    "1997": 0.0,
    "contest": 0.1523357668391346,
    "pop": 0.0,
    "winner": 0.0,
    "song": 0.25667461271596675,
    "bottl": 0.0,
    "prize": 0.0,
    "maker": -0.0,
    "musician": 0.009622399069462311,
    "wind": 0.0,
    "durango": 0.0,
    "jeff": 0.0,
    "chart": 0.0,
    "boost": 0.0,
    "wooden": 0.0,
    "kim": 0.0,
    "songwrit": 0.329575441990064,
    "expo": 0.0,
    "nashvil": 0.0,
    "idol": 0.0,
    "billboard": 0.0,
    "fide": 0.0,
    "lennon": 0.11933108911024036,
    "yoko": 0.008941517900890416,
    "airplai": 0.04182305392895075,
    "pam": 0.0,
    "bona": 0.0,
    "moreno": 0.0,
    "geni": 0.0,
    "spinoff": 0.2458522500408606,
    "alissa": 0.0,
    "offlin": -0.0,
    "fiverr": 0.0,
    "sheyn": 0.0,
    "silbar": 0.0,
    "unisong": -0.0,
    "compros": 0.0,
    "wwahm": 0.06285610322203637
  }
}