{
  "qid": "111",
  "query": "Inequality",
  "rank": 6,
  "docid": 42041,
  "coef": {
    "inequ": 1.2224059147610042,
    "synonym": 0.0,
    "can": 0.0,
    "form": 0.0,
    "hold": 0.0,
    "involv": -0.0,
    "term": -0.0,
    "denot": 0.0,
    "exampl": 0.0,
    "common": 0.0,
    "relat": 0.2735254113634091,
    "non": 0.0,
    "consid": 0.0,
    "express": 0.2091062578730169,
    "equal": 0.0,
    "specif": 0.0,
    "onli": 0.0,
    "question": 0.0,
    "valu": 0.6901022697286192,
    "sign": 0.493156531622484,
    "case": 0.00396052442774132,
    "pair": 0.4185115367855486,
    "mathemat": -0.0,
    "notat": 0.40603543424044897,
    "written": 0.5731917303146614,
    "reserv": 0.0,
    "statement": -0.0,
    "conjunct": -0.0,
    "chain": 1.0386693026559413,
    "shorthand": 0.07824212744754563
  }
}