{
  "qid": "136",
  "query": "Visual Journalism",
  "rank": 4,
  "docid": 5958607,
  "coef": {
    "emerg": 0.0,
    "journal": 1.836611189888208,
    "educ": 0.0,
    "area": 0.0,
    "establish": 0.0,
    "review": 0.0,
    "commun": 1.6420267206351509,
    "academ": 0.0,
    "publish": 1.4744410139970818,
    "lawrenc": 0.0,
    "mass": 0.0,
    "offici": 0.0,
    "associ": 0.0,
    "sourc": 0.0,
    "peer": 0.0,
    "cover": 0.0,
    "visual": 0.24218601956505575,
    "univers": 1.871069781432737,
    "index": 0.0,
    "chief": 0.7874530812307324,
    "divis": 0.0,
    "vega": 0.0,
    "la": 0.007168258571851587,
    "1994": 0.08490958967272862,
    "nevada": 0.0,
    "editor": 0.4283203645667963,
    "routledg": 2.2269019865083024e-15,
    "databas": 1.5497029609943687,
    "abstract": -0.0,
    "citat": 0.0,
    "quarterli": 0.0,
    "mullen": 0.0033831609563710766,
    "proquest": 0.0,
    "scopu": 0.0,
    "ebsco": 0.0
  }
}