{
  "qid": "111",
  "query": "Inequality",
  "rank": 9,
  "docid": 1549563,
  "coef": {
    "inequ": 0.28766424050212647,
    "can": 0.0,
    "connect": 0.0,
    "defin": 0.0,
    "take": 0.0,
    "due": 0.3595209687832117,
    "bodi": 0.33162415452606697,
    "just": 0.03839238826876521,
    "denot": 0.13008643209311657,
    "close": 0.0,
    "exampl": 0.30682914029314756,
    "equal": 0.6144977335631453,
    "impli": -0.0,
    "known": 0.0,
    "onli": 0.0,
    "space": -0.0,
    "class": 0.0,
    "first": -0.0,
    "result": 0.0,
    "unit": -0.0,
    "obtain": 0.0,
    "translat": 0.0,
    "german": 0.025755003163430264,
    "show": 0.0,
    "measur": 0.0,
    "nbsp": 0.0,
    "mix": 0.0,
    "1": 0.0,
    "mathemat": 0.0,
    "geometr": 0.0,
    "surfac": 0.0,
    "sum": 0.0,
    "quantiti": 0.4666679693992648,
    "minu": 0.0,
    "radiu": 0.1593880865547449,
    "let": 0.0,
    "remark": 0.0,
    "statement": 0.0,
    "volum": 0.0,
    "mathematician": 0.001450954650935425,
    "ball": 0.4418659723156287,
    "dilat": 0.0,
    "dimension": 0.5548199482125361,
    "hermann": 0.0,
    "convex": 0.2650469293652079,
    "euclidean": -0.0,
    "minkowski": 0.23670471124324458,
    "lebesgu": 0.0,
    "isoperimetr": 0.0,
    "homothet": 0.5719988466136378,
    "brunn": 0.0
  }
}