{
  "qid": "129",
  "query": "Folk Music",
  "rank": 3,
  "docid": 897339,
  "coef": {
    "state": 0.0,
    "blend": -0.0,
    "mai": 0.02766791037042492,
    "region": 0.5614994731918432,
    "europ": 0.07298854184265141,
    "music": 0.6916036326153909,
    "defin": 0.05291803979226649,
    "domin": 0.0,
    "includ": 0.0,
    "found": 0.0,
    "area": 0.0,
    "term": 0.0,
    "larg": 0.0,
    "england": 0.1017406558057547,
    "develop": 0.0,
    "popular": 0.0,
    "orient": 0.0,
    "influenc": 0.0,
    "1960": -0.0,
    "contemporari": 0.010235879160830418,
    "like": 0.0,
    "greec": 0.0,
    "john": 0.0,
    "part": 0.3012663338897466,
    "unit": 0.0,
    "tradit": 0.04524514839377082,
    "spread": 0.0,
    "base": 0.0,
    "style": -0.0,
    "modern": 0.0,
    "especi": 0.0,
    "2": 0.0,
    "ethnic": 0.0,
    "rock": 0.0,
    "arrang": 0.38679012734324436,
    "mix": 0.23470420814773155,
    "1": 0.47764535636915745,
    "counterpart": 0.0,
    "jim": 0.0,
    "record": 0.0,
    "southeastern": 0.0,
    "seal": 0.0,
    "simon": 0.0,
    "ford": 0.0,
    "sweep": 0.0,
    "danc": -0.2949388943060848,
    "don": 0.3829925059890207,
    "boom": 0.0,
    "rhythm": 0.5385551888760247,
    "arab": 0.0,
    "asia": 0.5216005568736571,
    "genr": 0.5479150348793675,
    "pop": 0.397891351288652,
    "song": 0.1251443101773993,
    "intim": 0.0,
    "israel": 0.5890694711819908,
    "manel": 0.4228037052057861,
    "folk": 0.08294028919450243,
    "dan": 0.2665864783460632,
    "romania": 0.0,
    "turkei": 0.0,
    "junction": 0.06916892088334471,
    "croft": 0.06409521443052611,
    "serbia": 2.3117156223825172e-05,
    "albania": 0.5481236283744273,
    "umbrella": 0.0,
    "acoust": 0.0,
    "bulgaria": -0.0,
    "balkan": 0.014724855671344234,
    "armenia": 0.0013445385170467678,
    "romani": 0.0,
    "mizrahi": 0.0,
    "croce": 0.0,
    "turbo": -0.0,
    "mclean": 0.014264031278030422,
    "colei": 0.0,
    "lobo": 0.0,
    "arabesqu": 0.0,
    "laika": 0.00016597791151791525,
    "garfunkel": 0.0,
    "chalga": -0.0,
    "tallava": 0.0,
    "rabiz": 0.0
  }
}