{
  "qid": "136",
  "query": "Visual Journalism",
  "rank": 9,
  "docid": 2832135,
  "coef": {
    "theoret": 0.0,
    "journal": 0.05821009818461559,
    "st": 0.0,
    "basic": 0.0,
    "review": -0.0,
    "place": 1.8847222751914512,
    "peter": 1.5409238233982143,
    "accord": 0.0,
    "extern": 0.5409812691640566,
    "60": 3.003953053913904e-15,
    "peer": -0.0,
    "cover": 1.2423636942830096,
    "research": 0.0,
    "visual": 0.0,
    "univers": 1.6124615652238934,
    "link": 1.4385683652714536,
    "report": 0.0,
    "factor": 0.7177151565622283,
    "scientif": 0.0,
    "3": 0.0,
    "impact": 3.1331703978525872e-15,
    "chief": 0.0,
    "13th": 0.0,
    "washington": 0.0,
    "2019": 0.907424505061708,
    "editor": 0.0,
    "experiment": 0.7773001868513455,
    "loui": 0.0,
    "citat": 0.0,
    "neurosci": 2.143861115960692,
    "139th": 0.09485677906365114,
    "271": 0.0,
    "ophthalmolog": 0.0007971357550417337,
    "lukasiewicz": 0.05870047309495051
  }
}