{
  "qid": "132",
  "query": "Literacy",
  "rank": 8,
  "docid": 2622958,
  "coef": {
    "state": -0.0,
    "societi": 0.0,
    "system": 0.0,
    "mai": 0.08804179397771095,
    "nation": 0.0,
    "creat": 0.13547282929151688,
    "econom": 0.0,
    "concept": 0.2072599567298176,
    "includ": 0.0,
    "histori": 0.0,
    "educ": 0.40942898327163463,
    "world": 0.0,
    "neo": 0.0,
    "formal": 0.04385518888785425,
    "larg": 0.0,
    "develop": 0.7622408503123488,
    "aim": 0.0,
    "commun": 0.0,
    "newli": -0.0,
    "recent": 0.0,
    "set": -0.0,
    "see": -0.0,
    "non": 0.0,
    "inform": -0.0,
    "intern": -0.0,
    "media": 0.5097792903264095,
    "post": -0.01760729131393517,
    "unit": 0.15093396501991768,
    "continu": 0.0,
    "member": -0.0,
    "dai": -0.0,
    "decad": 0.04414134863432853,
    "serv": 0.0,
    "increas": 0.0,
    "environ": 0.0,
    "materi": 0.0,
    "program": 0.0,
    "cover": 0.26861580741718577,
    "primari": -0.0,
    "resourc": 0.0,
    "relev": 0.0,
    "adult": 0.3013073110868298,
    "skill": 0.0,
    "written": 0.6095987173218305,
    "topic": 0.004956967168152731,
    "liter": 0.30235195062461445,
    "project": 0.0,
    "campaign": 0.09987629641916719,
    "vocat": 0.14155183696623894,
    "literaci": 0.3796701938619777,
    "access": 0.11765578848566732,
    "secondari": 0.037176788747569356,
    "radio": 0.19555809162748727,
    "prize": 0.0,
    "mission": 0.01434241662822917,
    "unesco": 3.4058612992846356e-17,
    "mali": 0.0,
    "india": 0.0,
    "leverag": 0.1114479909258392,
    "solidifi": 0.0,
    "learner": 0.0,
    "confuciu": 0.0032491084150246085,
    "nicaraguan": 0.0
  }
}