{
  "qid": "130",
  "query": "Basketball",
  "rank": 5,
  "docid": 3063496,
  "coef": {
    "third": 0.0,
    "list": 0.0,
    "europ": 0.0,
    "includ": 0.0,
    "began": 0.027458811229385975,
    "perform": 0.0,
    "second": 0.0,
    "see": 0.0,
    "wide": 0.0,
    "rise": 0.0,
    "individu": 0.0,
    "2008": 0.0,
    "level": 0.0,
    "year": 0.03889235189676256,
    "profession": 0.0,
    "week": 0.0,
    "given": 0.0,
    "09": 0.0,
    "continent": 0.0,
    "top": 0.0,
    "season": 0.23783459510619426,
    "final": 0.0,
    "champion": -0.0,
    "team": 0.0,
    "competit": 0.0,
    "2002": 0.0,
    "leagu": 0.0,
    "tier": 0.017355254194750758,
    "star": 0.0,
    "edit": 0.0,
    "award": 0.16915770259013893,
    "basketbal": 0.2733976326472771,
    "coach": 0.0,
    "club": 0.0,
    "03": 0.0,
    "euroleagu": -0.0,
    "scorer": 0.0,
    "mvp": 0.0,
    "eurocup": 0.15993552978173323
  }
}