{
  "qid": "134",
  "query": "Botany",
  "rank": 5,
  "docid": 4757514,
  "coef": {
    "mai": 0.0,
    "nation": 0.0,
    "england": 2.3486024385686814,
    "institut": 0.7211428131926058,
    "see": 1.185166649239954,
    "china": -0.0,
    "scienc": 0.0,
    "refer": 0.0,
    "adi": -0.0,
    "agricultur": 0.7015686797117089,
    "academi": 0.0,
    "botani": 2.414898035260036,
    "chines": 0.0,
    "aw": -0.0,
    "poland": 0.0,
    "kunm": -0.0,
    "jiangsu": 0.0,
    "szafer": -0.0
  }
}