{
  "qid": "114",
  "query": "Songwriting",
  "rank": 8,
  "docid": 3324560,
  "coef": {
    "societi": -0.0,
    "mai": 0.0,
    "music": 0.0,
    "write": 0.2059481990360815,
    "direct": 0.9722327833800449,
    "who": 0.0,
    "individu": 0.002388984051884258,
    "refer": 0.0,
    "2018": 0.0,
    "film": 0.16751479199317418,
    "bill": -0.0,
    "1984": 0.0,
    "anderson": -0.0,
    "lyric": 0.7490263803757561,
    "album": -0.2445808335799497,
    "documentari": 0.0,
    "song": 0.03255844634649211,
    "alan": 0.0,
    "ed": 0.01694561481366213,
    "murrai": 0.0,
    "rudolph": 0.0,
    "hayward": -0.0,
    "songwrit": 1.1408737202866852,
    "hike": 0.0,
    "cum": 0.9246577592667301,
    "justin": -0.0,
    "sheeran": 0.0,
    "apo": -0.0
  }
}