{
  "qid": "136",
  "query": "Visual Journalism",
  "rank": 8,
  "docid": 3400636,
  "coef": {
    "state": 2.007567590574136,
    "peopl": 0.0,
    "journal": 1.2681569568024473,
    "mai": -0.0,
    "histori": 0.0,
    "american": 1.334326078475972,
    "art": 1.2767169940161378,
    "america": 0.0,
    "review": 0.0,
    "academ": 0.0,
    "unit": 0.01972221087279438,
    "refer": -0.0,
    "peer": 0.0,
    "visual": 0.8170784752525281,
    "rock": 1.126820047692463,
    "2007": 5.7852698675124804e-15,
    "indigen": 0.0,
    "paint": 0.2215110152020493,
    "album": 0.4839864881722923,
    "indi": 8.712755824566989e-16
  }
}