{
  "qid": "145",
  "query": "Finance",
  "rank": 7,
  "docid": 5140628,
  "coef": {
    "mai": 0.0,
    "trade": 0.0,
    "build": 0.0,
    "follow": 0.0,
    "rose": 0.0,
    "see": 0.0,
    "intern": 0.21484952633356688,
    "refer": 0.0,
    "bank": 0.0,
    "rock": 0.0,
    "centr": 0.31023409255491974,
    "center": 0.0,
    "financi": 0.0,
    "station": 0.0,
    "financ": 0.5026319883249127,
    "commerc": 0.8084839718255772,
    "kong": 0.0,
    "hong": 0.0,
    "hub": 0.0,
    "shanghai": 0.0,
    "busan": 0.0,
    "seoul": 0.0,
    "offshor": 0.0,
    "ifc": 0.5021869786725607,
    "ping": 0.0,
    "shenyang": 0.0,
    "guangzhou": 0.0,
    "marriott": -0.0,
    "suzhou": 0.0,
    "chongq": 0.0,
    "jw": -0.0
  }
}