{
  "qid": "107",
  "query": "Seafood",
  "rank": 2,
  "docid": 4361800,
  "coef": {
    "state": 0.0,
    "list": 0.09831559713858733,
    "union": 0.0,
    "right": 0.27991027999253587,
    "market": 0.0,
    "type": 0.0,
    "product": 0.037891250132677544,
    "anchor": 0.0,
    "servic": 0.0,
    "includ": 0.0,
    "cold": 0.0,
    "form": 0.3799800288465608,
    "involv": 0.0,
    "trade": 0.0,
    "american": 0.12067980228577618,
    "choic": -0.0,
    "young": 0.0,
    "group": 0.34417029019503603,
    "life": 0.0,
    "process": 0.0,
    "organ": -0.0,
    "left": 0.0,
    "see": -0.0,
    "live": 0.0,
    "produc": 0.0,
    "john": 0.0,
    "distribut": 0.03806249687799006,
    "unit": 0.0,
    "promin": 0.0,
    "human": 0.0,
    "boi": 0.0,
    "nutrit": 0.0,
    "food": 0.06512717899450095,
    "typic": 0.0,
    "wild": -0.0,
    "regard": 0.0893506543557935,
    "commerci": -0.0,
    "aqua": 0.0,
    "sea": 1.046707630004303e-15,
    "farm": 0.0,
    "plant": 0.0,
    "restaur": 0.0,
    "west": 0.16029388258042804,
    "vietnam": -0.0,
    "washington": 0.0,
    "fish": 0.31587712950437913,
    "coast": 0.1261345151396622,
    "pacif": 0.0,
    "compani": 0.0,
    "factori": -0.0,
    "salmon": 0.0,
    "royal": 0.0,
    "kingdom": 0.0,
    "anna": 0.0,
    "vital": -0.0,
    "nielsen": 0.0,
    "maria": 0.0,
    "norwai": 0.6002873710400489,
    "triumph": 0.0,
    "norwegian": 0.0,
    "vessel": 0.0,
    "dynasti": 0.11049693936322244,
    "mauritania": 0.0,
    "dish": 0.0,
    "harvest": 0.0,
    "storag": 0.0,
    "feed": 0.5592102588801656,
    "scotland": 0.0,
    "ross": 0.0,
    "kong": 0.0,
    "bee": 0.0,
    "hong": 0.0,
    "thai": 0.0,
    "thailand": 0.0,
    "carrier": 0.3825571427421833,
    "marin": 0.3637794035986117,
    "bellingham": 0.07024227045932864,
    "seafood": 0.6179969043959707,
    "dock": 0.42899622721103814,
    "greenland": 0.059692843216866825,
    "sweden": 0.0,
    "and": 0.0,
    "rd": 0.0,
    "phillip": 0.0,
    "offshor": 0.0,
    "denmark": -0.0,
    "pelag": 0.0,
    "shellfish": 0.0,
    "ltd": 0.0,
    "abba": 0.0,
    "sara": 0.0,
    "punta": 0.0,
    "volden": 0.0,
    "canneri": 0.2732967949983952,
    "trident": -0.0,
    "gc": 0.35254278952287,
    "whitbi": 0.0,
    "ler": 0.0,
    "trawler": 0.0,
    "aker": 0.0,
    "bumbl": 0.0,
    "hdm": -0.0,
    "rem": 0.0,
    "norg": 0.0,
    "rauma": 0.0,
    "gorda": 0.0,
    "grieg": 0.0,
    "sisimiut": 0.23587824686512357,
    "bluecrest": 0.0,
    "rieber": 0.0,
    "sarl": 0.0,
    "stolt": 0.0,
    "ewo": 0.0,
    "shippam": 0.0,
    "nerg": 0.0,
    "biomarin": 0.0,
    "salmar": 0.0,
    "pescanova": 0.0,
    "akamalik": -0.0,
    "domstein": 0.0,
    "havfisk": 0.0,
    "cuulong": -0.0,
    "sildesalgslag": 0.0
  }
}