{
  "qid": "130",
  "query": "Basketball",
  "rank": 8,
  "docid": 5209361,
  "coef": {
    "system": 0.3322807166403758,
    "men": -0.0,
    "spanish": 0.0,
    "italian": -0.0,
    "french": -0.0,
    "hierarch": 0.0,
    "follow": 0.23198852785180707,
    "american": 0.0,
    "women": 0.018871519324204434,
    "russian": 0.0,
    "see": 0.0,
    "greek": -0.0,
    "extern": 0.0,
    "promot": 0.2781653050807219,
    "interconnect": 0.0,
    "seri": 0.0,
    "level": 0.3187197904725009,
    "profession": 0.0,
    "german": 0.0,
    "link": 0.0,
    "season": 0.0,
    "european": 0.0,
    "format": 0.0,
    "releg": 0.33806902269807804,
    "competit": 0.22413830961555214,
    "leagu": 0.0,
    "south": 0.0,
    "21": 0.09785228220622784,
    "tier": 0.0,
    "2020": 4.1643767092488504e-15,
    "basketbal": 0.31798819786172083,
    "polish": 0.28881293606709507,
    "turkish": 0.0,
    "club": 0.06755387313121942,
    "hungarian": 0.0,
    "amateur": 0.0,
    "poland": 0.0,
    "serbian": 0.0,
    "pyramid": 0.0
  }
}