{
  "qid": "141",
  "query": "Human Exploration",
  "rank": 1,
  "docid": 5885476,
  "coef": {
    "major": 0.0,
    "list": 0.0,
    "earli": -0.0,
    "europ": 0.0,
    "spanish": 0.0,
    "chronolog": 0.0,
    "includ": 0.9093878476546351,
    "histori": 0.0,
    "event": 0.08241821537635263,
    "ag": 0.0,
    "america": -0.0,
    "land": 0.0,
    "road": 0.0,
    "see": 0.0,
    "signific": 3.64054637556231e-17,
    "china": 0.0,
    "prehistori": 0.0,
    "slaveri": 0.0,
    "ancient": 0.0,
    "human": 0.9302457283074761,
    "across": 0.0,
    "initi": 0.0,
    "sea": 0.5574444342658624,
    "great": 0.09600423875590305,
    "european": -0.0,
    "britain": 0.0,
    "treati": 0.0,
    "treasur": 0.0,
    "colon": 0.0,
    "explor": 0.47999211092048344,
    "indian": 0.0,
    "migrat": 0.0,
    "columbu": 0.0,
    "settlement": 0.0,
    "voyag": 0.5225040352470203,
    "navig": 0.3212843601913746,
    "naval": 0.0,
    "exchang": -0.0,
    "subsequ": 0.7282108791487689,
    "asia": -0.0,
    "chines": 0.0,
    "christoph": 0.0,
    "discoveri": 0.5107185870864465,
    "africa": 0.0,
    "ireland": 0.3126433282586158,
    "incomplet": 0.763842474740946,
    "silk": 0.0,
    "timelin": 0.25107737620110293,
    "portugues": 0.0,
    "submerg": 0.31513916674333686,
    "maritim": 0.4547122779845191,
    "columbian": -0.0,
    "ming": 0.0,
    "polynesian": 0.0,
    "tordesilla": 0.0
  }
}