{
  "qid": "127",
  "query": "Clergy",
  "rank": 2,
  "docid": 2172718,
  "coef": {
    "be": 0.0,
    "union": 0.0,
    "can": 0.0,
    "mai": 0.0,
    "region": -0.0,
    "europ": 0.15775514876132327,
    "order": 0.0,
    "propos": 0.0,
    "middl": 0.0,
    "gener": -0.0,
    "includ": 0.1748998204656472,
    "take": -0.0,
    "allow": 0.0,
    "forc": 0.0,
    "number": 0.0,
    "hold": 0.0,
    "area": 0.0,
    "limit": 0.0,
    "follow": 0.0,
    "work": 0.04559000629563194,
    "church": 0.3254083477479083,
    "england": 0.07491761808905957,
    "arm": 0.0,
    "women": 0.0693425628120562,
    "repres": 0.01865440657358364,
    "exampl": 0.0,
    "time": 0.0,
    "rank": 0.0,
    "ident": -0.0,
    "place": -0.0,
    "70": 0.0,
    "sex": 0.0,
    "onli": -0.0,
    "like": 0.0,
    "practic": 0.0,
    "first": 0.0,
    "oblig": 0.0,
    "individu": 0.0,
    "member": 0.26333501203094795,
    "decis": 0.0,
    "person": 0.0,
    "religi": 0.08124632335506951,
    "power": 0.0,
    "hous": 0.0361198714511866,
    "year": 0.0,
    "licens": 0.0,
    "1987": 0.0,
    "lower": 0.0,
    "univers": 0.10325255928000672,
    "select": -0.0,
    "report": 0.19718978470606088,
    "measur": 0.0,
    "aris": 0.1834871916616386,
    "consist": 0.44079099044126696,
    "reach": 0.0,
    "composit": 0.0,
    "ordin": 0.0,
    "provinc": -0.0,
    "veto": 0.00030625143499856197,
    "elect": 0.1833971480447723,
    "held": -0.0,
    "london": 0.0,
    "jointli": 0.11171333434405073,
    "legislatur": -0.0,
    "membership": 0.0,
    "senior": 0.0,
    "elig": 0.0,
    "plu": 0.0,
    "york": 0.0,
    "split": 0.0,
    "british": 0.0,
    "cathedr": 0.0,
    "compris": 0.08803145701569312,
    "man": 0.0,
    "appoint": 0.0,
    "jersei": 0.0,
    "fill": -0.0,
    "ordain": -0.0,
    "fellow": 0.0,
    "retir": 0.0,
    "prison": -0.0,
    "cambridg": 0.0,
    "oxford": 0.0,
    "homosexu": 0.0,
    "bishop": 0.0,
    "opt": 0.0,
    "dioces": 0.36330225656839915,
    "parish": 0.0,
    "anglican": 0.12476570532440753,
    "durham": 0.0,
    "newcastl": 0.08395438131476511,
    "dean": 0.33892643545832807,
    "clergyman": 0.0,
    "chaplain": 0.33199967341488196,
    "gibraltar": 0.1404893710923862,
    "clergi": 0.24943013884611023,
    "synod": 0.26529083875767245,
    "extraprovinci": 0.0,
    "convoc": 0.0,
    "diocesan": 0.0,
    "laiti": 0.01074161966714295,
    "canterburi": 0.283515664509001,
    "guernsei": 0.0,
    "deacon": 0.0,
    "deaneri": 0.0,
    "officio": 0.0,
    "vacanc": 0.016478573363686386,
    "sodor": 0.0,
    "tricamer": 0.0
  }
}