{
  "qid": "106",
  "query": "Climate Change Activists",
  "rank": 6,
  "docid": 6247642,
  "coef": {
    "be": 0.0,
    "demonstr": -0.0,
    "terror": 0.0,
    "communist": 0.0,
    "action": 0.0,
    "opposit": 0.0,
    "lead": -0.0,
    "organis": 0.0,
    "peopl": 0.0,
    "inspir": 0.09831716017131314,
    "societi": -0.0,
    "can": -0.0,
    "return": 0.0,
    "system": 0.0,
    "support": 0.0,
    "extrem": 0.0,
    "mai": -0.0,
    "nation": 0.0,
    "dismiss": 0.0,
    "predict": -0.0,
    "difficult": 0.0,
    "led": 0.0,
    "creat": -0.0,
    "countri": 0.25966678328381093,
    "movement": -0.0,
    "help": 0.0,
    "industri": 0.06164678054052929,
    "destroi": -0.0,
    "wave": 0.0,
    "target": 0.0,
    "includ": 0.09790165424731767,
    "address": 0.0650833684187721,
    "talk": 0.0,
    "take": 0.11527761885875279,
    "educ": 0.0,
    "call": 0.0,
    "found": -0.0,
    "world": 0.0,
    "normal": 0.0,
    "due": 0.0,
    "area": 0.027801722265882834,
    "involv": 0.1431336797020125,
    "alien": 0.0,
    "sever": 0.0,
    "note": 0.0,
    "still": 0.0,
    "school": 0.0,
    "follow": 0.0,
    "late": 0.0,
    "just": 0.0,
    "youth": 0.09396243693687542,
    "chang": 0.21752278230925912,
    "women": 0.0,
    "land": -0.0,
    "govern": 0.0,
    "environment": 0.0,
    "argentina": 0.0,
    "issu": 0.0,
    "group": 0.0,
    "commun": 0.051042375098386786,
    "act": 0.17404961305989658,
    "protest": 0.0,
    "util": 0.0,
    "justic": 0.0,
    "strike": 0.0,
    "organ": -0.0,
    "recent": 0.0,
    "gave": 0.0,
    "relat": 0.0,
    "set": 0.008435041493562992,
    "see": 0.0,
    "live": 0.10461039458628454,
    "collect": 0.0,
    "particip": 0.0,
    "advoc": -0.0,
    "new": 0.0,
    "neg": 0.1021140847553694,
    "move": 0.361482687571996,
    "leader": 0.3498223210697503,
    "effect": 0.0,
    "green": -0.0,
    "intern": 0.013332852531365852,
    "space": 0.0,
    "terrorist": 0.1688474392242524,
    "goal": 0.0,
    "who": 0.16065505657247253,
    "defend": 0.0,
    "practic": 0.0,
    "futur": 0.09009826993736682,
    "rise": -0.0,
    "offici": 0.0,
    "make": 0.0,
    "activ": 0.0,
    "transit": 0.0,
    "part": 0.0,
    "problem": -0.0,
    "gender": 0.21747082821461647,
    "comment": 0.0,
    "made": 0.0,
    "spread": 0.0,
    "achiev": 0.0,
    "compon": 0.0,
    "bank": 0.0,
    "global": 0.0,
    "activist": 0.1717143077731826,
    "voic": 0.0,
    "meet": 0.0,
    "back": -0.10092653732413225,
    "seri": -0.0,
    "approach": 0.0,
    "onlin": 0.0,
    "level": -0.0,
    "diseas": 0.4430679054439386,
    "million": 0.0,
    "year": 0.0,
    "cope": 0.08879165705067078,
    "depend": -0.0,
    "request": 0.0,
    "stereotyp": 0.07902814934318954,
    "food": 0.0,
    "occurr": 0.0,
    "damag": 0.0,
    "face": -0.0,
    "2013": 0.0,
    "graduat": 0.0,
    "infecti": 0.0,
    "sensit": -0.0,
    "univers": 0.0,
    "typic": 0.0,
    "resourc": 0.0020382774461797965,
    "now": 0.0,
    "prone": 0.0,
    "account": 0.0,
    "affect": 0.0,
    "frequent": 0.0,
    "start": 0.0,
    "standard": 0.0833839450750885,
    "hospit": 0.0,
    "6": 0.0,
    "1": 0.0,
    "water": 0.07931888658668201,
    "sea": 0.0,
    "margin": 0.0,
    "keep": 0.0,
    "carbon": 0.0,
    "impact": 0.0,
    "climat": 0.35675453301366067,
    "temperatur": 0.06684941671394677,
    "mathemat": 0.0,
    "equat": 0.0,
    "annual": 0.0,
    "emiss": 0.0,
    "clean": 0.0,
    "western": 0.0,
    "held": 0.01399479495071113,
    "coastal": 0.0,
    "infrastructur": 0.0,
    "red": 0.0,
    "fever": -0.0,
    "novemb": 0.0,
    "campaign": 0.016702517164429005,
    "super": 0.0,
    "2017": 0.0,
    "vulner": 0.31390289305029534,
    "charter": 0.016768992199412202,
    "agricultur": 0.0,
    "septemb": 0.0,
    "2019": 0.0,
    "south": 0.0,
    "biodivers": 0.0,
    "economi": 0.0,
    "deleg": 0.0,
    "compani": 0.03878933535664534,
    "hurrican": -0.0,
    "coal": 0.0,
    "19": 0.0,
    "indigen": 0.0,
    "won": 0.0,
    "storm": 0.2709749550137389,
    "announc": 0.0,
    "pass": 0.17632551500127533,
    "cut": 0.0,
    "went": -0.0,
    "safe": 0.0,
    "told": 0.0,
    "realiz": 0.0,
    "2030": 0.0,
    "biographi": 0.0,
    "ignor": 0.0,
    "bind": 0.0,
    "threaten": 0.3166390973628651,
    "volunt": 0.0,
    "sure": 0.0,
    "danger": 0.0,
    "don": 0.0031039112086019573,
    "encourag": 0.0,
    "sexism": 0.0,
    "chanc": 0.0,
    "guardian": 0.0,
    "technic": 0.18470403151174045,
    "metro": 0.0,
    "concert": 0.0,
    "2020": 0.30345797748393255,
    "140": 0.0,
    "covid": 0.0,
    "spokesperson": 0.07817590067896633,
    "fridai": 0.0,
    "rich": 0.0,
    "2021": -0.0,
    "brand": 0.0,
    "stronger": 0.0034897259130245565,
    "sector": 0.0,
    "collaps": 0.0,
    "oz": 0.11057456705876782,
    "spoken": 0.0,
    "pandem": 0.0,
    "mu": 0.0,
    "el": 0.0,
    "flood": 0.0,
    "laura": 0.0,
    "divest": 0.0,
    "india": 0.0,
    "feed": 0.0,
    "drought": 0.0,
    "mock": 0.18104460328075428,
    "kenya": 0.0,
    "conven": 0.0,
    "hungri": 0.0,
    "fisheri": 0.0,
    "reef": 0.0,
    "archipelago": 0.0,
    "insecur": 0.0,
    "livelihood": -0.0,
    "2050": 0.0,
    "greta": 0.03414188902270366,
    "coral": 0.0,
    "mitig": 0.0,
    "fisher": -0.0,
    "empow": 0.11587333175968062,
    "amplifi": -0.0,
    "ni": 0.0,
    "filipino": 0.0,
    "kevin": 0.0,
    "philippin": 0.5390734562565265,
    "indonesian": 0.0,
    "colombia": 0.0,
    "dengu": 0.0,
    "yolanda": 0.0,
    "tag": 0.0,
    "instagram": 0.0,
    "typhoon": -0.0,
    "haiyan": 0.0,
    "tan": 0.4715438205273282,
    "manila": 0.0,
    "ver": 0.3632375709800169,
    "nica": 0.0,
    "ravi": 0.0,
    "thunberg": 0.43726958238695557,
    "mic": 0.0,
    "attenborough": 0.0,
    "eyal": 0.0,
    "weintraub": 0.0,
    "mitzi": 0.0,
    "jonel": 0.0,
    "fff": -0.0,
    "mapa": -0.0,
    "tokenis": 0.0,
    "disha": 0.0,
    "cop26": 0.17490039785008824,
    "mtai": 0.0,
    "khairunnisa": 0.0,
    "salsabila": 0.0,
    "yacap": 0.0
  }
}