{
  "qid": "102",
  "query": "Disco Music",
  "rank": 1,
  "docid": 1827767,
  "coef": {
    "state": 0.09677904792661611,
    "discuss": 0.0,
    "pai": -0.0,
    "simultan": 0.0,
    "urban": 0.0,
    "lead": 0.0,
    "progress": 0.0,
    "market": 0.0,
    "cultur": 0.0,
    "mainstream": 0.28554034564017505,
    "emerg": 0.0,
    "element": 0.0,
    "earli": 0.16555204334120505,
    "mai": 0.0,
    "led": 0.2302155807779298,
    "movement": 0.0,
    "mid": 0.0,
    "order": 0.0,
    "section": 0.0,
    "creativ": 0.0,
    "music": 0.3261686318340135,
    "begin": -0.0,
    "defin": -0.0,
    "respons": 0.0,
    "writer": 0.0,
    "took": 0.0,
    "domin": 0.12426007866441004,
    "gener": 0.05562565209107596,
    "scene": 0.0,
    "wave": 0.0022775706820026267,
    "includ": 0.0,
    "head": 0.0,
    "began": -0.0,
    "histori": -0.0,
    "attent": 0.0,
    "word": 0.0,
    "later": 0.30511073857829807,
    "call": -0.0,
    "event": -0.0,
    "manag": 0.0,
    "forc": -0.0,
    "civil": 0.0,
    "perform": 0.0,
    "area": 0.0,
    "term": 0.0331337077554148,
    "kind": 0.0,
    "love": 0.0,
    "school": 0.0,
    "follow": 0.06834121999290003,
    "minim": 0.0,
    "tend": 0.0,
    "critic": 0.0,
    "american": 0.05969381722037853,
    "control": 0.0980437353323483,
    "electron": 0.18764418473284586,
    "america": 0.0,
    "develop": 0.056319103382662224,
    "popular": 0.005755034448559215,
    "complet": 0.0,
    "orient": 0.0,
    "denot": 0.0,
    "singl": -0.0,
    "review": -0.0,
    "issu": 0.0,
    "unpreced": 0.0,
    "group": 0.0,
    "preval": 0.0,
    "citi": 0.0,
    "russian": 0.0,
    "act": 0.0,
    "mikhail": 0.0,
    "punk": 0.0,
    "down": 0.13164410993883666,
    "era": 0.0,
    "plai": -0.0,
    "artist": 0.3540742023443952,
    "publish": -0.0,
    "influenc": 0.0,
    "end": 0.0,
    "place": 0.0,
    "live": 0.0,
    "contemporari": 0.0,
    "displai": 0.0,
    "equal": -0.0,
    "sai": -0.0,
    "known": 0.3215516151322315,
    "direct": 0.058685387469343334,
    "articl": 0.2952714189217975,
    "histor": 0.0,
    "line": 0.0,
    "new": 0.2280305665098821,
    "move": 0.0,
    "featur": 0.032064385088526326,
    "produc": 0.0,
    "like": 0.043812661963703536,
    "charact": 0.0,
    "who": 0.09457073365300762,
    "post": -0.0,
    "part": 0.0,
    "riot": 0.0,
    "wai": 0.0,
    "usag": 0.0,
    "increasingli": 0.0,
    "unit": 0.20720286117379688,
    "continu": 0.0,
    "soon": 0.0,
    "radic": 0.01847278074241816,
    "aesthet": 0.0,
    "independ": 0.0,
    "label": 0.0,
    "east": 0.0,
    "success": 0.0,
    "argu": 0.0,
    "hous": 0.0,
    "style": -0.0,
    "essenc": -0.0,
    "voic": 0.0,
    "technolog": 0.0,
    "remain": -0.0,
    "serv": 0.0,
    "approach": -0.0,
    "altern": 0.0,
    "period": 0.0,
    "hand": 0.0,
    "sequenc": 0.0,
    "train": 0.0,
    "partli": 0.0,
    "techniqu": 0.0,
    "stage": 0.0,
    "initi": 0.0,
    "boi": 0.0,
    "year": -0.0,
    "side": 0.0,
    "materi": 0.0,
    "pet": 0.0,
    "depend": -0.0,
    "characterist": -0.0,
    "background": 0.0,
    "prefer": 0.25342975737182044,
    "loud": -0.0,
    "old": 0.0,
    "roll": 0.0,
    "femal": 0.0,
    "rock": 0.003678057058916349,
    "arrang": 0.0,
    "1980": 0.0,
    "instrument": 0.030270191606131293,
    "12": 0.07646074806135814,
    "vocal": 0.0,
    "crucial": -0.0,
    "audienc": 0.0,
    "step": 0.0,
    "disco": 0.22988095605189118,
    "mix": 0.0,
    "start": 0.0,
    "commerci": 0.0,
    "entir": 0.0,
    "layer": 0.0,
    "manner": 0.0,
    "top": 0.0,
    "composit": 0.0,
    "blue": 0.0,
    "stone": 0.21837170810753465,
    "format": 0.25960422887244133,
    "sound": 0.2402623281511205,
    "mainli": 0.0,
    "cross": 0.036785758058450635,
    "chicago": 0.0,
    "passag": 0.0,
    "metropolitan": -0.0,
    "partial": 0.0,
    "shop": 0.0,
    "record": -0.0,
    "appear": -0.0,
    "coast": 0.0,
    "magazin": 0.12102000857434443,
    "decemb": 0.0,
    "center": 0.0,
    "hit": 0.0,
    "succeed": 0.02929196929907651,
    "underground": 0.0,
    "york": 0.0,
    "split": 0.0,
    "compani": 0.0,
    "instanc": 0.0,
    "station": -0.0,
    "juli": 0.0,
    "track": -0.0,
    "short": 0.0,
    "1984": 0.0,
    "wonder": 0.0,
    "payn": 0.0,
    "went": -0.0,
    "gregori": 0.0,
    "driven": -0.0,
    "1977": 0.0,
    "spy": 0.2908615709058749,
    "aftermath": 0.0,
    "dy": 0.0,
    "touch": 0.0037517198314535394,
    "danc": 0.24190292341554442,
    "deris": 0.0,
    "experiment": 0.0,
    "rhythm": 0.0,
    "1985": -0.0,
    "machin": 0.0,
    "perfect": 0.0,
    "genr": 0.035413506823250326,
    "soul": -0.0,
    "shortli": 0.0,
    "string": 0.0,
    "radio": -0.0,
    "collabor": 0.0,
    "night": 0.0,
    "orchestr": 0.06181605897859228,
    "melod": 0.0,
    "pop": -0.0,
    "drum": -0.0,
    "bass": -0.0,
    "heard": 0.0,
    "piano": 0.0,
    "dub": 0.0,
    "strip": 0.0002604597023722874,
    "1989": 0.0,
    "introduct": 0.0,
    "satir": -0.0,
    "novel": 0.0,
    "cuban": 0.0,
    "1979": 0.0,
    "club": -0.0,
    "musician": 0.0,
    "oz": 0.0,
    "euro": 0.0,
    "trend": -0.0,
    "mu": 0.0,
    "el": 0.0,
    "dj": 0.0,
    "parliament": 0.0,
    "unrest": 0.0,
    "bankrupt": -0.0,
    "bash": -0.0,
    "techno": -0.0,
    "lush": 0.12253849640871912,
    "synthes": 0.04045212814987884,
    "keyboard": 0.0,
    "chart": 0.009286520830036586,
    "spin": 0.0,
    "mock": 0.0,
    "downfal": 0.0,
    "resurfac": 0.0,
    "villag": 0.0,
    "cater": 0.0,
    "backlash": 0.0,
    "indi": 0.0,
    "boogi": 0.08474592494640876,
    "acoust": 0.0,
    "hi": -0.0,
    "implicitli": 0.0,
    "hop": 0.0,
    "typifi": 0.0,
    "demolit": 0.0,
    "crazi": 0.0,
    "imprecis": -0.0,
    "miguel": 0.0,
    "hip": 0.0,
    "choreograph": 0.0,
    "laden": 0.0,
    "freestyl": -0.0,
    "italo": 0.0,
    "outliv": 0.0,
    "indistinct": 0.0,
    "hine": 0.0,
    "funk": 0.0,
    "unlimit": 0.0011597460755391658,
    "darryl": 0.0,
    "suck": 0.0,
    "synth": 0.0,
    "brass": 0.0,
    "centric": 0.0,
    "spoof": 0.0,
    "madonna": 0.0,
    "cadenc": 0.0,
    "casablanca": 0.0,
    "regga": 0.0,
    "allmus": -0.0,
    "funkadel": 0.0,
    "riff": 0.0,
    "tk": 0.0,
    "nrg": -0.0,
    "jazzi": 0.0,
    "matic": 0.0,
    "thump": -0.0,
    "esg": 0.0,
    "baryshnikov": 0.0,
    "rso": -0.0,
    "minimoog": 0.0,
    "indistinctli": 0.0,
    "subscen": 0.0
  }
}