{
  "qid": "143",
  "query": "Philanthropy",
  "rank": 9,
  "docid": 3465755,
  "coef": {
    "list": 0.09092215849867438,
    "right": 0.0,
    "focus": 0.0,
    "support": 0.4259938088274053,
    "figur": 0.0,
    "name": 0.0,
    "evalu": 0.0,
    "platform": -0.0,
    "connect": 0.0,
    "help": 0.0,
    "revolut": 0.0,
    "creativ": 0.0,
    "econom": 0.0,
    "task": 0.08998980336268175,
    "caus": 0.0,
    "websit": 0.0,
    "acquir": 0.0,
    "public": 0.0,
    "gener": 0.0,
    "servic": 0.06866824447582776,
    "target": 0.0,
    "includ": 0.20053121751969064,
    "histori": 0.0,
    "educ": 0.0,
    "call": 0.0,
    "manag": 0.0,
    "legal": 0.0,
    "polic": 0.0,
    "import": -0.0,
    "found": 0.1425513500145693,
    "world": 0.00044430641654337325,
    "bring": 0.0,
    "perform": 0.0,
    "best": 0.0,
    "host": 0.0,
    "sever": 0.0,
    "peac": 0.0,
    "implement": 0.0,
    "follow": 0.0,
    "american": 0.024520612466816045,
    "digit": 0.0,
    "chang": 0.0,
    "women": 0.0,
    "influenti": 0.0,
    "develop": 0.0,
    "young": 0.0,
    "well": 0.0,
    "govern": 0.0,
    "confer": 0.1803356823921539,
    "issu": 0.3548343209727209,
    "group": 0.32768841241883656,
    "commun": 0.0,
    "femin": -0.0,
    "plan": 0.0,
    "organ": 0.0,
    "publish": 0.004215293396106675,
    "consum": 0.0,
    "network": 0.3001987912981933,
    "relat": 2.857097005137267e-05,
    "democraci": 1.1519714086507167e-05,
    "children": 0.0,
    "express": 0.0,
    "transpar": 0.0,
    "known": 0.0,
    "structur": 0.0,
    "new": 0.20764836135635573,
    "leader": 0.0,
    "intern": 0.0,
    "join": 0.0,
    "john": 0.0,
    "capit": 0.0,
    "practic": 0.0,
    "media": 0.23971181485656448,
    "post": 0.0,
    "make": -0.0,
    "activ": 0.0,
    "wai": 0.0,
    "newspap": 0.0,
    "social": 0.0,
    "individu": 0.0,
    "member": 0.2505051287747264,
    "founder": 0.2787801218017559,
    "base": 0.0,
    "council": 0.0,
    "forum": 0.0,
    "foundat": 0.3412706580246379,
    "relationship": 0.0,
    "wrote": 0.39083430261921526,
    "strategi": 0.1312120938557844,
    "global": 0.18875486667096755,
    "technolog": 0.0,
    "serv": 0.04007488617498537,
    "seri": 0.25044016752869536,
    "human": 0.0,
    "televis": 0.0,
    "initi": 0.0,
    "interview": 0.0,
    "parent": 0.0,
    "identifi": 0.0,
    "sustain": 0.0,
    "high": 0.020974435031080894,
    "previous": 0.0,
    "2013": 0.0,
    "interact": 0.0,
    "research": 0.0,
    "health": 0.0,
    "resourc": -0.0,
    "firm": -0.0,
    "25": 0.0,
    "audienc": 0.0,
    "report": 0.0,
    "speak": 0.0,
    "awar": 0.0,
    "frequent": 0.0,
    "design": -0.0,
    "2018": 0.0,
    "2014": 0.0,
    "2010": 0.0,
    "intervent": 0.0,
    "hospit": 0.0,
    "fund": 0.0,
    "board": 0.12066914957809961,
    "net": 0.004233099733080261,
    "impact": -0.0,
    "panel": 0.0,
    "leadership": 0.0,
    "top": 0.0,
    "calcul": 0.0,
    "foreign": 0.013509843475769483,
    "perman": 0.0,
    "format": -0.0,
    "multi": -0.0,
    "topic": 0.0,
    "coalit": 0.07263212401334175,
    "corpor": 0.0,
    "spoke": 3.2790389251583996e-15,
    "invest": 0.07987508265650536,
    "tax": 0.0,
    "record": 0.0,
    "sit": 0.14063424936862182,
    "project": 0.0,
    "center": -0.0,
    "2017": 0.0,
    "2006": 0.0,
    "york": 0.0,
    "financi": 0.0,
    "offic": 0.0,
    "south": 0.0,
    "bill": -0.0,
    "compani": 0.0,
    "plum": 0.0,
    "trust": 0.0,
    "announc": -0.0,
    "purchas": -0.0,
    "ceo": 0.0,
    "legend": 0.0,
    "angel": 0.0,
    "consult": 0.0,
    "lo": 0.0,
    "gate": -0.0,
    "monitor": 0.0,
    "strateg": 0.0,
    "ann": 0.0,
    "estat": 0.0,
    "brief": 0.0,
    "client": 0.0,
    "partner": -0.0,
    "massachusett": 0.0,
    "worth": 0.0,
    "kelli": 0.0,
    "tv": -0.0,
    "weekli": 0.0,
    "column": 0.0,
    "philanthropi": 0.07525030070704014,
    "philanthrop": -0.0,
    "nonprofit": 0.030379483695550314,
    "chariti": 0.0,
    "charit": 0.01214963383849406,
    "advocaci": 0.0,
    "southwest": 0.0,
    "rabbit": 0.0,
    "innov": -0.0,
    "genocid": 0.0,
    "giver": 0.0,
    "luxuri": 0.044826787641784764,
    "lifestyl": -0.0,
    "summit": 5.563203722736117e-16,
    "tori": 0.0,
    "melinda": -0.0,
    "eva": 0.09113535616809866,
    "advisori": 0.0,
    "verif": 0.0,
    "desmond": 0.0,
    "clinton": 0.0,
    "leverag": 0.0,
    "cyru": 5.190385097896212e-16,
    "huffington": 0.0,
    "philanthropist": 0.27723606026301656,
    "fundrais": 0.0,
    "trevor": 0.23224360141293124,
    "sara": 0.0,
    "avril": 0.0,
    "wikimedia": -0.0,
    "maggi": 0.053958691626461504,
    "madonna": 0.0,
    "neilson": 0.006784617863943289,
    "vet": 0.0,
    "scalabl": 0.0,
    "tutu": 0.0,
    "milei": 0.0,
    "charitybuzz": 0.0,
    "barron": 0.0,
    "robb": 0.0,
    "meth": 0.0,
    "gucci": 0.00025621598842714684,
    "tegan": 0.0,
    "burch": 0.0,
    "lavign": 0.0,
    "longoria": 2.595192548948106e-16,
    "omidyar": 0.0,
    "prizeo": 0.0,
    "skoll": 0.0,
    "tedxwomen": 0.0
  }
}