{
  "qid": "110",
  "query": "Clean Energy",
  "rank": 3,
  "docid": 3015654,
  "coef": {
    "be": 0.0,
    "state": 0.0,
    "current": 0.07696760071070226,
    "system": 0.6783610596335305,
    "adopt": -0.0,
    "revolut": 0.0,
    "gener": 0.0,
    "challeng": 0.0,
    "big": 0.557966339221834,
    "manipul": 0.0,
    "best": 0.0,
    "need": 0.18780673025691005,
    "larg": 0.0,
    "well": 0.0,
    "academ": 0.0,
    "role": 0.3629305939968402,
    "nuclear": 0.6961489738555502,
    "publish": 0.18783739317542958,
    "consum": 0.0,
    "institut": -0.0,
    "will": 0.05461770225312812,
    "ecolog": 0.0,
    "network": 0.0,
    "see": 0.1452753639297601,
    "green": 0.0,
    "first": 0.0,
    "rise": 0.0,
    "transit": -0.0,
    "part": 0.0,
    "problem": 0.6658104148639056,
    "distribut": 0.0,
    "wai": 0.0,
    "unit": 0.7131597406553446,
    "sabotag": 0.0,
    "natur": 0.0,
    "benjamin": 0.2649029900514358,
    "book": 0.8446947089192957,
    "combin": 0.0,
    "power": 0.24785165300250595,
    "suggest": 0.0,
    "valu": 0.0,
    "2008": 0.0,
    "technolog": 0.0,
    "increas": 0.0,
    "scale": -0.0,
    "cost": 0.0,
    "environ": 0.0,
    "pollut": 0.0,
    "identifi": 0.0,
    "sustain": 0.0,
    "widespread": 0.0,
    "job": 0.6459442176365269,
    "categori": 0.0,
    "fossil": 0.019017701569249913,
    "dirti": 0.0,
    "heat": 0.19040503247377846,
    "greenhous": -0.0,
    "planet": 0.0,
    "electr": 0.314931773975344,
    "energi": 1.0445069674017922,
    "fuel": 0.0,
    "clean": 0.0,
    "block": 0.0,
    "protect": 0.551119096789213,
    "vulner": 0.05261155472646428,
    "disast": 8.408753028828196e-16,
    "financi": 0.0,
    "2009": 0.36458124719806806,
    "explor": 0.0,
    "edg": -0.0,
    "won": 0.0,
    "overcom": 0.5671094927793764,
    "ineffici": 0.7587786217808392,
    "renew": 0.0,
    "silver": 0.06948720225253573,
    "nautilu": 4.624810702253009e-16,
    "effici": 0.0,
    "transmiss": 0.8302967424346194,
    "award": 0.06778463371592973,
    "synopsi": 0.0027645325266471748,
    "dilemma": 0.0,
    "solut": 0.0,
    "trend": -0.0,
    "tech": 0.0,
    "barrier": 0.5332165393523333,
    "brittl": -0.0,
    "reactor": 0.06939143767211524,
    "praeger": 0.0,
    "sovacool": 0.0
  }
}