{
  "qid": "107",
  "query": "Seafood",
  "rank": 1,
  "docid": 1153939,
  "coef": {
    "aspect": 0.0,
    "state": 0.0,
    "list": 0.0,
    "current": 0.08503304987009785,
    "market": 0.0011516947723937303,
    "peopl": -0.0,
    "societi": 0.0,
    "north": 0.0,
    "assist": -0.0,
    "mai": 0.0,
    "nation": 0.0,
    "region": 0.0,
    "countri": 0.0,
    "industri": 0.0,
    "econom": 0.0,
    "product": 0.0,
    "contradictori": 0.0,
    "spanish": -0.0,
    "websit": 0.0,
    "friendli": 8.245435797884803e-07,
    "respons": 0.0,
    "public": -0.0,
    "servic": 0.0,
    "target": 0.0,
    "includ": 0.0,
    "take": 0.0,
    "came": 0.0,
    "educ": 0.0,
    "manag": 0.04782966852446689,
    "allow": 0.0,
    "world": 0.0,
    "avoid": 0.14711723101194746,
    "oper": 0.0,
    "best": 0.0,
    "ad": 0.0,
    "trade": 0.0,
    "note": 0.0,
    "late": 0.0,
    "critic": 0.0,
    "work": -0.0,
    "american": 0.0,
    "guid": 0.5571088259174757,
    "elimin": 0.0,
    "long": 0.0,
    "choic": 0.0,
    "develop": -0.0,
    "environment": 0.0,
    "group": 0.19038400212851478,
    "effort": -0.0,
    "push": 0.0,
    "root": 0.0,
    "life": 0.0,
    "organ": 0.0,
    "consum": 0.0,
    "influenc": 0.0,
    "institut": -0.0,
    "find": -0.0,
    "1999": 0.04380389810572448,
    "see": 0.0,
    "non": 0.026650448132583215,
    "wide": 0.0,
    "known": 0.0,
    "inform": 0.0,
    "advoc": 0.0,
    "move": 0.21804999635438202,
    "featur": 0.0,
    "produc": 0.06891520060872791,
    "green": 0.36199943991044636,
    "similar": 0.0,
    "first": 0.0,
    "web": 0.04541851773320135,
    "result": 0.0,
    "wai": 0.0,
    "unit": -0.0,
    "social": 0.0,
    "promot": 0.0,
    "natur": 0.05046799144273335,
    "decis": 0.0,
    "base": 0.0,
    "scienc": 0.12360101950003011,
    "illeg": 0.0,
    "wrote": 0.18630394895226796,
    "suggest": 0.021444386114711823,
    "sourc": 0.0,
    "global": -0.0,
    "back": 0.037793454729584744,
    "harm": 0.0,
    "serv": 0.1128190153033721,
    "human": 0.0,
    "altern": 0.25374567695925604,
    "level": 0.0,
    "caught": 0.0,
    "low": 0.0,
    "acid": 0.0,
    "initi": -0.0,
    "environ": 0.0,
    "profession": 0.0,
    "sustain": 0.0,
    "pcb": 0.1296703882801922,
    "program": 0.11928039187611975,
    "focu": -0.0,
    "popul": 0.0,
    "food": 0.0,
    "high": 0.0,
    "confus": 0.0,
    "advanc": -0.0,
    "health": 0.22790483652872676,
    "rate": 0.0,
    "resourc": 0.0,
    "wild": 0.0,
    "1990": 0.10380043833447897,
    "improv": 0.0,
    "eat": 0.0,
    "recommend": 0.08539206878075359,
    "assess": 0.0,
    "account": 0.0,
    "categori": 0.11494091872883307,
    "traceabl": 0.0,
    "measur": 0.0,
    "updat": -0.0,
    "2010": -0.0,
    "exhibit": 0.0,
    "3": 0.0,
    "farm": 0.4424102886277039,
    "near": 0.03440752555431968,
    "impact": 0.0,
    "ocean": 0.08470172733714644,
    "calcul": 0.0,
    "annual": 0.0,
    "final": 0.0,
    "restaur": 0.0,
    "statu": -0.0,
    "bai": 0.0,
    "site": 0.002864385681357317,
    "conserv": -0.0,
    "suppli": -0.0,
    "team": -0.0,
    "fish": 0.0,
    "retail": 0.1623302575036845,
    "busi": 0.1789626787220973,
    "museum": 0.0,
    "fulli": 0.0,
    "red": 0.0,
    "center": 0.007635984141368202,
    "super": -0.0,
    "zoo": 0.0,
    "twice": 0.0,
    "restor": 0.0,
    "freshwat": 0.0,
    "yellow": 0.008061358020049734,
    "purchas": 0.0,
    "polici": -0.0,
    "profit": 6.223502721887645e-05,
    "highlight": 0.0,
    "watch": 0.08171257539655195,
    "strengthen": 0.0,
    "ran": 0.0,
    "partner": 0.0,
    "mercuri": 0.43978725280290193,
    "1997": 0.0805579314788299,
    "store": 0.0,
    "chain": 0.0,
    "shark": 0.0,
    "score": 0.0,
    "certif": 0.0,
    "buyer": -0.0,
    "iphon": 0.0,
    "tuna": 0.0,
    "solut": 0.0,
    "allianc": 0.0,
    "aquacultur": 0.0,
    "alert": 0.0,
    "android": 0.0,
    "lover": 0.0,
    "chef": 0.0,
    "unregul": 0.0,
    "ecosystem": 0.0,
    "marin": 0.29845109586826146,
    "seafood": 0.3475473322761039,
    "fisheri": 0.14003626178350395,
    "marketplac": 0.00944476164331643,
    "unreport": 0.0,
    "pocket": 0.0,
    "app": 0.0,
    "omega": 0.0,
    "fatti": 0.0,
    "contamin": 0.10548606466538608,
    "advisori": -0.0,
    "overfish": -0.0,
    "culinari": -0.0,
    "blog": 0.025287235586034996,
    "distributor": 0.0,
    "monterei": 0.0,
    "sushi": -0.0,
    "audubon": 0.0,
    "bluefin": 0.0,
    "aquarium": 0.3237740479642211,
    "notoc": 0.0,
    "dioxin": 0.0
  }
}