{
  "qid": "120",
  "query": "Baking",
  "rank": 4,
  "docid": 6191119,
  "coef": {
    "can": 0.0,
    "product": 0.00041872443277870733,
    "task": 0.0,
    "challeng": 0.31817352833006207,
    "take": 0.0,
    "best": 0.0,
    "tri": 0.0,
    "follow": 0.0,
    "critic": 0.0,
    "octob": 0.06289490690950637,
    "experi": 0.0,
    "elimin": 0.09025354330677976,
    "rank": 0.0,
    "will": 0.0,
    "set": 0.0,
    "instruct": 0.0,
    "saw": 0.0,
    "onli": 0.0,
    "produc": 0.0,
    "who": 0.1565299360335009,
    "part": 0.08149680714150484,
    "made": 0.0,
    "base": 0.0,
    "success": 0.0,
    "seri": 0.046063792334609624,
    "2": 0.07515342385621958,
    "talent": 0.0,
    "put": 0.08050286737525661,
    "disciplin": 0.0,
    "profession": 0.06629976237790582,
    "test": 0.0,
    "show": 0.24334549479995907,
    "face": 0.0,
    "look": 0.0,
    "week": 0.0,
    "examin": 0.0,
    "10": 0.0,
    "given": 0.0,
    "skill": 0.0,
    "consist": -0.0,
    "7": 0.0,
    "1": 0.1929982262976204,
    "home": 0.0,
    "know": -0.0,
    "great": 0.07485501956620585,
    "knowledg": 0.0,
    "season": 0.06587695230267812,
    "format": -0.0,
    "battl": 0.0,
    "baker": 0.31882012735239235,
    "appear": 0.017994620212881247,
    "competit": 0.0,
    "uniqu": 0.0,
    "2019": 0.00012040359505535665,
    "judg": 0.4088177273294571,
    "british": -0.0,
    "star": 0.0,
    "told": -0.0,
    "choos": 0.0,
    "tast": 0.0,
    "contest": 0.0,
    "finish": 0.0,
    "twelv": 0.0,
    "technic": 0.1122605669037212,
    "chosen": 0.0,
    "realiti": 0.0,
    "episod": 0.12438227480552222,
    "broadcast": 0.0,
    "premier": 0.0,
    "2020": 0.0,
    "tv": 0.0,
    "worst": 0.1911376674621206,
    "cook": 0.0,
    "recip": 0.24110160625804672,
    "amateur": -0.0,
    "altogeth": 0.0,
    "overview": 0.0,
    "rustic": 0.0,
    "crown": 0.31664459858696176,
    "bbc": 0.0,
    "signatur": -0.0,
    "bake": 0.4117359139043583,
    "kenyan": 0.0280585527700511,
    "showstopp": 0.0
  }
}