{
  "qid": "141",
  "query": "Human Exploration",
  "rank": 2,
  "docid": 14697,
  "coef": {
    "list": 1.3159076269217025,
    "cultur": 0.0,
    "italian": -0.0,
    "includ": -0.44376966595348516,
    "establish": 1.8275398107987186,
    "trade": 8.289171111436575e-15,
    "note": 0.0,
    "commun": 0.0,
    "russian": -0.0,
    "see": 0.0,
    "contribut": 1.260033478874386,
    "continu": 5.126273398985817e-15,
    "refer": 0.40669292246083283,
    "divers": 0.0,
    "human": 1.8349730474192825,
    "popul": 0.0,
    "polar": 0.0,
    "sea": 0.0,
    "planet": 0.0,
    "ocean": 0.0,
    "weather": 0.0,
    "knowledg": 0.0,
    "biodivers": 0.0,
    "explor": 1.0519182070559947,
    "migrat": 0.0024346787567267308,
    "expans": 0.0029334962044562907,
    "geographi": 0.0,
    "timelin": 0.0,
    "maritim": 0.0
  }
}