{
  "qid": "106",
  "query": "Climate Change Activists",
  "rank": 0,
  "docid": 6034450,
  "coef": {
    "state": 0.0,
    "action": 0.0948327878023033,
    "right": 0.0,
    "peopl": 4.896606078895491e-05,
    "criticis": 0.0,
    "debat": 0.0,
    "creat": 0.0,
    "platform": 0.0,
    "connect": 0.0,
    "countri": 0.0,
    "movement": 0.2539693577449829,
    "econom": 0.0,
    "concern": 0.0,
    "caus": 0.37303779622281874,
    "taken": 0.0,
    "destroi": 0.21836000459562435,
    "fight": 0.210473915940844,
    "public": -0.0,
    "gener": -0.0,
    "includ": -0.0,
    "strong": -0.0,
    "began": 0.0,
    "attent": 0.1320878111274817,
    "event": 0.0,
    "form": 0.05348189372333997,
    "found": 0.0,
    "world": 0.4165248716987287,
    "border": 0.02704666571079957,
    "need": 0.5190725361192255,
    "sever": 0.0,
    "school": 0.0,
    "youth": 0.34678552941541346,
    "octob": 0.013230177120098807,
    "digit": 0.0,
    "chang": 0.1459688662582143,
    "women": -0.0,
    "young": -0.0,
    "well": 0.027369636332851836,
    "environment": 0.007131334931077422,
    "felt": 0.02645334318496245,
    "lack": 0.20529918710231518,
    "citi": 0.0,
    "commun": 0.0,
    "act": 0.006317162162954562,
    "time": 0.0007429514679124452,
    "protest": -0.0,
    "strike": -0.0,
    "leon": 0.0,
    "equal": 0.22655145741442964,
    "advoc": 8.87893218412688e-16,
    "onli": 0.3650411073767584,
    "white": 3.994015977509525e-15,
    "new": 0.5740029624209823,
    "featur": 0.0,
    "leader": 0.0,
    "effect": 0.0,
    "green": 0.0,
    "intern": 0.001998497735941471,
    "join": 0.0018424069986344143,
    "who": 0.0,
    "futur": 0.0,
    "media": 0.0,
    "activ": 0.0,
    "part": 0.0,
    "gender": 0.0,
    "made": -0.0,
    "member": 0.0,
    "spread": 0.0,
    "soon": 0.0,
    "promin": 0.0,
    "forum": 0.0,
    "give": 0.07665670629463923,
    "east": 0.0,
    "activist": 0.6767737383923255,
    "divers": 7.700165678578565e-05,
    "onlin": 0.0,
    "across": 0.2931762842727577,
    "greater": 0.01485152153974925,
    "year": -0.0,
    "show": 0.0,
    "000": 0.05772841458847847,
    "old": -0.0,
    "invit": 0.0,
    "univers": 0.639096518971596,
    "now": 0.0,
    "50": 0.17640056030746779,
    "15": 0.0,
    "11": 0.0,
    "speech": 0.44518557838836076,
    "imag": 0.0,
    "awar": 0.0,
    "farm": 0.0,
    "receiv": 0.0,
    "climat": 0.6257431817560868,
    "weather": 0.2900379786938741,
    "discrimin": 0.0,
    "racism": 0.761780428798808,
    "racial": -0.0,
    "17": -0.0,
    "lake": 0.0,
    "largest": 0.0,
    "crop": 0.0,
    "campaign": 0.15942931414982064,
    "meant": 0.0,
    "2017": -0.0,
    "april": 0.0,
    "2019": 0.21116693021241933,
    "demand": 0.1304207068696501,
    "visit": 0.0,
    "save": 0.06063530047140281,
    "born": 0.0,
    "januari": 0.18160961354381572,
    "neighbour": 0.0,
    "gate": 0.0,
    "fellow": -0.0,
    "dedic": 0.0,
    "denounc": 0.5444046602217838,
    "crisi": 0.0,
    "volunt": 0.448230061307824,
    "1997": -0.0,
    "absenc": 0.0,
    "photo": 0.0,
    "encourag": 0.0314129458820281,
    "dialogu": 0.0,
    "realis": -0.0,
    "evok": 0.0,
    "2020": 0.0,
    "fridai": 0.10045253616699137,
    "crash": 0.0,
    "stronger": 0.0,
    "52": 0.17598365409485242,
    "nigeria": 0.39228367308783507,
    "spoken": 0.08530295975161051,
    "africa": 0.1575978695296305,
    "striker": 0.0,
    "mayor": 0.17931711811462248,
    "gabon": 0.12181979319936843,
    "copenhagen": 0.09510715638349276,
    "grandmoth": 0.0,
    "bbc": 0.0,
    "kenya": 0.003940821835012763,
    "diari": 0.0,
    "summit": 0.02833044222805395,
    "greta": -0.0,
    "sierra": 0.010072363426888532,
    "empow": 0.0,
    "urgent": 0.12395473330114437,
    "angola": 0.12161013354909833,
    "denmark": 0.018949752607998114,
    "mobilis": 0.0,
    "outlet": 0.0,
    "victoria": 0.02585465102430521,
    "vanessa": 0.0,
    "uganda": 0.36402223212623247,
    "davo": 0.016622867560999382,
    "hilda": 0.0,
    "thunberg": -0.0,
    "flavia": 0.0,
    "vox": 0.23941321120835046,
    "ugandan": 0.0,
    "nakat": 0.7767418563924549,
    "kampala": -0.0,
    "c40": 0.0,
    "gcca": 0.04724529792684517,
    "nakabuy": 0.5144381694746691
  }
}