{
  "qid": "125",
  "query": "Doctor",
  "rank": 5,
  "docid": 3988044,
  "coef": {
    "third": 0.0,
    "list": 0.0,
    "illustr": 0.0,
    "support": 0.0,
    "event": 0.0,
    "number": 0.3459415555995983,
    "expand": 4.443564647290078e-16,
    "establish": 0.0,
    "trade": 0.00010595177861955393,
    "long": 0.0,
    "second": 0.0,
    "popular": 0.0,
    "aim": 0.0,
    "unpreced": 0.0,
    "doctor": 0.09825769818370404,
    "time": 0.2625399992192386,
    "publish": 0.0,
    "recent": 0.0,
    "see": 0.0,
    "wide": 0.03859155407321121,
    "collect": 0.0,
    "featur": 0.0,
    "who": 0.12945302490401836,
    "first": -0.0,
    "extern": 0.0,
    "claim": 0.0,
    "sale": 0.0,
    "separ": 0.14845512442827957,
    "seri": 0.0,
    "stori": 0.2744132678797278,
    "younger": 0.0,
    "uk": 0.0,
    "fifth": 0.0,
    "accompani": 0.10018767725125059,
    "rang": 0.08308570901360504,
    "link": 0.0,
    "audienc": 0.0,
    "2010": 0.0,
    "monthli": 0.0,
    "summer": 0.0,
    "regularli": 0.0,
    "annual": 0.486557844768306,
    "graphic": 0.0,
    "battl": 0.0,
    "magazin": 0.02744671173413373,
    "thirteenth": 0.0,
    "sixth": -0.0,
    "eighth": 0.0,
    "fourth": 0.0,
    "2009": 0.0,
    "ninth": 0.0,
    "adventur": 0.011295851596477112,
    "short": 0.0,
    "tenth": 0.07771039496351033,
    "pass": 0.0,
    "purchas": 0.0,
    "seventh": -0.0,
    "titan": 0.0,
    "launch": 0.12668538097837664,
    "titl": 0.0036883441733230183,
    "eleventh": -0.0,
    "twelfth": -0.0,
    "strip": 0.0,
    "www": 0.0,
    "http": 0.0,
    "comic": 0.0,
    "novel": 0.0,
    "protagonist": 0.0,
    "card": 0.0595122526341373,
    "fi": 0.0,
    "lord": 0.0,
    "sci": 0.0,
    "html": 0.0,
    "incarn": 0.0,
    "dalek": 0.0,
    "storybook": 0.0,
    "idw": 0.0,
    "alteredvista": 0.0
  }
}