{
  "qid": "142",
  "query": "Physiotherapy",
  "rank": 6,
  "docid": 3921793,
  "coef": {
    "higher": 0.0,
    "region": 0.0,
    "law": 0.0,
    "histori": 0.0,
    "later": 1.0345140419276815,
    "educ": 1.2310951406376327,
    "found": 0.0,
    "school": 0.9717943523236784,
    "build": 0.0,
    "institut": 0.0,
    "onli": 0.03571592991578932,
    "new": 0.06238531950328278,
    "post": 0.0,
    "unit": 0.0,
    "physic": 0.0,
    "appli": 0.16416925579303307,
    "year": 0.587290210673899,
    "high": -0.0,
    "univers": -0.0,
    "locat": 0.0,
    "therapi": 0.16508355898823787,
    "2004": 0.0,
    "complianc": 0.11185583574946187,
    "secondari": 0.0,
    "transform": 0.6178165935005201,
    "faculti": 0.33806939654280144,
    "renam": 0.0,
    "1976": 0.0,
    "organiz": 0.8414719726129241,
    "montenegro": 1.546450639628944,
    "montenegrin": 0.4934801150739292,
    "igalo": 0.9010735418840197,
    "physiotherapi": 0.6522670128277621,
    "fakultet": 0.0,
    "primijenjen": 0.0,
    "fizioterapij": 0.0
  }
}