{
  "qid": "104",
  "query": "Business Leaders",
  "rank": 3,
  "docid": 3559541,
  "coef": {
    "list": -0.0,
    "current": 0.0,
    "opposit": 0.02717822395721541,
    "debat": 0.0,
    "order": 0.0,
    "taken": 0.0,
    "respons": 0.0,
    "call": 0.0,
    "manag": 0.38196968382747915,
    "come": 0.0,
    "follow": 0.0,
    "larg": 0.0,
    "repres": 0.0,
    "duti": -0.0,
    "govern": 0.21900166836776966,
    "act": 0.0,
    "time": 0.15727304100873762,
    "plai": 0.1901602630931362,
    "see": 0.0,
    "onli": 0.1210010293942666,
    "leader": 0.23050433069667792,
    "mark": 0.0,
    "john": 0.0,
    "who": 0.4150767836395612,
    "posit": 0.4024142877352614,
    "offici": 0.41506459288664077,
    "member": 0.0,
    "refer": 0.0,
    "hous": 0.5300541459599759,
    "serv": 0.11706095312594085,
    "leav": 0.0,
    "shadow": 0.0,
    "topic": 0.6043421917306808,
    "item": 0.0,
    "busi": 0.3152596491770645,
    "bill": 0.0,
    "longest": 0.0,
    "1974": 0.1872410704462539,
    "senat": 0.15639645151172146,
    "went": 0.7354967945558128,
    "appoint": 0.0,
    "negoti": 0.10394272919645996,
    "proceed": 0.0,
    "toni": 0.0,
    "australia": -0.0,
    "julia": 0.0,
    "australian": 0.0,
    "holder": 0.0346717239358922,
    "howard": 0.0,
    "prime": 0.0,
    "ministri": 0.0,
    "conting": 0.0,
    "minist": -0.0,
    "absent": 0.04150434088966913,
    "allot": 0.0,
    "deputi": 0.2814113124353199,
    "burk": 0.10938256016075469,
    "dreyfu": 0.07819603073360841,
    "gillard": 0.0
  }
}