{
  "qid": "117",
  "query": "Activist",
  "rank": 0,
  "docid": 3955033,
  "coef": {
    "list": 0.4680557459185034,
    "right": 0.32962843125267033,
    "muslim": 0.0036664384384159075,
    "movement": 0.0,
    "feminist": 3.719093901432136e-17,
    "educ": 0.08468750844269067,
    "polit": -0.0,
    "civil": 0.0,
    "assassin": 0.0,
    "peac": 0.34656112448183557,
    "american": -0.0,
    "women": 0.10201544469920322,
    "pacifist": 0.0,
    "environment": -0.0,
    "group": -0.0,
    "organ": -0.0,
    "nuclear": -0.0,
    "advoc": 0.0,
    "anti": -0.0,
    "leader": 0.0,
    "war": 0.0,
    "oppon": 0.0,
    "slaveri": 0.0,
    "independ": 0.0,
    "activist": 0.0,
    "human": 0.0,
    "disabl": 0.0,
    "anim": 0.0,
    "jewish": 0.0,
    "indian": 0.0,
    "african": -0.0,
    "abolitionist": -0.0,
    "chines": -0.0,
    "atheist": 0.0,
    "dissid": -0.07849636362764671,
    "pakistan": 0.0,
    "lgbt": 0.0,
    "breastfeed": -0.0,
    "nigerian": 0.0,
    "suffragist": 0.0,
    "suffragett": -0.0
  }
}