{
  "qid": "126",
  "query": "Political Theory",
  "rank": 9,
  "docid": 18971,
  "coef": {
    "be": 0.0,
    "demonstr": 0.0,
    "state": 0.0,
    "discuss": 0.0,
    "major": 0.10728373414464057,
    "conflict": 0.05413326165779071,
    "origin": 0.0,
    "peopl": -0.0,
    "benefit": 0.0,
    "mainstream": 0.0,
    "ration": 0.29920564249798604,
    "seek": 0.0,
    "earli": 0.0,
    "nation": 0.0,
    "situat": 0.0,
    "predict": 0.0,
    "name": 0.0,
    "creat": 0.0,
    "interpret": 0.0,
    "law": -0.0,
    "order": 0.0,
    "section": -0.0,
    "econom": 0.0,
    "concept": 0.0,
    "caus": 0.0,
    "write": 0.0,
    "took": -0.0,
    "public": 0.0,
    "dilut": 0.0,
    "histori": 0.0,
    "rule": 0.0,
    "credit": 0.0,
    "call": 0.0,
    "polit": 0.21524849219338163,
    "manipul": 0.020528244338386046,
    "found": 0.0,
    "world": 0.0,
    "de": 0.0,
    "oper": 0.0,
    "note": -0.0,
    "build": 0.0,
    "implement": 0.0,
    "work": 0.1735425001659332,
    "american": 0.0,
    "larg": 0.0,
    "chang": 0.28359790325313666,
    "art": 0.0,
    "america": 0.0,
    "choic": 0.0,
    "career": -0.0,
    "well": 0.0,
    "review": 0.0,
    "aim": 0.0,
    "feder": 0.20084780437703942,
    "colleg": 0.0,
    "william": 0.0,
    "democrat": 0.0,
    "exampl": 0.0,
    "time": 0.0,
    "bloc": 0.0,
    "life": 0.0,
    "role": 0.0,
    "process": 0.0,
    "publish": 0.0,
    "student": 0.0,
    "institut": 0.0,
    "will": 0.17757984479478373,
    "field": 0.0,
    "democraci": 0.22638459681674794,
    "children": 0.0708873872978323,
    "see": -0.0,
    "method": -0.0,
    "live": 0.09091859171123749,
    "collect": 0.0,
    "constitut": 0.0,
    "signific": 0.0,
    "known": 0.0,
    "1920": 0.0,
    "dispar": 0.0,
    "lawrenc": -0.0,
    "determin": 0.0,
    "structur": 0.0,
    "new": 0.0,
    "contribut": 0.21503700089558936,
    "liber": 0.0,
    "leader": 0.0,
    "who": 0.0,
    "minor": 0.0,
    "posit": -0.0,
    "make": 0.0,
    "activ": 0.0,
    "theori": 0.18235171143542991,
    "extern": -0.0,
    "scientist": 0.0,
    "social": -0.0,
    "comment": 0.0,
    "made": 0.0,
    "chao": 0.0,
    "littl": 0.0,
    "studi": 0.0,
    "decis": 0.04680464797034015,
    "founder": 0.0,
    "promin": 0.0,
    "scienc": 0.12877137488862617,
    "book": 0.0059988526343230115,
    "success": 0.0,
    "larger": 0.05886977666182424,
    "associ": 0.0,
    "strategi": 0.0,
    "argu": 0.06050534334314311,
    "remain": 0.0,
    "teach": 0.0,
    "francisco": 0.0,
    "2": 0.11384369379523605,
    "initi": 0.0,
    "appli": 0.11906079411473741,
    "death": 0.12291219987028522,
    "model": 0.0,
    "introduc": 0.0,
    "popul": 0.308560847726201,
    "test": 0.0,
    "prefer": 0.0,
    "outcom": -0.0,
    "univers": 0.3198402383537567,
    "resourc": 0.1760822288749617,
    "prove": 0.0,
    "1996": -0.0,
    "1980": 0.0,
    "now": 0.0,
    "game": 0.1403909702476092,
    "16": 0.0,
    "link": 0.0,
    "crucial": 0.0,
    "analyst": -0.0,
    "earn": 0.0,
    "degre": 0.0,
    "implic": 0.0,
    "4": 0.005171452832526223,
    "1": 0.0,
    "22": 0.0,
    "receiv": 0.0,
    "mathemat": 0.0,
    "bi": 0.0,
    "annual": 0.0,
    "mari": 0.0,
    "press": 0.0035357093646187538,
    "shorter": 0.014231983067530195,
    "presid": 0.0,
    "hall": 0.0,
    "elect": 0.0,
    "brown": 0.0,
    "coalit": 0.10969548832527098,
    "corpor": 0.0,
    "harrison": -0.0,
    "undergradu": 0.0,
    "soldier": 0.0,
    "washington": 0.0,
    "san": 0.0,
    "affair": 0.0,
    "meant": 0.0,
    "vote": 0.0,
    "septemb": 0.0,
    "administ": 0.0,
    "economi": -0.0,
    "depart": 0.0,
    "iowa": 0.0,
    "cliff": -0.0,
    "june": 0.0,
    "78": -0.0,
    "74": 0.0,
    "1993": 0.0,
    "26": 0.0,
    "1986": 0.0,
    "1984": -0.0,
    "1982": 0.0,
    "1973": 0.0,
    "1964": 0.0,
    "1962": 0.07899917569285744,
    "congression": 0.0,
    "voter": 0.0,
    "amend": 0.0,
    "access": 0.0,
    "born": 0.0,
    "son": 9.06786233187656e-07,
    "yale": 0.0,
    "daughter": 0.0,
    "wife": 0.0,
    "arrow": 0.0,
    "piec": 0.0,
    "honor": 0.0,
    "wisconsin": -0.0,
    "1948": 0.0,
    "446": 0.0,
    "1977": 0.0,
    "freeman": 0.0,
    "indiana": 0.0,
    "fratern": 0.0,
    "guard": 0.0,
    "actor": 0.0,
    "boston": 0.0,
    "want": 0.0,
    "allegi": 0.0,
    "1942": 0.0,
    "ensur": 0.0,
    "imposs": 0.0,
    "excel": 0.0,
    "rhetor": 0.0,
    "motion": 0.0,
    "delta": 0.0,
    "award": 0.0,
    "rca": 0.0,
    "radio": 0.0,
    "elizabeth": 0.0,
    "haven": 0.0,
    "1957": 0.0,
    "bruce": 0.0,
    "prize": 0.28244450764572443,
    "1958": 0.0,
    "52": 0.0,
    "harvard": 0.0,
    "chair": 0.2406539929905324,
    "exposit": 0.0,
    "axiomat": 0.0,
    "bachelor": 0.0,
    "underli": -0.0,
    "epsilon": 0.0,
    "ph": 0.0,
    "bueno": 0.0,
    "realign": 0.0,
    "432": 0.0,
    "finit": 0.0,
    "theorem": 0.09074484218542155,
    "paradox": 0.0,
    "instabl": 0.0,
    "1787": 0.0,
    "professorship": -0.0,
    "366": 0.0,
    "swiftli": 0.0,
    "kappa": 0.0,
    "unten": 0.0,
    "memoir": 0.0,
    "schofield": 0.0,
    "349": 0.0,
    "kenneth": 0.0,
    "mckelvei": 0.0,
    "populist": 0.0,
    "rochest": 0.022945026563696073,
    "prentic": 0.0,
    "moin": 0.0,
    "nj": 0.0,
    "appleton": -0.0,
    "englewood": -0.0,
    "riker": 0.2347608206380103,
    "disequilibrium": 0.0,
    "mesquita": 0.0,
    "duverg": -0.0,
    "depauw": 0.0,
    "shepsl": 0.0,
    "heresthet": 0.0
  }
}