{
  "qid": "120",
  "query": "Baking",
  "rank": 4,
  "docid": 6191119,
  "coef": {
    "can": 0.0,
    "product": 0.17284465209771024,
    "task": 0.0,
    "challeng": 0.3112915986970036,
    "take": 0.0,
    "best": 0.0,
    "tri": 0.0,
    "follow": 0.0,
    "critic": 0.0,
    "octob": 0.03709516016853005,
    "experi": 0.20487160417065137,
    "elimin": 0.0,
    "rank": 0.0,
    "will": 0.0,
    "set": 0.0,
    "instruct": 0.0,
    "saw": 0.0,
    "onli": 0.0,
    "produc": 0.0981738844104439,
    "who": 0.1552597804930812,
    "part": 0.0,
    "made": 0.0,
    "base": 0.0,
    "success": 0.0,
    "seri": -0.0,
    "2": 0.0,
    "talent": 0.0,
    "put": 0.0,
    "disciplin": 0.22050023528639454,
    "profession": 0.038880506813867254,
    "test": 0.02093871285945996,
    "show": 0.2792418047401744,
    "face": 0.0,
    "look": 0.003450779479910152,
    "week": 0.0,
    "examin": 0.0,
    "10": 0.0,
    "given": 0.0,
    "skill": 0.07707561442420172,
    "consist": 0.0,
    "7": 0.0,
    "1": 0.09422695976080779,
    "home": 0.0,
    "know": 0.0,
    "great": 0.004410833853314797,
    "knowledg": 0.0,
    "season": 0.18208904586479008,
    "format": 0.0,
    "battl": 0.0,
    "baker": 0.3512258856657299,
    "appear": 0.0,
    "competit": 0.0,
    "uniqu": 0.0,
    "2019": 0.15919562209825142,
    "judg": 0.25139768190089945,
    "british": -0.0,
    "star": 0.0,
    "told": 0.0,
    "choos": 0.0,
    "tast": 0.0,
    "contest": 0.014756116991323499,
    "finish": 0.0,
    "twelv": 0.18379382989955484,
    "technic": 0.0227191504400198,
    "chosen": 0.02566873474171915,
    "realiti": 0.0,
    "episod": 0.09945601909519637,
    "broadcast": 0.03888815502200502,
    "premier": -0.0,
    "2020": 0.0,
    "tv": 0.0,
    "worst": 0.09584090627367961,
    "cook": 0.0,
    "recip": 0.2036836862005906,
    "amateur": -0.0,
    "altogeth": 0.0,
    "overview": 0.0,
    "rustic": 0.0,
    "crown": 0.3644711266169636,
    "bbc": 0.0,
    "signatur": -0.0,
    "bake": 0.34992335532090163,
    "kenyan": 0.11751745805327007,
    "showstopp": 0.005823430347331239
  }
}