{
  "qid": "143",
  "query": "Philanthropy",
  "rank": 0,
  "docid": 4990674,
  "coef": {
    "third": 0.0,
    "state": 0.07591855361569098,
    "major": 0.302300876928857,
    "karl": 0.0,
    "list": -0.0,
    "current": 0.08888515808532407,
    "origin": 0.0,
    "cultur": 0.0,
    "benefit": 0.0,
    "societi": 0.0,
    "journal": 0.0,
    "higher": 0.0,
    "nation": 0.3123234025114438,
    "region": 0.0,
    "demograph": 0.0,
    "creat": 0.0,
    "librari": 0.030599131185132904,
    "classic": 0.0,
    "section": 0.010974046718159622,
    "respons": 0.0,
    "public": 0.0,
    "gener": 0.0,
    "includ": 0.0,
    "address": 0.0,
    "histori": 0.0,
    "descript": 0.0,
    "call": -0.0,
    "event": 0.0,
    "forc": 0.0,
    "found": 0.0,
    "privat": 0.17545364826474064,
    "school": 0.0,
    "last": 0.0,
    "critic": 0.0,
    "work": 0.10852727619649197,
    "american": 0.13438873948130284,
    "america": 0.22303199916657293,
    "influenti": 0.0,
    "choic": 0.0,
    "develop": 0.0,
    "well": 0.0,
    "govern": 0.0,
    "review": 0.0,
    "group": 0.0,
    "depict": 0.01931436250547521,
    "academ": 0.0,
    "author": 0.028342311296205347,
    "time": 0.2398651295172718,
    "common": 0.0,
    "organ": 0.04192340470935099,
    "publish": 0.07898598031212903,
    "literatur": 0.0,
    "influenc": 0.0,
    "recent": 0.0,
    "myth": 0.0,
    "find": 0.0,
    "enhanc": 0.0,
    "field": 0.0,
    "live": 0.0,
    "collect": 0.0,
    "signific": 0.0,
    "direct": -0.0,
    "histor": 0.0,
    "new": 0.0,
    "produc": 0.0,
    "liber": 0.0,
    "free": 0.0,
    "effect": 0.0,
    "handl": 0.0,
    "who": 0.0,
    "accord": 0.0,
    "read": -0.0,
    "first": 0.2504705675028774,
    "result": 0.0,
    "past": 0.0,
    "part": 0.0,
    "problem": 0.0,
    "distribut": 0.1149363909840772,
    "war": 0.005584141530043329,
    "wai": 0.0026639658116419302,
    "unit": 0.0,
    "social": 0.09545316776899405,
    "centuri": 0.0,
    "individu": 0.0,
    "reason": 0.0,
    "refer": 0.0550825395350362,
    "give": 0.3057305692082267,
    "achiev": 0.0,
    "foundat": 0.0,
    "book": 0.319438802475108,
    "sale": 0.03860198796395385,
    "wrote": 0.06108283256380195,
    "associ": 0.0,
    "valu": 0.0,
    "varieti": 0.0,
    "statist": 0.0,
    "modern": 0.0,
    "hard": 0.0,
    "approach": 0.0,
    "definit": 0.0,
    "onlin": 0.0,
    "level": 0.0,
    "8": 0.0,
    "million": 0.0,
    "contain": 2.41576556361828e-05,
    "bleed": 0.0,
    "2015": 0.0,
    "present": 0.0,
    "cost": 0.0,
    "year": 0.14443569436603093,
    "copi": 0.06750015449835471,
    "accur": 0.0,
    "000": 0.0,
    "data": 0.0433261574594508,
    "investig": 0.0,
    "50": 0.0,
    "25": 0.11176646981634424,
    "15": 0.0,
    "recommend": 0.0,
    "treatment": 0.0,
    "select": 0.0,
    "report": 0.0,
    "analysi": 0.0,
    "theme": 0.0,
    "divid": 0.0,
    "given": 0.0,
    "comprehens": 0.18270746159947185,
    "hour": 0.0,
    "2016": 0.0,
    "compar": 0.0,
    "1": 0.14582188638685684,
    "explan": 0.010766826162491663,
    "globe": -0.0,
    "impact": 0.0,
    "great": 0.0,
    "content": 0.0,
    "graphic": 0.0033393295701289257,
    "least": 0.0,
    "text": 0.0,
    "written": 0.0,
    "hall": 0.0,
    "shatter": 0.0,
    "topic": 0.0,
    "thousand": 0.0,
    "13": 0.0,
    "orang": 0.0,
    "profil": 0.0,
    "tax": 0.0,
    "donat": 0.09753729997662426,
    "record": 0.0,
    "film": 0.023859265514818408,
    "380": 0.0,
    "300": 0.0,
    "counti": 0.04092487472621325,
    "poll": 0.07992695650040815,
    "percent": 0.0,
    "york": 0.0,
    "charter": 0.0,
    "greatest": 0.0,
    "pb": 0.0046940527584235685,
    "eleven": 0.0,
    "regist": 0.018870829065328037,
    "heart": 0.0,
    "economi": 0.0,
    "compass": 0.0,
    "wall": 0.0,
    "900": 0.0,
    "billion": 0.0,
    "twenti": 0.0,
    "monopoli": 0.0,
    "32": 0.0,
    "street": 0.0,
    "captur": 0.0,
    "polici": 0.0,
    "amazon": 0.01314684112980763,
    "chose": 0.13288054322116316,
    "purpos": 0.0,
    "wealthi": 0.0,
    "brief": 0.0,
    "almanac": 0.12499328705740165,
    "boston": -0.0,
    "volunt": -0.0,
    "page": 0.0,
    "worth": 0.0,
    "volum": 0.0,
    "47": 0.0,
    "solv": 0.0,
    "documentari": 0.038184426860793444,
    "atlant": 0.0,
    "sketch": 0.0,
    "thank": 0.0,
    "introduct": 0.0,
    "philanthropi": 0.25929330306883136,
    "philanthrop": 0.0,
    "sector": 0.0,
    "nonprofit": 0.0,
    "chariti": 0.0,
    "charit": 0.23720857425002997,
    "donor": 0.23470787849326055,
    "entri": 0.0,
    "fame": 0.0,
    "comic": 0.0,
    "novel": 0.01458091332641941,
    "nonfict": 8.202627952976298e-17,
    "chronicl": 0.0,
    "summar": 0.0,
    "embed": 0.0,
    "trend": 0.0,
    "wealthiest": 0.0,
    "jeff": 0.0,
    "iraq": 0.023759800865891623,
    "1636": -0.0,
    "360": 0.0,
    "overview": 0.0,
    "chart": 0.0,
    "giver": 0.03074125515630213,
    "timelin": 0.0,
    "graph": 0.0,
    "encapsul": 0.0,
    "jacobi": 0.0,
    "quotat": 0.22361068649989746,
    "marvel": 0.002814398807042223,
    "stingi": 0.0,
    "roundtabl": 0.0,
    "booklist": 0.0,
    "zinsmeist": 0.0
  }
}