{
  "qid": "144",
  "query": "Child Development",
  "rank": 2,
  "docid": 5883195,
  "coef": {
    "5": 0.15502818782847566,
    "union": 0.0,
    "right": 0.01393919834568538,
    "focus": 0.0,
    "emphasi": 0.0,
    "support": 0.2549365727154168,
    "earli": 0.0,
    "evalu": 0.0,
    "optim": 0.0,
    "countri": 0.4675813625060931,
    "middl": 0.0,
    "includ": 0.2621888531046959,
    "histori": 0.0,
    "found": 0.0,
    "oper": 0.0,
    "open": 0.0,
    "best": 0.0,
    "ag": 0.03076784573700332,
    "emot": 0.0,
    "american": 0.013685499852668977,
    "develop": 0.4129131840324573,
    "young": 0.0,
    "well": 0.0,
    "govern": 0.0,
    "affili": 0.0,
    "review": 0.0,
    "group": 0.0,
    "organ": 0.2868077465716578,
    "children": 0.4938350988131588,
    "non": 0.0,
    "advoc": 0.0,
    "child": 0.1570405708187812,
    "like": 0.16498277627792354,
    "effect": 0.0,
    "intern": 0.09669294589288746,
    "goal": 0.0,
    "practic": 0.0,
    "extern": 0.0,
    "social": 0.0,
    "promot": 0.40799287211407465,
    "releas": 0.0,
    "member": 0.0,
    "studi": 0.047686302886596366,
    "committe": 0.0,
    "base": 0.0,
    "foundat": 0.015323303047104777,
    "associ": 0.0,
    "sourc": 0.0,
    "varieti": 0.0,
    "global": 0.0,
    "seri": 0.0,
    "low": 0.0,
    "psycholog": 0.004418444048369169,
    "cognit": 0.0,
    "sustain": 0.0047638203580502815,
    "nutrit": 0.0,
    "characterist": 0.0,
    "program": 0.0,
    "focu": 0.005867399343199745,
    "face": 0.0,
    "research": 0.02303269171812152,
    "health": 0.0,
    "evid": 0.0035549985931060293,
    "childhood": 0.0,
    "univers": 0.028273977006891157,
    "document": 0.19020807721352898,
    "locat": 0.21500224741295235,
    "link": 0.20968919458459012,
    "dissemin": 0.03216850744075479,
    "risk": 0.0,
    "motor": 0.0,
    "factor": 0.0,
    "scientif": 0.022451447919812018,
    "2007": 0.3796955801277947,
    "intervent": 0.37361582324325476,
    "fund": 0.0,
    "receiv": 0.2634454004465996,
    "capac": 0.0,
    "incom": 0.0,
    "centr": 0.0,
    "itali": 0.0,
    "protect": 0.0,
    "west": 0.159448592320062,
    "convent": 0.23581330795834685,
    "2011": 0.0,
    "financi": 0.0,
    "campu": 0.0,
    "polici": 0.3815214663854784,
    "van": 0.167913762440722,
    "encourag": 0.0,
    "behaviour": 0.0,
    "faculti": 0.0,
    "score": 0.0,
    "un": 0.32247683330228577,
    "mission": 0.45230495089965633,
    "caribbean": 0.19847275214362883,
    "government": 0.0,
    "bernard": 0.0014937283485899407,
    "indi": 0.009268278940029932,
    "jamaica": 0.0,
    "organiz": 0.0,
    "steer": 0.0,
    "unicef": 0.0,
    "rockefel": 0.05444858457255175,
    "secretariat": 0.0,
    "lancet": 0.0,
    "leer": 0.002999710859484233,
    "bellagio": 0.0,
    "gcdg": 0.0
  }
}