{
  "qid": "136",
  "query": "Visual Journalism",
  "rank": 4,
  "docid": 5958607,
  "coef": {
    "emerg": 0.0,
    "journal": 1.6913063687058942,
    "educ": 0.0,
    "area": 0.0,
    "establish": 0.0,
    "review": -0.0,
    "commun": 1.7003207821800506,
    "academ": -0.0,
    "publish": 1.6089894249977716,
    "lawrenc": 0.0,
    "mass": 0.0,
    "offici": -0.0,
    "associ": -0.0,
    "sourc": 0.0,
    "peer": -0.0,
    "cover": -0.0,
    "visual": 0.31328234439613656,
    "univers": 1.3016304334502982,
    "index": 0.0,
    "chief": 1.2843121699042308,
    "divis": -0.0,
    "vega": 0.0,
    "la": 0.21345501854153545,
    "1994": 0.2049094110517783,
    "nevada": 0.0,
    "editor": 0.16193572922839047,
    "routledg": 0.0,
    "databas": 1.9003634392132243,
    "abstract": 0.0,
    "citat": 0.0,
    "quarterli": 0.0,
    "mullen": 0.0028727972921266443,
    "proquest": 0.0,
    "scopu": 0.0,
    "ebsco": 0.0
  }
}