{
  "qid": "129",
  "query": "Folk Music",
  "rank": 1,
  "docid": 440257,
  "coef": {
    "nation": 0.0,
    "music": -0.0,
    "call": 0.0,
    "see": 0.0,
    "known": 0.0,
    "extern": 0.0,
    "individu": 0.0,
    "mean": 0.0,
    "altern": -0.0,
    "link": 0.0,
    "languag": 0.8613447360931523,
    "south": 0.589235564249033,
    "macedonian": -0.0,
    "listen": 0.0,
    "folk": 1.2054769074174279,
    "slovenian": 0.0,
    "bulgarian": 0.1668326467740499,
    "bosnian": 0.0,
    "serbian": -0.0,
    "slavic": 0.0,
    "croatian": -0.0,
    "montenegrin": -0.0,
    "sloven": 1.981541454388162,
    "yugoslav": 0.2857101194366696,
    "narodna": 1.6623965629511355,
    "muzika": 0.43494711626910776,
    "glasba": 0.17013841892780593,
    "glazba": -0.0
  }
}