{
  "qid": "124",
  "query": "Charity",
  "rank": 9,
  "docid": 2600169,
  "coef": {
    "mai": 0.1413011105815417,
    "nation": 0.0,
    "name": 0.0,
    "previou": 0.0,
    "commun": 0.1442198542346375,
    "see": 0.0,
    "refer": 0.0,
    "match": -0.0,
    "great": 0.0,
    "annual": 0.0,
    "irish": 0.0,
    "cup": 0.41540308760372774,
    "britain": 0.0,
    "london": -0.0,
    "shield": 0.7304543767622357,
    "leagu": 0.0,
    "sheriff": -0.0,
    "award": 1.0569539712470328,
    "chariti": 0.19876643162905333,
    "sultan": 0.0,
    "ahmad": 0.016864784434426853,
    "disambigu": 0.0,
    "fa": 0.6272229703994251,
    "rugbi": -0.0,
    "surrei": 0.0,
    "trinidad": 0.0,
    "singapor": -0.0,
    "shah": 0.09579218474647644,
    "malaysian": -0.0,
    "maldivian": 3.638381381635506e-17,
    "tobago": 0.0,
    "nrl": 0.0,
    "haji": 0.0
  }
}