{
  "qid": "125",
  "query": "Doctor",
  "rank": 7,
  "docid": 3997571,
  "coef": {
    "third": 0.0,
    "list": 0.0,
    "current": 0.0,
    "right": 0.0,
    "public": 0.0,
    "includ": 0.0,
    "histori": -0.0,
    "later": 0.2304544453948178,
    "number": 0.0,
    "larg": 0.0,
    "second": 0.0,
    "issu": 0.0,
    "doctor": 0.19248933768894588,
    "time": 0.18226657736056653,
    "place": 0.05885656085837904,
    "see": 0.0,
    "collect": 0.34361205799614636,
    "direct": 0.0,
    "determin": 0.0,
    "new": 0.27977545905611195,
    "charact": 3.8762505030443824e-16,
    "who": 0.0,
    "first": 0.0,
    "war": -0.0,
    "continu": 0.2911381265791118,
    "decis": 0.0,
    "refer": 0.0,
    "seri": 0.0456436963740773,
    "occur": 0.0,
    "travel": 0.0,
    "stori": 0.12082213286022624,
    "televis": 0.0,
    "screen": 0.0,
    "fifth": 0.029210887671519848,
    "special": 0.0,
    "imag": 0.09470955084864806,
    "annual": 0.011640357779793583,
    "magazin": 0.24082415363336873,
    "sixth": 0.0,
    "hit": 0.0,
    "eighth": -0.0,
    "fourth": 0.0,
    "ninth": -0.0,
    "adventur": 0.30185123826654775,
    "short": 0.0,
    "tenth": 0.0,
    "seventh": -0.0,
    "regular": 0.12075211045532012,
    "familiar": 0.0,
    "launch": -0.0,
    "retir": -0.0,
    "eleventh": 0.0,
    "twelfth": 0.0,
    "strip": 0.0,
    "comic": 0.0,
    "protagonist": 0.0,
    "fi": -0.0,
    "sc": -0.0,
    "problemat": 0.0,
    "yearbook": -0.0,
    "incarn": 0.0,
    "offscreen": 0.0
  }
}