{
  "qid": "116",
  "query": "Malnutrition",
  "rank": 7,
  "docid": 3462517,
  "coef": {
    "be": 0.0,
    "can": 0.0,
    "countri": 0.0,
    "caus": 0.0,
    "basic": 0.0,
    "includ": 0.0,
    "polit": 0.0,
    "sever": 0.0,
    "fix": 0.0,
    "lack": 0.0,
    "organ": 0.0,
    "end": 0.0,
    "children": 0.0,
    "non": 0.5244805941580377,
    "problem": 0.0,
    "continu": 0.0,
    "human": 0.8025119134625314,
    "8": -0.0,
    "diseas": 0.0,
    "alon": 0.0,
    "widespread": 0.0,
    "food": 1.5555238042917623,
    "000": 0.0,
    "resolut": 0.0,
    "12": 0.0,
    "near": 1.3285658266959584,
    "deep": 4.0160006452186325e-15,
    "politic": 0.0,
    "turner": -0.0,
    "poverti": 0.5700424103447685,
    "southern": 0.0,
    "suffer": 1.1429435894045004,
    "malaria": 0.0,
    "aid": 1.3654569309196696,
    "tuberculosi": 4.576467410040039e-16,
    "fortif": 1.130550552646515,
    "africa": 0.0,
    "government": 0.4974973886828557,
    "overview": 0.0,
    "hiv": 0.0,
    "malnutrit": 0.5541842358661891,
    "zimbabw": 1.5166972083633343,
    "ngo": 0.0,
    "susten": 0.0,
    "zimbabwean": -0.0,
    "unend": 0.0,
    "malnourish": 0.0
  }
}