{
  "qid": "116",
  "query": "Malnutrition",
  "rank": 2,
  "docid": 2292893,
  "coef": {
    "state": -0.0,
    "seen": 0.0,
    "believ": 0.0,
    "caus": 0.004361891435772563,
    "complex": 0.0,
    "common": 0.0,
    "failur": 1.5971040125597282,
    "known": 1.9469913423773053,
    "surviv": 1.5299842990443069,
    "distinct": 0.0,
    "condit": -0.0,
    "diseas": 0.18832854584925565,
    "revers": 0.0,
    "popul": 0.7284288213345204,
    "patient": 0.0,
    "inflamm": 1.0508211881022511,
    "syndrom": 4.578377376727507e-15,
    "epidemiolog": 0.0,
    "energi": 0.0,
    "chronic": 2.259892486484418,
    "heart": 0.0,
    "protein": 0.0,
    "kidnei": 0.025842374837064246,
    "paradox": 0.16705884492374476,
    "malnutrit": 0.6679222552910763,
    "mic": 0.27349701884706384,
    "cachexia": 0.0,
    "urem": 0.2491479628198447
  }
}