{
  "qid": "148",
  "query": "Tea",
  "rank": 7,
  "docid": 4641626,
  "coef": {
    "major": 0.0,
    "blend": 0.0001766408972856134,
    "product": 0.0,
    "includ": 0.0,
    "credit": 0.11094517385402096,
    "world": 0.0,
    "oper": 0.1280929449383573,
    "host": 0.00037087697366699655,
    "american": 0.0,
    "carri": 0.20697022198000664,
    "singl": -0.0,
    "organ": 0.0,
    "end": 0.01820799718896978,
    "english": 0.14414387007856283,
    "mention": 0.0,
    "web": 0.0,
    "base": 0.04033058838915829,
    "8": 0.0,
    "rare": -0.0,
    "previous": 0.0,
    "ceas": 0.13178172970322344,
    "rang": 0.4533697541174998,
    "wild": 0.0,
    "locat": -0.0,
    "categori": 0.05245653858803507,
    "select": 0.0,
    "2018": 0.0,
    "addit": 0.0,
    "outer": 0.5970339847157317,
    "steep": 0.0,
    "season": -0.0,
    "cup": 0.0,
    "bowl": 0.0,
    "cast": 0.0001557795598492953,
    "retail": 0.0,
    "200": 0.0,
    "hill": 0.4959893145717401,
    "iron": 0.0,
    "room": 0.417074136057028,
    "announc": 0.7467341096709301,
    "downtown": 0.0,
    "beach": 0.0,
    "march": 0.0,
    "angel": 0.37405047081967785,
    "lo": 1.8844452810721505e-15,
    "bloom": -0.0,
    "estat": -0.0,
    "california": 0.0,
    "store": 0.3090930583234969,
    "beverli": 0.0,
    "rotat": 0.0,
    "specialti": 0.0,
    "tea": 0.4862833357134979,
    "herbal": -0.0,
    "grei": 0.06961424550482878,
    "glass": 0.0,
    "earl": 0.0,
    "newport": 0.009356883393630288,
    "accessori": 0.07931086321085008,
    "breakfast": 0.14347911613062528,
    "usda": 0.0,
    "scoop": 0.0,
    "porcelain": 0.2448151184885299,
    "cafe": 0.08493539487993347,
    "teapot": 0.0015829131578921334,
    "whisk": -0.0,
    "matcha": 0.0
  }
}