{
  "qid": "101",
  "query": "Mathematicians",
  "rank": 5,
  "docid": 4795635,
  "coef": {
    "list": 0.4937525577876582,
    "countri": 2.123757018457995,
    "includ": 0.0,
    "later": 4.338115079086121e-14,
    "see": 0.0,
    "who": 0.0,
    "scienc": 0.0,
    "technolog": 0.0,
    "brazil": 0.0,
    "born": 1.8718653144027895,
    "famou": 0.0,
    "mathematician": 2.2601416835049006,
    "brazilian": -0.0
  }
}