{
  "qid": "124",
  "query": "Charity",
  "rank": 7,
  "docid": 5044864,
  "coef": {
    "right": 0.14308219479990542,
    "organis": 0.0,
    "market": 0.0,
    "peopl": 0.18381283783302477,
    "support": 0.25212058204591725,
    "help": 0.22001272400571062,
    "differ": 0.0,
    "tool": 0.0,
    "includ": 0.0,
    "histori": 0.0,
    "came": 0.0,
    "event": 0.0,
    "found": 0.0,
    "best": 0.0,
    "tend": 0.0,
    "respond": 0.0,
    "work": -0.0,
    "larg": 0.0,
    "digit": 0.0,
    "difficulti": 0.15107721249921638,
    "well": 0.21024088633568175,
    "govern": 0.0,
    "aim": 0.0,
    "commun": 0.0,
    "abl": 0.0,
    "network": 0.05358811183905393,
    "field": 0.0,
    "see": 0.0,
    "wide": 0.0,
    "express": -0.0,
    "saw": 0.0,
    "transpar": 0.0,
    "20": 0.0,
    "sentiment": 0.0,
    "new": 0.0,
    "effect": 0.0,
    "amount": 0.13311003690870366,
    "similar": 0.0,
    "capit": 0.0,
    "who": 0.0,
    "first": 0.0,
    "idea": 0.0,
    "result": 0.08487427979775534,
    "wai": 0.0,
    "social": 0.0,
    "extens": 0.0,
    "littl": 0.0,
    "achiev": 0.0,
    "foundat": 0.0,
    "independ": 0.0,
    "voic": 0.07649094373078831,
    "across": -0.0,
    "2": 0.0,
    "train": 0.003952330825748439,
    "year": 0.0,
    "identifi": 0.0,
    "adequ": 0.0,
    "high": -0.0,
    "face": 0.0,
    "research": 0.0,
    "health": 0.0,
    "old": 0.0,
    "rate": 0.0,
    "grant": 0.0,
    "rang": 0.0,
    "18": -0.0,
    "assess": 0.0,
    "survei": 0.18201878837060084,
    "account": 0.0,
    "categori": 0.030753940392181895,
    "deal": 0.004069147903195729,
    "analysi": 0.0,
    "measur": -0.0,
    "2012": 0.0,
    "1": 0.0,
    "fund": 0.0002836979797469897,
    "know": 0.0,
    "applic": 0.0,
    "22": 0.0,
    "impact": 0.0,
    "manner": -0.0,
    "great": 0.0,
    "color": 0.0,
    "medium": -0.0,
    "clear": 0.044556083927874475,
    "400": -0.0,
    "team": 0.0,
    "competit": 0.0,
    "financi": 0.24713660217546857,
    "asian": 0.0005703149698479921,
    "indian": 0.0,
    "trust": 0.3513452220952009,
    "judg": 0.06924129929468338,
    "34": 0.0,
    "access": 0.0,
    "enterpris": 0.0,
    "knew": 0.03473509435195793,
    "highlight": -0.0,
    "conceiv": 0.0,
    "doubt": -0.0,
    "partner": 0.0,
    "nomin": 0.0,
    "technic": 0.0,
    "award": 0.09880873187189212,
    "tv": 0.0,
    "fair": 0.21352034105707662,
    "philanthropi": 0.0,
    "chariti": 0.3919940188119184,
    "charit": 0.0,
    "donor": 0.16908386418926208,
    "pr": 0.0,
    "databas": 0.0,
    "succe": 0.0,
    "clariti": 0.1431412371320432,
    "69": 0.027546292516878797,
    "robust": 0.0,
    "metric": 0.0,
    "empow": 0.0,
    "nair": 0.16461636702110577,
    "truste": 0.3781874032948624,
    "mori": 0.0,
    "manoj": 0.013388882500436192,
    "npc": 0.0,
    "ipso": 0.0,
    "shortlist": 0.0
  }
}