{
  "qid": "137",
  "query": "Online Companies",
  "rank": 3,
  "docid": 5194991,
  "coef": {
    "pai": 0.0,
    "list": 0.48020829548213884,
    "current": 3.1756655163626715e-16,
    "name": -0.0,
    "platform": 0.0,
    "adopt": 0.5480027866832032,
    "histori": 0.0,
    "allow": -0.0,
    "number": 0.0,
    "found": 0.0,
    "hold": 0.0,
    "work": 0.0,
    "internet": 0.0,
    "peter": 0.0,
    "new": 0.0,
    "like": 0.0,
    "similar": 2.8382785629088825e-16,
    "first": 0.15760985726958313,
    "user": -0.0,
    "unit": 0.0,
    "base": 0.0,
    "back": 0.0,
    "onlin": 0.6350444318075407,
    "car": 0.48696532969321804,
    "2015": 0.399483219748349,
    "uk": 0.15063001172543472,
    "model": 0.5981890638406376,
    "loss": 0.0,
    "rais": 0.0,
    "deliv": 0.31986613058203456,
    "inventori": 0.0,
    "3": 0.0,
    "home": 0.0766593095921649,
    "fund": 0.44624555504393926,
    "round": 9.19462462776485e-16,
    "site": 0.0,
    "invest": 0.0,
    "rocket": 0.0,
    "compani": 0.8383258321147645,
    "juli": 0.0,
    "financ": -0.0,
    "march": 0.3388948766129271,
    "consult": 0.8403888675209911,
    "bui": 0.2193690455054121,
    "choos": 0.0,
    "17th": 0.0,
    "launch": 0.0329075103584099,
    "berlin": 0.0,
    "kingdom": 0.0,
    "dr": 0.04964960583479856,
    "recept": -0.0,
    "promis": 0.0,
    "stock": 0.06949924933114228,
    "investor": 0.6075560707572647,
    "catalogu": 0.0,
    "dealer": -0.0,
    "startup": 0.4295725032568641,
    "maximilian": 0.021903471243817984,
    "incub": 0.036241747788111636,
    "vroom": 0.0,
    "29m": 0.0,
    "carvana": -0.0,
    "baumgart": 0.038625674865096785,
    "beepi": 0.0,
    "carspr": 0.0,
    "vollenbroich": 0.0
  }
}