{
  "qid": "138",
  "query": "Modern Art",
  "rank": 3,
  "docid": 1474004,
  "coef": {
    "mai": 0.0,
    "nation": 0.0,
    "art": 1.3945487835025439,
    "see": 0.0,
    "new": 0.0,
    "refer": 1.2595092282075249,
    "modern": 0.0,
    "uk": 0.0,
    "itali": 0.0,
    "galleri": 0.38637217589224776,
    "rome": 0.0,
    "india": 0.0,
    "scotland": 0.08873802759734142,
    "disambigu": -0.0,
    "scottish": 0.0,
    "mumbai": 0.0,
    "lago": 0.0,
    "delhi": 0.0,
    "bangalor": -0.0
  }
}