{
  "qid": "101",
  "query": "Mathematicians",
  "rank": 0,
  "docid": 38196,
  "coef": {
    "list": 0.32177098837061874,
    "right": 0.0,
    "religion": 0.005589921944242168,
    "muslim": 0.0,
    "nation": 0.017426226271256156,
    "italian": -0.0,
    "19th": 0.0,
    "world": 0.0,
    "american": -0.0,
    "women": 0.0,
    "academ": 0.0,
    "russian": 0.0,
    "artist": 0.0,
    "notabl": 0.0,
    "see": 0.3483578413732769,
    "collect": 0.0,
    "greek": -0.0,
    "theorist": -0.0,
    "extern": 0.0,
    "scientist": 0.345110846985986,
    "centuri": 0.0,
    "extens": 0.0,
    "made": 0.0,
    "ethnic": 0.20651393567935755,
    "characterist": 0.04673241903142991,
    "tabl": 0.0,
    "german": -0.0,
    "cover": 0.0,
    "detail": 0.0,
    "game": 0.0,
    "link": 0.0,
    "nbsp": 0.5139624244373621,
    "analyst": 0.0,
    "welsh": 0.0,
    "mathemat": 0.12665952143824763,
    "alphabet": 0.0,
    "comput": 0.0,
    "photograph": 0.09288613250833345,
    "film": -0.0,
    "project": 0.0,
    "jewish": 0.2191785080070494,
    "indian": -0.0,
    "african": -0.0,
    "born": 0.0,
    "biographi": 0.0,
    "profess": 0.026176955552402122,
    "photo": 0.0,
    "mathematician": 0.10114098117918453,
    "quantit": 0.0,
    "chines": -0.0,
    "polish": 0.0,
    "turkish": 0.0,
    "databas": 0.0,
    "hungarian": -0.0,
    "slovenian": 0.04746012514091387,
    "amateur": 0.0,
    "genealog": 0.0,
    "bengali": -0.0,
    "brazilian": -0.0,
    "ukrainian": 3.3557465280471014e-16,
    "statistician": 0.0,
    "iranian": 0.0,
    "andrej": 0.2239591932051442,
    "geomet": -0.0,
    "logician": -0.0,
    "probabilist": 0.0,
    "bauer": 1.26826518213126e-15,
    "centenarian": 0.0,
    "actuari": 0.0
  }
}