{
  "qid": "146",
  "query": "Non-profit Organization",
  "rank": 2,
  "docid": 10132,
  "coef": {
    "demonstr": 0.0,
    "list": -0.0,
    "extrem": 0.0,
    "name": -0.0,
    "section": 0.016512291867244348,
    "gener": 0.0,
    "includ": -0.0,
    "vari": 0.0,
    "exampl": 0.17383477360104888,
    "organ": 0.3277788740758898,
    "deriv": 0.0,
    "see": -0.0,
    "non": 0.0,
    "consid": 0.0,
    "specif": 0.0,
    "structur": 0.0,
    "produc": 0.0,
    "like": 0.0,
    "natur": 0.0683274891243119,
    "compon": 0.0,
    "bond": 0.0,
    "accept": 0.0,
    "black": 0.13634286309090743,
    "hard": 0.0,
    "occur": 0.0,
    "definit": 0.0,
    "weight": 0.0,
    "materi": 0.0,
    "mixtur": 0.0,
    "rang": 0.0,
    "valid": 0.0,
    "poor": 0.0,
    "fossil": 0.0,
    "water": 0.0,
    "proport": 0.0,
    "dioxid": 0.0,
    "desert": 0.0,
    "carbon": 0.0537597661442776,
    "amorph": 0.0,
    "substanc": 0.0,
    "crystallin": 0.011637484532382275,
    "composit": 0.0,
    "silicon": 0.0,
    "alphabet": 0.06305530162805031,
    "brown": 0.0,
    "wood": 0.0,
    "nearli": -0.0,
    "meteorit": 0.0,
    "percent": 0.0,
    "coal": 0.08560918138478675,
    "compact": 0.0,
    "possess": 0.0,
    "iron": 0.0,
    "98": 0.0,
    "miner": 0.36587976204605555,
    "solid": 0.0,
    "hair": 0.0,
    "pressur": 0.0,
    "mercuri": 0.0,
    "volcan": -0.0,
    "chemic": 0.0,
    "pure": -0.0,
    "sort": 0.0076691033866548766,
    "inclus": 0.0,
    "jet": 0.0,
    "liquid": 0.0,
    "rich": 0.1344893138498974,
    "pearl": 0.08690282400484768,
    "petroleum": 0.0,
    "libyan": 0.0,
    "hydrocarbon": -0.0,
    "decai": 0.0,
    "hydrat": 0.0,
    "lapi": 0.0,
    "glass": 0.3194054073628485,
    "amber": 0.0,
    "crystal": 0.5312470897948222,
    "wax": -0.0,
    "bitumin": 0.0,
    "lignit": -0.0,
    "oxid": 0.12596186164050086,
    "waxi": 0.0,
    "silica": 0.2740593228034504,
    "hydroxid": 0.04396269449782823,
    "lazuli": -0.0,
    "talc": 0.19478907398992154,
    "obsidian": 0.0,
    "lustrou": 0.0,
    "calcit": -0.0,
    "ima": 0.21267006705702365,
    "opal": -0.0,
    "anthracit": 0.0,
    "serpentin": 0.05132479432471289,
    "pumic": 0.0,
    "pele": 0.0,
    "aragonit": 0.0,
    "limonit": 0.0,
    "noncrystallin": -0.0,
    "tektit": 0.0,
    "diatomit": 0.0,
    "shungit": 0.0,
    "moldavit": 0.0,
    "psilomelan": 0.0,
    "mineraloid": 0.32994770108947474,
    "ozokerit": 0.0,
    "allophan": 0.0,
    "leonardit": -0.0,
    "pyrobitumen": 0.0,
    "chlorophaeit": 0.0,
    "sideromelan": -0.0,
    "stevensit": 0.0,
    "deweylit": 0.0,
    "zietrisikit": 0.0,
    "lechatelierit": -0.0,
    "chrysocolla": 0.0,
    "cnmnc": 0.0004606513349640999,
    "palagonit": 0.0
  }
}