{
  "qid": "143",
  "query": "Philanthropy",
  "rank": 1,
  "docid": 3899168,
  "coef": {
    "state": -0.0,
    "anonym": 0.030354627676066077,
    "focus": -0.0,
    "evalu": 0.0,
    "websit": 0.10313449109432926,
    "includ": 0.15278397658652337,
    "histori": 0.17914876826928305,
    "number": 0.15750310760988628,
    "establish": -0.0,
    "school": 0.48983348266484983,
    "guid": 0.015247747860635284,
    "coverag": 0.0,
    "group": 0.0,
    "william": 0.0,
    "small": 0.01938253129450578,
    "reli": 0.09480544077325627,
    "mention": -0.0,
    "accord": 0.0025685558545964922,
    "practic": 0.0,
    "media": 0.0,
    "unit": -0.0,
    "social": 0.0,
    "studi": 0.0,
    "give": 0.0,
    "foundat": 0.7374967502793881,
    "put": 0.0,
    "materi": 0.25430505087914723,
    "high": -0.0,
    "flora": 0.0,
    "univers": 0.0,
    "paper": 0.0,
    "fund": 0.49323485880280193,
    "impact": 0.17811774063080865,
    "busi": -0.0,
    "holidai": 0.3078859356866845,
    "center": 0.542791525963046,
    "2006": 0.715503185804006,
    "spring": 0.0,
    "twice": 0.0,
    "polici": 0.3607610142944795,
    "internation": 0.11862806799676331,
    "pennsylvania": 0.28683693474938476,
    "brief": 0.5486626592554806,
    "ford": 0.0,
    "philanthropi": 0.6985040385966235,
    "chariti": 0.026929395144140132,
    "maxim": 0.30600224101950657,
    "dean": 0.13259859445029068,
    "alumni": 0.5896097000908217,
    "blog": 0.695843810682304,
    "wharton": 0.0,
    "primer": 0.0,
    "hewlett": 0.0,
    "givewel": 0.6271893463154191
  }
}