{
  "qid": "138",
  "query": "Modern Art",
  "rank": 4,
  "docid": 3977328,
  "coef": {
    "found": 0.0,
    "art": 1.1015687191310763,
    "citi": 0.6090597851048625,
    "1999": 0.7272063693092223,
    "see": 2.2597110291813387e-15,
    "collect": 0.0,
    "who": 0.9867312160222619,
    "part": 0.7483127188654702,
    "modern": 0.0,
    "show": 1.165539953080565,
    "museum": 0.4807745857425614,
    "1978": 0.670574790311523,
    "born": 0.10437818196855432,
    "artwork": 0.0,
    "colombian": 0.14052792376700196,
    "bogot": 0.05492624347756454,
    "bora": 0.0,
    "medel": 0.3112942345873101,
    "mamm": 0.0,
    "arango": 0.0,
    "ikemura": 0.0037522359083331878,
    "leiko": 7.108439878203814e-17
  }
}