{
  "qid": "147",
  "query": "Discrimination",
  "rank": 0,
  "docid": 6033536,
  "coef": {
    "mai": 0.0,
    "gener": 0.0,
    "form": 0.0,
    "number": -0.0,
    "root": 0.0,
    "field": -0.0,
    "function": -1.4074134740411364,
    "determin": 1.536237084097212,
    "multipl": 0.0,
    "properti": 2.1060350407119467e-14,
    "refer": 0.0,
    "valu": -0.0,
    "statist": -0.0,
    "medicin": -0.0,
    "psycholog": -0.0,
    "modifi": -0.0,
    "depend": 0.0,
    "real": -0.0,
    "valid": -0.0,
    "analysi": -0.0,
    "mathemat": 0.0,
    "curv": 0.0,
    "algebra": 0.0,
    "quantiti": 1.2852476416552345,
    "discrimin": 1.5277879422077885,
    "fundament": -0.0,
    "modular": -0.0,
    "coeffici": 0.0,
    "quadrat": 0.0,
    "fisher": -0.9403471380111099,
    "ellipt": -0.0,
    "polynomi": 0.0,
    "kernel": -0.0,
    "maddrei": -0.0
  }
}