{
  "qid": "101",
  "query": "Mathematicians",
  "rank": 0,
  "docid": 38196,
  "coef": {
    "list": 0.16946548942747572,
    "right": 0.0,
    "religion": 0.08224079875452726,
    "muslim": -0.0,
    "nation": 1.7827400380731822e-15,
    "italian": -0.0,
    "19th": 0.0,
    "world": 0.0,
    "american": 0.0,
    "women": 0.0,
    "academ": 0.0,
    "russian": 0.0,
    "artist": 0.0,
    "notabl": 0.0,
    "see": 0.45554791836719155,
    "collect": 0.0,
    "greek": -0.0,
    "theorist": -0.0,
    "extern": 0.0,
    "scientist": 0.3308483542737192,
    "centuri": 0.0,
    "extens": 0.0,
    "made": 0.0,
    "ethnic": 0.207361799684023,
    "characterist": 0.21676988417883689,
    "tabl": 0.0,
    "german": 0.0,
    "cover": 0.0,
    "detail": 0.0,
    "game": 0.0,
    "link": 0.0,
    "nbsp": 0.6209667531535088,
    "analyst": -0.0,
    "welsh": -0.0,
    "mathemat": 0.1788157981262956,
    "alphabet": 0.0,
    "comput": 0.0,
    "photograph": 0.0,
    "film": -0.0,
    "project": 0.0,
    "jewish": 0.0,
    "indian": -0.0,
    "african": -0.0,
    "born": 0.0,
    "biographi": 0.0,
    "profess": 0.2538706524044391,
    "photo": 0.0,
    "mathematician": 0.24945621884327793,
    "quantit": 0.0,
    "chines": 0.0,
    "polish": 0.0,
    "turkish": -0.0,
    "databas": 0.0,
    "hungarian": -0.0,
    "slovenian": 0.0,
    "amateur": 0.0,
    "genealog": 0.0,
    "bengali": 0.0,
    "brazilian": 0.0,
    "ukrainian": 0.0,
    "statistician": 0.0,
    "iranian": 0.0,
    "andrej": 0.47385776493833254,
    "geomet": -0.0,
    "logician": -0.0,
    "probabilist": 0.0,
    "bauer": 4.665934381089672e-15,
    "centenarian": 0.0,
    "actuari": 0.0
  }
}