{
  "qid": "127",
  "query": "Clergy",
  "rank": 1,
  "docid": 4084767,
  "coef": {
    "state": 0.0,
    "list": 0.0,
    "grew": 0.10192081222443734,
    "privileg": 0.105755672015795,
    "element": 0.0,
    "men": 0.0,
    "st": 0.0,
    "middl": 0.26829876630494787,
    "servic": 0.392077966146762,
    "educ": 0.0,
    "form": 0.06947063100716395,
    "import": 0.0,
    "hold": 0.0,
    "ag": 0.0,
    "term": 0.0,
    "follow": 0.0,
    "late": 0.07473522824919387,
    "church": 0.24921493836796413,
    "larg": 0.2152002588955041,
    "land": 0.0,
    "well": 0.0,
    "rose": 0.0,
    "hierarchi": 0.0,
    "time": 0.2482857857480358,
    "rank": 0.0,
    "role": 0.0,
    "plai": 0.0,
    "influenc": 0.0,
    "institut": 0.0,
    "central": 0.0,
    "see": 0.0,
    "peter": 0.0,
    "known": 0.0,
    "effect": 0.05239482339936626,
    "who": 0.0,
    "posit": 0.029093130754694642,
    "member": 0.3429401814139376,
    "basi": 0.0,
    "council": 0.002637817087105173,
    "refer": 0.0,
    "realm": 1.220460518287727e-16,
    "independ": 0.0,
    "separ": 0.0,
    "modern": 0.0,
    "secular": 0.3364240417700692,
    "especi": 0.0,
    "hand": 0.1894800366278445,
    "contain": 0.0,
    "lower": 0.0,
    "high": 0.0,
    "grant": 0.0,
    "14": 0.0,
    "degre": 0.0,
    "upper": 0.009253076027448239,
    "mari": 0.0,
    "owner": 0.0,
    "largest": 0.04862376443849862,
    "administr": 0.0,
    "offic": 0.2008053828066549,
    "seat": 0.0,
    "cathedr": 0.2145025164910615,
    "vast": 0.0008365461574947691,
    "loyal": 0.0,
    "king": 0.3855345206629666,
    "decre": 0.0,
    "regular": 0.0,
    "dissolv": 0.0,
    "recruit": 0.08935725136920834,
    "impress": 0.0,
    "compet": 0.13841083458926973,
    "ensur": 0.0,
    "historian": 0.006178588678880785,
    "royal": 0.34061554997531807,
    "etern": 0.0,
    "norwai": 0.2208924402968241,
    "canon": 0.0,
    "stronger": 0.0,
    "loyalti": 0.0,
    "nobil": 0.3397882482999396,
    "chapter": 0.001320875268926984,
    "chapel": 0.09302637908713166,
    "norwegian": 0.0,
    "bishop": 0.0,
    "reign": 0.0,
    "ordinari": 0.0,
    "priest": 0.0,
    "andrea": 0.0,
    "ecclesiast": 0.0,
    "aristocrat": -0.0,
    "1300": 0.0,
    "aristocraci": 0.0,
    "oslo": 0.0,
    "chancellor": 0.0,
    "meritocraci": 0.0,
    "counterweight": 0.0,
    "clergi": 0.20061428219770316,
    "hereditari": 0.060916499914219,
    "provost": 0.37700118793920906,
    "munch": 0.0,
    "haakon": 0.042962927641492725,
    "1545": 0.0,
    "echelon": 0.05511534644433747,
    "1314": 0.0,
    "1308": 0.15195964475209817
  }
}