{
  "qid": "103",
  "query": "European Novelists",
  "rank": 1,
  "docid": 4920606,
  "coef": {
    "half": 0.0,
    "major": 0.0,
    "version": 0.0,
    "next": 0.0,
    "write": 0.0,
    "french": 0.0,
    "number": 0.0,
    "best": 0.0,
    "school": 0.0,
    "turn": 0.0,
    "work": 0.0,
    "act": 0.0,
    "time": 1.1530736039898234e-17,
    "plai": 0.9640238578713551,
    "novelist": 1.0339162089114622,
    "fiction": 0.0,
    "english": 0.10798414319035239,
    "northern": 0.8055262049526106,
    "greek": 0.0,
    "greec": 0.0023990580892727,
    "made": 0.0,
    "book": 0.0,
    "independ": 0.9370317203553739,
    "year": 0.7034856650769531,
    "translat": 1.0212265594503367,
    "graduat": 0.8055871291342543,
    "univers": 6.163644282520291e-15,
    "languag": 0.9882896691180811,
    "foreign": 0.03196909136272912,
    "european": 0.0,
    "mari": 0.6061922849040318,
    "written": 0.0,
    "2001": 0.0,
    "wall": 0.9247034471124349,
    "won": 0.0,
    "born": 0.6606671977105127,
    "went": 0.5871253471880483,
    "ann": 0.10285010297883579,
    "stanton": 0.0,
    "actor": 0.868462357533992,
    "nomin": 0.512009883504365,
    "edit": 0.053169817945012,
    "athen": 0.0,
    "prize": 0.015508447106592974,
    "1967": 0.0,
    "dozen": 0.0,
    "serr": 0.00863201140274416,
    "debut": 0.0,
    "stolen": 0.015313828457353166,
    "playwright": 0.0,
    "vang": 0.0,
    "if": 0.0,
    "laur": 0.0,
    "bataillon": 0.0,
    "hatziyannidi": 0.0
  }
}