{
  "qid": "113",
  "query": "Computer Scientists",
  "rank": 8,
  "docid": 2696703,
  "coef": {
    "state": 0.0,
    "think": 0.0,
    "biolog": 0.0,
    "highli": 0.0,
    "emerg": 0.06146867200976466,
    "focus": 0.0,
    "can": 0.0,
    "support": 0.6458196651562123,
    "nation": 0.28558353686691224,
    "led": 0.0,
    "help": 0.21204528780531606,
    "order": 0.0,
    "econom": -0.0,
    "foster": 0.0,
    "head": 0.0,
    "challeng": 0.0,
    "manag": 0.0,
    "found": 0.0,
    "bring": 0.0,
    "perform": 0.0,
    "need": 0.0,
    "establish": 0.2842748894228254,
    "involv": 0.0,
    "kei": 0.47766883161861035,
    "follow": 0.0,
    "david": -0.0,
    "far": 0.48967543170913014,
    "environment": 0.0,
    "aim": 0.0,
    "colleg": 0.14687153670898073,
    "commun": 0.01536565889313977,
    "time": 0.019952060879559586,
    "role": 0.09102195834381434,
    "plai": 9.385417608405756e-16,
    "newli": 0.0607679780698811,
    "institut": 0.0,
    "will": 0.0,
    "field": 0.0,
    "method": -0.0,
    "particip": 0.1267119692138513,
    "vision": 0.2622570077034503,
    "new": 0.07690962836398242,
    "effect": 0.2309980603033442,
    "goal": 0.0,
    "question": 0.0,
    "futur": 0.0,
    "problem": 0.0,
    "wai": 0.0,
    "scientist": 0.31763353905409064,
    "releas": 0.03830559309075215,
    "natur": 0.027446758056157244,
    "member": 0.0,
    "scienc": 0.268498358310244,
    "foundat": 0.0,
    "associ": -0.0,
    "2008": 0.0,
    "increas": 0.0,
    "techniqu": 0.0,
    "appli": 0.0,
    "year": 0.0,
    "sustain": 0.4873819918639606,
    "program": 0.0,
    "research": 0.0,
    "joint": 0.0,
    "univers": 0.5175847395278041,
    "grant": 0.0,
    "resourc": 0.011610474228771681,
    "methodolog": 0.0,
    "12": 0.0,
    "societ": 0.0,
    "reach": 0.0,
    "7": 0.0,
    "fund": 0.0,
    "ic": 0.3662456805387428,
    "balanc": -0.0,
    "mari": 0.0,
    "comput": 0.1542632161630891,
    "press": 0.0,
    "northwest": 0.0,
    "engin": 0.02794874731473123,
    "conserv": 0.0,
    "team": 0.3282854901742372,
    "pacif": 0.0,
    "expedit": 0.32300033366155917,
    "depart": -0.0,
    "thoma": -0.0,
    "announc": 0.0,
    "transform": 0.0,
    "oregon": 0.0,
    "quot": 0.0,
    "economist": 0.0,
    "biologi": 0.0,
    "mathematician": 0.14034948873357894,
    "effici": 0.20714035870466982,
    "solv": 0.288066946590466,
    "biologist": -0.0,
    "director": 0.0,
    "laboratori": 0.0,
    "howard": 0.0,
    "inject": 0.0,
    "alloc": 0.0,
    "ventur": 0.0,
    "interdisciplinari": 0.0,
    "insight": 0.0,
    "analog": 0.0,
    "141": 0.22773262938939942,
    "enrich": 0.23732572605731275,
    "nsf": 0.0,
    "deputi": -0.0,
    "cornel": 0.0,
    "08": 0.15716402586446068,
    "lou": 0.0,
    "vibrant": 0.0,
    "zeeman": 0.0,
    "bowdoin": -0.0,
    "gome": 0.12808981788307394,
    "carla": 7.140555169536563e-17,
    "osu": 0.0,
    "shmoi": -0.0,
    "dietterich": -0.0
  }
}