{
  "qid": "150",
  "query": "Street Art",
  "rank": 0,
  "docid": 4325291,
  "coef": {
    "aspect": 0.0,
    "state": 0.0,
    "major": 0.0,
    "list": 0.0,
    "urban": 0.0,
    "support": 0.01376941809084961,
    "public": 0.0,
    "wider": 0.0,
    "scene": 0.0,
    "includ": 0.27627646632255,
    "event": 0.010605005374953572,
    "form": 0.0,
    "found": 0.07413461375891757,
    "area": -0.0,
    "art": 0.20251118043399244,
    "well": 0.40580910682543875,
    "govern": 0.0,
    "citi": 0.0,
    "author": -0.0,
    "artist": 0.0,
    "central": 0.0,
    "place": 0.0,
    "see": 0.0,
    "local": 0.16441748229266304,
    "contemporari": 0.0,
    "past": 0.0,
    "wai": 0.5697006687097289,
    "council": 0.0,
    "physic": 0.3517796988487029,
    "full": 0.0,
    "previous": -0.0,
    "now": 0.4269633779617576,
    "locat": 0.0,
    "grow": 0.42940541312544167,
    "medium": 0.0,
    "centr": 0.24336187543993318,
    "ban": 0.0,
    "busi": 0.31639745389657115,
    "festiv": 0.0,
    "cultiv": 0.16145987139973572,
    "district": 0.0016322546324975388,
    "rout": 0.47754390590721973,
    "street": 0.4947010582211763,
    "bridg": 0.0,
    "jame": 0.0,
    "access": 0.0,
    "transport": 0.031472400087893974,
    "polici": 0.0,
    "paint": 0.0,
    "occas": 0.15629827983303327,
    "mall": 0.2564901586733156,
    "recognis": 0.03141177213383306,
    "australian": -0.0,
    "lane": 0.05775948061364692,
    "melbourn": -0.0,
    "oi": 0.0,
    "mural": 0.0,
    "bomb": 0.8039747785883538,
    "sydnei": -0.0,
    "stencil": 0.0,
    "graffiti": 0.0,
    "cochran": 0.0,
    "suburbia": 0.023957174282752722,
    "sticker": 0.0,
    "adelaid": 0.06561296553540884,
    "gamut": 0.0,
    "newtown": -0.0,
    "rundl": 0.0,
    "yarn": 0.0,
    "ebenez": 0.0,
    "hindlei": 0.0,
    "topham": 0.0,
    "morphett": 0.0,
    "dlux": 0.0
  }
}