{
  "qid": "130",
  "query": "Basketball",
  "rank": 9,
  "docid": 5623852,
  "coef": {
    "state": 0.012014559177712885,
    "list": 0.002194537835780218,
    "nation": 0.0,
    "world": 0.0,
    "follow": 0.4360983401312363,
    "women": 0.04251952942397495,
    "argentina": 0.33052884533428006,
    "group": 0.0,
    "will": 0.0,
    "franc": -0.0,
    "china": -0.0,
    "spain": 0.0,
    "greec": -0.0,
    "unit": 0.023835736965904332,
    "canada": -0.0,
    "30": 0.0,
    "16": 0.0,
    "12": 0.36604230839841906,
    "select": 0.0,
    "2018": 0.0,
    "22": 0.0,
    "cup": 0.05278062320360926,
    "held": 0.0948103351411035,
    "team": 0.5371175753810314,
    "tournament": 0.0,
    "septemb": 0.20294359625352862,
    "south": -0.0,
    "japan": -0.0,
    "compet": 0.0,
    "basketbal": 0.15524112530127857,
    "australia": 0.0,
    "player": 0.01624932145563032,
    "nigeria": 0.0,
    "belgium": -0.0,
    "turkei": 0.0,
    "korea": 0.0,
    "rico": -0.0,
    "puerto": -0.0,
    "fiba": 0.0,
    "seneg": 0.0,
    "squad": 0.3016254963400196,
    "latvia": -0.0
  }
}