{
  "qid": "111",
  "query": "Inequality",
  "rank": 5,
  "docid": 426342,
  "coef": {
    "inequ": 0.6253631518212233,
    "version": 0.6778551179461093,
    "seen": 0.0544507407690315,
    "can": 0.00025970352018062624,
    "name": 0.3049979660853024,
    "optim": -0.0,
    "write": 0.0,
    "call": -0.0,
    "form": -0.0,
    "follow": -0.0,
    "second": 0.0,
    "close": 0.0,
    "ident": 0.1182315857196387,
    "constant": 0.0,
    "function": 0.13300546933996885,
    "deriv": 0.2852893465802898,
    "see": 0.0,
    "todai": 0.011550622916267244,
    "equal": 0.5150953049501401,
    "known": 0.0,
    "histor": 0.0,
    "friedrich": 0.0,
    "onli": 5.339970510397386e-15,
    "similar": 0.0,
    "first": -0.0,
    "result": 0.04950566713570074,
    "continu": 0.2433845106092366,
    "condit": 0.0,
    "wilhelm": 0.06765285758913718,
    "met": 0.3214555682041978,
    "varieti": 0.0,
    "period": -0.0,
    "0": 0.0,
    "2": 0.5139231268915022,
    "prove": 0.0,
    "real": 0.0,
    "integr": 0.0,
    "analysi": 0.0,
    "nbsp": 0.0,
    "sub": 0.25005601860120524,
    "here": 0.0,
    "mathemat": 0.0,
    "desir": 0.0,
    "let": -0.08107865966664557,
    "sin": 0.7229175084119559,
    "proof": 0.13204239489125752,
    "vanish": 0.2797782661163764,
    "equival": 0.0,
    "dimension": 0.0,
    "1904": 0.5200226133940058,
    "theorem": -0.038895968015787166,
    "co": 0.0,
    "poincar": -0.0,
    "fourier": 0.0,
    "isoperimetr": 0.0,
    "parsev": 0.02063383422868149,
    "dirichlet": 0.0,
    "summand": 0.3225225074061811,
    "wirting": 0.0
  }
}