{
  "qid": "146",
  "query": "Non-profit Organization",
  "rank": 1,
  "docid": 4029090,
  "coef": {
    "state": -0.0,
    "cultur": 0.0,
    "emerg": 0.0,
    "societi": 0.500057003256261,
    "believ": 0.10832297383243189,
    "freedom": 0.0,
    "movement": 0.0,
    "revolut": 0.0,
    "begin": 0.0,
    "conduct": 0.0,
    "syria": 0.0,
    "violent": 0.0,
    "violenc": 0.09460142749572267,
    "call": 0.0,
    "polit": 0.0,
    "form": 0.0,
    "civil": 0.24708022852934416,
    "peac": 0.0,
    "chang": 0.5667023741886181,
    "aim": 0.0,
    "group": 0.008473430070725914,
    "strike": 0.0,
    "plan": 0.0,
    "organ": 0.0,
    "struggl": 0.18384916654627,
    "non": 0.5307787589210473,
    "known": 0.4582175449256423,
    "nonviol": 0.0,
    "produc": 0.0,
    "tactic": -0.0,
    "activ": 0.48594026196583273,
    "war": 0.3767742984698503,
    "wai": 0.37072812854744064,
    "social": 0.0,
    "spread": 0.17821873621831583,
    "dai": 0.5445213234764386,
    "achiev": 0.0,
    "grassroot": 0.0,
    "activist": 0.0,
    "happen": 0.0,
    "initi": 0.4597401770344637,
    "resist": 0.01919918365117183,
    "interact": 0.0,
    "visual": 0.0,
    "awar": 0.006141002606973524,
    "gather": 0.0,
    "project": -0.06576556607710947,
    "2011": 0.0,
    "map": 0.0,
    "government": 0.0,
    "syrian": 0.5375520211221332,
    "umbrella": 0.0,
    "digniti": -0.0,
    "karamah": 0.05157579055551059
  }
}