{
  "qid": "141",
  "query": "Human Exploration",
  "rank": 7,
  "docid": 1691842,
  "coef": {
    "product": 0.025316351442504752,
    "us": 0.0,
    "public": -0.003431168937803119,
    "servic": 0.0016806670501022635,
    "call": 0.0,
    "environment": 0.0,
    "softwar": 1.5933997817478964,
    "human": -0.0008525130407069803,
    "data": 0.20923003020232556,
    "explor": 1.7246282550190515,
    "compani": 1.503620651747254,
    "ibm": 0.0,
    "olfactori": -0.180967932807525,
    "unep": 0.0,
    "googl": -0.0,
    "exoplanet": 0.0,
    "azur": 0.0,
    "opendx": 0.0
  }
}