{
  "qid": "147",
  "query": "Discrimination",
  "rank": 0,
  "docid": 6033536,
  "coef": {
    "mai": 0.0,
    "gener": 0.0,
    "form": 0.0,
    "number": -0.0,
    "root": 0.0,
    "field": -0.0,
    "function": -0.8858129730726447,
    "determin": 0.7969428713356697,
    "multipl": 0.0,
    "properti": 1.1451247133797105e-14,
    "refer": 0.025745436724548643,
    "valu": -0.0,
    "statist": -0.0,
    "medicin": -0.0,
    "psycholog": -0.0,
    "modifi": -0.0,
    "depend": 0.0,
    "real": -0.0,
    "valid": -0.0,
    "analysi": 0.0,
    "mathemat": 0.018222293540346414,
    "curv": 0.0,
    "algebra": 0.0,
    "quantiti": 1.427944481926128,
    "discrimin": 1.469025447959233,
    "fundament": -0.0,
    "modular": -0.0,
    "coeffici": 0.0,
    "quadrat": 0.0,
    "fisher": -0.8649097638196563,
    "ellipt": -0.0,
    "polynomi": 0.0,
    "kernel": -1.1070319674460093e-14,
    "maddrei": -0.0
  }
}