{
  "qid": "146",
  "query": "Non-profit Organization",
  "rank": 0,
  "docid": 812406,
  "coef": {
    "state": 0.20069234419162335,
    "current": 0.00861929080997387,
    "organis": 0.0,
    "theoriz": 0.0,
    "seen": 0.0,
    "attempt": 0.0,
    "primarili": 0.0230982560668903,
    "societi": 0.0,
    "can": 0.0,
    "nation": 0.0,
    "creat": 0.0,
    "countri": -0.0,
    "order": 0.22306656645867567,
    "econom": 0.023504302962195484,
    "friendli": 0.0,
    "public": 0.0,
    "histori": 0.0,
    "polit": 0.36744849200098806,
    "civil": 0.0,
    "world": 0.0,
    "oper": 0.0,
    "come": 0.08726206495879843,
    "establish": 0.0,
    "limit": 0.0,
    "term": 0.0,
    "late": 0.0,
    "autonom": 0.0,
    "control": 0.3694490329446316,
    "interest": 0.019536848776209224,
    "object": 0.0,
    "develop": 0.0,
    "govern": 0.16952355494844795,
    "authoritarian": 0.0,
    "issu": 0.0,
    "propaganda": 0.0,
    "group": 0.0,
    "democrat": 0.0,
    "exampl": 0.0,
    "necessarili": 0.0,
    "role": 0.0,
    "organ": 0.07595608115510286,
    "democraci": 0.0,
    "function": 0.0,
    "set": 0.0,
    "see": 0.0,
    "non": 0.0,
    "contemporari": 0.0,
    "specif": 0.0,
    "china": 0.15609979081844816,
    "understand": 0.0,
    "liber": 0.0,
    "intern": 0.5622160264575792,
    "space": 0.0,
    "goal": 0.0,
    "posit": 0.0,
    "first": 0.0,
    "activ": 0.0,
    "social": 0.0,
    "promot": 0.0,
    "natur": 0.0,
    "studi": 0.004173484091751441,
    "directli": 0.0,
    "foundat": 0.0,
    "grassroot": 0.0,
    "associ": 0.0,
    "strategi": 0.0,
    "suggest": 0.08346218517314129,
    "valu": 0.0,
    "level": 0.0,
    "mechan": 0.1664677105803129,
    "context": 0.09735596509548324,
    "contact": 0.0,
    "introduc": 0.43652953678141726,
    "maintain": 0.0,
    "1980": 0.23693457220463943,
    "home": 0.0,
    "light": 0.26660731111518604,
    "foreign": 0.23588075200901673,
    "sound": 0.0,
    "cross": 0.0,
    "red": 0.0,
    "prolifer": 0.0,
    "poverti": 0.0,
    "domest": 0.0,
    "polici": 0.1686440504450736,
    "hidden": 0.0,
    "highlight": 0.3576841143840273,
    "purpos": 0.06196076005427215,
    "realiz": 0.0,
    "actor": 0.0,
    "endow": 0.01638874794143003,
    "sponsor": 0.0,
    "allevi": 0.0,
    "undermin": 0.0,
    "compromis": 0.21131232763973232,
    "intent": 0.0,
    "civic": 0.5781908830760013,
    "realiti": 0.09472138854393004,
    "delib": 0.2832740218741968,
    "abroad": 0.0,
    "humanitarian": 0.14869654142364883,
    "spirit": 0.06778158228090357,
    "nazism": 0.10295311911627644,
    "personnel": 0.0,
    "government": 0.3851190463044143,
    "feed": 0.16856104611836753,
    "confin": 0.296298257506703,
    "grei": 0.01622146904034354,
    "mimic": 0.0,
    "quasi": 0.0,
    "mitig": 0.0,
    "geopolit": 0.0,
    "indonesian": 0.0,
    "solicit": 0.0,
    "ngo": 0.0,
    "withhold": 0.0,
    "undemocrat": 0.0,
    "corporatist": 0.0,
    "unsurpris": 0.3356624164708698,
    "gongo": 0.44417118496926067,
    "nashi": 0.014748198747894865
  }
}