{
  "qid": "110",
  "query": "Clean Energy",
  "rank": 4,
  "docid": 4779418,
  "coef": {
    "state": 0.0,
    "market": 0.25081906567838624,
    "inspir": 0.0,
    "nation": 0.0,
    "region": 0.42056197997927236,
    "creativ": 0.006267597222146662,
    "challeng": 0.39744218158543715,
    "manag": 0.0,
    "form": 0.5371413014706479,
    "school": 0.8236581387221529,
    "build": 0.0,
    "america": 0.0,
    "develop": 0.10654659437346127,
    "complet": 0.08396602883369081,
    "feder": 0.0,
    "rank": 0.0,
    "plan": 0.0844045742073149,
    "student": 0.4650391749602295,
    "institut": 0.0,
    "white": 0.0963954424023577,
    "new": 0.0,
    "first": 1.1763922428798835e-06,
    "unit": 0.0,
    "promot": 0.0,
    "execut": 5.914695601797362e-05,
    "strategi": 0.0,
    "hous": 0.0,
    "technolog": 0.6850989055496806,
    "commit": 0.0,
    "initi": 0.0,
    "cell": -0.27611461538365856,
    "program": 0.06597958954755263,
    "background": 0.0,
    "advanc": 0.0,
    "look": 0.0,
    "recogn": 0.0,
    "univers": 0.21496446876858036,
    "commerci": 0.00017554707158527484,
    "intergovernment": 0.0,
    "receiv": -0.0,
    "impact": 0.0,
    "top": 0.0,
    "weather": 0.0,
    "composit": 0.0,
    "knowledg": 0.0,
    "energi": 0.7656875911150507,
    "solar": -0.4099706812047311,
    "fuel": 0.0,
    "clean": 0.1848923380089692,
    "held": 0.2274637009092667,
    "custom": 0.0,
    "west": 0.0,
    "team": 0.0,
    "washington": 0.337375343908259,
    "administr": 0.0,
    "busi": 0.005865714115296725,
    "competit": 0.0,
    "campaign": 0.5063584293599734,
    "2011": 0.0,
    "manufactur": 0.0,
    "financi": 0.3903797346726134,
    "offic": 0.0,
    "depart": 0.0,
    "vehicl": 0.0,
    "monei": -0.0,
    "obama": 0.26496770004407183,
    "maryland": 0.29592654265994583,
    "launch": 0.0,
    "compet": 0.3027896618493105,
    "renew": 0.0,
    "massachusett": 0.0,
    "chanc": 0.04348239111067178,
    "effici": 0.0,
    "winner": -0.0,
    "prize": 0.9145883478198947,
    "colorado": 0.0,
    "lab": 0.0,
    "solut": 0.11468698344296938,
    "grand": 0.0,
    "wind": 0.0,
    "ventur": 0.49423842872414303,
    "chemistri": 0.0,
    "rice": -0.0,
    "biomass": 0.0,
    "geotherm": 0.0,
    "mit": 0.0,
    "caltech": 0.5978754707347859,
    "entrepreneurship": 0.5386392559140257,
    "acc": -0.0,
    "hydropow": 0.0,
    "startup": 0.10213022675605395,
    "cleantech": 9.843090787268413e-06,
    "ncebpc": 0.22134210623270256
  }
}