{
  "qid": "106",
  "query": "Climate Change Activists",
  "rank": 8,
  "docid": 5628291,
  "coef": {
    "peopl": 0.7790850519599568,
    "societi": 0.0,
    "focus": 0.0,
    "product": 0.0,
    "fight": 0.0,
    "includ": 0.0,
    "feminist": 0.0,
    "joseph": 0.0,
    "host": 0.0,
    "work": 1.0631730681507245,
    "chang": 0.3001361674279507,
    "lawyer": 0.0,
    "far": 0.0,
    "environment": 0.43704882617052915,
    "femin": 0.0,
    "justic": 0.0,
    "live": 0.0,
    "advoc": 0.0,
    "featur": -0.0,
    "produc": 0.0,
    "who": 0.59235268510509,
    "first": 0.09514547249316138,
    "idea": 0.0,
    "problem": 0.0,
    "matter": 0.5820855818507766,
    "made": 0.029512902408069933,
    "base": 0.0,
    "scienc": 0.0,
    "foundat": 1.0363006851463334,
    "activist": 0.11883910052887313,
    "black": 2.6023247145168848e-17,
    "mother": 0.8178242965288833,
    "initi": 0.0,
    "uk": 0.0,
    "litig": -0.0,
    "2018": 0.8348547122783775,
    "fund": 0.5737092927524999,
    "run": 0.0,
    "receiv": 5.4399275743036335e-15,
    "climat": 0.9311346653237005,
    "geograph": 0.2664037077328281,
    "colour": 0.0,
    "season": 0.033719236912342014,
    "mari": 0.8821416391766623,
    "presid": 0.5389856752997667,
    "brown": 0.0,
    "team": 0.0,
    "expert": 0.0,
    "project": 0.29222029603835054,
    "campaign": 0.0,
    "asian": 0.0,
    "explor": 1.0888948662416384,
    "juli": 0.0,
    "23": 0.0,
    "indigen": 0.0,
    "senat": 1.1221115104502295,
    "man": 0.581408669246755,
    "polici": 0.17143874501437645,
    "invent": 0.2083632960148329,
    "undertak": 0.3534365376193182,
    "guest": 0.0,
    "highlight": 0.0,
    "robinson": 0.0,
    "johnson": 1.017269315941745,
    "launch": 0.0,
    "subsequ": -0.0,
    "biologist": 0.0,
    "episod": 0.5645562373761484,
    "elizabeth": 0.004336059946427305,
    "2020": 0.0,
    "australian": 0.0,
    "solut": 0.16148748718879546,
    "sander": 0.0,
    "ireland": 0.0,
    "intersect": 0.0,
    "phd": 0.0,
    "debut": 0.0,
    "specialis": 0.0,
    "marin": 0.0,
    "ibrahim": 0.0,
    "khan": 0.0,
    "comedian": 0.0,
    "doc": 0.9755892328331761,
    "podcast": 0.9857171926574244,
    "bangladeshi": 0.0,
    "sara": 0.0,
    "tessa": 0.5519164647608601,
    "berni": 0.0,
    "higgin": 0.0,
    "oumar": 0.0,
    "refram": -0.0,
    "rowntre": 0.0,
    "maev": 0.0,
    "ayana": 0.0,
    "hindou": 0.0,
    "solberga": 0.0,
    "tekola": 0.0
  }
}