{
  "qid": "137",
  "query": "Online Companies",
  "rank": 2,
  "docid": 1949928,
  "coef": {
    "societi": 0.0016171441871577269,
    "support": 0.005097596743740009,
    "mai": -0.0,
    "engag": 0.0,
    "creat": 0.0,
    "addition": 0.0,
    "industri": 0.014406355767526842,
    "section": 0.0,
    "product": 0.0,
    "presenc": 0.0,
    "websit": 0.0,
    "public": 0.0015422744370634078,
    "servic": 0.6683171517662361,
    "target": 0.0,
    "includ": 0.0,
    "histori": 0.0,
    "event": 0.0,
    "video": 0.0,
    "american": 0.013983553551111864,
    "america": 0.0,
    "interest": 0.0,
    "develop": 0.45351209022992856,
    "commun": 0.004991857074197119,
    "offer": 0.0,
    "time": 0.0,
    "organ": 0.0,
    "consum": 0.6108451954381239,
    "institut": 0.0,
    "relat": 0.08633885631004953,
    "known": 0.047158198960908705,
    "new": 0.0,
    "media": 0.17121908765899116,
    "multipl": 0.0,
    "first": 0.0,
    "web": 0.0,
    "philosophi": 0.0,
    "distribut": 0.0,
    "newspap": 0.0,
    "increasingli": 0.0,
    "social": 0.0,
    "releas": 0.0,
    "tradit": 0.0,
    "forum": 0.0,
    "compon": 0.0,
    "larger": 0.29892829909712876,
    "softwar": 4.452324997269662e-15,
    "execut": 0.0,
    "onlin": 0.5391298548322587,
    "televis": 0.07314201713720236,
    "physic": 0.27250072522783664,
    "contain": 0.1488044853013843,
    "contact": 0.6071315899854979,
    "initi": 0.0,
    "interact": 0.1279699707758684,
    "accommod": 0.0,
    "firm": 0.0,
    "now": 0.13457331768860378,
    "audienc": 0.0,
    "integr": -0.0,
    "convers": 0.0,
    "analyst": 0.0,
    "press": 0.0,
    "photograph": 0.4372929937683093,
    "site": 0.5925902927246891,
    "corpor": 0.3299825464897688,
    "packag": 0.0,
    "magazin": 0.0,
    "center": 0.22944145290831042,
    "compani": 0.5520984551135303,
    "station": 0.3565073918746758,
    "honor": 0.36108089302726626,
    "monitor": 0.0,
    "aggreg": 0.0,
    "biographi": 0.0,
    "partner": 0.0,
    "page": 0.0,
    "fundament": 0.0,
    "logo": 0.1187044596594341,
    "technic": 0.0,
    "award": 0.15194190715315226,
    "radio": 0.0,
    "1995": 0.0,
    "brand": 0.06087871469818948,
    "solut": 0.0,
    "databas": 0.0,
    "investor": 0.0,
    "newsroom": 0.16877686654543797,
    "feed": 0.0,
    "ongo": 0.0,
    "audio": 0.022128319076785006,
    "organiz": 0.0,
    "acoust": 0.6567584819087431,
    "kit": 0.0,
    "evangelist": 0.011052469169498489,
    "outlet": 0.0,
    "standalon": 0.002149297250923975,
    "disgruntl": 0.0,
    "spokespeopl": 0.0,
    "mediaroom": 0.0,
    "pressroom": 0.0
  }
}