{
  "qid": "104",
  "query": "Business Leaders",
  "rank": 0,
  "docid": 5344948,
  "coef": {
    "list": -0.0,
    "opposit": 0.0,
    "debat": 0.5674129225463223,
    "order": 0.5164382329811924,
    "respons": 0.01436946407952464,
    "includ": 0.0,
    "manag": 0.7710526547042241,
    "commonli": 0.0,
    "reaction": 0.014986835798256418,
    "govern": 0.40566849457868287,
    "issu": 0.3575976604732451,
    "time": 0.053114955860145974,
    "see": 0.0,
    "known": 0.0,
    "leader": 0.41359012597571587,
    "tactic": 0.42052649952513,
    "matter": 1.0660352149094026e-15,
    "member": 0.5273074762226913,
    "council": 0.0,
    "hous": -0.0,
    "schedul": 0.0,
    "counterpart": 0.0,
    "upper": 0.0,
    "assembl": -0.0,
    "held": 0.6862862330981485,
    "busi": 0.0,
    "cabinet": 0.0,
    "legisl": 0.0,
    "offic": 2.202630544871408e-16,
    "south": 0.8109967694976958,
    "bill": 0.0,
    "negoti": -0.0,
    "australia": 0.0,
    "australian": 0.0,
    "parliament": 0.0,
    "disambigu": -0.0,
    "allot": 0.0,
    "dealt": 0.0,
    "impedi": 0.0
  }
}