{
  "qid": "127",
  "query": "Clergy",
  "rank": 1,
  "docid": 4084767,
  "coef": {
    "state": 0.0,
    "list": 0.0,
    "grew": 0.007203437072085497,
    "privileg": 0.0,
    "element": 0.0,
    "men": 0.0,
    "st": 0.0,
    "middl": 0.2326881122424585,
    "servic": 0.2801851105321352,
    "educ": 0.0,
    "form": 0.12510871947436614,
    "import": 0.0,
    "hold": 0.0,
    "ag": 0.0033913109921275817,
    "term": 0.0,
    "follow": 0.0,
    "late": 0.06979526944637278,
    "church": 0.2723381654446073,
    "larg": 0.48116874380174496,
    "land": 0.0,
    "well": 0.0,
    "rose": 0.0,
    "hierarchi": -0.0,
    "time": 0.0462886209615252,
    "rank": 0.0,
    "role": 0.0,
    "plai": 0.0,
    "influenc": 0.0,
    "institut": 0.0,
    "central": 0.0,
    "see": -0.0,
    "peter": 0.0,
    "known": 0.0,
    "effect": 0.07024445554637704,
    "who": 0.0,
    "posit": 0.03582042207349636,
    "member": 0.2911767585925787,
    "basi": 0.0,
    "council": 0.002539275596246056,
    "refer": 0.0,
    "realm": 3.5975496592674945e-17,
    "independ": 0.0770079567727903,
    "separ": 0.0,
    "modern": 0.016593383893891842,
    "secular": 0.3843916852371886,
    "especi": 0.0,
    "hand": 0.12588689196149508,
    "contain": 0.0,
    "lower": 0.0,
    "high": 0.0,
    "grant": 0.11376986799753148,
    "14": 0.0,
    "degre": 0.0,
    "upper": 0.01111242582227039,
    "mari": 0.0,
    "owner": 0.0,
    "largest": 0.03900232880494313,
    "administr": 0.0,
    "offic": 0.2543406744562489,
    "seat": 0.13253007804074163,
    "cathedr": 0.18102614592562155,
    "vast": 0.0,
    "loyal": 0.0,
    "king": 0.35177826412957064,
    "decre": 0.0,
    "regular": 0.0,
    "dissolv": 0.0,
    "recruit": 0.04032576357298105,
    "impress": -0.0,
    "compet": 0.20445646948978907,
    "ensur": 0.0,
    "historian": 0.0,
    "royal": 0.35615429294982454,
    "etern": 0.0,
    "norwai": 0.17147858767496227,
    "canon": 0.0,
    "stronger": 0.0,
    "loyalti": 0.0,
    "nobil": 0.3636177968082891,
    "chapter": 0.021445523320172025,
    "chapel": 0.12851540258729083,
    "norwegian": -0.0,
    "bishop": 0.02529237211906007,
    "reign": 0.0,
    "ordinari": 0.0,
    "priest": 0.0,
    "andrea": 0.0,
    "ecclesiast": 0.0,
    "aristocrat": 0.0,
    "1300": 0.0,
    "aristocraci": 0.0,
    "oslo": 0.06679829231210649,
    "chancellor": 0.0,
    "meritocraci": 0.0,
    "counterweight": 0.0,
    "clergi": 0.10120759587772563,
    "hereditari": 0.09265349423682265,
    "provost": 0.2906501629880092,
    "munch": 0.0,
    "haakon": 0.024784193352235365,
    "1545": 0.0,
    "echelon": 0.126331918353832,
    "1314": 0.0,
    "1308": 0.28795410441937286
  }
}