{
  "qid": "103",
  "query": "European Novelists",
  "rank": 5,
  "docid": 3739480,
  "coef": {
    "french": 0.0,
    "octob": 1.5814049416472291,
    "publish": 2.255704224050153,
    "struggl": 1.7362221397309945,
    "novelist": 0.0,
    "extern": 0.0,
    "link": 0.0,
    "jean": 2.6462703650193466,
    "1": 1.1021512231976691,
    "european": 9.177835970205588e-15,
    "angel": 2.364038859518235,
    "combat": 0.5318913272145988,
    "1934": 0.0,
    "novel": 0.0,
    "playwright": 0.0,
    "dition": 0.0,
    "ang": 0.17603772928439954,
    "avec": 1.0116169062421694e-16,
    "grasset": 0.0,
    "giraudoux": 0.0,
    "pubn": 0.0
  }
}