{
  "qid": "111",
  "query": "Inequality",
  "rank": 1,
  "docid": 4054998,
  "coef": {
    "state": 0.0,
    "inequ": 0.0,
    "support": 0.0,
    "element": 0.0,
    "differ": 0.0,
    "form": 0.02798101268146934,
    "number": 0.0,
    "formal": 0.0,
    "follow": 0.005241630752244527,
    "young": 0.3560027134669141,
    "singl": 0.0,
    "treat": 0.04768224863003214,
    "exampl": 0.15668400276023656,
    "field": 0.00341338298565316,
    "constant": 0.0,
    "function": 0.27519189827252294,
    "deriv": 0.03310404267534552,
    "non": 0.0,
    "consid": 0.0,
    "impli": 0.0,
    "friedrich": 0.0,
    "onli": 0.22887886475937425,
    "structur": 0.0,
    "space": 0.251160937171432,
    "notion": -0.0,
    "theori": 0.0,
    "distinct": 0.0,
    "independ": 0.3439875085544082,
    "power": 0.4511625746706242,
    "norm": 0.5187356811456378,
    "landau": 0.0,
    "simpl": 0.0,
    "subset": 0.3099120953559981,
    "real": 0.0,
    "valid": 0.1634485902997905,
    "integr": 0.0,
    "analysi": 0.0,
    "nbsp": 0.16889584226932056,
    "1": 0.0,
    "sub": 0.0,
    "applic": 0.0,
    "mathemat": 0.09904831948052355,
    "alpha": 0.19734697597420306,
    "squar": 0.12622786753806758,
    "fourth": 0.0,
    "equival": 0.0,
    "integ": 0.0,
    "ge": 0.0,
    "lie": 0.05169573422426843,
    "equip": 0.0,
    "abstract": 0.0,
    "interpol": 0.39464349839267493,
    "vector": 0.0,
    "theorem": -0.0,
    "compactli": 0.1678756835845507,
    "gradient": 0.3372568127147395,
    "convolut": 0.3692748189829132,
    "expon": 0.0,
    "nash": -0.0,
    "kolmogorov": 0.0,
    "nirenberg": -0.004726884895423576,
    "riesz": -0.0,
    "rarr": -0.0,
    "nabla": 0.11292940554947814,
    "middot": 0.07910944727109985,
    "marcinkiewicz": -0.0,
    "thorin": -0.0,
    "sobolev": 0.08472787015651675,
    "ladyzhenskaya": 0.16533256317600636,
    "agmon": -0.0,
    "gagliardo": -0.0
  }
}