{
  "qid": "114",
  "query": "Songwriting",
  "rank": 7,
  "docid": 1712320,
  "coef": {
    "nation": 0.0,
    "mid": 0.0,
    "music": 0.20360690348678773,
    "began": 0.06921438369997299,
    "ag": 0.5269182693976104,
    "american": 0.0,
    "church": 0.07245298057552921,
    "popular": 0.0,
    "child": 0.0,
    "intern": 0.0,
    "john": 0.0,
    "associ": 0.0,
    "present": 0.0,
    "recognit": 0.0,
    "recogn": 0.0,
    "famili": 0.0018484035680017346,
    "select": 0.0003964009998682107,
    "hall": -0.0,
    "brown": 0.0,
    "washington": 0.0,
    "gospel": 0.0,
    "competit": 0.42483359388661973,
    "2001": 0.0,
    "fourth": 0.0,
    "baptist": 0.13444631451966993,
    "southern": 1.0391046991666083e-15,
    "won": 0.0,
    "born": 0.0,
    "poet": 0.0,
    "sing": 0.4399013991963279,
    "biographi": 0.0,
    "ab": 0.04855480619333832,
    "virginia": 0.32375466881311393,
    "contest": 0.0,
    "richmond": 0.0,
    "excel": 0.0,
    "academi": 0.5944290188597173,
    "scholarship": 0.3391572940687393,
    "award": 0.39702035551191234,
    "album": 0.0,
    "atlant": 0.0,
    "song": 0.0,
    "1991": 0.23199079993566282,
    "recipi": 0.17653953569565017,
    "singer": 0.0,
    "fame": 0.3166750267236778,
    "songwrit": 0.7034445739633197,
    "billboard": 0.31842305947816485,
    "discographi": 0.0,
    "lennon": 0.0,
    "maxin": 0.6666240400996498,
    "nanett": 8.055703211604417e-15,
    "oleman": 0.0,
    "unisong": 0.05747905789775711
  }
}