{
  "qid": "134",
  "query": "Botany",
  "rank": 2,
  "docid": 606430,
  "coef": {
    "state": 0.0,
    "journal": 0.0,
    "mai": 0.0,
    "men": -0.0,
    "us": 0.0,
    "town": 0.0,
    "art": 0.0002057865315070636,
    "life": 0.0,
    "place": 0.0,
    "see": -0.0,
    "new": 0.0,
    "media": 0.0,
    "unit": 0.0,
    "studi": 0.0,
    "refer": 0.0,
    "band": 0.0,
    "black": 0.0,
    "metal": 0.0,
    "scientif": 0.0,
    "plant": 0.0,
    "cloth": -0.0,
    "centr": 0.8198320446464644,
    "bai": 0.0,
    "shop": 0.0,
    "suburb": 0.9404649196662657,
    "project": 0.0,
    "entertain": 0.0,
    "manufactur": 0.0,
    "south": 0.1393268504472689,
    "district": 0.0,
    "elector": 0.27552149189507946,
    "500": 0.0,
    "precinct": 0.3958214759262043,
    "botanist": 0.0,
    "botani": 1.2954960131043707,
    "slovakia": 0.49987954747283186,
    "australia": 8.277367532969094e-16,
    "houston": 0.0,
    "rap": 0.986497153756173,
    "crew": 0.0,
    "parliamentari": 0.0,
    "disambigu": 1.2412691319457012,
    "bo": 0.00012230911460903225,
    "villag": 0.0,
    "wale": 0.022313280883859834,
    "zealand": -0.0,
    "botan": -0.0,
    "sydnei": 0.0,
    "auckland": -0.0,
    "boyz": 0.00021358762261577719,
    "botaniqu": -0.0
  }
}