{
  "qid": "134",
  "query": "Botany",
  "rank": 5,
  "docid": 4757514,
  "coef": {
    "mai": 0.0,
    "nation": 0.0,
    "england": 2.0936505693788665,
    "institut": 0.9951087143852995,
    "see": 0.6172533493326928,
    "china": 0.0,
    "scienc": 0.0,
    "refer": 0.0,
    "adi": 0.6917900002396592,
    "agricultur": 0.47045096608653647,
    "academi": 0.0,
    "botani": 1.901537124540201,
    "chines": 0.0,
    "aw": 0.0,
    "poland": 0.0,
    "kunm": -0.0,
    "jiangsu": 0.0,
    "szafer": 0.0
  }
}