{
  "qid": "107",
  "query": "Seafood",
  "rank": 3,
  "docid": 4379056,
  "coef": {
    "list": -0.0,
    "union": 0.0,
    "type": 0.0,
    "can": 0.0037874924507580784,
    "north": 0.0,
    "mai": 0.057002605145754046,
    "nation": 0.0,
    "industri": -0.0,
    "product": 0.15252725608072326,
    "concept": 0.0,
    "servic": 0.0,
    "includ": -0.0,
    "take": 0.0,
    "french": 0.0,
    "world": 0.0,
    "oper": 0.0,
    "open": 0.0,
    "due": 0.07159233592686551,
    "area": 0.0,
    "ag": 0.0,
    "involv": 0.0,
    "town": 0.2597474310434164,
    "vari": 0.1065291522953414,
    "american": 0.0,
    "larg": 0.0,
    "america": 0.0,
    "expens": 0.0,
    "feder": 0.0,
    "citi": 0.0,
    "offer": 0.0,
    "consum": 0.0,
    "institut": 0.0,
    "road": 0.0,
    "see": -0.0,
    "non": 7.012536476017486e-07,
    "live": 0.0,
    "new": 0.49234064945168937,
    "capit": 0.0,
    "oppos": 0.0,
    "releas": 0.11647136832338145,
    "continu": 1.2638601831809787e-05,
    "member": 0.0,
    "sale": 0.1747742132646321,
    "hous": 0.0,
    "style": 0.0,
    "2008": 0.040900132600386906,
    "back": 0.0,
    "level": 0.0,
    "estim": 0.0,
    "year": 0.09026955732235586,
    "focu": 0.0,
    "typic": 0.0,
    "avail": 0.0,
    "wild": 0.0,
    "locat": 0.0,
    "special": 0.0,
    "weigh": 0.1615591516969475,
    "select": 0.13494873140844288,
    "imag": 0.18190495541549087,
    "theme": 0.0,
    "quarter": 0.0,
    "consist": 0.0,
    "design": 0.0,
    "compar": 0.0056494116815899355,
    "home": 0.0,
    "fresh": 0.0,
    "net": 0.029456748160679763,
    "addit": 0.0,
    "nearbi": 0.0,
    "frozen": 0.0,
    "season": 0.11514553392397257,
    "restaur": 0.25737049478096546,
    "bar": 0.0,
    "kept": 0.0,
    "georg": -0.0,
    "item": 0.032929295121484604,
    "oldest": 0.017912943887112745,
    "fish": 0.2739066242666167,
    "retail": 0.06894694082675541,
    "busi": 0.0,
    "nathan": 0.0,
    "prepar": 0.3565967948034619,
    "hotel": 0.0,
    "decemb": 0.0,
    "orlean": 0.0,
    "jordan": 0.0,
    "york": 0.0,
    "louisiana": 0.0,
    "2009": 0.03813579525691992,
    "south": 0.08132930901004305,
    "freshwat": 0.0,
    "compani": 0.0,
    "room": 0.09966387103486703,
    "captur": 0.0,
    "januari": 0.0070204113604829775,
    "desir": 0.0,
    "quick": 0.0,
    "briefli": 0.0,
    "carolina": 0.0,
    "boston": 0.1874774384610175,
    "massachusett": 6.432029716719233e-16,
    "decor": 0.3250057620185926,
    "interior": 0.0,
    "140": 0.07467217225081565,
    "dub": 0.0,
    "chines": 0.0,
    "vessel": -0.0,
    "cuisin": -0.0,
    "dish": 0.0,
    "dine": 0.0,
    "exterior": 0.0,
    "layout": 0.0,
    "kong": 0.0,
    "chicken": 0.002946499679695564,
    "hong": 0.0,
    "crab": 0.1345614198596795,
    "shrimp": 0.0,
    "prawn": 0.0,
    "240": -0.0,
    "marin": 0.0,
    "seafood": 0.3102588236905674,
    "raw": 0.16317487036249234,
    "fisheri": 0.0,
    "harbor": 0.0007205702096304708,
    "beef": 0.0,
    "tank": -0.0,
    "korea": 2.6310857887528995e-16,
    "chip": 0.0,
    "barbecu": 0.0,
    "lobster": 0.337425887459743,
    "ornat": 0.0001223205237941868,
    "cantones": 0.0,
    "upscal": 0.0,
    "oyster": 0.2602427919898513,
    "shellfish": 0.09751861186172757,
    "fare": 0.04183058061962416,
    "mussel": 0.0,
    "sushi": 0.0,
    "nautic": 0.001096026388166528,
    "buoi": 8.492148078208777e-17,
    "clam": 0.0,
    "waterfront": 0.0,
    "shamrock": 0.0,
    "crawfish": 0.0,
    "calabash": -0.0,
    "frier": 0.0,
    "steakhous": -0.0,
    "gampo": 0.0,
    "gyeongju": 0.0,
    "eup": 0.0,
    "midscal": 0.0
  }
}