{
  "qid": "113",
  "query": "Computer Scientists",
  "rank": 4,
  "docid": 5650071,
  "coef": {
    "state": 0.0,
    "list": 0.03628613103177188,
    "current": 0.0,
    "cultur": 0.0,
    "theoret": 0.0,
    "movement": 0.0,
    "middl": 0.0,
    "write": 0.0,
    "writer": 0.006303764027245639,
    "includ": 0.0,
    "educ": 8.67637771796523e-17,
    "found": 0.0,
    "professor": 0.0,
    "best": 0.04088805839890797,
    "video": 0.0,
    "follow": 0.04890028496493729,
    "david": -0.0,
    "work": 0.27902971201063054,
    "american": 0.0,
    "futurist": 0.0,
    "electron": 0.0,
    "creation": 0.004908656234321749,
    "william": -0.0,
    "commun": 0.0,
    "author": 0.0,
    "artist": 0.14434959613521464,
    "notabl": 0.1702989218802757,
    "institut": 0.0,
    "pioneer": 0.0,
    "field": 0.0,
    "contemporari": 0.0,
    "known": 0.006112876787266316,
    "advoc": 0.0,
    "new": 0.0,
    "contribut": 6.87604035322079e-17,
    "produc": 0.0,
    "free": 0.0,
    "effect": 0.0,
    "john": 0.0,
    "first": 0.0,
    "scientist": 0.1653743518651437,
    "unit": 0.0,
    "andrew": 0.0,
    "compos": -0.0,
    "east": 0.0,
    "softwar": 0.0,
    "execut": 0.0,
    "technolog": 0.0,
    "serv": 0.0,
    "human": 0.0,
    "televis": 0.0,
    "physic": 0.0,
    "ethnic": 0.0,
    "stage": 0.0,
    "greater": 0.0,
    "uk": 0.0,
    "model": 0.0,
    "food": 0.06967468196776384,
    "patient": 0.0,
    "face": 0.0,
    "research": 0.0,
    "visual": 0.2756149808174142,
    "physician": 0.0,
    "imag": 0.0,
    "design": 0.0,
    "electr": 0.0,
    "nasa": 0.0,
    "energi": 0.08163489375786138,
    "rai": 0.0,
    "graphic": 0.29695572920030894,
    "comput": 0.441957853873395,
    "presid": 0.0,
    "photograph": 0.0,
    "topic": 0.0,
    "tom": 0.0,
    "corpor": 0.12880871630419996,
    "engin": 0.37726911326761153,
    "jim": 0.0,
    "edward": 0.0,
    "crow": 0.0,
    "film": 0.8406904301531496,
    "richard": 0.0,
    "28": 0.0,
    "expert": 0.0,
    "morri": 0.0,
    "anim": 0.0,
    "york": 0.009557586761842405,
    "clark": 0.0,
    "136": 0.0,
    "compani": 0.5279463413774573,
    "judg": 0.0,
    "1993": 0.0,
    "won": 0.0,
    "osteopath": 0.0,
    "jame": 0.0,
    "park": -0.0,
    "born": 0.0,
    "patent": 0.0,
    "harri": 0.22075697238902947,
    "chairman": 0.0,
    "joel": 0.0,
    "allen": 0.0,
    "actor": -0.0,
    "franklin": 0.048486820019754885,
    "walt": 0.0,
    "duff": 0.0,
    "theatr": 0.5314530679001365,
    "edwin": -0.0,
    "smith": 0.0,
    "nomin": 0.22668494973661524,
    "faculti": 0.0,
    "excel": 0.0,
    "architect": 0.5049117444360122,
    "harvei": 0.0,
    "award": 0.5719947901720698,
    "director": 4.504985885005555e-05,
    "score": -0.0,
    "studio": 0.3814735278491932,
    "documentari": 0.0,
    "disnei": 0.0,
    "emmi": 0.0,
    "laboratori": 0.0,
    "basketbal": 0.0,
    "screenwrit": -0.0,
    "ladi": 0.0,
    "jet": 0.0,
    "nelson": 0.0,
    "bruce": 0.0,
    "maker": 0.0,
    "atom": 0.4005124552543338,
    "creator": -0.0,
    "coach": 0.003339269850156441,
    "player": 0.0,
    "entrepreneur": 0.0,
    "freder": -0.0,
    "ed": 0.0,
    "lewi": -0.0,
    "evan": 0.0,
    "frank": 0.0,
    "barbara": 0.0,
    "physicist": 0.26903545410721036,
    "rebecca": 0.0,
    "programm": 0.31104637153538683,
    "jerom": 0.0,
    "pat": 0.0,
    "inventor": 0.1422814914298934,
    "bernard": 0.0,
    "ralph": 0.0,
    "cg": 0.2766656287714071,
    "pixar": 0.0,
    "glenn": 0.0,
    "burwel": 0.0,
    "propuls": 0.0,
    "playwright": 0.007190089652866934,
    "lynn": 0.19662932668376654,
    "greg": 0.0,
    "nixon": 0.004726358668977412,
    "doodl": 0.0,
    "cinematograph": 0.0,
    "isra": 0.0,
    "emeritu": 0.0,
    "jacqu": 0.0007549947470175561,
    "izadi": 0.436970139360415,
    "37th": 0.0,
    "kurd": 0.0,
    "rockefel": 0.0,
    "snyder": 0.16134143852479038,
    "carter": 0.0,
    "kenneth": 0.0,
    "guggenheim": 0.0,
    "manfr": 0.0,
    "conti": 0.0,
    "erni": 0.0,
    "lanc": 0.0,
    "netscap": 0.0,
    "sheldon": 0.0,
    "reino": 0.0,
    "peren": 0.0,
    "murrow": 0.0,
    "alvi": 0.0,
    "kirchheim": 0.0,
    "pano": 0.0,
    "cheez": 0.13700840111510212,
    "hanrahan": 0.0,
    "rogoff": 0.0,
    "emshwil": 0.0,
    "hurwitz": 0.0,
    "blinn": 0.0,
    "catmul": -0.0,
    "brudner": 0.0,
    "yohai": 0.08074226595167074,
    "mehrdad": 0.0,
    "anasto": 0.0,
    "genes": 0.0,
    "glassner": 0.0,
    "aarnio": 0.0,
    "difrancesco": -0.0,
    "riland": 0.0,
    "strowei": 0.0,
    "photoscientist": -0.0,
    "fryshman": 0.0
  }
}