{
  "qid": "111",
  "query": "Inequality",
  "rank": 5,
  "docid": 426342,
  "coef": {
    "inequ": 0.6519412459615326,
    "version": 0.428009307091448,
    "seen": 0.0,
    "can": 0.11691750561126404,
    "name": 0.038198585321337804,
    "optim": 0.0,
    "write": 0.01789451538203775,
    "call": 0.0,
    "form": -0.0,
    "follow": -0.0,
    "second": 0.0,
    "close": 0.27335199023283896,
    "ident": 0.014940022072654493,
    "constant": 0.0,
    "function": 0.2506272896401728,
    "deriv": 0.35648481536534504,
    "see": 0.0,
    "todai": 0.21505833969362187,
    "equal": 0.7039360330858638,
    "known": 0.0,
    "histor": 0.0,
    "friedrich": 0.0,
    "onli": 1.147677266483437e-16,
    "similar": 0.010801516782184247,
    "first": -0.0,
    "result": 0.04972813061968277,
    "continu": 0.4455607745166544,
    "condit": 0.0,
    "wilhelm": 0.0,
    "met": 0.33865438890214294,
    "varieti": -0.0,
    "period": 0.07707629242206569,
    "0": 0.5745127789454537,
    "2": 0.2933524974131905,
    "prove": 0.0,
    "real": -0.0,
    "integr": 0.0,
    "analysi": 0.0,
    "nbsp": 0.0,
    "sub": 0.028617825073331517,
    "here": 0.0036687558752268113,
    "mathemat": 0.0,
    "desir": 0.0,
    "let": -0.0,
    "sin": 0.5798801601908949,
    "proof": 0.002183955718901249,
    "vanish": 0.0,
    "equival": 0.0,
    "dimension": 0.0,
    "1904": 0.3762334389968367,
    "theorem": -0.0,
    "co": 0.0,
    "poincar": 0.0,
    "fourier": 0.0,
    "isoperimetr": -0.0,
    "parsev": 0.03305611116976078,
    "dirichlet": 0.0,
    "summand": 0.12593200914618738,
    "wirting": 0.08682278436376657
  }
}