{
  "qid": "110",
  "query": "Clean Energy",
  "rank": 3,
  "docid": 3015654,
  "coef": {
    "be": 0.0,
    "state": 0.0,
    "current": 0.0,
    "system": 0.35469084172573556,
    "adopt": 0.0,
    "revolut": 0.0,
    "gener": -0.0,
    "challeng": -0.0,
    "big": 0.5849917197778665,
    "manipul": 0.0,
    "best": 0.0,
    "need": 0.0,
    "larg": 0.0,
    "well": 0.0,
    "academ": 0.0,
    "role": 0.0,
    "nuclear": 0.6238164075956599,
    "publish": 0.0,
    "consum": 0.0,
    "institut": 0.0,
    "will": 0.0,
    "ecolog": -0.0,
    "network": 0.1303528817025677,
    "see": 0.4860611618333674,
    "green": -0.0,
    "first": 0.0,
    "rise": -0.0,
    "transit": 0.0,
    "part": 0.0,
    "problem": 0.04550458908664269,
    "distribut": -0.0,
    "wai": 0.1595545805079172,
    "unit": 0.8080924027109355,
    "sabotag": 0.0,
    "natur": 0.0,
    "benjamin": 0.912901692372734,
    "book": 0.847861116263714,
    "combin": 0.0,
    "power": 0.26671525208880786,
    "suggest": 0.31078487805669197,
    "valu": -0.0,
    "2008": 0.051703519697135845,
    "technolog": 0.0,
    "increas": 0.42272354977596527,
    "scale": 0.0,
    "cost": 9.382200747476732e-15,
    "environ": -0.0,
    "pollut": 7.505760597981386e-17,
    "identifi": 0.0,
    "sustain": -0.0,
    "widespread": 0.0,
    "job": 0.6261720372082904,
    "categori": 0.0,
    "fossil": 0.0,
    "dirti": 0.0,
    "heat": 0.1532288949097501,
    "greenhous": -0.0,
    "planet": 0.0,
    "electr": 0.6359413923133245,
    "energi": 0.9912174273354287,
    "fuel": 0.0,
    "clean": 0.0,
    "block": 0.0,
    "protect": 0.8706548310593999,
    "vulner": 0.17125977344551074,
    "disast": 1.1345251334286022e-16,
    "financi": 0.0,
    "2009": 0.5559799790473553,
    "explor": 0.34239458319157307,
    "edg": -0.0,
    "won": 0.0,
    "overcom": 0.6019635177204824,
    "ineffici": 0.11991668963957787,
    "renew": 0.0,
    "silver": 0.0,
    "nautilu": 0.0,
    "effici": 0.0,
    "transmiss": 0.5540669628547714,
    "award": 0.020001035230448043,
    "synopsi": 0.0,
    "dilemma": 0.0,
    "solut": 0.0,
    "trend": -0.0,
    "tech": -0.0,
    "barrier": 0.01777830321228205,
    "brittl": -0.0,
    "reactor": 0.0,
    "praeger": 0.0,
    "sovacool": 0.0
  }
}