{
  "qid": "139",
  "query": "European Union Governance",
  "rank": 4,
  "docid": 5310713,
  "coef": {
    "state": 2.570048608745884,
    "list": 0.0,
    "union": 2.8683890349893186,
    "organis": 2.5477089277456817,
    "repres": -0.0,
    "govern": 0.0,
    "relat": 1.572450766972819,
    "offici": -0.0,
    "foreign": 0.0,
    "european": 0.15691061996579445,
    "eastern": 0.0011351812252427904,
    "ambassador": 0.0,
    "saint": 0.0,
    "caribbean": 5.366745683894862e-17,
    "lucia": 0.0
  }
}