{
  "qid": "101",
  "query": "Mathematicians",
  "rank": 5,
  "docid": 4795635,
  "coef": {
    "list": 0.0,
    "countri": 1.6840974888992561,
    "includ": 0.0,
    "later": 4.527645405065966e-15,
    "see": 0.0,
    "who": 0.0,
    "scienc": 0.0,
    "technolog": 0.0,
    "brazil": 0.0,
    "born": 2.0707645341686467,
    "famou": 0.0,
    "mathematician": 2.573296080551751,
    "brazilian": 0.0
  }
}