{
  "qid": "123",
  "query": "Currency",
  "rank": 5,
  "docid": 4103592,
  "coef": {
    "major": -0.0,
    "current": 0.0,
    "currenc": 0.31672173772912565,
    "market": 0.3011084327196978,
    "can": 0.0,
    "platform": 0.13425149215504342,
    "movement": -0.0,
    "order": -0.0,
    "econom": 0.0,
    "us": 0.0,
    "pre": 0.0,
    "defin": 0.0,
    "basic": 0.0,
    "strong": 0.0,
    "call": 0.0,
    "reflect": 0.0,
    "perform": 0.09717315603845669,
    "reaction": 0.0,
    "due": 0.0,
    "trade": 0.0,
    "kind": 0.08064154945240307,
    "repres": 0.24376314629117746,
    "interest": 0.030324647122288082,
    "whole": 0.013509237514589212,
    "group": 0.0,
    "exampl": 0.28148030998018736,
    "abl": 0.0,
    "relat": 0.0,
    "see": 0.0,
    "method": 0.0,
    "express": -0.0,
    "determin": 0.0,
    "move": 0.0,
    "decreas": -0.0,
    "idea": 0.0,
    "base": 0.0,
    "refer": -0.0,
    "combin": 0.2724601422744706,
    "power": 0.0,
    "valu": 0.0,
    "hard": 0.0,
    "happen": 0.0,
    "across": 0.0,
    "absolut": 0.0,
    "screen": 0.0,
    "materi": 0.0,
    "correl": 0.0,
    "indic": 0.40175979714870647,
    "look": 0.668066158724358,
    "percentag": 0.0,
    "rate": 0.17654208968198573,
    "observ": 0.0,
    "typic": -0.0,
    "data": 0.0,
    "90": 0.10202951370613113,
    "instrument": 0.0,
    "rel": 0.0,
    "factor": 0.2242900237596243,
    "analysi": 0.0,
    "pair": -0.0,
    "grow": -0.0,
    "know": 0.0,
    "visibl": 0.0,
    "index": 0.13494917846164284,
    "balanc": 0.0,
    "calcul": 0.3604872130389056,
    "oil": 0.0,
    "sum": 0.06531531896144782,
    "print": 0.0,
    "trader": 0.0,
    "dollar": 0.11084617961249121,
    "financi": 0.0,
    "compani": 0.0,
    "monei": 0.0,
    "purchas": 0.0,
    "weak": 0.013523916477165176,
    "sell": -0.0,
    "bui": 0.0,
    "strength": 0.0621877302435509,
    "choos": 0.13372653615612248,
    "gold": 0.0,
    "easili": 0.0,
    "fundament": 0.0,
    "economist": 0.0,
    "analyt": 0.0,
    "volum": -0.0,
    "technic": 0.0,
    "valuabl": 1.905652181848795e-15,
    "trend": 0.0,
    "altogeth": 0.0,
    "chart": 0.0,
    "basket": 0.0,
    "flow": 0.0,
    "raw": 0.0,
    "graph": 0.0,
    "cad": 0.0,
    "aud": 0.0,
    "forex": 0.2718179321381134,
    "uptrend": 0.0
  }
}