{
  "qid": "140",
  "query": "Artificial Intelligence and Machine Learning",
  "rank": 0,
  "docid": 4902586,
  "coef": {
    "system": -0.0,
    "journal": 1.2431160417201803,
    "professor": 0.8177815893585448,
    "work": 1.963992786542889,
    "well": 0.0,
    "learn": 0.0,
    "confer": 0.0,
    "princip": 0.0,
    "publish": 2.3009710498492635,
    "known": 0.0,
    "russel": 0.0323431286232913,
    "intern": 2.0062621604929913,
    "member": 1.4137790207658523,
    "scienc": 0.24884366659131235,
    "associ": 2.66290762363801,
    "serv": -0.0,
    "advanc": 0.0,
    "research": 0.22704117626200734,
    "univers": 1.8349988009948461,
    "paper": 2.421075853083255,
    "investig": 1.9370541185443901,
    "intellig": 2.301560594984696,
    "board": 0.5357933606554125,
    "artifici": 0.3619454100868064,
    "centr": 0.0,
    "comput": 0.0,
    "chief": 0.0,
    "200": 0.0,
    "patent": 0.260953962177714,
    "fellow": 0.19294148013613968,
    "editori": 0.0,
    "editor": 0.0,
    "uncertainti": 2.711810139781828,
    "machin": 0.7106729919125071,
    "biologi": 0.000392575002495555,
    "chair": 0.021558008748584368,
    "innov": 0.0,
    "molecular": 0.0,
    "alberta": 1.6508426464579584,
    "aaai": 0.0,
    "refere": 0.0,
    "greiner": 1.2434355246139603,
    "bioinformat": -0.0,
    "aicml": 0.0032642527665509664
  }
}