{
  "qid": "122",
  "query": "Monarchy",
  "rank": 7,
  "docid": 797609,
  "coef": {
    "possibl": 0.01963458574622064,
    "abolish": 0.0,
    "conflict": 0.0,
    "origin": 0.3305198742108485,
    "version": 0.046186289632928715,
    "peopl": 0.0,
    "seek": 0.0,
    "countri": 0.1439773112221039,
    "public": 0.0,
    "began": 0.04402822788053103,
    "take": 0.0,
    "ii": 0.0,
    "world": 0.0,
    "reflect": 0.0,
    "perform": 0.0,
    "exclus": 0.08569795587283548,
    "favour": 0.1701290417203671,
    "involv": 0.0,
    "term": 0.4983869302435185,
    "accus": 0.30382824499769945,
    "love": 0.0,
    "still": 0.0,
    "school": 0.0,
    "govern": 0.0,
    "lack": 0.0,
    "exampl": 0.3182220741031969,
    "author": 1.7465788812937761e-15,
    "root": 0.0,
    "solidar": 0.052063844986212214,
    "gave": 0.0,
    "deriv": 0.0,
    "non": 0.0,
    "constitut": 0.15417195380013374,
    "inform": 0.0,
    "neg": 0.0,
    "futur": 0.021889980940910055,
    "whom": 0.0,
    "rise": 0.0,
    "offici": 0.0,
    "result": 0.43112560500261426,
    "war": 0.0,
    "wai": 0.06423892046096434,
    "newspap": 0.0,
    "oppos": 0.2976703027426881,
    "unit": 0.1533179505932491,
    "claim": 0.0,
    "member": 0.0,
    "monarchi": 0.2130196312883552,
    "person": 0.47973991772766233,
    "refer": 0.0,
    "relationship": 0.0,
    "power": 0.0,
    "perpetu": 0.0,
    "style": 0.0,
    "sens": 1.3863903874109886e-05,
    "mother": 0.0,
    "low": 0.0,
    "million": 0.0,
    "appli": 0.0,
    "side": -0.0,
    "full": 0.0,
    "show": 0.0,
    "face": 0.46406844395819186,
    "pride": 0.0,
    "famili": 0.0,
    "imagin": 0.0,
    "imag": 0.0,
    "frequent": 0.4400690712326808,
    "modest": 0.0,
    "occup": 0.0,
    "light": 0.0,
    "foreign": 0.0,
    "orang": 0.0,
    "retain": 0.0,
    "appear": 0.0,
    "250": 0.0,
    "ride": 0.24977732008261164,
    "wealth": 0.0,
    "ceremoni": 0.21361888640194535,
    "poverti": 0.0,
    "british": 0.056564586700619784,
    "queen": 0.05514766187681686,
    "stem": 0.0,
    "king": 0.0,
    "daughter": 0.0,
    "wife": 0.0,
    "famou": 0.0,
    "frederick": 0.0,
    "sight": 0.006718736546304771,
    "prompt": 0.0,
    "hostil": 0.0,
    "germani": 0.0,
    "dutch": 0.3565411211567462,
    "royal": 0.3101921925980077,
    "kingdom": 0.24478846226124854,
    "collabor": 0.0,
    "danish": 0.1561744641788208,
    "reign": 0.0,
    "nazi": 0.0,
    "copenhagen": 0.0,
    "pejor": 0.2177429379341984,
    "princess": 0.0,
    "netherland": 0.0,
    "prerog": 0.0,
    "epithet": 0.0,
    "monarch": 0.0,
    "bike": 0.01813532750000455,
    "bicycl": 0.4065541707153076,
    "scandinavia": 0.0,
    "beatrix": 0.0,
    "denmark": 0.34817661250741355,
    "ix": 0.24803897157733518,
    "ingrid": 0.29448123836489076,
    "juliana": 0.4391619568554023,
    "pomp": 0.08292553103235037,
    "amalia": 0.13670664632160814,
    "catharina": 2.3667047859611865e-16,
    "unschedul": 0.0
  }
}