{
  "qid": "127",
  "query": "Clergy",
  "rank": 4,
  "docid": 205338,
  "coef": {
    "state": 0.0,
    "religion": 0.0,
    "benefit": 0.0,
    "exist": 0.0,
    "north": 0.0,
    "tendenc": 0.0,
    "mai": 0.0,
    "nation": 0.06347175518409878,
    "name": 0.03192563110231431,
    "difficult": 0.0,
    "countri": 0.2040504242524501,
    "spanish": 0.0,
    "next": 0.0,
    "middl": 0.0,
    "acquir": 0.05860907773952793,
    "gener": 0.1862746255485801,
    "includ": 0.0,
    "word": 0.1131471730333902,
    "call": 0.0,
    "allow": 0.0,
    "number": 0.007706110588942649,
    "import": 0.0,
    "normal": 0.0,
    "commonli": 0.0,
    "term": 0.3237846161838621,
    "vari": 0.0,
    "american": 0.0,
    "church": 0.21023874560677322,
    "england": 0.0,
    "long": 0.0,
    "interest": 0.0,
    "cathol": 0.0,
    "well": 0.0,
    "far": 0.05302484527994712,
    "reform": 0.0,
    "close": 0.0,
    "commun": -0.0,
    "tradition": 0.0,
    "academ": 0.0,
    "abl": 0.0,
    "rank": 0.0,
    "common": 0.442585673013443,
    "function": 0.0,
    "see": 0.0,
    "non": 0.0,
    "live": 0.0,
    "local": 0.0,
    "specif": 0.0,
    "known": 0.0,
    "direct": 0.03286557241969811,
    "inform": 0.0,
    "histor": 0.0,
    "move": 0.0,
    "practic": 0.0,
    "class": 0.0,
    "first": 0.0,
    "part": 0.0,
    "properti": 0.03918827485961241,
    "unit": 0.1197914505611589,
    "centuri": 0.0,
    "1896": 0.007033065544754012,
    "person": 0.0,
    "roman": 0.0,
    "hous": 0.1842694626500148,
    "especi": 0.09228957605023362,
    "serv": 0.0,
    "level": 0.0,
    "partli": 0.0,
    "greater": 0.02300208818475865,
    "case": 0.0,
    "depend": 0.0,
    "consider": 0.0,
    "old": 0.008141386861001623,
    "maintain": -0.0,
    "univers": 0.0,
    "typic": -0.0,
    "now": 0.14811725815476026,
    "locat": 0.0,
    "10": 0.0,
    "famili": 0.0,
    "frequent": 0.0,
    "modest": 0.0,
    "occup": 0.0,
    "home": 0.1944634483647058,
    "proport": 0.003907613034704733,
    "smaller": 0.0,
    "near": 0.004851231817568602,
    "addit": 0.0,
    "upper": 0.0,
    "least": 0.0,
    "britain": 0.0,
    "14th": 0.0,
    "west": 0.0,
    "convent": 0.008565754705054045,
    "administr": 0.0,
    "museum": -0.0,
    "isl": 0.0,
    "resid": 0.13198415708427816,
    "presbyterian": 0.0,
    "sold": 0.0,
    "offic": 0.20474287428188884,
    "methodist": 0.0,
    "denomin": 0.0,
    "trust": 0.0,
    "congreg": 0.0,
    "baptist": 0.3085225468975323,
    "southern": 0.0,
    "british": 0.0,
    "1861": -0.0,
    "1820": 0.0,
    "purchas": 0.0,
    "mansion": 0.0,
    "titl": 0.0,
    "massachusett": -0.0,
    "priori": -0.0,
    "exchang": 0.0,
    "palac": 0.0,
    "kingdom": 0.0,
    "transfer": 0.0,
    "fashion": 0.0,
    "canon": 0.0,
    "comfort": 0.0,
    "ruin": 0.0,
    "chapel": 0.0,
    "galleri": 0.0,
    "grand": 0.0,
    "bishop": 0.0,
    "salari": 0.0,
    "minist": 0.0,
    "commonwealth": 0.0,
    "cognat": 0.0,
    "ireland": 0.0,
    "ordinari": 0.0,
    "priest": 0.37399067437862094,
    "scotland": 0.0,
    "scottish": 0.10461118582536581,
    "villag": 0.0,
    "lieu": 0.15897783861509424,
    "interv": 0.0,
    "parish": 0.09832967567933307,
    "anglican": 0.1255357261083478,
    "ecclesiast": 0.0,
    "parochi": -0.0,
    "nomenclatur": 0.02058242100613415,
    "usual": 0.0,
    "dean": 0.0,
    "communion": 0.0,
    "philippin": 0.027494245902808967,
    "parson": 0.0,
    "lutheran": 0.0,
    "clergi": 0.12485820357633311,
    "mans": 0.18858655690186024,
    "yorkshir": 0.0,
    "vicarag": 0.026400148968772606,
    "rectori": 0.23653824630456136,
    "conformist": 0.0,
    "deaneri": 0.0,
    "bront": 0.0,
    "calqu": 0.0,
    "rector": 0.2489755909568094,
    "presbyt": 0.0,
    "haworth": 0.0,
    "presbyteri": 0.0,
    "convento": 0.0,
    "parsonag": 0.025518823625391287,
    "canonri": 0.0,
    "alfriston": 0.0,
    "conservation": 0.0,
    "pastorium": 0.0
  }
}