{
  "qid": "138",
  "query": "Modern Art",
  "rank": 2,
  "docid": 5594844,
  "coef": {
    "mai": 0.0,
    "nation": -0.0,
    "art": 1.2028943555572003,
    "moderna": 0.0,
    "see": 0.9020757468185382,
    "refer": 0.0,
    "hous": 0.0,
    "modern": 0.8495250955636445,
    "washington": 0.0,
    "museum": 0.0,
    "florenc": 0.0,
    "galleria": -0.0,
    "galleri": 0.05218255971422805,
    "rome": 0.0,
    "disambigu": -0.0,
    "bologna": -0.20798222802721394,
    "palazzo": 0.0,
    "glasgow": 0.0,
    "brisban": 0.0,
    "pitti": 0.0,
    "comunal": 0.0
  }
}