{
  "qid": "146",
  "query": "Non-profit Organization",
  "rank": 4,
  "docid": 6228321,
  "coef": {
    "platform": 0.07239381110112221,
    "preserv": 0.0,
    "defin": 0.0,
    "found": -0.0,
    "octob": 0.02038832494177713,
    "interest": 0.0,
    "govern": 0.0,
    "organ": 0.589482227216263,
    "non": 0.0153414661675612,
    "determin": 0.0,
    "goal": 0.10994679540152533,
    "who": 0.0,
    "posit": 0.0,
    "war": 0.0,
    "social": 0.0,
    "tradit": 0.0,
    "entiti": 0.3892211251260254,
    "armi": 0.4832407468370157,
    "materi": 0.0,
    "improv": 0.0,
    "special": 0.0,
    "2007": 0.00021342333815891671,
    "statu": 0.0,
    "largest": 0.6781572411989251,
    "gather": 0.0,
    "fought": 0.0,
    "1993": -0.0,
    "veteran": 0.26747339312382346,
    "government": 0.14673397888410844,
    "nurtur": 0.0,
    "statut": 0.4496169138943376,
    "bosnian": 0.0,
    "bosnia": 0.0,
    "herzegovina": 0.614726122844934,
    "srpska": 0.8109887718629214,
    "republika": 0.0
  }
}