{
  "qid": "146",
  "query": "Non-profit Organization",
  "rank": 7,
  "docid": 2834208,
  "coef": {
    "list": -0.0,
    "union": 0.0,
    "nation": 0.08949796600852977,
    "europ": 0.0,
    "name": 0.0,
    "movement": -0.0,
    "order": 0.0,
    "confeder": 0.0,
    "world": 0.0,
    "align": 0.0,
    "guid": 0.4529282447998741,
    "feder": 0.4143200009582173,
    "group": 0.0,
    "organ": 0.6115189726156982,
    "non": 0.0,
    "intern": -0.0,
    "member": 0.0,
    "independ": 0.0,
    "associ": 0.48279774885271903,
    "girl": 0.029457371885066475,
    "european": 0.0,
    "thousand": 0.7932130251964263,
    "scout": 0.5806113784825446
  }
}