{
  "qid": "139",
  "query": "European Union Governance",
  "rank": 1,
  "docid": 6208979,
  "coef": {
    "union": 0.0,
    "current": 0.0,
    "led": 8.366281851150433e-17,
    "countri": 0.0,
    "histori": 0.30338997685545577,
    "rule": 0.0,
    "event": 0.7852428353759819,
    "polit": 0.0,
    "david": 0.0,
    "moderna": 0.0,
    "repres": 0.0,
    "govern": 0.014238269085965372,
    "group": 0.9927682733386324,
    "see": 0.0,
    "new": 0.0,
    "council": 0.10166790872484296,
    "modern": 0.0,
    "parti": 0.9932544685294322,
    "period": 0.0,
    "leav": 0.0,
    "medicin": 0.4593247469485875,
    "year": 0.0,
    "high": 0.23112746878266177,
    "vaccin": 0.8726313333632172,
    "approv": 0.0,
    "outlin": 0.0,
    "6": 0.02042529164157132,
    "3": 0.0,
    "european": 0.7076814666793526,
    "presid": 0.8973081488664442,
    "decid": 0.7519297315726586,
    "incumb": -0.0,
    "orb": 3.853679994437576e-17,
    "juli": 0.0,
    "commiss": 0.09431628002965449,
    "19": 0.011948120635522596,
    "agenc": 0.03932333230187272,
    "von": 0.0,
    "march": 0.2154216314713346,
    "januari": 0.0,
    "charl": 0.0,
    "jan": 0.43554624200395226,
    "2020": 1.1414762976719381,
    "covid": 0.0,
    "2021": 0.6099392455380502,
    "josep": 0.011547748809300918,
    "prime": 0.0,
    "parliament": -0.0,
    "portug": 0.0,
    "minist": 0.0,
    "der": 0.06506376046051562,
    "dec": -0.0,
    "overview": 0.0,
    "timelin": -0.0,
    "borrel": 0.0,
    "hungari": 0.020729245260944534,
    "viktor": 0.0,
    "michel": 0.0,
    "jun": 0.0,
    "slovenia": 0.0,
    "epp": 0.07344596910911003,
    "ursula": 0.0,
    "leyen": 0.0,
    "sassoli": 0.0,
    "fidesz": 0.0036194198228036304
  }
}