{
  "qid": "143",
  "query": "Philanthropy",
  "rank": 4,
  "docid": 1583034,
  "coef": {
    "highli": 0.0,
    "peopl": 0.5226516550516822,
    "seen": 0.030671006078737968,
    "societi": 0.0,
    "focus": 0.0,
    "system": 0.0,
    "engag": 0.24548731698649423,
    "creat": -0.0,
    "help": 0.2743099103856297,
    "order": 0.20292806217963558,
    "caus": 0.0,
    "defin": 0.0,
    "write": -0.0,
    "servic": 0.2020009287995668,
    "includ": 0.0,
    "address": 0.0,
    "educ": 0.0,
    "world": 0.0,
    "school": 0.0,
    "abil": 0.0,
    "larg": 0.0,
    "youth": 0.34423866283978316,
    "chang": 0.0,
    "guid": 0.0,
    "america": 0.0,
    "develop": 0.0,
    "young": 0.0,
    "learn": -0.0,
    "aim": -0.0,
    "feder": 0.0,
    "commun": 0.05770836021404659,
    "time": 0.06691055094230798,
    "organ": -0.0,
    "institut": 0.0,
    "central": 0.0,
    "network": 0.0,
    "field": 0.355684466401992,
    "place": 0.0,
    "children": 0.16377571852257147,
    "see": -0.0,
    "particip": 0.09492942634213619,
    "effect": 0.12655299150410015,
    "amount": 0.0,
    "accord": 0.0,
    "activ": -0.0,
    "problem": 0.0,
    "wai": 0.0,
    "social": 0.0,
    "studi": 0.0,
    "base": 0.0,
    "dai": 0.0,
    "give": 0.0,
    "branch": 0.0,
    "success": 0.0,
    "valu": 0.36027600139575855,
    "voic": -0.0,
    "serv": 0.0,
    "mean": 0.11333043472468009,
    "level": 0.0,
    "talent": 0.0,
    "boi": 0.1919922723962756,
    "case": 0.0,
    "identifi": 0.2714438527374681,
    "program": -0.0,
    "grant": 0.0,
    "resourc": 0.0,
    "opportun": 0.08883478263692234,
    "adult": -0.0,
    "skill": -0.0,
    "design": 0.0,
    "grow": 0.0,
    "entir": 0.0,
    "applic": -0.0,
    "leadership": 0.0,
    "knowledg": 0.008415748622543549,
    "energi": 0.0,
    "synagogu": 0.0,
    "donat": 0.014666360792234373,
    "treasur": 0.0,
    "project": 0.0,
    "confid": 0.0,
    "jewish": 0.4922669005383585,
    "monei": 0.0,
    "arrow": 0.0,
    "teen": 0.0,
    "strengthen": 0.028839611557204606,
    "cheer": 0.06864732482480759,
    "volunt": 0.0,
    "civic": 0.10650764335952732,
    "partnership": -0.0,
    "kid": 0.0,
    "philanthropi": 0.337547933056492,
    "philanthrop": 0.47374401901431545,
    "worthi": 0.0,
    "volunteer": 0.00012139792244367512,
    "solut": 0.0,
    "len": -0.0,
    "broadest": 0.0,
    "scout": 0.40225640696088,
    "burgeon": 5.3433279929141654e-06,
    "idol": 0.12175296664860835,
    "funder": 0.0,
    "grantmak": 0.0
  }
}