{
  "qid": "146",
  "query": "Non-profit Organization",
  "rank": 1,
  "docid": 4029090,
  "coef": {
    "state": -0.0,
    "cultur": 0.0,
    "emerg": 0.0,
    "societi": 0.33387324505981536,
    "believ": 0.3324733311100852,
    "freedom": 8.045576003530685e-05,
    "movement": 0.0,
    "revolut": 0.0,
    "begin": 0.0,
    "conduct": 0.0011453956450723842,
    "syria": 0.0,
    "violent": 0.0,
    "violenc": 0.0707011962050524,
    "call": 0.0,
    "polit": 0.0,
    "form": 0.0025730944268187598,
    "civil": 0.43555664333987076,
    "peac": 0.0006160120802440197,
    "chang": 0.4924384198663308,
    "aim": 0.0005161016522581382,
    "group": 0.1729224698694829,
    "strike": 0.0,
    "plan": 0.0,
    "organ": 0.0,
    "struggl": 0.11868863944530816,
    "non": 0.3520140829856975,
    "known": 0.08072225829286295,
    "nonviol": 0.08084849710501493,
    "produc": 0.0,
    "tactic": -0.0,
    "activ": 0.45409947786747007,
    "war": 0.3083176459117885,
    "wai": 0.3181687396651316,
    "social": 0.0,
    "spread": 0.31516579982283505,
    "dai": 0.582557038941524,
    "achiev": 0.0,
    "grassroot": 0.00019970979941424092,
    "activist": 0.0,
    "happen": 0.0,
    "initi": 0.5179539251384057,
    "resist": 0.11527149178839104,
    "interact": 0.0,
    "visual": 0.0,
    "awar": 0.03253663674953943,
    "gather": 0.0,
    "project": -0.0,
    "2011": 0.15927359352428289,
    "map": 0.0,
    "government": 0.0,
    "syrian": 0.5651137597042869,
    "umbrella": 0.0,
    "digniti": -0.0,
    "karamah": 0.13488223951004694
  }
}