{
  "qid": "109",
  "query": "Poverty",
  "rank": 4,
  "docid": 3542443,
  "coef": {
    "state": 0.24654178529622828,
    "extrem": -0.0,
    "mai": 0.0,
    "debat": 0.0,
    "address": 0.0,
    "import": 0.0,
    "need": 0.9124439585762419,
    "term": 0.0,
    "kind": 0.0,
    "long": 0.0,
    "group": 0.0,
    "time": 0.3616859741691099,
    "see": 0.0,
    "consid": 0.37147221706166683,
    "determin": 0.6109774779603998,
    "line": 0.3966491637678647,
    "individu": 0.9601217914977683,
    "period": 0.04932912568818071,
    "durat": 0.0,
    "research": 0.0,
    "requir": 1.0358061571242272,
    "extend": 0.0,
    "centr": 0.0,
    "identif": 0.9370965168433103,
    "chronic": 0.3052429157015203,
    "poverti": 0.6212280988759468,
    "polici": 0.0,
    "cycl": 0.0,
    "phenomenon": 0.0,
    "tran": -0.2506495142912283,
    "implicit": 0.0,
    "transient": 0.0
  }
}