{
  "qid": "106",
  "query": "Climate Change Activists",
  "rank": 8,
  "docid": 5628291,
  "coef": {
    "peopl": 0.28448635971797775,
    "societi": 0.0,
    "focus": 0.0,
    "product": 0.0,
    "fight": 0.0,
    "includ": 0.0,
    "feminist": 0.0,
    "joseph": 0.0,
    "host": 0.0,
    "work": 0.9516715972902191,
    "chang": 0.0,
    "lawyer": 0.0,
    "far": 0.0,
    "environment": 0.14878344234114202,
    "femin": 0.0,
    "justic": 0.0,
    "live": 0.0,
    "advoc": 0.0,
    "featur": 0.0,
    "produc": 0.39069285445955776,
    "who": 0.7743328325920006,
    "first": 0.6943548005290126,
    "idea": 0.3303441057969859,
    "problem": 0.5662876166618923,
    "matter": 0.31707297389717737,
    "made": 0.061079720102461904,
    "base": 0.0,
    "scienc": 0.0,
    "foundat": 0.990458940892158,
    "activist": 0.0438581952902975,
    "black": 9.438573170939934e-16,
    "mother": 1.1424927784137577,
    "initi": 0.0,
    "uk": 0.041787822932720556,
    "litig": -0.0,
    "2018": 0.5848905110266834,
    "fund": 0.45102567618302664,
    "run": 0.0,
    "receiv": 0.0,
    "climat": 1.1018751750394638,
    "geograph": 0.9600297476232317,
    "colour": 0.43602430304230216,
    "season": 0.0,
    "mari": 1.0268450040365709,
    "presid": 0.552471054126191,
    "brown": 0.025839461718944565,
    "team": 0.0,
    "expert": 0.0,
    "project": 0.2257871681252376,
    "campaign": 0.0,
    "asian": 9.981663849073376e-05,
    "explor": 0.8131961749725665,
    "juli": 0.0,
    "23": 0.0,
    "indigen": 0.0,
    "senat": 0.9865773039395216,
    "man": 0.23426102968700194,
    "polici": 0.8881623563738117,
    "invent": 0.06959804486273856,
    "undertak": 0.09172177061612717,
    "guest": 0.09752868357434064,
    "highlight": 0.0,
    "robinson": 0.0,
    "johnson": 0.7041860169906473,
    "launch": 0.0,
    "subsequ": -0.0,
    "biologist": 0.0,
    "episod": 0.6403375116314648,
    "elizabeth": 0.0,
    "2020": 0.0,
    "australian": 0.0,
    "solut": 0.20454460399131635,
    "sander": 0.0,
    "ireland": 0.0,
    "intersect": 0.0,
    "phd": 0.0,
    "debut": 0.0,
    "specialis": 0.0,
    "marin": 0.0,
    "ibrahim": 0.0,
    "khan": 0.0,
    "comedian": 0.0,
    "doc": 0.3460469250226938,
    "podcast": 0.9829221054747569,
    "bangladeshi": 0.0,
    "sara": 0.0,
    "tessa": 0.06424877155347034,
    "berni": 0.0,
    "higgin": 0.0,
    "oumar": 0.0,
    "refram": -0.0,
    "rowntre": 0.0,
    "maev": 0.0,
    "ayana": 0.0,
    "hindou": 0.0,
    "solberga": 0.0,
    "tekola": 0.0
  }
}