{
  "qid": "148",
  "query": "Tea",
  "rank": 4,
  "docid": 838934,
  "coef": {
    "aspect": 0.08957683651366694,
    "blend": 0.0,
    "origin": 0.3072076628821503,
    "cultur": 0.0,
    "seen": 0.0,
    "can": 0.0,
    "emphasi": 0.04502658537072337,
    "led": 0.0,
    "countri": 0.0,
    "classic": 0.0,
    "includ": -0.0,
    "histori": 0.0,
    "educ": 0.0,
    "21st": 0.0,
    "art": 0.2572153968042405,
    "develop": 0.4684347973261419,
    "popular": 0.0,
    "singl": 0.0,
    "flourish": 0.0,
    "tradition": 0.17221132351327736,
    "root": 0.0,
    "common": 0.0,
    "influenc": 0.0,
    "institut": 0.0,
    "place": 0.0,
    "see": 0.0,
    "inform": 0.1200819834668735,
    "china": 0.0,
    "gain": 0.0,
    "japanes": 0.0,
    "resurg": 0.0,
    "make": 0.0,
    "social": 0.29331021456519474,
    "centuri": 0.0,
    "extens": 0.0,
    "tradit": -0.0,
    "studi": 0.2852977914922313,
    "promin": 0.0,
    "refer": 0.3488846376545095,
    "back": 0.0,
    "technolog": -0.0,
    "especi": -0.0,
    "consumpt": -0.0,
    "experienc": 0.0,
    "high": 0.37552007648030533,
    "trace": 0.0,
    "research": 0.0,
    "old": -0.0,
    "qualiti": 0.0,
    "climat": 0.0,
    "bubbl": 0.0,
    "western": 0.0,
    "mountain": 0.0,
    "flower": 0.0,
    "shop": 0.0,
    "landscap": 0.0,
    "uniqu": 0.0,
    "district": 0.0,
    "island": 0.0,
    "station": 0.0,
    "ceremoni": 0.010690574063489715,
    "plantat": 0.0,
    "man": -0.0,
    "invent": 0.0,
    "commerc": 0.0,
    "dri": 0.25704849981962674,
    "chines": 0.06174856360611861,
    "spur": 0.0,
    "tea": 0.450462041927925,
    "cha": -0.0,
    "cuisin": 0.0,
    "drink": 0.0,
    "kong": 0.0,
    "petal": 0.15132143428449812,
    "hong": 0.0,
    "taiwan": 0.21702482644948526,
    "calligraphi": 0.0,
    "yu": -0.0,
    "incens": 0.0,
    "stamen": 0.001047839407813083,
    "lu": -0.0,
    "taiwanes": 0.08066443952505742,
    "xun": 0.0,
    "teahous": 0.0,
    "tatung": 0.045487767460675455,
    "oolong": -0.0,
    "gongfu": -0.0,
    "laoren": 0.0,
    "pinglin": 0.0
  }
}