{
  "qid": "114",
  "query": "Songwriting",
  "rank": 7,
  "docid": 1712320,
  "coef": {
    "nation": 0.0,
    "mid": 0.0,
    "music": 0.1875638591476774,
    "began": 0.12298050638026939,
    "ag": 0.205598868213985,
    "american": 0.0,
    "church": 0.09762342894168172,
    "popular": 0.0,
    "child": 0.031285304228466655,
    "intern": 0.015633224860050213,
    "john": 0.0,
    "associ": 0.0,
    "present": -0.0,
    "recognit": 0.0,
    "recogn": 0.0,
    "famili": 0.0,
    "select": 0.0005482608180490897,
    "hall": -0.0,
    "brown": 0.0,
    "washington": 0.0,
    "gospel": 0.0,
    "competit": 0.3314431989260614,
    "2001": 0.0,
    "fourth": 0.47015219131692754,
    "baptist": 0.401666739885522,
    "southern": 4.026822657592682e-17,
    "won": 0.05040839516024833,
    "born": 0.0,
    "poet": 0.0,
    "sing": 0.48869137919976635,
    "biographi": 0.0,
    "ab": 0.0,
    "virginia": 0.08019673499834946,
    "contest": 0.0,
    "richmond": 0.0,
    "excel": 0.0,
    "academi": 0.7994219193733058,
    "scholarship": 0.28336484490595504,
    "award": 0.5221012149248772,
    "album": 0.0,
    "atlant": 0.0,
    "song": 0.0,
    "1991": 0.30311265085020145,
    "recipi": 0.0,
    "singer": 0.0,
    "fame": 0.1470184730442219,
    "songwrit": 0.6239467684481173,
    "billboard": 0.2267850908995427,
    "discographi": 0.0,
    "lennon": 0.0,
    "maxin": 0.8359710567442963,
    "nanett": 5.028746759085349e-15,
    "oleman": 0.0,
    "unisong": 0.06024107766252946
  }
}