{
  "qid": "137",
  "query": "Online Companies",
  "rank": 3,
  "docid": 5194991,
  "coef": {
    "pai": 0.0,
    "list": 0.1317100319394437,
    "current": 1.4544395801839603e-15,
    "name": -0.0,
    "platform": 0.0,
    "adopt": 0.4052295371841791,
    "histori": 0.0,
    "allow": -0.0,
    "number": 0.0,
    "found": 0.0,
    "hold": 0.0,
    "work": 0.0,
    "internet": 0.0,
    "peter": 0.0,
    "new": 0.0,
    "like": 0.0,
    "similar": 0.0,
    "first": 0.01789177408539029,
    "user": -0.0,
    "unit": 0.0,
    "base": 0.0,
    "back": 0.0,
    "onlin": 0.6947121504252737,
    "car": 0.677443185498991,
    "2015": 0.32203814989978224,
    "uk": 0.17268484169373663,
    "model": 0.28324676921636405,
    "loss": 0.0,
    "rais": 0.0,
    "deliv": 0.48005855414674264,
    "inventori": 0.2972347883639291,
    "3": 0.0,
    "home": 0.2186114289460847,
    "fund": 0.3804601098875446,
    "round": 1.1507085670011668e-14,
    "site": 0.0,
    "invest": 0.0,
    "rocket": 0.49836072075926674,
    "compani": 0.7551391692936963,
    "juli": 0.0,
    "financ": -0.0,
    "march": 0.4918241896453544,
    "consult": 0.3786867793318996,
    "bui": 0.07318570215391407,
    "choos": 0.0,
    "17th": 0.0,
    "launch": 0.0,
    "berlin": 0.0,
    "kingdom": 0.0,
    "dr": 0.12699922116535858,
    "recept": -0.0,
    "promis": 0.0,
    "stock": 0.35293583655572547,
    "investor": 0.5069089912171111,
    "catalogu": 0.0,
    "dealer": -0.0,
    "startup": 0.06241091270718155,
    "maximilian": 0.2071093143802121,
    "incub": 0.09138028660388542,
    "vroom": 0.0,
    "29m": 0.0,
    "carvana": -0.0,
    "baumgart": 0.0,
    "beepi": 0.0,
    "carspr": -0.0,
    "vollenbroich": 0.0
  }
}