{
  "qid": "113",
  "query": "Computer Scientists",
  "rank": 2,
  "docid": 5891777,
  "coef": {
    "third": 0.0,
    "demonstr": 0.0,
    "major": 0.0,
    "possibl": 0.0,
    "5": 0.0,
    "action": 0.10478265412130136,
    "biolog": 0.0,
    "version": 0.0,
    "market": 0.15859854546741722,
    "theoret": 0.0,
    "can": 0.0,
    "system": 0.0,
    "journal": 0.15635457588975962,
    "mai": 0.25882294817744206,
    "region": 0.0,
    "name": 0.0,
    "preserv": 0.0,
    "adopt": 0.0,
    "us": 0.0,
    "italian": 0.0,
    "reduc": 0.0,
    "caus": 0.0,
    "core": 0.0,
    "robert": 0.0,
    "public": 0.0,
    "servic": 0.0,
    "histori": 0.018879335066815328,
    "educ": 0.0,
    "french": -0.0,
    "allow": 0.0,
    "world": 0.14029498534108462,
    "joseph": 0.0,
    "oper": 0.0,
    "open": 0.0,
    "due": 0.06414513013268569,
    "fals": 0.0,
    "disrupt": 0.0,
    "video": 0.0,
    "michael": 0.0,
    "term": 0.0,
    "previou": 0.0,
    "work": 0.0,
    "american": 0.0930393686733824,
    "advantag": 0.0,
    "octob": 0.0,
    "digit": 0.0,
    "long": 0.0,
    "second": 0.0,
    "interest": 0.0,
    "object": 0.0,
    "develop": 0.0,
    "complex": 0.0,
    "far": 0.0,
    "singl": 0.0,
    "group": 0.0,
    "suppress": 0.0,
    "lack": 0.0,
    "isol": 0.0,
    "commun": 0.0,
    "russian": 0.0,
    "time": 0.12035923746052905,
    "break": 0.0,
    "process": 0.0,
    "organ": 0.0,
    "consum": 0.0,
    "internet": 0.08255322218319752,
    "find": 0.0,
    "subject": 0.0,
    "network": 0.09540591329863518,
    "relat": -0.0,
    "franc": 0.0,
    "function": 0.10759744130526881,
    "see": 0.0,
    "peter": 0.0,
    "live": 0.0,
    "english": -0.0,
    "20": 0.028361355120646956,
    "1936": 0.0,
    "direct": 0.0,
    "inform": 0.0,
    "1920": 0.0,
    "onli": 0.0,
    "structur": -0.0,
    "new": 0.0,
    "russel": 0.0,
    "japanes": 0.0,
    "free": 0.0,
    "construct": 0.0,
    "signal": 0.0,
    "amount": 0.0,
    "win": 0.0,
    "john": 0.0,
    "media": 0.0,
    "first": 0.13290154184919267,
    "rise": 0.0,
    "web": 0.0,
    "result": 0.0,
    "distribut": 0.0,
    "usag": 0.0,
    "share": 0.0,
    "scientist": 0.03862737593140345,
    "social": -0.0,
    "releas": 0.0,
    "individu": 0.0,
    "studi": 0.0,
    "potenti": 0.0,
    "base": 0.015478397295500443,
    "directli": 0.0,
    "scienc": -0.0,
    "give": 0.0,
    "achiev": 0.0,
    "walter": 0.0,
    "larger": 0.0,
    "softwar": 0.0,
    "sourc": 0.0,
    "technolog": 0.0,
    "especi": 0.0,
    "human": 0.0,
    "definit": 0.0,
    "sens": 0.0,
    "2": 0.19397337488341063,
    "8": -0.0,
    "9": 0.0,
    "brain": 0.0,
    "marker": 0.0,
    "poorli": 0.0,
    "diffus": 0.0,
    "initi": 0.0,
    "disciplin": 0.0,
    "death": 0.0,
    "case": 0.0,
    "pathwai": 0.0,
    "depend": -0.0,
    "program": 0.0,
    "remot": 0.0,
    "model": 0.0,
    "code": 0.0,
    "german": 0.0,
    "lower": 0.0,
    "test": 0.026974772824533807,
    "high": 0.028275157001736318,
    "damag": 0.0,
    "show": 0.0,
    "previous": 0.0,
    "research": 0.24942884364969584,
    "paper": 0.0,
    "rang": -0.0,
    "outlin": -0.0,
    "data": 0.0,
    "1943": 0.0,
    "25": 0.0,
    "1938": 0.0,
    "18": 0.0,
    "16": 0.0,
    "15": 0.0,
    "14": 0.11215075077427494,
    "11": 0.0,
    "10": 0.0,
    "1926": 0.0,
    "substanti": 0.0,
    "medic": 0.0,
    "report": 0.0,
    "consequ": 0.0,
    "imag": 0.0,
    "victor": 0.0,
    "comprehens": 0.0,
    "design": 0.0540041979817432,
    "languag": 0.0,
    "reach": 0.0,
    "2000": 0.0,
    "compar": 0.0,
    "standard": 0.22134001707990586,
    "hospit": 0.0,
    "7": 0.0,
    "6": 0.0,
    "4": 0.0,
    "3": 0.1911554778074262,
    "1": 0.0,
    "home": 0.0,
    "proport": 0.0,
    "smaller": 0.0,
    "reveal": 0.0,
    "27": 0.0,
    "22": 0.0,
    "highest": 0.0,
    "iraqi": 0.0,
    "impact": 0.0,
    "artifici": 0.0,
    "index": 0.0,
    "geograph": 0.0,
    "content": 0.0,
    "silicon": 0.0,
    "approxim": 0.0,
    "optic": 0.0,
    "format": 0.0,
    "ac": 0.0,
    "comput": 0.19468226672915898,
    "argentin": 0.0,
    "confirm": 0.0,
    "fatal": 0.0,
    "brown": -0.0,
    "speed": 0.0,
    "13": 0.0,
    "engin": 0.1713683479235755,
    "nearli": 0.0,
    "1929": 0.0,
    "fabric": 0.0,
    "largest": 0.0,
    "august": 0.12987418508884077,
    "washington": -0.0,
    "28": 0.14341753579156472,
    "movi": 0.0,
    "project": 0.0,
    "novemb": 0.029856005215646887,
    "decemb": 0.10076436049548422,
    "split": 0.0,
    "disast": 0.0,
    "april": 0.111606263039509,
    "clark": -0.0,
    "septemb": 0.0,
    "2019": 0.053757207310960474,
    "on": 0.0,
    "bill": -0.0,
    "demand": 0.0,
    "compani": 0.0,
    "thoma": -0.0,
    "june": 0.13855998755314938,
    "juli": 0.01085540327623912,
    "64": 0.0,
    "44": 0.0,
    "43": 0.0,
    "1000": 0.0,
    "31": 0.0,
    "26": -0.0,
    "23": 0.03398101204156223,
    "finnish": 0.0,
    "british": 0.0,
    "19": 0.09835457475670316,
    "1965": 0.0,
    "1962": 0.0,
    "1945": 0.03734228802798456,
    "1940": 0.0,
    "1937": -0.0,
    "stream": 0.0,
    "financ": 0.0,
    "announc": 0.0,
    "februari": 0.12913435544697938,
    "access": 0.0,
    "suffer": 0.0,
    "march": 0.14008460344015364,
    "januari": -0.0,
    "fastest": 0.0,
    "eric": 0.0,
    "1948": 0.0,
    "evacu": 0.04690302242519691,
    "allen": 0.0,
    "reassur": 0.0,
    "volunt": 0.0,
    "1933": 0.0,
    "germani": 0.0,
    "ensur": 0.0,
    "norman": 0.0,
    "woman": -0.0,
    "chemic": 0.0,
    "faster": 0.0,
    "volum": 0.0,
    "mathematician": 0.1168727032178145,
    "mous": 0.0,
    "span": 0.0,
    "inconveni": 0.0,
    "vanish": 0.0,
    "award": 0.0,
    "1953": 0.0,
    "2020": 0.009205277790249345,
    "1934": 0.0,
    "publicli": 0.0,
    "covid": 0.049928098571335656,
    "57": 0.0,
    "1949": 0.0,
    "1939": 0.0,
    "1931": 0.0,
    "1944": 0.0,
    "archiv": 0.2329384194115209,
    "polish": 0.0,
    "2021": -0.0,
    "fold": 0.008419533261535534,
    "australian": -0.0,
    "1967": -0.0,
    "creator": 0.0,
    "scanner": 0.0,
    "adrian": 0.0,
    "truth": 0.0,
    "1932": 0.0,
    "connor": 0.0,
    "physicist": 0.0,
    "danish": 0.0,
    "quantum": -0.0,
    "1952": 0.0,
    "civilian": 0.1091903182997533,
    "pandem": 0.0,
    "prototyp": 0.0,
    "inventor": 0.07079296104625661,
    "conwai": -0.0,
    "vera": 0.0,
    "interplai": 0.0,
    "simul": 0.0,
    "chemist": 0.012249773879009518,
    "grid": 0.0,
    "alic": 0.0,
    "linux": 0.004624574976578204,
    "interfac": 0.0,
    "timelin": 0.005656387210539287,
    "brad": 0.0,
    "pig": 0.0,
    "fiber": 0.0,
    "graham": 0.0,
    "worm": 0.0,
    "protein": 0.0,
    "summit": 0.0,
    "266": 0.0,
    "bacterium": -0.0,
    "implant": 0.0,
    "biochem": 0.0,
    "cox": 0.0,
    "scenario": 0.0,
    "download": 0.07788082240624104,
    "smart": 0.0,
    "desktop": 0.0,
    "shutdown": 0.0,
    "chip": 0.0,
    "stoke": 0.0,
    "sec": 1.3061915845827927e-15,
    "edmund": 0.0,
    "huang": -0.0,
    "deborah": 0.0,
    "neuron": 0.07750452080534555,
    "claudio": 0.0,
    "romanian": 0.0,
    "voltag": 0.13321973650059227,
    "isra": 0.0,
    "arg": 0.0,
    "zen": -0.0,
    "liu": -0.0,
    "halv": 0.0,
    "konrad": 0.0,
    "richter": 0.0,
    "iliff": -0.0,
    "lar": 0.0,
    "horton": 0.0,
    "larri": 0.0,
    "176": 0.0,
    "ture": 0.0,
    "supercomput": 0.0033103092175542368,
    "fia": 0.0,
    "cpu": 0.0,
    "amd": 0.0,
    "prebiot": 0.0,
    "finalis": 0.0,
    "sutherland": 0.0,
    "bert": 0.0,
    "taiwanes": -0.0,
    "pag": 0.0,
    "virus": 0.0,
    "versatil": 0.0,
    "kirsch": 0.0,
    "musk": 0.0,
    "elon": 0.0,
    "tesler": 0.0,
    "heighten": 0.0,
    "kanada": 0.0,
    "ryzen": -0.0,
    "kowski": 0.0,
    "ioan": 0.0,
    "microarchitectur": -0.0,
    "x86": 0.0,
    "seti": 0.0,
    "chung": 0.0,
    "8k": 0.0,
    "baiocchi": 0.0,
    "misinform": 0.0,