{
  "qid": "130",
  "query": "Basketball",
  "rank": 8,
  "docid": 5209361,
  "coef": {
    "system": 0.33376885050414357,
    "men": 0.0,
    "spanish": 0.0,
    "italian": 0.0,
    "french": -0.0,
    "hierarch": 0.20348284467723038,
    "follow": 0.1135268642413845,
    "american": 0.0,
    "women": 0.001470717320438458,
    "russian": 0.0,
    "see": 0.0,
    "greek": -0.0,
    "extern": 0.0,
    "promot": 0.5785939489783857,
    "interconnect": 0.0,
    "seri": 0.0,
    "level": 0.4997881684533747,
    "profession": 0.0,
    "german": 0.0,
    "link": 0.0,
    "season": 0.0,
    "european": 0.0,
    "format": 0.0,
    "releg": 0.06760677534744816,
    "competit": 0.21857093203912192,
    "leagu": 0.0,
    "south": 0.0,
    "21": 0.024030172991642514,
    "tier": 0.0,
    "2020": 2.7684007593339942e-17,
    "basketbal": 0.2777622747281914,
    "polish": 0.3008352066389776,
    "turkish": -0.0,
    "club": 0.1689987398779955,
    "hungarian": 0.0,
    "amateur": 0.0,
    "poland": 0.0,
    "serbian": -0.0,
    "pyramid": 0.0
  }
}