{
  "qid": "143",
  "query": "Philanthropy",
  "rank": 0,
  "docid": 4990674,
  "coef": {
    "third": 0.0,
    "state": 0.07559310784689276,
    "major": 0.28467539557230637,
    "karl": -0.0,
    "list": 0.0,
    "current": 0.0,
    "origin": 0.0,
    "cultur": 0.0,
    "benefit": 0.0,
    "societi": 0.0,
    "journal": 0.0,
    "higher": 0.04113373776387184,
    "nation": 0.06349913131819368,
    "region": 0.0,
    "demograph": 0.0,
    "creat": -0.0,
    "librari": 0.12572973525221703,
    "classic": 0.0,
    "section": 0.0,
    "respons": 0.0,
    "public": 0.0,
    "gener": 0.0,
    "includ": 0.04208766456176576,
    "address": 0.0,
    "histori": 0.0,
    "descript": 0.0,
    "call": 0.0,
    "event": 0.0,
    "forc": 0.0,
    "found": 0.0,
    "privat": 0.1778113647142915,
    "school": 0.0,
    "last": 0.0,
    "critic": 0.0,
    "work": 0.1785906502272141,
    "american": 0.1455112937232049,
    "america": 0.18323752105731517,
    "influenti": 0.0,
    "choic": 0.0,
    "develop": 0.0,
    "well": -0.0,
    "govern": 0.0,
    "review": 0.0,
    "group": 0.0,
    "depict": 0.10570081181382789,
    "academ": 0.0,
    "author": 0.0,
    "time": 0.13430095550799886,
    "common": 0.0,
    "organ": 0.0,
    "publish": 0.0,
    "literatur": 0.0,
    "influenc": 0.0,
    "recent": 0.0,
    "myth": 0.0,
    "find": 0.0,
    "enhanc": 0.0,
    "field": 0.02216247013667923,
    "live": 0.0,
    "collect": 0.0,
    "signific": 0.0,
    "direct": 0.0,
    "histor": 0.0,
    "new": 0.0,
    "produc": 0.00662320447160829,
    "liber": 0.3127168972258022,
    "free": -0.0,
    "effect": 0.0,
    "handl": 0.0,
    "who": 0.0,
    "accord": 0.03769037017906,
    "read": 0.0,
    "first": 0.2651571729997182,
    "result": 0.0,
    "past": 0.0,
    "part": 0.0,
    "problem": 0.0,
    "distribut": 0.05401830967306197,
    "war": 0.11794730282234493,
    "wai": 0.0,
    "unit": 0.0,
    "social": 0.12904555465197262,
    "centuri": 0.0,
    "individu": 0.0,
    "reason": 0.1831172220184555,
    "refer": 0.0,
    "give": 0.2532676775510676,
    "achiev": -0.0,
    "foundat": 0.0,
    "book": 0.37818701956660733,
    "sale": 0.18686236360017536,
    "wrote": 0.022548201380633057,
    "associ": 0.0,
    "valu": 0.0,
    "varieti": 0.0,
    "statist": 0.0,
    "modern": 0.0,
    "hard": 0.0,
    "approach": 0.0,
    "definit": 0.0,
    "onlin": -0.0,
    "level": 0.0,
    "8": 0.0,
    "million": 0.0,
    "contain": 0.21736211287770413,
    "bleed": 0.021329697858386464,
    "2015": 0.0,
    "present": 0.0,
    "cost": 0.0006592566727214233,
    "year": 0.1928365027903412,
    "copi": 0.0,
    "accur": 0.0,
    "000": 0.0,
    "data": 0.055440858897887836,
    "investig": 0.0,
    "50": 0.0,
    "25": 0.0,
    "15": 0.0,
    "recommend": 0.0,
    "treatment": 0.0,
    "select": 0.0036710129884028543,
    "report": -0.0,
    "analysi": 0.0,
    "theme": 0.0,
    "divid": 0.0,
    "given": 0.0,
    "comprehens": 0.0,
    "hour": 0.0,
    "2016": 0.0,
    "compar": 0.0,
    "1": 0.25540241225336374,
    "explan": 0.0,
    "globe": 0.0,
    "impact": 0.0,
    "great": 0.0,
    "content": 0.0,
    "graphic": 0.08294843726896733,
    "least": 0.0,
    "text": 0.0,
    "written": 0.0,
    "hall": 0.0,
    "shatter": 0.0,
    "topic": 0.0,
    "thousand": 0.0,
    "13": 0.0,
    "orang": 0.0,
    "profil": 0.0,
    "tax": 0.0,
    "donat": 0.0,
    "record": 0.0,
    "film": 0.0038871598773038843,
    "380": 0.0,
    "300": 0.0,
    "counti": 0.0,
    "poll": 0.0,
    "percent": 0.0,
    "york": 0.0,
    "charter": 0.0,
    "greatest": 0.0,
    "pb": 7.255628255496059e-17,
    "eleven": 0.0,
    "regist": 0.0,
    "heart": 0.0,
    "economi": 0.0,
    "compass": 0.12260965851468003,
    "wall": 0.0,
    "900": 0.0,
    "billion": 0.0,
    "twenti": 0.04974617316969354,
    "monopoli": 0.0,
    "32": 0.0,
    "street": 0.0,
    "captur": 0.0,
    "polici": -0.0,
    "amazon": 0.0,
    "chose": 0.0,
    "purpos": 0.0,
    "wealthi": 0.0,
    "brief": 0.0,
    "almanac": 0.20643229120447365,
    "boston": 0.0,
    "volunt": -0.0,
    "page": 0.0,
    "worth": 0.0,
    "volum": 0.0,
    "47": 0.0,
    "solv": 0.0,
    "documentari": 0.0,
    "atlant": 0.0,
    "sketch": 0.0,
    "thank": 0.0,
    "introduct": 0.0,
    "philanthropi": 0.2832290158514809,
    "philanthrop": 0.0,
    "sector": 0.0,
    "nonprofit": 0.0,
    "chariti": -0.0,
    "charit": 0.13866972729330884,
    "donor": 0.36480750326602546,
    "entri": 0.0,
    "fame": 0.0,
    "comic": 0.0,
    "novel": 0.0,
    "nonfict": 0.0,
    "chronicl": 0.0,
    "summar": 0.0,
    "embed": -0.0,
    "trend": 0.0,
    "wealthiest": 0.0,
    "jeff": 0.0,
    "iraq": 0.0,
    "1636": 0.0,
    "360": 0.0,
    "overview": -0.0,
    "chart": 0.0,
    "giver": 0.13114355660512314,
    "timelin": 0.0,
    "graph": 0.0,
    "encapsul": 0.0,
    "jacobi": 0.0,
    "quotat": 0.05036566964189639,
    "marvel": 0.0,
    "stingi": 0.0,
    "roundtabl": 0.0,
    "booklist": 0.0,
    "zinsmeist": -0.0
  }
}