{
  "qid": "144",
  "query": "Child Development",
  "rank": 0,
  "docid": 2483994,
  "coef": {
    "state": 0.0,
    "discuss": 0.0,
    "5": 0.0,
    "list": 0.0456110346060207,
    "progress": 0.0,
    "societi": 0.1269349100786671,
    "focus": 0.0,
    "can": 0.0,
    "journal": 0.0,
    "nation": 0.08650059625360124,
    "librari": 0.0,
    "countri": 0.03014752320919817,
    "help": -0.0,
    "foster": 0.0,
    "conduct": 0.0,
    "robert": 0.0,
    "public": 0.0,
    "formul": 0.0,
    "includ": 0.0,
    "began": 0.0,
    "histori": 0.0,
    "attend": 0.0,
    "educ": 0.0,
    "number": 0.0,
    "import": 0.0,
    "world": 0.17315436682990343,
    "bring": 0.0,
    "establish": 0.0,
    "formal": 0.0,
    "work": 0.0,
    "american": -0.0,
    "repres": 0.0,
    "develop": 0.2901693391084465,
    "confer": 0.15040864652183122,
    "issu": 0.0,
    "feder": 0.0,
    "group": 0.0,
    "effort": 0.0,
    "commun": 0.04473042843201537,
    "time": 0.0,
    "organ": 0.09365704150180805,
    "publish": 0.0,
    "newli": 0.0,
    "student": 0.0,
    "find": 0.0,
    "relat": 0.0,
    "field": 0.11281602458771196,
    "children": 0.0,
    "see": -0.0,
    "collect": 0.0,
    "20": 0.0,
    "specif": 0.0,
    "direct": 0.0,
    "histor": 0.0,
    "child": 0.0,
    "contribut": 0.0,
    "effect": 0.04705138893531216,
    "lectur": 0.0,
    "intern": 0.0,
    "goal": 0.0,
    "who": 0.0,
    "perspect": 0.0,
    "first": 0.0,
    "result": 0.0,
    "activ": 0.09093609380006523,
    "part": 0.0,
    "wai": 0.0,
    "scientist": 0.22346753761910873,
    "unit": 0.0,
    "social": -0.0,
    "promot": 0.0,
    "individu": 0.0,
    "made": 0.052330574265406944,
    "member": 0.05149623890126215,
    "committe": 0.32094795495209666,
    "council": 0.0,
    "scienc": 0.0812997261066831,
    "larger": 9.18063594005265e-05,
    "associ": 0.012149935270890979,
    "ethic": 0.03705032000077314,
    "meet": 0.0,
    "divers": 0.0,
    "human": 0.0,
    "commit": 0.0,
    "increas": 0.015411019588893222,
    "train": 0.0,
    "odd": 0.0,
    "ethnic": 0.0,
    "psychologist": 0.0,
    "medicin": 0.0,
    "initi": 0.0,
    "disciplin": 0.0,
    "present": 0.0,
    "appli": 0.0,
    "year": 0.12116668837294976,
    "translat": 0.0,
    "profession": 0.10157784374905997,
    "program": 0.23876756530805945,
    "recognit": 0.0,
    "advanc": 0.0,
    "000": 0.0,
    "interact": 0.0,
    "research": 0.19636773850719802,
    "stimul": 0.0,
    "invit": 0.0,
    "typic": 0.0,
    "50": 0.07945266174506224,
    "improv": 0.0,
    "1925": 0.0,
    "special": 0.0,
    "dissemin": -0.0,
    "famili": 0.0,
    "affect": 0.0,
    "report": 0.0,
    "integr": -0.0,
    "scientif": 0.0,
    "standard": 0.0,
    "applic": 0.0,
    "receiv": 0.0,
    "great": 0.0,
    "knowledg": 0.0,
    "approxim": 0.07144423032063724,
    "held": 0.0,
    "racial": 0.0,
    "membership": 2.744014862035088e-17,
    "nearli": 0.0,
    "spend": 0.0,
    "record": 0.0,
    "session": 0.0,
    "spring": 0.0,
    "offic": 0.0,
    "administ": -0.0,
    "mainten": 0.0,
    "23": 0.0,
    "1978": -0.0,
    "agenc": 0.0,
    "pass": 0.0,
    "polici": 0.19838899236824853,
    "bear": 0.0,
    "500": 0.0,
    "appoint": 0.0,
    "begun": -0.0,
    "profit": 0.0,
    "425": 0.0,
    "purpos": 0.0,
    "staff": 0.0,
    "fellow": 0.0,
    "maryland": 0.0,
    "aid": 0.018635498255533407,
    "sponsor": 0.0,
    "promulg": -0.0,
    "1933": 0.0,
    "1922": 0.0,
    "encourag": 0.0,
    "experiment": 0.0,
    "faculti": 0.0,
    "exchang": 0.0,
    "academi": 0.0,
    "volum": 0.0,
    "award": 0.0,
    "1927": 0.0,
    "fellowship": -0.0,
    "monograph": 0.0,
    "torch": 0.0,
    "disband": 0.0,
    "practition": -0.0,
    "abstract": -0.0,
    "bibliographi": -0.0,
    "multidisciplinari": 0.0,
    "emin": 0.0,
    "subcommitte": 0.0,
    "guidanc": 0.0,
    "liaison": 0.0,
    "exce": 0.0,
    "directori": 0.06891345517219949,
    "biennial": 0.0,
    "woodworth": 0.0,
    "symposia": 0.0,
    "bethesda": 0.0,
    "srcd": 0.031180311092345363,
    "cdab": -0.0
  }
}