{
  "qid": "146",
  "query": "Non-profit Organization",
  "rank": 0,
  "docid": 812406,
  "coef": {
    "state": 0.19919607807338227,
    "current": 0.0391414160842803,
    "organis": 0.0,
    "theoriz": 0.36890980150868324,
    "seen": 0.0,
    "attempt": 0.0,
    "primarili": 0.08673583608478247,
    "societi": 0.07749211209092573,
    "can": 0.0,
    "nation": 0.0,
    "creat": 0.1987352473722072,
    "countri": 0.0,
    "order": 0.020273031099178447,
    "econom": 0.005299555012569332,
    "friendli": 0.0,
    "public": 0.0,
    "histori": 0.0,
    "polit": 0.26438264457366123,
    "civil": 0.0,
    "world": 0.0,
    "oper": 0.0,
    "come": 0.0,
    "establish": 0.0,
    "limit": 0.0,
    "term": 0.0,
    "late": 0.07808858911053729,
    "autonom": 0.0,
    "control": 0.4844154724823248,
    "interest": 0.1693781210574001,
    "object": 0.0,
    "develop": 0.0,
    "govern": 0.3175286115682375,
    "authoritarian": 0.0063061578677195175,
    "issu": 0.0,
    "propaganda": 0.0,
    "group": 0.0,
    "democrat": 0.0,
    "exampl": 0.0,
    "necessarili": 0.0,
    "role": 0.0,
    "organ": 0.0,
    "democraci": 0.0,
    "function": 0.40748070569236117,
    "set": 0.0,
    "see": 0.0,
    "non": 0.0,
    "contemporari": 0.0,
    "specif": 0.0,
    "china": 0.2441943170108212,
    "understand": 0.0,
    "liber": 0.0,
    "intern": 0.38236212908250505,
    "space": 0.0,
    "goal": 0.0,
    "posit": 0.0,
    "first": 0.0,
    "activ": 0.0,
    "social": 0.0,
    "promot": 0.0,
    "natur": 0.0,
    "studi": 0.0,
    "directli": 0.0,
    "foundat": 0.0,
    "grassroot": 0.0,
    "associ": 0.0,
    "strategi": 0.0,
    "suggest": 0.1238846452963765,
    "valu": 0.0,
    "level": 0.0,
    "mechan": 0.0,
    "context": 0.2101090728977874,
    "contact": 0.0,
    "introduc": 0.4559205201993368,
    "maintain": 0.0,
    "1980": 0.07851254260898186,
    "home": 0.07739527243394516,
    "light": 0.07729134546065211,
    "foreign": 0.14495418059326307,
    "sound": 0.0,
    "cross": 0.0,
    "red": 0.0,
    "prolifer": 0.0,
    "poverti": 0.0,
    "domest": 0.0,
    "polici": 0.09558503341622343,
    "hidden": 0.0,
    "highlight": 0.1507901554650302,
    "purpos": 0.11899258438634293,
    "realiz": 0.0,
    "actor": 0.0,
    "endow": 0.0,
    "sponsor": 0.05930817844357565,
    "allevi": 0.0,
    "undermin": 0.0,
    "compromis": 0.014548472407299276,
    "intent": 0.0,
    "civic": 0.27776199962054027,
    "realiti": 0.11351253866585514,
    "delib": 0.16553282201921446,
    "abroad": 0.0,
    "humanitarian": 0.015310920882860034,
    "spirit": 0.3067538861758195,
    "nazism": 0.0,
    "personnel": 0.0,
    "government": 0.32323283444380957,
    "feed": 0.2601595593778445,
    "confin": 0.33616791748882463,
    "grei": 0.04336164683274057,
    "mimic": 0.0,
    "quasi": 0.0,
    "mitig": 0.06968335775225717,
    "geopolit": 0.0,
    "indonesian": 0.0,
    "solicit": 0.0,
    "ngo": 0.0,
    "withhold": 0.0,
    "undemocrat": 0.0,
    "corporatist": 0.0,
    "unsurpris": 0.19499608492779177,
    "gongo": 0.43135610981981715,
    "nashi": 0.061121402443694316
  }
}