{
  "qid": "114",
  "query": "Songwriting",
  "rank": 8,
  "docid": 3324560,
  "coef": {
    "societi": -0.0,
    "mai": 0.0,
    "music": 0.0,
    "write": 0.10140060288516133,
    "direct": 1.1359809110910666,
    "who": 0.0,
    "individu": 0.19876816777483944,
    "refer": 0.0,
    "2018": 0.0,
    "film": 0.25174834895104686,
    "bill": -0.0,
    "1984": 0.0,
    "anderson": -0.0,
    "lyric": 0.7637617753307611,
    "album": -0.274652550213389,
    "documentari": 0.0,
    "song": 0.25114380399794933,
    "alan": 0.0,
    "ed": 0.0,
    "murrai": 0.0,
    "rudolph": 0.0,
    "hayward": -0.0,
    "songwrit": 1.0736048094774113,
    "hike": 0.0,
    "cum": 0.9009226948399917,
    "justin": -0.0,
    "sheeran": 0.0,
    "apo": -0.0
  }
}