{
  "qid": "131",
  "query": "Biologists",
  "rank": 1,
  "docid": 1038512,
  "coef": {
    "state": 0.0,
    "pai": 0.25260310160218835,
    "progress": 0.0,
    "resolv": -0.0,
    "can": 0.08471848107417838,
    "predict": 0.0,
    "preserv": 0.0,
    "movement": 0.0,
    "conduct": 0.0,
    "gener": -0.0,
    "includ": 0.31297109567642895,
    "educ": 0.0,
    "call": 0.0,
    "manag": 0.1110122774743049,
    "import": 0.0,
    "pertain": 0.0,
    "work": 0.0,
    "experi": 0.0,
    "develop": 0.0,
    "duti": 0.15825902376283638,
    "career": 0.0,
    "well": 0.0,
    "issu": 0.0,
    "doctor": 0.0,
    "offer": 0.0,
    "role": 0.0,
    "cours": 0.0,
    "plai": 0.23069231973666207,
    "dynam": 0.08902715829160641,
    "will": 0.0,
    "ecolog": -0.0,
    "collect": 0.0,
    "advoc": 0.0,
    "similar": 0.08397612623244383,
    "accord": 0.06787457729055757,
    "unit": 0.0,
    "natur": 0.0,
    "studi": 0.4052924646706185,
    "base": 0.0,
    "human": 0.0,
    "increas": 0.3129380093872682,
    "8": 0.037439479317123076,
    "diseas": 0.12025354172125012,
    "averag": 0.0,
    "pattern": 0.0,
    "year": 0.08463572387812984,
    "environ": 0.0,
    "characterist": -0.0,
    "interfer": 0.0,
    "popul": 0.0,
    "interact": 0.4363806609258623,
    "research": 0.0,
    "rate": 0.0,
    "observ": 0.0,
    "univers": 0.4894068430501947,
    "typic": 0.0,
    "behavior": 0.0,
    "relev": 0.0,
    "10": 0.0,
    "specialist": 0.0,
    "special": 0.0,
    "earn": 0.0,
    "degre": 0.0,
    "hour": 0.005033362780973653,
    "2016": 0.0,
    "employ": 0.0,
    "occup": 0.0,
    "requir": 0.0,
    "99": 0.0,
    "impact": 0.0,
    "top": 0.0,
    "annual": 0.0,
    "95": 0.0,
    "habitat": 0.0,
    "29": 0.08624569947779807,
    "speci": 0.3281625834563893,
    "fish": -0.0,
    "anim": 0.03887177854711671,
    "project": 0.020333376037206006,
    "mammal": -0.0,
    "reptil": -0.0,
    "bird": 0.0,
    "depart": 0.007378546420132836,
    "labor": 0.0,
    "wildlif": 0.4513349937981986,
    "62": 0.0,
    "amphibian": -0.0,
    "700": 0.0,
    "monitor": 0.0,
    "reproduct": 0.0,
    "biologi": 0.09398410258071868,
    "insect": 0.0,
    "zoologist": 0.0,
    "biologist": 0.044436060075116975,
    "transmiss": 0.37061868717611773,
    "zoologi": 0.0,
    "qualif": 0.0,
    "whale": 0.0,
    "bachelor": 0.0,
    "scorpion": 0.0,
    "primat": 0.0,
    "ecosystem": 0.0,
    "marin": 0.0,
    "herpetologist": 0.0,
    "spider": 0.0,
    "tertiari": 0.0,
    "endang": 0.0,
    "arachnid": 0.0,
    "290": 0.0,
    "ornithologist": 0.0,
    "primatologist": -0.0,
    "entomologist": 0.0,
    "2026": 0.0,
    "ichthyologist": -0.0,
    "harvestmen": 0.0,
    "pseudoscorpion": 0.0,
    "mammalogist": 0.0,
    "cetologist": -0.0,
    "arachnologist": 0.0
  }
}