{
  "qid": "57",
  "query": "term service agreement definition",
  "rank": 0,
  "docno": "8344322",
  "coef": {
    "A": 3.9421017597525796,
    "service": 0.0,
    "agreement": 0.0,
    "is": -3.7975397006071088,
    "an": 0.0,
    "between": -0.0,
    "two": -0.0,
    "persons": 2.3810056661911947,
    "or": 6.297888319116325,
    "businesses": 1.8576439985946784,
    "where": -4.4727590844249505,
    "one": 1.9824146531538436,
    "agrees": -1.718570937616555,
    "to": 0.0,
    "provide": 0.0,
    "a": -6.530044929966645,
    "specified": -3.6161461195924347,
    "the": 0.0,
    "other.It": 0.27943796003074045,
    "can": -3.3548136933882677,
    "also": -0.5630393975209003,
    "be": -1.137405177194061,
    "express": 5.555948702198517,
    "undertaking": -6.042911919157084,
    "of": 4.653476627762457,
    "employment": 1.8973234470124716,
    "signed": 4.988095267212751,
    "by": 0.0,
    "both": 0.290521940550088,
    "employer": -0.0,
    "and": -5.033789897465685,
    "employee": 1.897888886451927,
    "detailing": -4.793633744948839,
    "therein": 1.5208524616948176,
    "explicit": -0.0,
    "terms": 0.0,
    "conditions": -1.2735932245815638,
    "service.": 4.276630799808107,
    "different": -1.589444936701994,
    "from": 0.0,
    "bond.": 4.763725064493529,
    "binds": -0.6836527354131644,
    "parties": -0.0,
    "agreement,": -0.0,
    "whereas": 0.0,
    "bond": 0.0,
    "sided": -1.8315165962284186,
    "only.": 0.0
  }
}